model,layer,head,mean_p,mean_control,enrich_p_vs_matched,pvalue,n_p,n_c
ESM-2_150M,0,0,1.0208780653581144,0.9946407668157587,1.0263786679751241,3.7074119263639034e-07,1347,6129
ESM-2_150M,0,1,1.0476669781546109,0.9893157557516118,1.0589813940228496,1.9372992937285538e-25,1347,6129
ESM-2_150M,0,2,1.0187074760640207,0.9971230118460243,1.021646741637259,1.3976077546972607e-10,1347,6129
ESM-2_150M,0,3,0.9932966991407215,1.004130399544178,0.9892108630429132,0.9894981720085686,1347,6129
ESM-2_150M,0,4,1.0076056510409162,0.9754553748725348,1.0329592485689902,0.00013189403241153336,1347,6129
ESM-2_150M,0,5,1.042587172945252,0.9857064589413136,1.0577055303716185,3.733112753531165e-05,1347,6129
ESM-2_150M,0,6,1.066162478109599,0.9897151024953481,1.0772417996062764,3.2014056662782347e-27,1347,6129
ESM-2_150M,0,7,1.012663941960381,0.9909173546033458,1.0219459143146605,1.0318512991924219e-05,1347,6129
ESM-2_150M,0,8,0.9817103450397429,1.011592109443741,0.9704606588712622,0.9999914613958257,1347,6129
ESM-2_150M,0,9,1.0013179226813709,0.9947392954622518,1.0066134184596196,0.1115420799701754,1347,6129
ESM-2_150M,0,10,1.0656047198360021,1.0036930035253318,1.0616839173863064,7.742684661428822e-13,1347,6129
ESM-2_150M,0,11,1.0420728442221106,0.9934142578054669,1.04898116373338,2.839928617808528e-46,1347,6129
ESM-2_150M,0,12,1.0165710635068421,0.995508602216322,1.0211574879851648,1.3562249436004126e-19,1347,6129
ESM-2_150M,0,13,1.0532648549225034,0.9865111216360563,1.0676664781799328,7.137601162126489e-18,1347,6129
ESM-2_150M,0,14,1.1005164097438676,0.9807228052970111,1.1221482806352985,9.465663355175383e-25,1347,6129
ESM-2_150M,0,15,0.978035994609728,0.9896848308435173,0.9882297516636069,0.9999998331072953,1347,6129
ESM-2_150M,0,16,1.1371468839241827,0.962836619933952,1.1810382575625218,1.1893783740728351e-40,1347,6129
ESM-2_150M,0,17,1.010850740656113,0.9935043879153581,1.017459764598677,9.86939087423329e-21,1347,6129
ESM-2_150M,0,18,1.1226850020593417,0.9829621845696758,1.142144651831987,3.755582093127702e-39,1347,6129
ESM-2_150M,0,19,1.0336115163347857,0.9903940143564199,1.043636675254393,5.934995770243464e-31,1347,6129
ESM-2_150M,1,0,2.766133981120082,0.8620045540368387,3.208955182621771,0.20592467329502784,1347,6129
ESM-2_150M,1,1,1.0058575409071129,0.9906594323322266,1.0153414060158965,0.09161897345707931,1347,6129
ESM-2_150M,1,2,0.9939325419133606,0.9958716733589328,0.9980528300006447,0.013925411973214626,1347,6129
ESM-2_150M,1,3,1.0752152025301367,1.0277413361906267,1.0461924267009384,0.0002054794284425155,1347,6129
ESM-2_150M,1,4,0.9883796186217486,0.9952474351036916,0.993099387911281,0.264624273851198,1347,6129
ESM-2_150M,1,5,0.999595352037137,1.0112441508423098,0.9884807256531769,0.9621348629965073,1347,6129
ESM-2_150M,1,6,1.0033439664528294,0.9916263355064069,1.0118165790145524,0.00011527623364347279,1347,6129
ESM-2_150M,1,7,0.6658936167355701,0.8030009116929739,0.8292563645185168,0.9351676801990634,1347,6129
ESM-2_150M,1,8,1.0068143105276797,0.9951736975633256,1.0116970665451228,5.849592365516785e-05,1347,6129
ESM-2_150M,1,9,0.9871570666188564,1.0401363799439343,0.9490650319067452,0.9999996864386036,1347,6129
ESM-2_150M,1,10,1.0069384917232422,1.054216008578368,0.9551538617603801,0.9470155644838453,1347,6129
ESM-2_150M,1,11,1.1364721953868866,1.0004530753906915,1.1359575209892554,3.1473693250536935e-16,1347,6129
ESM-2_150M,1,12,1.1023129748475047,0.965649134933044,1.1415253584045686,4.7910502316964326e-08,1347,6129
ESM-2_150M,1,13,1.1338119903170043,1.0297405371170973,1.1010657048534473,2.6225170056839504e-06,1347,6129
ESM-2_150M,1,14,1.2860533120504731,1.0175239949334132,1.263904653309559,2.3399933318015294e-25,1347,6129
ESM-2_150M,1,15,0.9252864025040919,0.9425308739945479,0.9817040778543709,0.8429695731806948,1347,6129
ESM-2_150M,1,16,0.9965941186222707,1.0028670588148119,0.9937449932796132,0.024587351122664833,1347,6129
ESM-2_150M,1,17,1.2175854170638252,0.9291449928674302,1.3104363973444448,3.435971215994921e-06,1347,6129
ESM-2_150M,1,18,1.0616632595315365,1.0337795931940115,1.026972544748513,3.6538355386051365e-06,1347,6129
ESM-2_150M,1,19,0.997788490668083,1.015684045292042,0.9823807859275633,0.0009072085904033262,1347,6129
ESM-2_150M,2,0,1.0601586056534413,1.0817523643235862,0.9800381682700112,1.084149124029909e-07,1347,6129
ESM-2_150M,2,1,0.9759758084392937,1.0863783784213112,0.8983755824168271,0.9993376162751778,1347,6129
ESM-2_150M,2,2,1.4659672306536655,1.0101100948685864,1.4512945055205941,6.205801635011953e-39,1347,6129
ESM-2_150M,2,3,0.9847091532408438,0.9554698099041087,1.030602058833936,0.3750707252517447,1347,6129
ESM-2_150M,2,4,0.9429844583439314,0.9422325062910288,1.0007980536097854,0.8932787667847113,1347,6129
ESM-2_150M,2,5,1.1456754412667987,1.041926951444001,1.0995736694199274,2.3429056853846314e-10,1347,6129
ESM-2_150M,2,6,1.1663791091135014,1.085947501896927,1.0740658338235292,6.364451127591752e-06,1347,6129
ESM-2_150M,2,7,1.494281854517841,0.9969538773151245,1.498847527973972,1.5660927267522782e-27,1347,6129
ESM-2_150M,2,8,1.0362929270257752,0.9948709438243286,1.0416355341952381,5.434888818067203e-07,1347,6129
ESM-2_150M,2,9,1.1733429931662838,1.0564537500437767,1.1106430292075384,1.5296039106310947e-05,1347,6129
ESM-2_150M,2,10,1.4541762885544243,0.8917112048720823,1.6307704564091785,3.6923204081978044e-21,1347,6129
ESM-2_150M,2,11,1.108585379868414,0.9924384717522428,1.1170318477387349,8.794500532841055e-29,1347,6129
ESM-2_150M,2,12,1.072564241051143,1.0078844580429183,1.0641738073169795,7.881541253713584e-23,1347,6129
ESM-2_150M,2,13,0.9019255152534978,0.8997514709613903,1.0024162720065182,0.9308824218958586,1347,6129
ESM-2_150M,2,14,1.0034391089593515,0.9939509934055405,1.0095458585149175,5.097760810643683e-18,1347,6129
ESM-2_150M,2,15,1.4536490994654236,1.0030987598652317,1.4491585052509928,1.7951186169784584e-30,1347,6129
ESM-2_150M,2,16,1.0313991367673112,1.0011936924269103,1.0301694313187115,6.105254242839734e-23,1347,6129
ESM-2_150M,2,17,1.0070615739802917,0.9798732252120194,1.027746802411495,1.064546754049058e-09,1347,6129
ESM-2_150M,2,18,1.3558254361003306,1.1680434482452637,1.160766269557155,1.1688353179114913e-12,1347,6129
ESM-2_150M,2,19,0.9458214566609376,1.0222486037840597,0.9252362421037197,0.9999975903426791,1347,6129
ESM-2_150M,3,0,1.0467734897886725,1.013131141821845,1.0332063111852734,0.00022245951939602667,1347,6129
ESM-2_150M,3,1,1.246863528212177,0.9569330808218355,1.3029788113724134,3.912532579946526e-11,1347,6129
ESM-2_150M,3,2,1.0926395132639892,0.9657212084715101,1.13142333799768,1.649328548391143e-16,1347,6129
ESM-2_150M,3,3,1.6921506791493808,0.9547853210941261,1.7722839278784457,0.709996528756207,1347,6129
ESM-2_150M,3,4,1.018203369139209,0.9969316941708312,1.0213371438512344,2.985614534731911e-14,1347,6129
ESM-2_150M,3,5,1.239218358489745,1.0127297698950608,1.2236416814508702,1.139703838363622e-15,1347,6129
ESM-2_150M,3,6,1.1567003926692314,1.003283004973161,1.1529153657897102,5.6074286175502095e-09,1347,6129
ESM-2_150M,3,7,1.4334779493593692,1.090609180150977,1.3143828013266197,2.2528377579917014e-42,1347,6129
ESM-2_150M,3,8,0.7198492327750659,0.85477124408178,0.8421542462490637,0.4410218546217838,1347,6129
ESM-2_150M,3,9,1.1414527634757488,1.014028181194734,1.1256617761164018,1.8803330415865922e-41,1347,6129
ESM-2_150M,3,10,1.2384820961363685,1.0478485910421602,1.1819284834888308,2.322898486688432e-14,1347,6129
ESM-2_150M,3,11,0.5268786794159619,0.8617712531012688,0.6113904096010118,1.0,1347,6129
ESM-2_150M,3,12,1.2265568650711354,1.0768297342639759,1.1390443874671603,6.9189438827113265e-12,1347,6129
ESM-2_150M,3,13,1.3985618040264316,1.096622299021853,1.2753359158152242,1.7058304554934024e-47,1347,6129
ESM-2_150M,3,14,0.9678215249756154,1.0042703341527666,0.9637061775722963,1.270299192888357e-05,1347,6129
ESM-2_150M,3,15,1.385647526789393,0.9645358032932443,1.4365952223425342,7.958568869797422e-32,1347,6129
ESM-2_150M,3,16,1.0949851706922717,0.9247606500775366,1.184074139184515,0.6679405968344438,1347,6129
ESM-2_150M,3,17,1.0822534161912307,1.0120516748760648,1.069365767636087,2.577872007849261e-31,1347,6129
ESM-2_150M,3,18,0.8500997707352828,1.1351745616462885,0.7488714066164629,0.9999697975209753,1347,6129
ESM-2_150M,3,19,1.1689097513268414,0.9783041218299037,1.194832695931417,2.6165511320317566e-12,1347,6129
ESM-2_150M,4,0,1.0226167277574716,0.9772158236643835,1.0464594442636457,0.01692155020758803,1347,6129
ESM-2_150M,4,1,1.0043854321440946,0.925261256678723,1.0855154961847124,6.280150227257535e-06,1347,6129
ESM-2_150M,4,2,1.016166942975392,0.9918249726032896,1.024542606855533,8.128059119325263e-12,1347,6129
ESM-2_150M,4,3,0.9784779049395276,1.1101364375320475,0.8814032868921851,0.6613957273123467,1347,6129
ESM-2_150M,4,4,0.9782071950352449,1.0207772965672588,0.9582963868072187,0.9999963375543051,1347,6129
ESM-2_150M,4,5,0.8848731003441719,0.9913294298234256,0.8926125601877717,0.9999999931648398,1347,6129
ESM-2_150M,4,6,1.281783090977644,1.0271683982528623,1.2478801851360133,5.056020034422336e-36,1347,6129
ESM-2_150M,4,7,1.2886334600807918,0.971777700630501,1.326057862044695,2.175478518636135e-40,1347,6129
ESM-2_150M,4,8,1.0889505286878716,1.035267593095656,1.0518541640347234,0.00018313184506446798,1347,6129
ESM-2_150M,4,9,1.533849267846315,1.0126124849692801,1.5147445746660408,6.881319352660392e-45,1347,6129
ESM-2_150M,4,10,1.642281452799527,1.112385562542649,1.4763599134149692,3.531889478294613e-46,1347,6129
ESM-2_150M,4,11,1.2924079219433848,0.9961743950807342,1.297371151402303,6.92522279367703e-38,1347,6129
ESM-2_150M,4,12,1.0640582353783787,1.0163188250521147,1.0469728683061794,0.004782953012013526,1347,6129
ESM-2_150M,4,13,1.2356522161383583,1.0712675491861816,1.1534487505731468,9.307923199730218e-25,1347,6129
ESM-2_150M,4,14,1.571961714866078,0.924951149298124,1.6995078238012047,6.412245328429532e-10,1347,6129
ESM-2_150M,4,15,1.2955697338499887,1.0761969212450537,1.2038407732584315,1.5412243956145538e-07,1347,6129
ESM-2_150M,4,16,1.2035471871827121,1.0164585517138014,1.1840592861887675,1.0546301361544927e-18,1347,6129
ESM-2_150M,4,17,2.8406439769235954,0.9581910589017578,2.964590360694279,3.5097796100995037e-14,1347,6129
ESM-2_150M,4,18,1.326346447723126,1.0384977267291364,1.2771779981652929,6.488508843721191e-43,1347,6129
ESM-2_150M,4,19,1.2127986012694565,1.0042841574543353,1.2076249458556279,4.853596809230491e-16,1347,6129
ESM-2_150M,5,0,1.227670249728999,0.9917610451833768,1.2378689964597294,4.491056941632247e-18,1347,6129
ESM-2_150M,5,1,1.149437786077869,1.0452265978913446,1.099702005667251,3.1952402812508557e-05,1347,6129
ESM-2_150M,5,2,1.3458087629601967,1.039315667509702,1.2948989465201473,2.9580435478548076e-32,1347,6129
ESM-2_150M,5,3,1.0029850025573481,0.958530630489064,1.0463776228471724,0.08257872550477846,1347,6129
ESM-2_150M,5,4,1.170540044771448,1.066341523274957,1.0977158998521184,5.720370985797495e-20,1347,6129
ESM-2_150M,5,5,0.805563007421244,0.8927390280175577,0.9023499389402754,0.8268112218270607,1347,6129
ESM-2_150M,5,6,1.4050894942585415,1.0439608935093507,1.3459215790499877,9.634519207855417e-60,1347,6129
ESM-2_150M,5,7,0.9647228533005219,0.991929637002875,0.9725718612616933,0.9998912695041112,1347,6129
ESM-2_150M,5,8,1.0220054899243487,1.0123075161115256,1.009580066984067,0.0003261655188171999,1347,6129
ESM-2_150M,5,9,1.1689556588342036,1.1055228147655118,1.0573781411124892,9.784960378658612e-14,1347,6129
ESM-2_150M,5,10,1.1787570726013041,1.00324896131143,1.1749397388465301,2.5688301558151656e-11,1347,6129
ESM-2_150M,5,11,1.1833627599760967,1.0196008633212565,1.1606137289070164,2.0997963265476054e-44,1347,6129
ESM-2_150M,5,12,0.9815432691494447,1.023915796539614,0.9586171758133141,0.8127411556104929,1347,6129
ESM-2_150M,5,13,1.0896562928722449,1.0161529156571014,1.0723349567595464,2.159227260811341e-28,1347,6129
ESM-2_150M,5,14,2.696882450483662,0.954389470495979,2.8257671881921964,5.890286685600288e-69,1347,6129
ESM-2_150M,5,15,0.8212632136758204,0.931191913017705,0.8819483955937293,1.0,1347,6129
ESM-2_150M,5,16,1.3292551483369883,1.0109646165484238,1.3148384489214404,2.61193054914504e-26,1347,6129
ESM-2_150M,5,17,1.0894830725705438,0.977951214522206,1.1140464436181803,9.427918543128455e-11,1347,6129
ESM-2_150M,5,18,1.0319793898482277,0.9883958133656898,1.0440952661809917,4.819007219340374e-20,1347,6129
ESM-2_150M,5,19,1.7068448382545243,1.0669889210397097,1.5996837498474845,2.02711763518513e-42,1347,6129
ESM-2_150M,6,0,1.1620044547845987,0.9759825813812112,1.1905995833861391,1.978211274478319e-14,1347,6129
ESM-2_150M,6,1,1.325713004438454,0.989935379266875,1.3391914585578795,2.0347233154690829e-22,1347,6129
ESM-2_150M,6,2,1.068987883334259,1.0059280368545196,1.0626882283517258,1.4280952056111966e-08,1347,6129
ESM-2_150M,6,3,1.4563474745338238,1.0960951172876638,1.3286688824393458,1.0033143241305937e-51,1347,6129
ESM-2_150M,6,4,0.6626554286562365,0.9036035974610152,0.7333474883435553,1.0,1347,6129
ESM-2_150M,6,5,1.003252153539976,1.0334605892713238,0.9707696296840432,0.9116989457853316,1347,6129
ESM-2_150M,6,6,1.091629459712801,1.0732191567281697,1.0171542809958378,0.00021832363664799653,1347,6129
ESM-2_150M,6,7,1.8833854212007348,1.1302094105530824,1.6664039456892117,8.35847017253738e-16,1347,6129
ESM-2_150M,6,8,1.008612353844207,1.0988742414370196,0.917859674756981,0.3804705558339583,1347,6129
ESM-2_150M,6,9,1.1797000020189292,1.0057907902478667,1.1729079381689351,0.004040339794039192,1347,6129
ESM-2_150M,6,10,1.064922530450198,1.0142100815001622,1.050001917625414,0.030828844074444584,1347,6129
ESM-2_150M,6,11,1.0464717578129052,1.0455234845345611,1.0009069841972669,0.9898918130659925,1347,6129
ESM-2_150M,6,12,1.027839689993292,0.9894171759381655,1.0388334819624434,3.7831318270370634e-05,1347,6129
ESM-2_150M,6,13,1.1178937170159489,0.983703191169208,1.136413632741442,1.3704358244403345e-09,1347,6129
ESM-2_150M,6,14,2.5696681187900907,0.9498495136388102,2.70534235359648,3.352931900342371e-62,1347,6129
ESM-2_150M,6,15,1.013896205250254,1.135506266755699,0.8929023422716089,0.44437982602097925,1347,6129
ESM-2_150M,6,16,1.1328699824295845,1.0606806135562723,1.0680594779905275,6.743311931066808e-09,1347,6129
ESM-2_150M,6,17,0.9148986577523047,0.9830637138320486,0.9306605918613028,0.9999993057148757,1347,6129
ESM-2_150M,6,18,1.1551340824489515,1.069028796956033,1.080545337729064,1.8862631050414068e-12,1347,6129
ESM-2_150M,6,19,1.0130089524339638,0.8346646748757305,1.213671768946956,0.017414722591545927,1347,6129
ESM-2_150M,7,0,1.3716811125443968,1.0042102153579082,1.365930252019513,1.1465920829073522e-50,1347,6129
ESM-2_150M,7,1,1.2295290123513654,1.0097755730847469,1.217626020201001,3.478419706687465e-44,1347,6129
ESM-2_150M,7,2,1.2233753283774313,0.9939199657240044,1.23085899324528,0.17495827916572265,1347,6129
ESM-2_150M,7,3,1.5942559446959736,1.011382996716726,1.5763127814798552,5.485070347166737e-32,1347,6129
ESM-2_150M,7,4,2.7994640827242563,0.774424125511381,3.6148978195580703,3.372255476198754e-49,1347,6129
ESM-2_150M,7,5,1.3179851717632969,1.0620052209344302,1.2410345502855784,1.3313534707331825e-40,1347,6129
ESM-2_150M,7,6,1.2633698185561495,1.0433833671918815,1.2108395229227493,6.563485606406663e-14,1347,6129
ESM-2_150M,7,7,1.2621216467334857,1.001284342485883,1.260502729524386,6.871823509247286e-37,1347,6129
ESM-2_150M,7,8,1.413466459238361,0.9525103323802238,1.4839381906821483,3.071533361296247e-43,1347,6129
ESM-2_150M,7,9,1.2084951690815073,1.041518796959229,1.1603200754607357,5.99171708520204e-54,1347,6129
ESM-2_150M,7,10,1.268607082593503,0.9959935198592252,1.27371017712325,5.1647094114321335e-23,1347,6129
ESM-2_150M,7,11,0.8349780435628951,1.0097824851107804,0.8268890140942502,0.9991181324121556,1347,6129
ESM-2_150M,7,12,1.4046293609480374,1.0597780114223643,1.3253996080394574,4.386455575348461e-56,1347,6129
ESM-2_150M,7,13,1.080591153029875,0.9560647470906053,1.130248925418718,3.896232009712062e-13,1347,6129
ESM-2_150M,7,14,1.7251074544134057,0.9504961020609969,1.8149547911588375,6.671066351145877e-34,1347,6129
ESM-2_150M,7,15,1.1030343109223253,1.0158833145589574,1.085788392342288,8.407255013517221e-08,1347,6129
ESM-2_150M,7,16,1.0215514376593593,0.9787447101313929,1.043736356462371,0.0015443615477844866,1347,6129
ESM-2_150M,7,17,1.0295192555931647,1.0152647737568636,1.0140401619407655,0.04815522794402092,1347,6129
ESM-2_150M,7,18,1.3201037112128406,1.0153445134346317,1.3001534885408423,3.42482785308997e-20,1347,6129
ESM-2_150M,7,19,1.4867585973776793,0.9681481509649514,1.5356726095028224,2.636841853670497e-59,1347,6129
ESM-2_150M,8,0,2.4060808046601307,0.7515728958330953,3.2013937942680393,7.15123244552035e-27,1347,6129
ESM-2_150M,8,1,1.3618529270435584,1.003053680871902,1.357706923381978,2.850503853687737e-08,1347,6129
ESM-2_150M,8,2,0.7635444896579143,0.8449933329172558,0.9036100758592409,0.99999999998295,1347,6129
ESM-2_150M,8,3,1.046334942801404,0.9988183671507366,1.0475727892211422,1.189599726957345e-15,1347,6129
ESM-2_150M,8,4,1.1042084141890915,1.0173997778422994,1.0853240173994296,0.0007810209889594977,1347,6129
ESM-2_150M,8,5,1.2426152325663287,0.9689858137107359,1.2823874353822866,6.726107508183871e-14,1347,6129
ESM-2_150M,8,6,1.33688730752592,1.0513082340658733,1.2716416215590611,3.42932552861268e-33,1347,6129
ESM-2_150M,8,7,0.733319951634807,1.2457900434777416,0.5886384752182434,0.9997553082742893,1347,6129
ESM-2_150M,8,8,1.056913660176834,1.0431333247126655,1.0132105217403196,0.10335118694410178,1347,6129
ESM-2_150M,8,9,1.7381734111482512,0.9485043324244452,1.8325413513983169,2.691926700863418e-40,1347,6129
ESM-2_150M,8,10,1.490971790168935,1.0560336470686607,1.4118601185744186,1.71751254058823e-22,1347,6129
ESM-2_150M,8,11,1.3996311441650193,1.0141380431164262,1.3801189627636692,5.032450414704939e-27,1347,6129
ESM-2_150M,8,12,2.095532820940311,0.6911772927180067,3.0318311134032974,8.446376103078406e-18,1347,6129
ESM-2_150M,8,13,1.0435886687938603,1.0051749411828756,1.0382159622540728,0.9593355894317657,1347,6129
ESM-2_150M,8,14,1.0445941088592554,1.0004390483288417,1.0441356828326238,4.127181576310494e-20,1347,6129
ESM-2_150M,8,15,1.1949405199125598,1.051591379886779,1.1363163893956743,2.3597771230645518e-26,1347,6129
ESM-2_150M,8,16,1.1393704332284071,0.9930199015478964,1.147379253378893,9.10907534739331e-23,1347,6129
ESM-2_150M,8,17,1.1797739426206462,1.0059902681492732,1.1727488624627393,1.124311971807832e-22,1347,6129
ESM-2_150M,8,18,1.191260116867605,0.9299189467271791,1.281036504375148,3.5181539201841705e-09,1347,6129
ESM-2_150M,8,19,1.4877747349723145,1.0304672716650125,1.4437864994667826,1.4723666314861437e-18,1347,6129
ESM-2_150M,9,0,1.0589417836448398,1.0063181754562085,1.052293210509464,2.4086626763110578e-05,1347,6129
ESM-2_150M,9,1,1.168137228800884,1.0269393119119201,1.1374939251532659,2.0992811879773747e-23,1347,6129
ESM-2_150M,9,2,1.0372997767498693,1.0025515254957094,1.0346598158503413,2.1607259199304984e-21,1347,6129
ESM-2_150M,9,3,1.192511533741696,1.0268892513137984,1.1612854377587467,1.3764222573505986e-11,1347,6129
ESM-2_150M,9,4,1.9264880483451492,0.7922026317905185,2.4318122296450144,1.0299824811684177e-23,1347,6129
ESM-2_150M,9,5,1.071899194826262,1.0182311116754377,1.0527071727974573,1.783021387144469e-14,1347,6129
ESM-2_150M,9,6,1.4422542761787274,1.0620104403293216,1.358041523331442,3.209940066239824e-38,1347,6129
ESM-2_150M,9,7,1.184841842880803,1.0364684638339188,1.1431528157625248,4.357865253521601e-05,1347,6129
ESM-2_150M,9,8,1.0766942802410082,1.0078215640804704,1.0683382045147811,4.871952669649753e-08,1347,6129
ESM-2_150M,9,9,1.2119568598518216,1.0961249395682229,1.1056740122428255,5.566223346082889e-09,1347,6129
ESM-2_150M,9,10,0.9566450586740229,0.9894140169308925,0.9668804386271815,0.9474358732199379,1347,6129
ESM-2_150M,9,11,1.8553980639966312,1.0446578051696147,1.7760821340873258,1.0851012321547612e-34,1347,6129
ESM-2_150M,9,12,1.2340426524435935,1.0607879369852884,1.1633264382235409,2.7373429106275593e-42,1347,6129
ESM-2_150M,9,13,1.4390272697919195,1.0243099179853719,1.4048748767582178,1.2791616763719622e-37,1347,6129
ESM-2_150M,9,14,1.0311366331161351,1.000497899367265,1.0306234863344006,1.8842505217452914e-15,1347,6129
ESM-2_150M,9,15,1.4634237912025112,1.036399051245575,1.4120273358449387,2.2566493150315086e-24,1347,6129
ESM-2_150M,9,16,1.163996556670071,1.0371695877696974,1.1222818046305223,0.0059918067909436575,1347,6129
ESM-2_150M,9,17,1.0376561293468356,0.8980501711533886,1.1554545198896267,0.18761904269498791,1347,6129
ESM-2_150M,9,18,1.364783021239059,0.9872214264850434,1.3824487441467983,1.095580669023325e-34,1347,6129
ESM-2_150M,9,19,1.059013918943775,1.018483617037734,1.0397947509690177,3.1257070796073115e-12,1347,6129
ESM-2_150M,10,0,1.0866492996635309,0.9860300741035799,1.1020447836253129,0.0005477934989575238,1347,6129
ESM-2_150M,10,1,1.1359215250879018,1.012081045479307,1.1223622161108113,4.539208234479657e-44,1347,6129
ESM-2_150M,10,2,0.9820989347667984,1.0040876627488673,0.9781007886085655,0.9770150959638593,1347,6129
ESM-2_150M,10,3,1.3824595463169709,1.0072029293687255,1.3725729999449479,4.304114510107133e-38,1347,6129
ESM-2_150M,10,4,1.2030802225637365,1.0172390770097213,1.1826917091116027,1.40579156825759e-24,1347,6129
ESM-2_150M,10,5,1.2988987751222134,0.9919178076130976,1.3094822626965634,3.6122358543635945e-49,1347,6129
ESM-2_150M,10,6,1.2744129898487062,1.0277231207926134,1.240035340321854,1.0645350054388276e-31,1347,6129
ESM-2_150M,10,7,1.0415434125138816,1.003495275223016,1.0379156117924022,4.1985656998659465e-07,1347,6129
ESM-2_150M,10,8,1.0907358113336139,1.0408933684533757,1.0478842928496097,7.5829303714523865e-19,1347,6129
ESM-2_150M,10,9,1.3398433814258068,0.9665862997487215,1.386160120181839,3.0679034475132434e-20,1347,6129
ESM-2_150M,10,10,0.9408950607700974,1.0088638196636868,0.9326284107242072,0.9999998853264879,1347,6129
ESM-2_150M,10,11,1.2265603787472448,1.0195265218121987,1.2030686328463975,1.0593311708638589e-59,1347,6129
ESM-2_150M,10,12,1.0481388001483551,0.9824358863279838,1.066877558866408,8.021824647659749e-07,1347,6129
ESM-2_150M,10,13,1.6018285583082446,0.9862351589163786,1.6241852096088791,8.708091206253261e-38,1347,6129
ESM-2_150M,10,14,1.5900032569411602,1.0089371825841438,1.5759189812677523,2.985166311256925e-38,1347,6129
ESM-2_150M,10,15,2.0320762643381767,0.9105108900545452,2.2317978692340987,1.558344897753557e-33,1347,6129
ESM-2_150M,10,16,1.2258485843715796,1.0228517973529008,1.1984615831384628,2.435015433581233e-56,1347,6129
ESM-2_150M,10,17,1.0459385389142684,1.0147606337752675,1.0307243936168553,4.685186743741335e-27,1347,6129
ESM-2_150M,10,18,1.2515414554871889,1.004541840828526,1.2458828538739037,4.566632077912021e-21,1347,6129
ESM-2_150M,10,19,1.4008127286997032,1.0311438177351677,1.358503735954589,2.9768976044413696e-75,1347,6129
ESM-2_150M,11,0,1.3294788113703264,1.059439069189242,1.254889356107792,4.302248216578115e-56,1347,6129
ESM-2_150M,11,1,1.2279569413720366,0.9837999104806777,1.2481775290791248,2.3983316251673973e-38,1347,6129
ESM-2_150M,11,2,0.8730775284696352,0.8395411599859617,1.0399460682597554,0.5322431932284551,1347,6129
ESM-2_150M,11,3,1.7378980118474345,0.9415951903759315,1.8456955065303375,4.625690691422183e-71,1347,6129
ESM-2_150M,11,4,1.076808841806389,1.0157655128881853,1.0600958864459138,5.198521275397133e-07,1347,6129
ESM-2_150M,11,5,1.8168188478097973,0.9468304819253748,1.9188427944517648,1.468375385832117e-87,1347,6129
ESM-2_150M,11,6,1.1160333556826236,0.9858125466339778,1.1320948992719562,2.78763565415816e-05,1347,6129
ESM-2_150M,11,7,1.6673698555719614,0.8896678806641038,1.8741486478384857,6.526652433994037e-77,1347,6129
ESM-2_150M,11,8,1.4064630660952333,1.041737299999029,1.350112994990718,1.105427145449399e-47,1347,6129
ESM-2_150M,11,9,1.6588500740798917,0.9857942089936845,1.682754939059009,1.0782834322754506e-72,1347,6129
ESM-2_150M,11,10,1.0809194065392593,1.014913002183142,1.065036514670847,7.006475489917613e-14,1347,6129
ESM-2_150M,11,11,1.6416524689708185,0.96978436983717,1.6928015340631417,5.473113479266787e-65,1347,6129
ESM-2_150M,11,12,1.1006109874471524,0.9773128942775967,1.126160305355118,2.573296435691428e-16,1347,6129
ESM-2_150M,11,13,1.1459425465876558,1.0390999371945362,1.1028222652785291,2.1835735650695546e-17,1347,6129
ESM-2_150M,11,14,1.1774482473498729,0.9961644392779687,1.181981810355829,1.3023481063270076e-17,1347,6129
ESM-2_150M,11,15,0.9882494105550211,0.9911868405317303,0.997036451800416,0.4894494327485385,1347,6129
ESM-2_150M,11,16,1.9723256459181717,0.9490127954167067,2.078291942367472,2.159817432575526e-39,1347,6129
ESM-2_150M,11,17,1.1191786281382852,1.0190149022001567,1.0982946625430745,2.8208661203825204e-11,1347,6129
ESM-2_150M,11,18,1.0716578831651429,1.0091835420854058,1.06190582631841,0.04515207241391604,1347,6129
ESM-2_150M,11,19,1.2664126082978253,0.9541935756168002,1.327207225723778,6.340954161851869e-20,1347,6129
ESM-2_150M,12,0,2.0189609201687215,0.8658954713765278,2.331645085242388,1.7567498437524375e-13,1347,6129
ESM-2_150M,12,1,1.4046598559752959,1.0026615071020015,1.4009312674575416,1.2301772254702633e-24,1347,6129
ESM-2_150M,12,2,1.494666710827823,1.0257086795954549,1.4572039220895818,8.306005985905875e-50,1347,6129
ESM-2_150M,12,3,1.2408731886321913,0.9894731025975687,1.2540747043801859,9.856183449723006e-26,1347,6129
ESM-2_150M,12,4,2.0166054516920093,0.8461879048694632,2.3831650630873766,2.6182169161594957e-44,1347,6129
ESM-2_150M,12,5,1.5727860421915805,1.0199847940442457,1.541970087569124,1.6227642121432893e-79,1347,6129
ESM-2_150M,12,6,1.302994055943128,0.9936608018790903,1.3113066888409648,2.9367764413598783e-43,1347,6129
ESM-2_150M,12,7,1.2731731822292454,1.0313348992333986,1.2344905453850223,3.534496271041081e-58,1347,6129
ESM-2_150M,12,8,1.3849135991725199,1.024362578431318,1.351975978362408,1.3774986343634264e-58,1347,6129
ESM-2_150M,12,9,1.5383033647900966,0.9170346521868327,1.677475721469999,2.1664133129306158e-64,1347,6129
ESM-2_150M,12,10,1.2033049084229566,0.991907999415463,1.2131214882147043,9.478927762437426e-28,1347,6129
ESM-2_150M,12,11,1.1455195991083171,1.0207461043475095,1.12223754196012,1.060151516971976e-20,1347,6129
ESM-2_150M,12,12,1.22861635002412,0.984449388621915,1.24802388444164,3.2560020303216905e-21,1347,6129
ESM-2_150M,12,13,1.2022824314185754,0.9961750931122463,1.2068987065942487,4.2724859731214605e-12,1347,6129
ESM-2_150M,12,14,1.0223718392036982,0.9928071218112574,1.029778913489766,5.768537532166548e-17,1347,6129
ESM-2_150M,12,15,0.9635898180322552,0.9929140367435629,0.9704665080498995,0.3133539778245961,1347,6129
ESM-2_150M,12,16,1.252982647222506,1.0023897861343727,1.2499954254866488,4.551730403983367e-33,1347,6129
ESM-2_150M,12,17,1.0029068375483388,1.0005632092409489,1.0023423090972612,0.9833476875608318,1347,6129
ESM-2_150M,12,18,1.1997666758082048,1.0653192887766791,1.126203841841551,2.6848942838087934e-18,1347,6129
ESM-2_150M,12,19,1.3476907262646365,1.0321556511354069,1.3057049339236095,7.79527494198092e-23,1347,6129
ESM-2_150M,13,0,1.517384404428552,1.0539275653007505,1.4397425917933446,2.61806448533242e-52,1347,6129
ESM-2_150M,13,1,1.266144691526049,1.0270604650724147,1.2327849572486245,7.094063808953194e-44,1347,6129
ESM-2_150M,13,2,1.093116266402653,0.9982625848877622,1.095018768559332,2.0094477238546825e-11,1347,6129
ESM-2_150M,13,3,1.0992374675930565,1.0159628052057188,1.0819662510877806,1.0067811666688182e-06,1347,6129
ESM-2_150M,13,4,1.143478914354143,1.0229543832386467,1.1178200446572395,7.140065060102487e-14,1347,6129
ESM-2_150M,13,5,1.0681131659013392,0.9831448307986904,1.086425043839799,1.1287710670495093e-08,1347,6129
ESM-2_150M,13,6,2.2023332147529238,0.887937091078216,2.480280683036504,3.97162850265692e-49,1347,6129
ESM-2_150M,13,7,1.3747817787224925,1.0665951576804158,1.2889443279606738,7.358581613904102e-66,1347,6129
ESM-2_150M,13,8,1.249957722363511,1.0026990181398268,1.2465931448525702,2.710431428978794e-32,1347,6129
ESM-2_150M,13,9,1.2116801042466492,1.0366811314863644,1.1688069430851664,4.716270807470213e-22,1347,6129
ESM-2_150M,13,10,1.3693206366469617,1.0455019011276643,1.309725630503427,5.973840177391504e-58,1347,6129
ESM-2_150M,13,11,1.0857371438540788,1.0091833042406029,1.0758572196862508,9.02229451131804e-42,1347,6129
ESM-2_150M,13,12,1.0637762349627153,1.0153739355014615,1.047669432677873,0.0006037116957661635,1347,6129
ESM-2_150M,13,13,1.3132664182160463,1.0212303536019758,1.2859649280733105,1.526392535220119e-23,1347,6129
ESM-2_150M,13,14,1.5929818272966763,1.016588375264094,1.5669880416278064,1.8379504028838542e-62,1347,6129
ESM-2_150M,13,15,1.2574337639506428,0.9689448856596535,1.297735075091074,1.7844362869106956e-51,1347,6129
ESM-2_150M,13,16,2.107865097209308,0.7386628677893772,2.853622659438116,3.8332440517802215e-44,1347,6129
ESM-2_150M,13,17,1.5364546748051044,0.9360739338768017,1.6413817532999695,2.2700188806126173e-32,1347,6129
ESM-2_150M,13,18,1.598045469591506,1.0546136830973964,1.5152899068197678,6.89606520460792e-73,1347,6129
ESM-2_150M,13,19,1.250224294562692,0.9863289036415912,1.2675531356191445,1.2995954214199167e-19,1347,6129
ESM-2_150M,14,0,1.7251353058314094,0.9576568402086157,1.8014128165738432,3.4166853932198237e-101,1347,6129
ESM-2_150M,14,1,1.7271815896720115,1.0110490170463513,1.7083064822294658,1.0941209776766844e-44,1347,6129
ESM-2_150M,14,2,1.0890741597172413,1.0115485174934244,1.076640557405909,5.596017906570279e-37,1347,6129
ESM-2_150M,14,3,1.3633974463234324,0.9694397999735014,1.4063765964226964,2.2826316093377697e-13,1347,6129
ESM-2_150M,14,4,1.1174806555665326,0.9605843813554714,1.1633341924523761,0.9947802941637984,1347,6129
ESM-2_150M,14,5,1.4302482557411802,0.9932833938118022,1.439919628830692,4.642507623852509e-72,1347,6129
ESM-2_150M,14,6,1.6028016484283747,0.9748833578831805,1.6440958146096871,5.031955291969384e-15,1347,6129
ESM-2_150M,14,7,1.0146812361284105,0.9746330418415959,1.0410905361992884,0.0003004387826367969,1347,6129
ESM-2_150M,14,8,1.2931895039936925,1.0250153516073235,1.26162940093126,0.0005244061141831226,1347,6129
ESM-2_150M,14,9,1.1627191124842091,1.045721519395021,1.1118821702711776,1.0234116585110566e-07,1347,6129
ESM-2_150M,14,10,1.1158011826094028,1.0064625559907439,1.1086365567877763,7.366973283150782e-28,1347,6129
ESM-2_150M,14,11,1.4577512926108853,0.990869694075619,1.4711836494008625,2.276978943230126e-26,1347,6129
ESM-2_150M,14,12,1.115153114963392,1.0206989629328163,1.0925386969720992,4.674963238130827e-17,1347,6129
ESM-2_150M,14,13,1.126608577175944,0.9374616376643548,1.2017649916671158,0.22787344140131677,1347,6129
ESM-2_150M,14,14,1.3191074888818601,1.001617541705965,1.3169772232973707,2.0271253210463076e-16,1347,6129
ESM-2_150M,14,15,1.1938952913240937,0.964107231923064,1.2383428438169488,4.894224733780217e-09,1347,6129
ESM-2_150M,14,16,1.3257970001490451,0.9638870564637516,1.3754692432669924,6.996120581987951e-25,1347,6129
ESM-2_150M,14,17,1.3417708196503726,0.972534876015918,1.3796634472863996,1.2942756883706665e-36,1347,6129
ESM-2_150M,14,18,2.0205492027043057,1.1182691794600557,1.8068540560868416,6.706568854134599e-93,1347,6129
ESM-2_150M,14,19,1.5382969958988402,0.9859356640660757,1.5602407458867886,2.941926506619246e-17,1347,6129
ESM-2_150M,15,0,1.219649414940507,1.0063741664940253,1.211924406992166,7.371965571100117e-16,1347,6129
ESM-2_150M,15,1,1.7205297321996582,0.83480635346402,2.060992618300446,4.551237454568927e-31,1347,6129
ESM-2_150M,15,2,1.614031129143994,1.0188557127365125,1.5841606509806168,3.074158943256878e-58,1347,6129
ESM-2_150M,15,3,1.5426575838523877,1.012174870532573,1.524101841256632,2.3030742760938017e-66,1347,6129
ESM-2_150M,15,4,1.2513917516515976,1.0204112089478692,1.2263602562165983,7.323310495858052e-27,1347,6129
ESM-2_150M,15,5,1.744378555015714,0.986465614087859,1.7683115661650948,2.7585889191743946e-84,1347,6129
ESM-2_150M,15,6,0.9876540693957095,1.0050674328301816,0.9826744327139946,0.9999999996064476,1347,6129
ESM-2_150M,15,7,1.428404054932888,1.0669519961838194,1.3387706851309888,2.4596926079866612e-64,1347,6129
ESM-2_150M,15,8,1.564673008393073,1.0391250339665368,1.5057600935860629,7.000217445159312e-59,1347,6129
ESM-2_150M,15,9,1.7220515668829148,0.916637020638411,1.8786624673783696,1.304635240781172e-56,1347,6129
ESM-2_150M,15,10,1.370350338502026,1.0210614585457316,1.3420840900740454,6.741136543167582e-54,1347,6129
ESM-2_150M,15,11,1.7280117073099792,1.0315722047305258,1.6751243387382486,7.972953539730142e-54,1347,6129
ESM-2_150M,15,12,1.086623306142107,0.908309242183786,1.1963142679574774,4.632842207814848e-17,1347,6129
ESM-2_150M,15,13,1.273370751924398,0.9648469785363002,1.3197644603252392,4.017015161837764e-35,1347,6129
ESM-2_150M,15,14,1.9404231509900394,0.8962482015498506,2.1650510959291562,4.5835652545922e-72,1347,6129
ESM-2_150M,15,15,1.5798145124181253,0.9845857612301211,1.6045473889895967,6.597819687970279e-35,1347,6129
ESM-2_150M,15,16,1.0654701776055822,0.9999000408882261,1.0655766917052119,8.524277425019076e-05,1347,6129
ESM-2_150M,15,17,1.820611225741168,1.0141186524364294,1.7952645100917262,1.087213803810708e-95,1347,6129
ESM-2_150M,15,18,1.192860852393205,1.0152563842377862,1.1749355836740265,8.493776116209537e-30,1347,6129
ESM-2_150M,15,19,1.5759677396673757,1.0787719645737863,1.4608905231329656,1.536645235792319e-78,1347,6129
ESM-2_150M,16,0,1.0934839388376354,1.032412700589669,1.0591539005797634,8.14000774078003e-06,1347,6129
ESM-2_150M,16,1,1.1249598005721546,0.9926222479410031,1.1333211631168447,4.6877642771469996e-23,1347,6129
ESM-2_150M,16,2,1.0381891744151854,1.024315336498823,1.013544498868663,0.47203869787234776,1347,6129
ESM-2_150M,16,3,1.3872911998892856,0.9744610839147594,1.423649669329061,6.4212939670484415e-34,1347,6129
ESM-2_150M,16,4,1.4824121215870933,1.0706864801255402,1.3845436073996913,9.108179151862192e-43,1347,6129
ESM-2_150M,16,5,1.1054448860835038,1.006430597065649,1.0983816363557914,1.6975401298029841e-32,1347,6129
ESM-2_150M,16,6,1.1163465243162007,1.0127034690039622,1.1023429448841287,8.359129198176232e-15,1347,6129
ESM-2_150M,16,7,1.8711826443822905,0.7891140186611845,2.371244966040459,4.707598670060611e-05,1347,6129
ESM-2_150M,16,8,1.0964123535881949,1.017443659432873,1.07761480787972,3.555522969738742e-29,1347,6129
ESM-2_150M,16,9,0.9937036555390404,0.9925504724348782,1.0011618382502336,0.8967039425298406,1347,6129
ESM-2_150M,16,10,1.4367230888995401,1.0795124172556554,1.3309000118331094,5.628369887995665e-22,1347,6129
ESM-2_150M,16,11,1.26157348918844,1.0223541976706223,1.2339886626991563,0.00751546553940302,1347,6129
ESM-2_150M,16,12,1.155570628305409,0.992334266447733,1.1644973547492363,2.072895892354123e-24,1347,6129
ESM-2_150M,16,13,1.6411216059103664,0.9846121006572173,1.6667696901296831,3.3083808575529974e-58,1347,6129
ESM-2_150M,16,14,1.539889176437699,1.0860448425800109,1.4178872879498552,9.292149588157002e-60,1347,6129
ESM-2_150M,16,15,1.3369963115942682,0.9404917622243703,1.4215927935744164,1.6309151842717672e-22,1347,6129
ESM-2_150M,16,16,1.7624980511023498,1.104927431444959,1.5951256172520385,6.878457181005173e-66,1347,6129
ESM-2_150M,16,17,1.3295666377745299,1.0176460798650488,1.3065118257526676,7.803538059812892e-26,1347,6129
ESM-2_150M,16,18,0.9074630785537102,0.904714569298687,1.0030379849604432,0.03699781163658362,1347,6129
ESM-2_150M,16,19,1.8918915335932482,0.9765686952215867,1.937284640446079,6.39702548095592e-61,1347,6129
ESM-2_150M,17,0,1.2537133295501084,0.9263328663417655,1.3534155756571824,0.37860786424339843,1347,6129
ESM-2_150M,17,1,1.4681675251636934,1.02031763219988,1.4389318373320827,1.412409001239897e-43,1347,6129
ESM-2_150M,17,2,1.2084680390119023,0.9960952390135452,1.2132053157975882,2.8937671459748804e-16,1347,6129
ESM-2_150M,17,3,1.124578231056487,1.0184025507360128,1.104257084041806,1.2308280854920257e-07,1347,6129
ESM-2_150M,17,4,1.402897239184946,1.0176226899518939,1.378602553812224,1.2816397132541656e-12,1347,6129
ESM-2_150M,17,5,1.8128827658731492,1.0117933209319938,1.7917520588130067,2.750718267182364e-81,1347,6129
ESM-2_150M,17,6,1.4289756895228944,1.0745915112633129,1.3297850155571767,1.5712534022160622e-26,1347,6129
ESM-2_150M,17,7,1.064564360370659,0.9877629836118325,1.0777528395303864,1.4090692289462535e-18,1347,6129
ESM-2_150M,17,8,1.34307175780679,1.0114695020086868,1.3278420705118357,1.7076443709250156e-14,1347,6129
ESM-2_150M,17,9,1.5984824696512867,1.02252293803949,1.5632729694221814,5.4518879848011503e-48,1347,6129
ESM-2_150M,17,10,1.1576494064787715,0.9700464179077143,1.1933958881840898,0.07001185717839262,1347,6129
ESM-2_150M,17,11,1.386918522273733,0.990488811798587,1.400236434529014,9.52723300003943e-43,1347,6129
ESM-2_150M,17,12,1.7514759028674765,1.0114726091536461,1.7316098201937777,4.545493754177026e-27,1347,6129
ESM-2_150M,17,13,1.7962117095622383,0.9688340492460249,1.853993169377256,6.771555838288532e-80,1347,6129
ESM-2_150M,17,14,1.131636210422031,0.9968372827706086,1.1352266111844878,1.6085069358336687e-21,1347,6129
ESM-2_150M,17,15,1.1511754668480216,0.9953817845601635,1.156516509247454,9.303509592427092e-08,1347,6129
ESM-2_150M,17,16,1.1901721307633095,0.953826768190364,1.247786464434573,4.3076210154490275e-21,1347,6129
ESM-2_150M,17,17,1.329898009509534,1.0010444176082296,1.3285104897613096,2.373843127539953e-12,1347,6129
ESM-2_150M,17,18,1.4216906106584852,0.9665848980062859,1.4708388405311499,9.274441677442391e-43,1347,6129
ESM-2_150M,17,19,1.1754894800423337,0.988861499505285,1.1887301514220305,0.0002992057119645611,1347,6129
ESM-2_150M,18,0,1.277405043376669,1.01285993634468,1.2611862682482124,1.1821517919310698e-20,1347,6129
ESM-2_150M,18,1,1.1024664879708088,0.9735935675787155,1.1323682948240863,1.5276853618442797e-15,1347,6129
ESM-2_150M,18,2,1.7604054634161321,0.8582732602163753,2.0511013741384936,1.3161867443862891e-42,1347,6129
ESM-2_150M,18,3,1.121783168655948,1.0101316815692258,1.110531615950579,3.084564005228099e-20,1347,6129
ESM-2_150M,18,4,1.4137689677615386,0.8283937852905672,1.706638790470459,1.6659158401077255e-07,1347,6129
ESM-2_150M,18,5,1.2137343041327766,1.0120665574466683,1.199263324335994,2.0168268460984413e-15,1347,6129
ESM-2_150M,18,6,2.3516398479093112,0.9366227352587808,2.510765284017554,1.8852064555578394e-21,1347,6129
ESM-2_150M,18,7,1.5319334007661345,0.9273432375531024,1.6519594242238829,1.2683105481171693e-26,1347,6129
ESM-2_150M,18,8,1.200578184506587,0.9671929849812851,1.2413015842229438,1.4120678993177097e-23,1347,6129
ESM-2_150M,18,9,1.3855574699844708,0.987527276294026,1.4030574174965222,1.375395568529324e-23,1347,6129
ESM-2_150M,18,10,1.2313954314989963,0.9646338021571416,1.2765418636018298,1.9087294599941575e-20,1347,6129
ESM-2_150M,18,11,1.5764474416208338,0.9885599682991025,1.5946907544043476,1.1680929783663625e-34,1347,6129
ESM-2_150M,18,12,1.5365258856512656,1.044079016209096,1.4716567058594614,2.9363024864960836e-62,1347,6129
ESM-2_150M,18,13,1.6553989614801843,1.1019284531478977,1.5022744505336785,4.2636423459692493e-48,1347,6129
ESM-2_150M,18,14,1.6783521537321227,0.792443912307025,2.1179444092717827,9.043392719192118e-18,1347,6129
ESM-2_150M,18,15,1.2243732797298594,0.9883598961187704,1.238792958453595,3.278735584700112e-11,1347,6129
ESM-2_150M,18,16,1.2847034256260927,0.9855334130206219,1.3035615116168677,4.9824118013495895e-20,1347,6129
ESM-2_150M,18,17,1.3534305741942716,1.0258979270802098,1.319264361948997,2.2110712243685633e-16,1347,6129
ESM-2_150M,18,18,1.0649155503347705,0.9817905618538231,1.0846667219167296,0.033670680292076746,1347,6129
ESM-2_150M,18,19,1.081048417877912,0.9859276946070611,1.0964783967335059,0.0988211315237531,1347,6129
ESM-2_150M,19,0,1.3650618096303302,0.7760838217903242,1.7589102765746496,2.5930822158183062e-23,1347,6129
ESM-2_150M,19,1,1.0406475695819437,0.9609425580483079,1.0829446160606293,0.40648285132607936,1347,6129
ESM-2_150M,19,2,1.2703796094746702,0.9047866212208657,1.4040654223649935,3.868421825096787e-22,1347,6129
ESM-2_150M,19,3,1.6173166965301071,0.927894620856048,1.7429960904806396,1.3150790415784519e-57,1347,6129
ESM-2_150M,19,4,1.215336373970521,1.0172991705847167,1.19466958109479,1.4974203431065198e-27,1347,6129
ESM-2_150M,19,5,1.3004125754149118,0.97996123195385,1.3270041028277668,1.63952472771581e-17,1347,6129
ESM-2_150M,19,6,1.4533272550649439,0.9389220398982483,1.5478678668810906,3.1145285885485934e-40,1347,6129
ESM-2_150M,19,7,1.4739371989290184,0.9871845005518034,1.4930716579374337,3.700536849268525e-23,1347,6129
ESM-2_150M,19,8,1.0005160624129559,0.8955739812855863,1.1171785729825765,0.015251925019354058,1347,6129
ESM-2_150M,19,9,1.5293262417482816,0.9729788172561575,1.5717980850405848,1.9652248249367421e-50,1347,6129
ESM-2_150M,19,10,1.9994815924518092,0.9089299929607098,2.199819136717871,1.6264808752845745e-27,1347,6129
ESM-2_150M,19,11,1.137549815250045,0.9780549963057615,1.163073466775095,1.2703376675584252e-12,1347,6129
ESM-2_150M,19,12,1.378562203599465,0.9903315302330394,1.392020915738257,1.5360696997671727e-51,1347,6129
ESM-2_150M,19,13,1.249916523163993,0.9900078349937466,1.2625319507414687,4.489023362813972e-12,1347,6129
ESM-2_150M,19,14,1.504420556762735,1.215707553791751,1.2374855713205843,5.410183210919728e-31,1347,6129
ESM-2_150M,19,15,1.1501826758772333,0.9944377426324884,1.1566160721459093,4.349632196101736e-59,1347,6129
ESM-2_150M,19,16,1.155799151136199,1.005361028634368,1.1496359200497144,1.2602482051409835e-10,1347,6129
ESM-2_150M,19,17,1.7349775831236518,1.0691776970827787,1.6227214501925074,1.3913822184675968e-24,1347,6129
ESM-2_150M,19,18,1.5011956049896826,1.0934623049182806,1.3728828129122146,3.044922107629223e-67,1347,6129
ESM-2_150M,19,19,1.617428063461315,1.0022020618113536,1.6138742126892236,1.7130928987293834e-49,1347,6129
ESM-2_150M,20,0,1.6513081097611695,1.0279804947221527,1.6063613251800977,2.9255228101775607e-61,1347,6129
ESM-2_150M,20,1,1.4377505757362645,0.9974417304670291,1.4414381630725144,7.794549075459905e-51,1347,6129
ESM-2_150M,20,2,1.5238497390701493,0.8845628267459524,1.72271510060619,2.225950410738188e-27,1347,6129
ESM-2_150M,20,3,1.1561816464155448,0.9744647780716235,1.186478641848423,5.97320823817751e-11,1347,6129
ESM-2_150M,20,4,1.2549139496655313,1.018765985857538,1.2317980449742025,4.417868461727519e-14,1347,6129
ESM-2_150M,20,5,1.210448200824797,0.9861380150749839,1.227463278284386,1.1110268926286165e-45,1347,6129
ESM-2_150M,20,6,1.0711750941601346,1.0095448410468226,1.061047563820351,0.00093172032140981,1347,6129
ESM-2_150M,20,7,1.0646873036179616,0.9885512669375484,1.0770177928316014,0.017198063113515752,1347,6129
ESM-2_150M,20,8,1.5685783185026074,1.125359062690286,1.3938469689423039,1.692012967836314e-28,1347,6129
ESM-2_150M,20,9,1.1427536856579443,0.9425990419517938,1.2123433557620642,5.718671704651836e-19,1347,6129
ESM-2_150M,20,10,1.4674082937793502,1.0687819445190587,1.372972570602013,8.211512156331696e-41,1347,6129
ESM-2_150M,20,11,1.376378954662689,1.0225903898341404,1.3459729020981035,4.6627613602219795e-33,1347,6129
ESM-2_150M,20,12,1.4966242405701409,1.0204839665089565,1.4665828074595286,3.4684185340330124e-25,1347,6129
ESM-2_150M,20,13,1.2382950477893917,0.9812747374843143,1.261924923252379,1.2112945232897645e-41,1347,6129
ESM-2_150M,20,14,1.3730754151376159,0.9809575442435652,1.3997297061377107,1.5178466322696184e-29,1347,6129
ESM-2_150M,20,15,1.4057413300398376,0.9942450278062847,1.4138781595332528,4.946023407080505e-16,1347,6129
ESM-2_150M,20,16,1.5892283646161678,0.92116103859229,1.72524487905482,5.981874650937363e-58,1347,6129
ESM-2_150M,20,17,1.6047977570170548,0.9887649662541048,1.623032582856131,5.4562140539276974e-49,1347,6129
ESM-2_150M,20,18,1.673678326961856,0.9081082469617334,1.8430383520483355,8.297537551798491e-23,1347,6129
ESM-2_150M,20,19,1.2105855001848809,1.0042594285664521,1.205450967896764,1.0388763206558504e-12,1347,6129
ESM-2_150M,21,0,1.1436453528243167,1.0396387186159723,1.1000411319297574,7.177356395641135e-07,1347,6129
ESM-2_150M,21,1,1.2813428967427836,1.0074546173224637,1.2718616548189925,2.7057585437714216e-15,1347,6129
ESM-2_150M,21,2,1.089941445309406,0.964328277958832,1.1302597572026574,0.00012201735152156378,1347,6129
ESM-2_150M,21,3,1.0696615970125884,0.9957920572199116,1.074181692108399,0.00834583859055542,1347,6129
ESM-2_150M,21,4,1.2401519007455355,0.9895411212016113,1.253259590909779,2.498920690120336e-10,1347,6129
ESM-2_150M,21,5,1.252024954410288,0.9429011014100972,1.3278433470253665,2.9489605449216117e-16,1347,6129
ESM-2_150M,21,6,1.1076660168750603,0.9943452470039812,1.1139652150121107,0.0020380566018788015,1347,6129
ESM-2_150M,21,7,1.1915581875163357,0.9903771913952142,1.2031357323947491,2.746118177939884e-17,1347,6129
ESM-2_150M,21,8,0.5999873743174238,1.0241765145957902,0.585824187302537,1.0,1347,6129
ESM-2_150M,21,9,1.2414755721665702,0.9982077272535634,1.243704630079679,1.2409748571872577e-24,1347,6129
ESM-2_150M,21,10,1.1550920672476868,0.9990200705815342,1.156225086224046,1.2190320458264435e-15,1347,6129
ESM-2_150M,21,11,1.1726798188181922,1.032602211722135,1.135654955515194,8.889289864010034e-09,1347,6129
ESM-2_150M,21,12,1.1887232843612243,0.995704658443148,1.1938512833914767,2.0250513447416293e-27,1347,6129
ESM-2_150M,21,13,1.5102676042281618,0.9672695428709218,1.5613720243331395,3.164767603866107e-47,1347,6129
ESM-2_150M,21,14,1.2838924628943094,1.007999788931463,1.2737031068779374,5.10981844175091e-35,1347,6129
ESM-2_150M,21,15,1.016098738690173,0.854596572643218,1.1889805917983478,5.304424510209253e-08,1347,6129
ESM-2_150M,21,16,1.4648972903146686,0.9861719494098686,1.4854380021569993,4.16311335919922e-58,1347,6129
ESM-2_150M,21,17,1.1470168975873973,1.0167842878596753,1.12808283062857,2.3404244036541128e-09,1347,6129
ESM-2_150M,21,18,1.2695376686945437,0.9838466665913121,1.290381633444012,4.0040163895725045e-28,1347,6129
ESM-2_150M,21,19,1.3958820977981832,0.9358734637122011,1.491528664848909,3.822250806501673e-48,1347,6129
ESM-2_150M,22,0,1.0572783976749038,0.9944092460264777,1.0632226137273386,0.05832144367458969,1347,6129
ESM-2_150M,22,1,1.4967992957833527,0.9239503856056043,1.619999644030966,4.6378576555487384e-33,1347,6129
ESM-2_150M,22,2,1.3239010970793395,0.9979489114184736,1.3266221165546048,4.4716629969817725e-39,1347,6129
ESM-2_150M,22,3,1.5330746530844888,1.0080600413670837,1.520816806710645,5.734632194621768e-44,1347,6129
ESM-2_150M,22,4,1.1258206091151914,0.9706381247247446,1.1598767660547578,1.3214597049447976e-06,1347,6129
ESM-2_150M,22,5,1.2282803914749632,1.0081085915006982,1.2184008764834662,6.640557454633922e-24,1347,6129
ESM-2_150M,22,6,1.0177950753436964,0.9620085832295001,1.0579895991436157,0.9034923845743205,1347,6129
ESM-2_150M,22,7,1.051066764899334,0.9866299293126907,1.065310035376214,0.02486996056404241,1347,6129
ESM-2_150M,22,8,1.1415232458022584,0.9868571008033631,1.1567259787389557,1.7866161284011626e-17,1347,6129
ESM-2_150M,22,9,2.057789159832217,1.0634336643881925,1.9350423338498413,6.969921772573372e-44,1347,6129
ESM-2_150M,22,10,1.8040399400941867,0.959954276916778,1.8792977785238676,2.1804485174834472e-91,1347,6129
ESM-2_150M,22,11,1.6104942510304137,0.9726331253027154,1.6558085563137437,4.640435100542222e-57,1347,6129
ESM-2_150M,22,12,1.1054256505982116,0.9565304213595985,1.1556617812813268,1.2283164203372464e-05,1347,6129
ESM-2_150M,22,13,1.3610459479331174,1.0543964993440225,1.2908293500403998,1.0900686268595707e-23,1347,6129
ESM-2_150M,22,14,1.554611532043862,1.0215690052247706,1.5217880770587875,9.294532521278346e-58,1347,6129
ESM-2_150M,22,15,1.1332739024425138,1.0169592476368612,1.1143749418434774,1.8835741429701744e-14,1347,6129
ESM-2_150M,22,16,1.757139346099776,0.8636778849329776,2.0344845882398994,6.221559056369395e-61,1347,6129
ESM-2_150M,22,17,1.2825161013102302,0.9670248853246644,1.3262493248864473,9.672830543544366e-37,1347,6129
ESM-2_150M,22,18,1.741199160099815,0.9253901219435205,1.8815839058697945,1.63156129231338e-39,1347,6129
ESM-2_150M,22,19,1.0636978540362123,0.9522743900378701,1.117007729246936,1.0826437415392674e-16,1347,6129
ESM-2_150M,23,0,1.612228500257843,1.0247295081468357,1.5733210446661825,5.071069868842133e-44,1347,6129
ESM-2_150M,23,1,1.385308534050749,0.9753895800996515,1.4202617726439293,1.0774919874971157e-34,1347,6129
ESM-2_150M,23,2,1.3048501902086345,0.9399471520918057,1.3882165473928563,9.366181966160941e-27,1347,6129
ESM-2_150M,23,3,1.4422284740160904,1.0039235948142637,1.4365918696062898,5.589273936659996e-54,1347,6129
ESM-2_150M,23,4,1.5256114565638055,1.0476909444686697,1.4561655463553809,2.1107511238814763e-53,1347,6129
ESM-2_150M,23,5,1.059249777139428,0.9938522610320443,1.065802049933934,2.790761437330742e-07,1347,6129
ESM-2_150M,23,6,1.3898952182578703,1.0012750743574839,1.3881252553398107,5.913323331208361e-54,1347,6129
ESM-2_150M,23,7,1.7782044587096817,1.0190099366501564,1.7450315200607998,3.247328284803401e-65,1347,6129
ESM-2_150M,23,8,1.123478631405319,0.9940846586053825,1.1301639369241099,1.335555309663081e-15,1347,6129
ESM-2_150M,23,9,1.089535968628475,0.9884842733420561,1.1022289357672468,3.773350975640465e-16,1347,6129
ESM-2_150M,23,10,1.141877516885665,0.929087189319599,1.2290316022136731,5.500775128360363e-06,1347,6129
ESM-2_150M,23,11,0.9734987791989942,1.00757616972297,0.9661788442918958,0.9453122484735325,1347,6129
ESM-2_150M,23,12,1.1486979508585813,0.9877921228070188,1.162894423164982,1.774831766259433e-35,1347,6129
ESM-2_150M,23,13,1.1042006716530413,0.9475819634990564,1.1652824918444544,1.0367489835093344e-29,1347,6129
ESM-2_150M,23,14,1.3817782253524773,0.9763952810046801,1.415183227770899,2.6513037182027827e-47,1347,6129
ESM-2_150M,23,15,1.4749338913822316,1.0194323554733513,1.4468187942665192,3.8803432360313454e-62,1347,6129
ESM-2_150M,23,16,1.440586584359518,0.8179240673865535,1.7612717876886879,5.330330525455955e-18,1347,6129
ESM-2_150M,23,17,1.0755517990193548,0.9913132860515067,1.0849766810887584,0.004680271425284547,1347,6129
ESM-2_150M,23,18,1.733073129851728,0.9876009009952942,1.7548314588465386,3.962328918043683e-52,1347,6129
ESM-2_150M,23,19,1.1128766798450935,0.9756537558488715,1.1406471539453367,5.849206408843199e-29,1347,6129
ESM-2_150M,24,0,0.9500754343839425,1.0057341835342577,0.9446585886593569,0.8875003836766,1347,6129
ESM-2_150M,24,1,1.147718260209916,1.0024266816696328,1.1449398556493797,7.03078180992782e-14,1347,6129
ESM-2_150M,24,2,1.3167932773618762,1.0242274476388167,1.2856453714431504,7.162800152560427e-29,1347,6129
ESM-2_150M,24,3,1.5471547838485764,1.0255747997893518,1.508573323141671,1.0258594167527518e-64,1347,6129
ESM-2_150M,24,4,1.3058113740299397,1.0404139910349743,1.2550882487950354,1.3111622396947466e-37,1347,6129
ESM-2_150M,24,5,1.3618346786191486,0.969457487340334,1.4047389353351483,1.6820908151133017e-28,1347,6129
ESM-2_150M,24,6,1.044318736595141,0.9878229375987598,1.0571922323789256,9.252116167973207e-11,1347,6129
ESM-2_150M,24,7,1.345987393533909,0.972081419938121,1.3846447076620283,7.164712436813471e-62,1347,6129
ESM-2_150M,24,8,1.2877471506285862,0.9288707698044545,1.3863577071110573,1.0979905810529925e-53,1347,6129
ESM-2_150M,24,9,1.3644306696979045,0.9416461004733524,1.4489845696934593,5.325620927831798e-52,1347,6129
ESM-2_150M,24,10,1.7871135954524555,0.9851967742130814,1.8139661458797398,3.251583951100452e-49,1347,6129
ESM-2_150M,24,11,1.5242032227289615,0.9751862282512977,1.5629868209502507,1.8317399944357892e-41,1347,6129
ESM-2_150M,24,12,1.3761555502590819,1.023601452578853,1.3444251635165299,1.7640766658393734e-35,1347,6129
ESM-2_150M,24,13,1.4581737566017494,0.9891239007660501,1.4742073823839792,1.1736868575314454e-45,1347,6129
ESM-2_150M,24,14,1.707526444841201,1.0251874306975706,1.6655748926606964,7.04785355174132e-63,1347,6129
ESM-2_150M,24,15,1.1180057173516011,0.9751188166392124,1.1465328104372494,1.2770108576627407e-23,1347,6129
ESM-2_150M,24,16,1.4454952367175573,0.9758435814909006,1.4812775983104993,1.4693476367765457e-31,1347,6129
ESM-2_150M,24,17,1.450255425327472,0.9430113339389123,1.5378981918168744,3.441156528877937e-59,1347,6129
ESM-2_150M,24,18,1.2918564474186636,0.9643594623535876,1.3396005305592131,1.1785757522122438e-07,1347,6129
ESM-2_150M,24,19,1.2819288734930174,0.9725968124523339,1.3180475784829324,4.1059705977293733e-16,1347,6129
ESM-2_150M,25,0,1.2055073145392565,0.9702692036625611,1.2424462303747468,5.2512102245047e-41,1347,6129
ESM-2_150M,25,1,2.004768281920627,0.9401504624216197,2.132390890663168,6.410416736685268e-79,1347,6129
ESM-2_150M,25,2,1.8359269784361059,0.974402860170487,1.8841559825828935,3.3306312647389723e-112,1347,6129
ESM-2_150M,25,3,1.2870811579227668,0.9232413524913445,1.3940895893036087,3.514066500161576e-12,1347,6129
ESM-2_150M,25,4,1.021409558808485,1.0036389957064953,1.017706130568871,0.0006059869476913908,1347,6129
ESM-2_150M,25,5,1.0764619163731868,0.9775007180450188,1.1012390032061443,2.0303955999129497e-10,1347,6129
ESM-2_150M,25,6,1.7058783782550646,1.029179795884808,1.6575125017767032,1.9228873873403965e-73,1347,6129
ESM-2_150M,25,7,1.314951714833489,0.9740838918620367,1.3499368235315514,2.298375568164666e-43,1347,6129
ESM-2_150M,25,8,1.1018674173672374,0.9554474210431338,1.1532475708231498,1.661845640923692e-08,1347,6129
ESM-2_150M,25,9,1.1513148107259648,0.9824755533357821,1.1718508484174752,3.652853269072557e-11,1347,6129
ESM-2_150M,25,10,1.5341218135139194,1.002547761513205,1.5302231698152495,7.475545651058427e-53,1347,6129
ESM-2_150M,25,11,1.3172724739369766,0.9553015346829256,1.3789075240774034,4.49303715892099e-56,1347,6129
ESM-2_150M,25,12,1.49300220322193,1.0200138033970492,1.4637078422366858,4.361079257972503e-34,1347,6129
ESM-2_150M,25,13,1.2397416299616928,0.9237108215115883,1.342131759302053,7.94422061739153e-32,1347,6129
ESM-2_150M,25,14,1.0838584508843658,1.015507203692576,1.0673074961391231,6.198958454356104e-11,1347,6129
ESM-2_150M,25,15,1.2180917006934584,1.0104698190332762,1.2054706412298544,7.659188819430497e-23,1347,6129
ESM-2_150M,25,16,1.3164373242089549,0.9912883754698677,1.3280064174917492,5.556961801549944e-33,1347,6129
ESM-2_150M,25,17,0.8173901758695321,0.9195770994059743,0.8888761762309516,1.0,1347,6129
ESM-2_150M,25,18,1.2662159851970014,0.9762855972745209,1.2969729234271958,1.4104207629483215e-22,1347,6129
ESM-2_150M,25,19,1.4672995588058397,0.9266458152496887,1.583452420178976,9.499247632044072e-31,1347,6129
ESM-2_150M,26,0,1.0742761635656435,1.0098210208131333,1.0638282838483688,3.287357312348947e-05,1347,6129
ESM-2_150M,26,1,1.1591615629200591,0.9524783495188168,1.2169951826261003,2.4837004437195716e-08,1347,6129
ESM-2_150M,26,2,0.7788609238403678,0.9055343844068855,0.8601119264515975,0.9999999999999999,1347,6129
ESM-2_150M,26,3,1.1664054139995008,1.0266569409744932,1.1361199320313946,1.1777641280586438e-10,1347,6129
ESM-2_150M,26,4,1.1696903519636628,0.9464515142567027,1.235869280511724,0.01304432659904926,1347,6129
ESM-2_150M,26,5,1.484693127362792,0.9699746504727478,1.530651472839192,1.7892020884925163e-36,1347,6129
ESM-2_150M,26,6,1.1247543591477736,0.9922166044914541,1.133577440708372,1.6526941685784631e-13,1347,6129
ESM-2_150M,26,7,1.451798177337372,1.062438510347393,1.3664773661702712,5.049127648605114e-50,1347,6129
ESM-2_150M,26,8,1.4278046833247544,0.952326182509411,1.4992811386981315,1.364084283182012e-69,1347,6129
ESM-2_150M,26,9,1.3537758775802127,1.0421218551898357,1.2990571791948506,1.6055092995214406e-28,1347,6129
ESM-2_150M,26,10,1.072222234444788,0.9894733111360252,1.0836292625353967,2.0652229169531297e-17,1347,6129
ESM-2_150M,26,11,1.0937964072715112,0.9974643085811389,1.0965769881304341,0.07203928323062707,1347,6129
ESM-2_150M,26,12,1.258251143335942,0.9522537674385915,1.321340157803139,5.757969013953704e-19,1347,6129
ESM-2_150M,26,13,1.074328056970126,1.012600375195641,1.0609595683416162,2.1022981632130893e-05,1347,6129
ESM-2_150M,26,14,1.0994633583797235,0.9941318704182764,1.1059532352756474,3.859649525057126e-15,1347,6129
ESM-2_150M,26,15,1.9883553413058885,1.0632970374777153,1.8699904835835308,3.74775243951128e-10,1347,6129
ESM-2_150M,26,16,1.065929570581706,0.9976046657480566,1.068488958782501,2.5820688400133213e-14,1347,6129
ESM-2_150M,26,17,1.3140354595398054,0.9741236455428559,1.3489411385836185,0.00025156589289172413,1347,6129
ESM-2_150M,26,18,1.233911387633419,0.962758881445785,1.281641137166599,1.1519036792779016e-29,1347,6129
ESM-2_150M,26,19,1.0591319762695783,1.0162345868866447,1.0422120934836068,0.9999788869858975,1347,6129
ESM-2_150M,27,0,2.201471514136993,0.9725172901822403,2.2636836757158925,5.814143227360435e-103,1347,6129
ESM-2_150M,27,1,1.1111877447971832,0.9821176488626536,1.1314201980628287,0.04492988286385768,1347,6129
ESM-2_150M,27,2,1.3381474121199242,1.0511784097570291,1.272997428123762,3.092971762894434e-42,1347,6129
ESM-2_150M,27,3,1.022731991392113,1.0341889399686865,0.9889218032278313,0.9964837850581798,1347,6129
ESM-2_150M,27,4,1.0828217218983325,0.9984185736845808,1.0845368369923938,9.627957925636688e-11,1347,6129
ESM-2_150M,27,5,1.6349235704886356,0.9925920316087303,1.6471254235628459,1.1276093498975767e-101,1347,6129
ESM-2_150M,27,6,1.033034883859915,0.9988470189546873,1.0342273283660655,1.0279036388423373e-08,1347,6129
ESM-2_150M,27,7,1.054051670433197,0.9441570052061079,1.1163944816604938,4.066707914445312e-09,1347,6129
ESM-2_150M,27,8,1.4414814446113158,1.027707838405791,1.4026179335630853,9.653878177865699e-39,1347,6129
ESM-2_150M,27,9,0.8731905765715314,0.9630222402775602,0.9067190144226184,0.9999946659362883,1347,6129
ESM-2_150M,27,10,1.7017790693831205,1.0186151913200823,1.6706790590641856,0.0006505287151209946,1347,6129
ESM-2_150M,27,11,1.2258564086759542,1.011700992951883,1.2116785663115945,5.079257745516862e-08,1347,6129
ESM-2_150M,27,12,0.9428903102576068,0.9446347632489006,0.9981533042619626,0.6871844883622533,1347,6129
ESM-2_150M,27,13,2.1821214672131015,0.9178704706786954,2.3773740815516033,6.3351816869093365e-105,1347,6129
ESM-2_150M,27,14,1.1975123403398922,1.0413054513161053,1.1500106321601957,1.935271169823289e-30,1347,6129
ESM-2_150M,27,15,1.2031140911995082,0.9899385021748756,1.2153422546514658,7.367852856793435e-39,1347,6129
ESM-2_150M,27,16,1.1759573286143425,0.9690972983248765,1.2134564100498804,1.4332783067137063e-36,1347,6129
ESM-2_150M,27,17,1.4298747523059292,1.0004230373788083,1.4292701176217615,1.5793682484619274e-47,1347,6129
ESM-2_150M,27,18,1.019464508373824,0.9928427825933044,1.0268136368086231,1.2573704972390584e-18,1347,6129
ESM-2_150M,27,19,1.3281276339931938,0.9707706479489716,1.3681168016351135,3.828461540204695e-24,1347,6129
ESM-2_150M,28,0,0.9592343958533067,0.964758567493801,0.9942740372289778,0.907019951520516,1347,6129
ESM-2_150M,28,1,0.9811248713309179,0.9731315148048872,1.0082140557616543,0.2951985683730244,1347,6129
ESM-2_150M,28,2,1.013304157540722,0.9710199044873614,1.0435462268671867,0.06467368197473532,1347,6129
ESM-2_150M,28,3,1.0361736839182216,1.0147916519062266,1.0210703664854064,0.4278863455562912,1347,6129
ESM-2_150M,28,4,0.9948374988219432,0.9985954404669848,0.9962367726781486,0.9996253299863409,1347,6129
ESM-2_150M,28,5,1.2551240360484623,1.0296232461063795,1.2190129164185406,5.607637734898038e-38,1347,6129
ESM-2_150M,28,6,1.0364092316785474,0.9984257489650697,1.0380433725320584,5.2879034881077756e-14,1347,6129
ESM-2_150M,28,7,1.0776517476607184,0.9776304525566794,1.1023099217526064,1.6120521671442777e-18,1347,6129
ESM-2_150M,28,8,1.0950783506400867,0.9640124280897356,1.1359587477622755,2.68310247341701e-12,1347,6129
ESM-2_150M,28,9,1.2073023925468314,0.9991251950888129,1.208359471346845,5.693005999762256e-27,1347,6129
ESM-2_150M,28,10,1.1790830906156973,0.956457727396492,1.2327602745446977,1.3085066247146802e-32,1347,6129
ESM-2_150M,28,11,1.0057853652688424,0.9895256663063141,1.0164318112366122,0.5049114400365272,1347,6129
ESM-2_150M,28,12,0.9795864245010113,0.9547590029547938,1.0260038621991325,0.13892721236677458,1347,6129
ESM-2_150M,28,13,1.5921712800384717,1.0740204396625583,1.482440390555983,1.6298243044646802e-51,1347,6129
ESM-2_150M,28,14,1.0767869042328047,1.016025381807957,1.0598031540479098,7.942657773130749e-06,1347,6129
ESM-2_150M,28,15,1.2718182409150387,1.0346555772322117,1.229218948702965,1.681637923723025e-37,1347,6129
ESM-2_150M,28,16,1.055291093825055,0.9805824809015857,1.076187994766926,1.8152333342392065e-05,1347,6129
ESM-2_150M,28,17,1.133131490706424,0.9608640238098092,1.179283918044488,3.81376515721803e-09,1347,6129
ESM-2_150M,28,18,0.8502333082463357,1.0090386745145978,0.8426171659429643,1.0,1347,6129
ESM-2_150M,28,19,1.0103380791815282,0.9983272739781954,1.0120309296524288,0.014769580820708322,1347,6129
ESM-2_150M,29,0,0.8083730114329366,0.9384976058595428,0.8613479740234086,1.0,1347,6129
ESM-2_150M,29,1,1.22467669490628,0.9951662122668401,1.2306252762708345,2.141912787731282e-33,1347,6129
ESM-2_150M,29,2,1.0120724980465643,0.9975602586952269,1.0145477320541205,0.020785392708605577,1347,6129
ESM-2_150M,29,3,1.0401075869997785,1.0030298951297858,1.036965689706781,2.666567714047047e-09,1347,6129
ESM-2_150M,29,4,0.8886085832526087,0.8568547972702711,1.037058537903385,0.9823274396187311,1347,6129
ESM-2_150M,29,5,0.9743943922747128,1.0492820740949564,0.9286295995432525,0.9999999952887579,1347,6129
ESM-2_150M,29,6,0.9725214831459141,0.9925283887808777,0.9798424852516934,0.997814515464085,1347,6129
ESM-2_150M,29,7,0.983381126178311,1.0005544184274493,0.9828362236647465,0.8142970686370778,1347,6129
ESM-2_150M,29,8,1.1187480590302765,1.0012570225184962,1.1173435330483386,5.112857427339669e-21,1347,6129
ESM-2_150M,29,9,1.0361635495577375,1.004733155943,1.0312823294710907,0.002983676536484515,1347,6129
ESM-2_150M,29,10,1.0950064828817103,0.937810222575279,1.1676205446713532,0.04438087219972221,1347,6129
ESM-2_150M,29,11,0.7187155957631739,0.910726233373499,0.7891675559854227,1.0,1347,6129
ESM-2_150M,29,12,1.010663543037556,1.0086621029631002,1.0019842522769282,0.9543287212446403,1347,6129
ESM-2_150M,29,13,0.9431978830405315,0.9828281663741134,0.9596773020051029,0.9995259813362555,1347,6129
ESM-2_150M,29,14,1.185755537077508,1.0015203710223006,1.183955485465712,8.626628559265588e-41,1347,6129
ESM-2_150M,29,15,1.3302029942970588,0.9999740454460225,1.330237520018575,2.0854161328349498e-52,1347,6129
ESM-2_150M,29,16,1.0304657725953312,0.9648550853709409,1.0680005611403978,3.361196086816863e-05,1347,6129
ESM-2_150M,29,17,0.673440413545394,0.8737137885319017,0.7707791983882658,1.0,1347,6129
ESM-2_150M,29,18,1.095893024236694,0.9898276634941017,1.1071553813400006,1.4626865667017559e-07,1347,6129
ESM-2_150M,29,19,1.039532835821399,0.981526642284107,1.0590979307523494,4.543380193151475e-18,1347,6129
ESM-2_650M,0,0,1.0203388614307622,0.9845218474158145,1.036380110922841,0.0019908988292410977,1347,6129
ESM-2_650M,0,1,1.0111134027054156,1.0019289301725056,1.0091667904342563,0.9999233506837354,1347,6129
ESM-2_650M,0,2,0.9845867065385083,0.993175336481755,0.9913523527742129,0.9999999999999973,1347,6129
ESM-2_650M,0,3,1.0800349263235118,0.9888708349599946,1.0921900900911952,1.538213209819836e-29,1347,6129
ESM-2_650M,0,4,0.992446264117934,0.995718486596134,0.9967137072151928,0.9962137944278788,1347,6129
ESM-2_650M,0,5,1.0451516788936848,0.984102335873232,1.062035563574068,9.364942330367348e-21,1347,6129
ESM-2_650M,0,6,0.9841097951731862,0.9852161352232592,0.9988770585351585,0.909254356779875,1347,6129
ESM-2_650M,0,7,1.23866700351725,0.9908345238937603,1.2501249942821562,7.829685082274678e-05,1347,6129
ESM-2_650M,0,8,1.0125674812459202,0.9825850608425091,1.0305138166640788,1.6300041964179568e-05,1347,6129
ESM-2_650M,0,9,1.0159215134829171,0.9913555804143471,1.0247801430222467,0.12434704035131439,1347,6129
ESM-2_650M,0,10,0.9991656239154875,0.994772939225709,1.0044157661679032,0.062044884584444564,1347,6129
ESM-2_650M,0,11,1.071885540074743,0.9804113315882428,1.0933018678377717,3.24203634494147e-21,1347,6129
ESM-2_650M,0,12,1.4364220934526604,0.8625250431049666,1.6653685651627537,1.9643697536603197e-39,1347,6129
ESM-2_650M,0,13,1.0063900521001554,0.9947904297706062,1.0116603678346847,3.643545558813803e-08,1347,6129
ESM-2_650M,0,14,0.9834565546836513,0.9878187131912834,0.9955840495331987,0.22170074930692663,1347,6129
ESM-2_650M,0,15,0.997513709815237,0.9946598401951117,1.002869191561575,1.217865947751688e-06,1347,6129
ESM-2_650M,0,16,1.0111768887542139,0.9874729780976546,1.0240046170197228,0.055820973957028314,1347,6129
ESM-2_650M,0,17,1.00668569189049,0.9936959854267728,1.013072113256187,1.2407246738459936e-11,1347,6129
ESM-2_650M,0,18,1.1116600630012545,0.9962040053279079,1.1158959982652785,6.208391300412985e-08,1347,6129
ESM-2_650M,0,19,1.0253768433175798,0.973320561358582,1.0534831832652714,2.952845774336559e-16,1347,6129
ESM-2_650M,1,0,1.157423252118741,0.955902446295723,1.2108173345553659,8.564762351261427e-11,1347,6129
ESM-2_650M,1,1,0.9931256179227657,0.9954028040537485,0.9977122968493669,0.0003202728786284758,1347,6129
ESM-2_650M,1,2,0.9840046079980062,1.022330349692028,0.9625113920313847,0.9904884051300877,1347,6129
ESM-2_650M,1,3,0.9976542833431968,0.9996198327744799,0.9980337030470599,0.2657709898067894,1347,6129
ESM-2_650M,1,4,1.1490303190797013,0.9451297574252168,1.2157381672226293,1.3348250430811305e-19,1347,6129
ESM-2_650M,1,5,1.0784970743812583,1.0030168254383296,1.0752532231051488,6.010859664578547e-10,1347,6129
ESM-2_650M,1,6,0.9406807209021442,0.9677740627239376,0.9720044761836917,0.9999843755327553,1347,6129
ESM-2_650M,1,7,1.0060690446675886,1.0000959205351372,1.0059725512421402,0.05169304692694178,1347,6129
ESM-2_650M,1,8,1.0030902615778077,1.0000918205580702,1.0029981657264873,2.781132741127078e-06,1347,6129
ESM-2_650M,1,9,0.8795870354132203,0.910070234902056,0.9665045638020274,0.36783372372023193,1347,6129
ESM-2_650M,1,10,1.0233352767952124,1.0040068585826165,1.0192512810518868,1.8026155540945263e-05,1347,6129
ESM-2_650M,1,11,0.9794143616555794,1.002704083026039,0.9767730861330752,0.3318417695473389,1347,6129
ESM-2_650M,1,12,2.3731931789813436,0.9311934852275768,2.5485500238453156,3.2756237730826563e-31,1347,6129
ESM-2_650M,1,13,0.6923546686681414,0.8373663033331629,0.826824134088274,0.44066978423505043,1347,6129
ESM-2_650M,1,14,1.075539748194754,0.9985214350424461,1.0771323583544643,0.3888730640482718,1347,6129
ESM-2_650M,1,15,1.0062502746504152,1.0194971463865625,0.9870064651155732,0.34087189448396626,1347,6129
ESM-2_650M,1,16,0.9868228559941606,0.9963581278661245,0.9904298749563218,0.5636995941658078,1347,6129
ESM-2_650M,1,17,1.4543678184346183,0.9965912823895404,1.459342304246793,1.2575358539770906e-13,1347,6129
ESM-2_650M,1,18,1.0469295145541364,0.9774632162556871,1.0710679411185926,0.010820480604996113,1347,6129
ESM-2_650M,1,19,1.096860245124623,1.0211016054273254,1.0741930472879757,0.1189992188290972,1347,6129
ESM-2_650M,2,0,1.646429845934655,1.1055264496805959,1.4892722344276201,4.692927256507977e-06,1347,6129
ESM-2_650M,2,1,1.1151121262165025,0.9749818256048574,1.143726064354801,2.090228656503991e-23,1347,6129
ESM-2_650M,2,2,1.0634384430065453,1.0104490873751972,1.0524413909551806,2.227789518660027e-06,1347,6129
ESM-2_650M,2,3,1.3365483169665846,1.0753109462572594,1.2429412363173566,1.1772872398687944e-33,1347,6129
ESM-2_650M,2,4,0.9909072299422206,0.9914588589755507,0.9994436188366906,5.455773473471949e-12,1347,6129
ESM-2_650M,2,5,1.1262742512331863,1.0050306888666447,1.1206366767797566,8.551364879190673e-60,1347,6129
ESM-2_650M,2,6,0.9892156808661282,0.9722417951952791,1.0174585023547973,0.10544161476932873,1347,6129
ESM-2_650M,2,7,1.2185402102574827,1.0260052631760639,1.1876549312090416,8.249840765186686e-15,1347,6129
ESM-2_650M,2,8,1.0711406313585368,0.9844568025148757,1.0880524453914282,5.138275841482484e-09,1347,6129
ESM-2_650M,2,9,1.1029936029854401,0.932276204427764,1.183118905906714,7.117835870731655e-18,1347,6129
ESM-2_650M,2,10,1.0925462331509448,0.9598193459819379,1.1382831964417444,0.012143264866060441,1347,6129
ESM-2_650M,2,11,1.2879344996095323,1.0268352932268885,1.2542756448915235,3.2159836158086743e-21,1347,6129
ESM-2_650M,2,12,1.060155767878295,0.7684212662176277,1.379654382935888,0.9999999999989959,1347,6129
ESM-2_650M,2,13,1.2253748737303256,1.0536792860964341,1.1629486219378689,3.2408270364592128e-09,1347,6129
ESM-2_650M,2,14,1.061255400545436,1.0239746072714784,1.036407927510329,5.435970978120933e-08,1347,6129
ESM-2_650M,2,15,1.1268961164594227,1.030826097102962,1.0931971160086618,1.0606376580288506e-07,1347,6129
ESM-2_650M,2,16,0.9909000677632551,0.986122974613218,1.0048443178721302,0.5278614247850282,1347,6129
ESM-2_650M,2,17,1.0138582871326625,0.9999449442167045,1.013914108968126,1.8054170531625792e-08,1347,6129
ESM-2_650M,2,18,1.0106414069754155,1.0003400368570095,1.0102978684635797,1.7646905795976093e-08,1347,6129
ESM-2_650M,2,19,1.2293862547523549,1.0733482013107791,1.1453750546663433,6.226848757845207e-13,1347,6129
ESM-2_650M,3,0,1.1296405173456483,0.9996802344344475,1.1300018530272569,1.6700995275634632e-21,1347,6129
ESM-2_650M,3,1,0.8765140450611412,1.031854555166396,0.8494550328556676,0.9997017773512971,1347,6129
ESM-2_650M,3,2,0.8909722438003279,0.9074266454909069,0.9818669621700635,0.9922040683958508,1347,6129
ESM-2_650M,3,3,1.4141023492007763,1.0314145243236925,1.3710320301413397,3.6936302293151788e-31,1347,6129
ESM-2_650M,3,4,1.105353274762232,1.004945850973807,1.099913267656291,8.128313314318737e-18,1347,6129
ESM-2_650M,3,5,1.0202493220678328,1.0008939508513421,1.019338083919907,0.003296888247337964,1347,6129
ESM-2_650M,3,6,1.1867757243143688,1.0082110931884407,1.1771103614434772,1.4376089509251596e-30,1347,6129
ESM-2_650M,3,7,1.0205581236876817,0.9945721326070385,1.0261278093651458,2.30498956121299e-08,1347,6129
ESM-2_650M,3,8,1.0934596815172088,0.9149313932614451,1.1951275140088549,1.8131654458441124e-12,1347,6129
ESM-2_650M,3,9,1.27506620964034,1.0534841120850886,1.2103326429068675,2.1209908953049356e-36,1347,6129
ESM-2_650M,3,10,1.0381892415533795,1.0076103968514492,1.0303478852515637,5.804445819734305e-05,1347,6129
ESM-2_650M,3,11,1.0201135493687727,0.9938803791919586,1.0263946957058778,6.788088858218922e-21,1347,6129
ESM-2_650M,3,12,1.2168432804904519,0.9981223954245518,1.2191323289293263,0.00012394755946396115,1347,6129
ESM-2_650M,3,13,1.263379137042105,1.058924206531778,1.193077964644858,2.5805013383639462e-24,1347,6129
ESM-2_650M,3,14,1.1431386357514877,0.9738019815513761,1.1738922875576194,1.4140692824620735e-10,1347,6129
ESM-2_650M,3,15,1.0317530737886982,0.9989274787938571,1.0328608389414573,9.067793494403944e-40,1347,6129
ESM-2_650M,3,16,1.360248300013891,1.0521907055071866,1.2927773386462404,9.54747945060619e-26,1347,6129
ESM-2_650M,3,17,2.487755359004583,0.807974277792669,3.0790031655475,3.726293817560583e-46,1347,6129
ESM-2_650M,3,18,1.095494794885406,1.0036473149726395,1.091513700622285,0.0001280054962489773,1347,6129
ESM-2_650M,3,19,1.0757598929887093,1.0174710594991678,1.057287952266901,2.3642846808313172e-27,1347,6129
ESM-2_650M,4,0,0.994156032767487,1.0468183258512822,0.9496929965942564,0.9418116336351339,1347,6129
ESM-2_650M,4,1,1.3028872881718008,1.0162703277934315,1.2820282680108195,2.700550529269481e-52,1347,6129
ESM-2_650M,4,2,1.1102176490277826,1.0248569808833496,1.0832903221977943,5.518127554376786e-45,1347,6129
ESM-2_650M,4,3,1.3801604732926367,0.9841700638778876,1.4023597383712763,2.0605456713408026e-58,1347,6129
ESM-2_650M,4,4,1.5944281148308723,0.9983480065346231,1.5970664581835643,2.3025211970112626e-66,1347,6129
ESM-2_650M,4,5,1.0994294442861454,1.0380123950544666,1.0591679343371,1.2703376675584252e-12,1347,6129
ESM-2_650M,4,6,1.0837609615251589,1.0286011878886685,1.0536260061586284,3.99265696132066e-31,1347,6129
ESM-2_650M,4,7,1.0486266791333776,1.0546669949373075,0.9942727744084862,0.9196278808628439,1347,6129
ESM-2_650M,4,8,1.483339231502771,0.9738434243817803,1.523180415213494,8.753339994894733e-44,1347,6129
ESM-2_650M,4,9,1.066654466714851,0.9650508436930668,1.1052831813844817,1.788839861156272e-07,1347,6129
ESM-2_650M,4,10,1.2488541733570335,1.1111212970977955,1.1239584522580846,0.0034566364757972565,1347,6129
ESM-2_650M,4,11,1.3328790278813534,1.086484065966498,1.2267819378424762,1.1748971317102954e-43,1347,6129
ESM-2_650M,4,12,1.1577985042895578,1.0155225003095334,1.140101281790072,2.420913016962651e-18,1347,6129
ESM-2_650M,4,13,1.376086967935718,1.080853482649073,1.2731484794433512,4.1610120807259763e-32,1347,6129
ESM-2_650M,4,14,0.9085998545333732,0.9869307767831398,0.9206317969887584,0.9999999999943472,1347,6129
ESM-2_650M,4,15,0.8714814009760252,0.9402257405254284,0.9268852823461453,0.982093406043542,1347,6129
ESM-2_650M,4,16,1.2852994092832075,1.0135832046106796,1.2680748886095592,9.567819064345478e-36,1347,6129
ESM-2_650M,4,17,1.3018047514287914,0.9708827888122934,1.340846461004138,1.686688401359975e-13,1347,6129
ESM-2_650M,4,18,1.2603770175529747,1.0129273830239702,1.2442915836575312,1.355125738613297e-13,1347,6129
ESM-2_650M,4,19,1.0187746138597473,0.9887762403999695,1.0303388898661676,9.711323936219853e-08,1347,6129
ESM-2_650M,5,0,1.2116200770261825,0.987821433414184,1.226557792776867,3.9464743637992973e-29,1347,6129
ESM-2_650M,5,1,0.9208315936122546,1.1462032959390316,0.8033754543148994,0.9999998493255281,1347,6129
ESM-2_650M,5,2,1.3996106563073756,0.9378444939295003,1.4923696469583232,7.472597933794288e-37,1347,6129
ESM-2_650M,5,3,1.2275951986588987,0.9998326589848598,1.2278006600677442,1.6172168465102286e-41,1347,6129
ESM-2_650M,5,4,1.633117247851318,1.0047520618952008,1.625393278388373,4.1864846748797615e-71,1347,6129
ESM-2_650M,5,5,1.0919056629019483,1.046208937352605,1.0436783934048368,0.0007928477545772424,1347,6129
ESM-2_650M,5,6,1.1259613413786835,0.9563408397353285,1.177364067909406,3.138076419051719e-26,1347,6129
ESM-2_650M,5,7,1.4710803924497624,1.0137781285176193,1.451087127516576,1.102296907828008e-47,1347,6129
ESM-2_650M,5,8,1.0536725560027578,1.0532042052864854,1.000444691270621,1.9868469510102617e-05,1347,6129
ESM-2_650M,5,9,1.1406830343699226,1.042104130352199,1.0945960208260637,7.895886122643383e-18,1347,6129
ESM-2_650M,5,10,1.2608760783494448,1.0140685007537749,1.2433835361341108,1.8940840451016365e-29,1347,6129
ESM-2_650M,5,11,0.9116699420795144,0.9609213207317596,0.948745669817442,0.9991289872609457,1347,6129
ESM-2_650M,5,12,1.0702196847489789,1.0017862041640542,1.0683114623663932,1.015069895498014e-09,1347,6129
ESM-2_650M,5,13,1.6877468587414437,1.1187189451391009,1.5086424218297207,8.485248779611356e-43,1347,6129
ESM-2_650M,5,14,2.8548912918630713,0.9973205885510885,2.862561271306621,5.7803041765138196e-21,1347,6129
ESM-2_650M,5,15,1.1003348465729574,0.9438746936496504,1.1657636908542675,3.0959275031911353e-06,1347,6129
ESM-2_650M,5,16,1.2104847413372268,0.9919829116275677,1.2202677356116534,1.3422312657787845e-50,1347,6129
ESM-2_650M,5,17,1.170455483148606,1.0522744930729935,1.1123100396841175,2.061865360294902e-12,1347,6129
ESM-2_650M,5,18,1.3469314164777286,1.0518112681012284,1.2805827978143483,3.9568265111212394e-22,1347,6129
ESM-2_650M,5,19,1.0642392473335434,0.8761618378637354,1.2146605813469116,4.5088268221764604e-24,1347,6129
ESM-2_650M,6,0,1.296655032919262,1.0405414432790485,1.2461349245572817,7.386923649929981e-11,1347,6129
ESM-2_650M,6,1,1.2067970853207637,0.9631087898255017,1.2530226056180154,1.841570708524883e-44,1347,6129
ESM-2_650M,6,2,1.1998877675779325,1.0078443793531615,1.1905486523108113,8.598975865075297e-21,1347,6129
ESM-2_650M,6,3,1.048210061804489,0.9377906504422208,1.1177442015552184,8.945342067833409e-05,1347,6129
ESM-2_650M,6,4,1.0143997796880995,0.9760243103678842,1.0393181490589622,5.7219854496815945e-05,1347,6129
ESM-2_650M,6,5,1.3477306711890562,1.0059533085285655,1.3397546981185613,5.482175136968555e-28,1347,6129
ESM-2_650M,6,6,1.585768402397146,0.9737056524684717,1.6285911439222056,7.085645612622474e-54,1347,6129
ESM-2_650M,6,7,1.5038516567418463,1.0886223605815866,1.3814263891643996,1.7173477857511647e-53,1347,6129
ESM-2_650M,6,8,1.1148054781739767,1.0001393545654202,1.1146501465872034,2.999349060449271e-16,1347,6129
ESM-2_650M,6,9,1.0941946332044927,1.0111660342350501,1.0821117365084894,2.0735087746678112e-05,1347,6129
ESM-2_650M,6,10,0.9193322526950614,0.9377822931761706,0.9803258809476761,0.6725039395225869,1347,6129
ESM-2_650M,6,11,0.9745398380730713,1.0310141717965537,0.9452244835538243,0.5335015596031143,1347,6129
ESM-2_650M,6,12,1.3162294713850806,1.0403651870041963,1.265161010601724,6.942851774551018e-53,1347,6129
ESM-2_650M,6,13,1.802467267799904,1.0245762534462661,1.7592319378251473,2.6507104876185323e-22,1347,6129
ESM-2_650M,6,14,1.914334686596082,1.059170048631458,1.8073912579661529,2.182656038325895e-24,1347,6129
ESM-2_650M,6,15,1.339608409522902,0.9814297283701338,1.3649560134555916,1.2601366742239227e-40,1347,6129
ESM-2_650M,6,16,0.9150988960606837,1.1067132378654392,0.8268617964900018,0.07573244569582584,1347,6129
ESM-2_650M,6,17,1.0244962904262118,0.9725368207937198,1.053426737704477,4.885711229448174e-12,1347,6129
ESM-2_650M,6,18,1.1778123585953921,0.9906996750927882,1.1888692286944367,8.16021747154011e-28,1347,6129
ESM-2_650M,6,19,3.076871603744453,0.8861578737940315,3.472148354977666,1.0220346249894509e-46,1347,6129
ESM-2_650M,7,0,1.0875808808346898,1.0218861745711465,1.0642876945576776,1.5826148184005368e-12,1347,6129
ESM-2_650M,7,1,1.4271536087140209,1.020043575811355,1.3991104326879815,1.6788716360340653e-69,1347,6129
ESM-2_650M,7,2,1.142544445477332,0.9874660973934778,1.157046756838741,3.929825688175856e-29,1347,6129
ESM-2_650M,7,3,1.0537474635316428,1.0635383438569994,0.9907940504619239,0.9989893426826897,1347,6129
ESM-2_650M,7,4,1.8472246872765892,1.0332588717988136,1.7877656197238665,1.1166200476389545e-63,1347,6129
ESM-2_650M,7,5,1.163200201573156,0.9998225654478582,1.1634066301075279,1.4771250810082957e-24,1347,6129
ESM-2_650M,7,6,0.952532187790099,0.9723318058369521,0.9796369737902276,0.9241242900625039,1347,6129
ESM-2_650M,7,7,1.5503409800811794,0.9857302477279686,1.5727842212964394,3.2793739540717754e-12,1347,6129
ESM-2_650M,7,8,1.306476853715993,0.9856679014220948,1.3254736730607173,2.331785297576778e-35,1347,6129
ESM-2_650M,7,9,1.168437649629341,1.0030830145869292,1.1648464111522265,1.928232296290574e-27,1347,6129
ESM-2_650M,7,10,0.5434277330213396,0.9524392630495551,0.57056418619427,0.9999977481331592,1347,6129
ESM-2_650M,7,11,1.1371311632544356,0.9867436586594889,1.1524078754144225,1.900309824710824e-36,1347,6129
ESM-2_650M,7,12,1.161927539758445,0.9615033124171612,1.2084488162993732,2.0591036710490603e-11,1347,6129
ESM-2_650M,7,13,1.0551888780100043,0.9873912995548967,1.0686633338633527,1.460470413804205e-09,1347,6129
ESM-2_650M,7,14,1.0763098651566767,0.9727835244391108,1.106422794092095,1.8141939776565592e-06,1347,6129
ESM-2_650M,7,15,0.9699387000106225,1.0150862701819487,0.9555234155977366,0.9999994453073727,1347,6129
ESM-2_650M,7,16,1.2376249165294253,1.0092064604287163,1.2263347145079468,2.258854570529155e-42,1347,6129
ESM-2_650M,7,17,1.632169413717039,1.121428572196987,1.4554376927631345,6.522068659474728e-23,1347,6129
ESM-2_650M,7,18,0.7538953817988114,0.9040746298857334,0.8338862267311901,0.9999999999999984,1347,6129
ESM-2_650M,7,19,1.1513114472672774,0.9291436023308765,1.2391103424476737,3.7242028300883366e-20,1347,6129
ESM-2_650M,8,0,0.974102057610606,0.8833967741924663,1.1026778522041305,6.87733202603963e-05,1347,6129
ESM-2_650M,8,1,1.1116650179526322,1.0414223831714047,1.067448746941006,2.2646369921959695e-09,1347,6129
ESM-2_650M,8,2,1.111335277070624,1.0198732176259206,1.0896798326144992,1.3963781184018898e-15,1347,6129
ESM-2_650M,8,3,1.1585592042651986,0.9586449621585944,1.2085383536115963,8.390765805981597e-29,1347,6129
ESM-2_650M,8,4,1.8721450237141066,1.0128084829329063,1.8484689408334343,2.0533792235343522e-22,1347,6129
ESM-2_650M,8,5,1.0332552652803277,0.9869800161325362,1.046885700208116,1.0208087441111786e-08,1347,6129
ESM-2_650M,8,6,1.4681314927565228,1.0119716503549059,1.4507634598673178,1.0556732215627092e-18,1347,6129
ESM-2_650M,8,7,1.4031873582665266,1.0345166971091637,1.3563699476166697,3.965119868882181e-39,1347,6129
ESM-2_650M,8,8,1.1369745814101113,1.0149485127030005,1.1202288265659233,1.2394057449905818e-34,1347,6129
ESM-2_650M,8,9,1.191700853479289,0.9647674551113606,1.2352208267035023,6.016991827826729e-20,1347,6129
ESM-2_650M,8,10,1.0202186325566363,0.9685565124529185,1.053339293515131,3.183875523184928e-05,1347,6129
ESM-2_650M,8,11,1.1632416053732502,0.9324749115496499,1.2474776435969699,4.4237363197240264e-11,1347,6129
ESM-2_650M,8,12,1.3974725057238901,0.9847319393226812,1.4191400216845818,2.259929283397584e-57,1347,6129
ESM-2_650M,8,13,2.32905701253046,1.1581208216092373,2.011065658325854,1.0007653166732244e-59,1347,6129
ESM-2_650M,8,14,1.1135784213907558,0.9672150444996106,1.1513245453774619,1.8590958292677498e-17,1347,6129
ESM-2_650M,8,15,1.0177243363330695,0.9192995486878556,1.1070649798378545,0.2447159111786143,1347,6129
ESM-2_650M,8,16,1.3932473110926975,0.9884122045469684,1.409581250295551,6.160564064527184e-10,1347,6129
ESM-2_650M,8,17,1.1436827816207407,1.026496191678496,1.1141617386330724,1.0304770369716784e-21,1347,6129
ESM-2_650M,8,18,1.1166372790368468,1.0122575785367247,1.1031157510828506,3.208404471543746e-15,1347,6129
ESM-2_650M,8,19,1.4828913938627477,1.01534027030163,1.4604871265691262,5.021716414359536e-62,1347,6129
ESM-2_650M,9,0,1.1489902539171815,1.022819833934239,1.1233554686729457,2.5177096787660228e-17,1347,6129
ESM-2_650M,9,1,1.8840955221000852,1.0016173521230909,1.8810531967187254,8.922417960301767e-09,1347,6129
ESM-2_650M,9,2,1.1748792741505765,1.0383139613558134,1.1315260295801457,1.9120371770573763e-09,1347,6129
ESM-2_650M,9,3,1.709280256527658,0.9775599978230851,1.7485169813965695,4.3873266009531057e-16,1347,6129
ESM-2_650M,9,4,1.1221942375037257,1.0005230065912305,1.1216076293208166,3.6411713127041676e-33,1347,6129
ESM-2_650M,9,5,1.156774882617135,1.0453344732887653,1.1066074181766559,9.79194617347262e-17,1347,6129
ESM-2_650M,9,6,1.1563356959032145,1.0152835762846975,1.1389287908454893,4.547634679797252e-06,1347,6129
ESM-2_650M,9,7,1.9920365944582175,1.0046807160653595,1.9827558771702607,1.0029583031006237e-69,1347,6129
ESM-2_650M,9,8,0.7493124796463413,0.946823261348176,0.7913963568865003,0.9614309842022525,1347,6129
ESM-2_650M,9,9,1.6972341958292343,0.989883413012274,1.7145798924586986,2.1050887566807056e-29,1347,6129
ESM-2_650M,9,10,1.3944774978720178,1.0501688514473115,1.3278602730886468,7.499469978084158e-31,1347,6129
ESM-2_650M,9,11,1.2585082210561658,1.0287658048553283,1.2233184803738157,9.253102350078519e-24,1347,6129
ESM-2_650M,9,12,2.1163569782026053,0.9406009697391647,2.2500050991755685,2.0788703414356737e-16,1347,6129
ESM-2_650M,9,13,0.8634457546932749,1.036178738187569,0.833298081568022,0.9482153373058613,1347,6129
ESM-2_650M,9,14,0.892634526293368,0.9101263484678255,0.9807808858584256,0.7875325252972339,1347,6129
ESM-2_650M,9,15,1.3810372235890929,1.0435383157835911,1.3234178397676508,2.0259418628523668e-32,1347,6129
ESM-2_650M,9,16,1.4047029280582888,0.9956623352741919,1.4108226034998628,4.1569633351224755e-43,1347,6129
ESM-2_650M,9,17,1.3788552566333974,1.0051334467393613,1.3718131270095373,1.4443307461099623e-33,1347,6129
ESM-2_650M,9,18,1.0470447848041409,0.9904630381469918,1.0571265604852909,2.055996434714718e-09,1347,6129
ESM-2_650M,9,19,1.1250175341200457,1.0130062718233095,1.1105731182642404,6.057339628678634e-17,1347,6129
ESM-2_650M,10,0,1.4889264584207145,1.0341637645893529,1.4397395358480185,2.534199039881346e-07,1347,6129
ESM-2_650M,10,1,1.1858183012552057,1.0354048099850808,1.1452702265042523,9.160654972400647e-09,1347,6129
ESM-2_650M,10,2,1.4306091974864823,0.9939926799309547,1.4392552645215215,2.0777696894409392e-37,1347,6129
ESM-2_650M,10,3,1.1389966891842058,0.9958570552948813,1.1437351205459299,1.5251952289694255e-50,1347,6129
ESM-2_650M,10,4,1.1375724900494528,1.0006079025861976,1.136881376920223,1.735906060228438e-05,1347,6129
ESM-2_650M,10,5,1.0777384627945086,0.999194466293607,1.0786073173445918,2.6033984498217596e-41,1347,6129
ESM-2_650M,10,6,1.3227336970894268,1.0188706680308122,1.2982351328710793,1.2219059305137854e-35,1347,6129
ESM-2_650M,10,7,1.1386917639460135,0.9754060792104127,1.1674027753320748,9.86165424442986e-11,1347,6129
ESM-2_650M,10,8,1.1773033162666058,1.0017503640851648,1.1752462075137475,1.3100026719181087e-17,1347,6129
ESM-2_650M,10,9,2.0880860096827543,0.9399626596856161,2.2214563399583813,1.078225535284237e-17,1347,6129
ESM-2_650M,10,10,1.1292461052636527,1.0111202815677354,1.116826678140373,0.0013065385605276947,1347,6129
ESM-2_650M,10,11,1.2417532379262608,1.0137276079443076,1.224937772430166,9.158229670312837e-18,1347,6129
ESM-2_650M,10,12,1.810881908853008,0.9748518835065765,1.8575969739517784,9.898888162682797e-22,1347,6129
ESM-2_650M,10,13,1.318293216576732,1.023292842702349,1.2882853876856357,3.9453459012044424e-17,1347,6129
ESM-2_650M,10,14,1.5745167064507448,0.9798048039763646,1.6069697760827943,1.6579844010880448e-57,1347,6129
ESM-2_650M,10,15,1.1749311543077385,0.9818997011670554,1.1965897870334943,2.5772587070651683e-11,1347,6129
ESM-2_650M,10,16,2.202822701586514,1.0600112219538487,2.078112623681659,2.3276834560954182e-65,1347,6129
ESM-2_650M,10,17,1.0659710508346028,1.0104009850787328,1.0549980320452081,5.294575970169146e-29,1347,6129
ESM-2_650M,10,18,1.2306389890627765,1.0015393735864926,1.2287474876358406,4.591883660759532e-24,1347,6129
ESM-2_650M,10,19,1.1229481041519926,1.0093531439196015,1.1125423355707498,1.9583766708485056e-05,1347,6129
ESM-2_650M,11,0,1.2258079373447117,1.0226112985459253,1.198703690334457,1.195136187528462e-44,1347,6129
ESM-2_650M,11,1,1.1881504701568006,1.0503160866774555,1.1312313361926762,1.4411190412179297e-21,1347,6129
ESM-2_650M,11,2,2.799582986823479,1.2063076059094047,2.320786980956606,6.901963270316945e-44,1347,6129
ESM-2_650M,11,3,0.9969070292041314,0.9846091918813831,1.0124900695871524,0.9998531520150508,1347,6129
ESM-2_650M,11,4,1.4901197134519208,1.1211697096915283,1.3290759646565042,3.462203112283444e-44,1347,6129
ESM-2_650M,11,5,1.44908218420959,1.036258084410496,1.3983796179828505,1.3020387913519427e-37,1347,6129
ESM-2_650M,11,6,1.2797784723877996,0.9788476789701741,1.3074337303779775,9.176726510977644e-26,1347,6129
ESM-2_650M,11,7,1.542106860508809,1.0584643786947223,1.4569284442151045,1.1248865468609704e-59,1347,6129
ESM-2_650M,11,8,1.9918153784621533,1.0514204715539501,1.8944042201483329,2.405655274744097e-78,1347,6129
ESM-2_650M,11,9,1.165568831857258,1.024395304362018,1.1378115722456978,5.651704856360202e-16,1347,6129
ESM-2_650M,11,10,1.1618263624337486,1.0446059039437883,1.1122150066809005,8.174156265062053e-20,1347,6129
ESM-2_650M,11,11,1.099732607204824,1.0118646585235278,1.0868376496215506,0.028766317104387786,1347,6129
ESM-2_650M,11,12,1.3105500102286527,1.0236549054084507,1.280265452062409,5.289847016337038e-37,1347,6129
ESM-2_650M,11,13,1.2741841965679248,1.012529191007173,1.2584172465195604,6.5185318506181776e-55,1347,6129
ESM-2_650M,11,14,1.9911601491211606,1.0372417847320332,1.9196682764140358,1.1659469159299702e-64,1347,6129
ESM-2_650M,11,15,1.5237038898618467,0.9866614716246342,1.5443026141001734,9.364330426609103e-21,1347,6129
ESM-2_650M,11,16,3.098210456870972,0.8608658376065803,3.5989469224202955,1.5509476308855883e-20,1347,6129
ESM-2_650M,11,17,2.0415210030701925,1.029198474237514,1.9836028270277624,2.692426106021003e-55,1347,6129
ESM-2_650M,11,18,0.9880945728711491,0.9925939562484478,0.9954670453623309,0.9565919180098333,1347,6129
ESM-2_650M,11,19,1.1552382317975263,0.9304599954566902,1.2415775395378605,1.6319694982937305e-34,1347,6129
ESM-2_650M,12,0,1.0463728105349281,1.0048136623911492,1.0413600548034756,4.4566810401974635e-27,1347,6129
ESM-2_650M,12,1,2.212188760926304,0.9913045491869453,2.2315934721985404,1.5587096178718656e-43,1347,6129
ESM-2_650M,12,2,1.9169667470694118,1.0804039837485875,1.7743055152557587,3.6379212820815354e-58,1347,6129
ESM-2_650M,12,3,1.461642497510227,0.9958422014969639,1.4677450858309333,7.092458196968828e-26,1347,6129
ESM-2_650M,12,4,1.4600667977607418,1.0269062501884514,1.421811190157621,7.88835597130724e-50,1347,6129
ESM-2_650M,12,5,1.0726053676918514,1.0197354423623428,1.0518467076196047,2.7453743436314446e-29,1347,6129
ESM-2_650M,12,6,0.9704523708757066,0.9321323513004884,1.041110062880829,0.9072493730021651,1347,6129
ESM-2_650M,12,7,1.3796449817921732,1.0388995694562728,1.327986864518806,5.125525489140612e-36,1347,6129
ESM-2_650M,12,8,1.4864833850327828,0.9736703486660601,1.5266803462478677,8.541488990730055e-37,1347,6129
ESM-2_650M,12,9,1.7012593341409141,1.0273290108843756,1.656002425821097,5.189652735219787e-25,1347,6129
ESM-2_650M,12,10,1.549705606266447,1.0534980174820814,1.4710095135919943,3.060629178726097e-31,1347,6129
ESM-2_650M,12,11,1.2100008829554187,1.0011726454821783,1.2085836428068466,2.5503006550275293e-13,1347,6129
ESM-2_650M,12,12,1.102027137930427,1.031000018073618,1.0688914826495544,5.767260643371605e-35,1347,6129
ESM-2_650M,12,13,1.641396605811388,1.0224997947078522,1.605278176393538,3.517712461171997e-52,1347,6129
ESM-2_650M,12,14,1.4873921244274535,0.9868414944445334,1.507224952336106,9.275301121234323e-55,1347,6129
ESM-2_650M,12,15,1.5420053083098368,1.0370261210320357,1.4869493420042805,5.1948902945178854e-33,1347,6129
ESM-2_650M,12,16,1.443161069074647,1.0440151595475138,1.3823181166259377,1.93447057409295e-53,1347,6129
ESM-2_650M,12,17,1.5620876795819005,0.985042956043056,1.5858066594951845,2.39433637880452e-40,1347,6129
ESM-2_650M,12,18,1.053281803759895,1.0041004297034661,1.0489805328247428,1.6049797147675008e-32,1347,6129
ESM-2_650M,12,19,1.9255597951262635,0.9936860201664258,1.9377949936376928,5.835153794772438e-63,1347,6129
ESM-2_650M,13,0,1.1795694967310077,1.0044572924489121,1.1743351415719867,1.052348874832128e-52,1347,6129
ESM-2_650M,13,1,1.497500281468443,1.0138218452496617,1.4770842515231772,1.5977818471529276e-30,1347,6129
ESM-2_650M,13,2,1.4969723000403414,1.0589065563865463,1.41369631816113,3.51560307442172e-27,1347,6129
ESM-2_650M,13,3,1.4246456659141078,1.1163562638400955,1.2761568256118738,3.0164564034051208e-34,1347,6129
ESM-2_650M,13,4,1.3523759205771007,1.0431349096683913,1.2964535153051449,3.322322632667204e-33,1347,6129
ESM-2_650M,13,5,1.1301375105368623,1.0186491600596548,1.1094472511720115,4.075905112154575e-68,1347,6129
ESM-2_650M,13,6,1.5083561808136365,1.0705438914744807,1.4089624842342041,5.614166190733513e-60,1347,6129
ESM-2_650M,13,7,0.9833721721402432,1.0466125272019913,0.9395761531434995,0.996535240144101,1347,6129
ESM-2_650M,13,8,1.2614796286547016,1.0159698900550744,1.2416506050059402,1.6040184546763277e-28,1347,6129
ESM-2_650M,13,9,1.0526941523575393,1.0150410739705271,1.0370951278254434,3.675874192785625e-38,1347,6129
ESM-2_650M,13,10,1.8435581734800834,1.015349885607149,1.8156875768767045,3.3695689511399634e-37,1347,6129
ESM-2_650M,13,11,1.116324870390147,1.0113076470661007,1.1038430032925304,3.5354286015873176e-73,1347,6129
ESM-2_650M,13,12,1.4886059799987295,1.0241661034360332,1.4534810076261266,6.065023879943105e-62,1347,6129
ESM-2_650M,13,13,1.4180076235784984,1.0127411748023227,1.4001678403717315,9.658617507059394e-32,1347,6129
ESM-2_650M,13,14,1.8432987843098778,1.0711813897653006,1.7208091943361252,5.839879821426435e-57,1347,6129
ESM-2_650M,13,15,1.907932768215625,1.0010820200490824,1.9058705780392304,1.6695763043322766e-82,1347,6129
ESM-2_650M,13,16,2.1200327709007456,1.104379621738418,1.9196594442439774,1.2550178032968885e-23,1347,6129
ESM-2_650M,13,17,1.4626057983086387,0.9728381094870899,1.5034421288037012,1.662185500019914e-85,1347,6129
ESM-2_650M,13,18,1.8903613522228437,0.9426614598538693,2.0053449013560884,8.619746908229979e-22,1347,6129
ESM-2_650M,13,19,1.485463029402844,1.0114892971765588,1.4685899628887042,1.0481089603154779e-66,1347,6129
ESM-2_650M,14,0,2.3296192398912923,0.9529089064237479,2.444744953255098,1.5820117334064728e-80,1347,6129
ESM-2_650M,14,1,1.8320817331207533,1.0274646660316962,1.7831092335239833,5.771366222194794e-76,1347,6129
ESM-2_650M,14,2,1.4391010496557954,1.038629888323649,1.3855763885040009,5.564031149913067e-41,1347,6129
ESM-2_650M,14,3,1.5957243178142118,0.9865342059538442,1.6175053112034403,2.8424166166791542e-49,1347,6129
ESM-2_650M,14,4,1.2793806223136546,0.9846948626206398,1.2992660679763741,2.3053213346233422e-18,1347,6129
ESM-2_650M,14,5,1.1092877983161937,1.0140820238456618,1.0938837019410785,5.924138537864285e-41,1347,6129
ESM-2_650M,14,6,1.1203533238174743,1.020302314722756,1.0980601608474299,3.182332735459279e-58,1347,6129
ESM-2_650M,14,7,1.5828105425316932,1.0787006061670636,1.4673307250246928,4.921622543359315e-83,1347,6129
ESM-2_650M,14,8,0.8108000679324646,0.8357320337476223,0.9701675120632187,0.9997113695993965,1347,6129
ESM-2_650M,14,9,2.0590084795802057,0.9767343909451567,2.1080536312310705,1.5804867453188922e-13,1347,6129
ESM-2_650M,14,10,1.2643961311050407,0.9871678453447535,1.280831964966879,2.4331912786346917e-39,1347,6129
ESM-2_650M,14,11,1.3510548505149422,0.9699597054444221,1.392897914141606,5.4108017623069905e-25,1347,6129
ESM-2_650M,14,12,1.5960137365522788,1.0544898007633363,1.5135411792479527,2.548941351005881e-50,1347,6129
ESM-2_650M,14,13,1.588681912728611,1.066576302665436,1.4895154793505188,5.91549028427271e-43,1347,6129
ESM-2_650M,14,14,1.3055834052690154,1.0495127329180711,1.2439900577851628,3.006910657732929e-35,1347,6129
ESM-2_650M,14,15,1.1358221450069699,1.0417554492085594,1.0902963318981194,1.0639138953472772e-27,1347,6129
ESM-2_650M,14,16,1.7677045013608983,1.0304865780497554,1.7154075938634374,1.1764983878197902e-69,1347,6129
ESM-2_650M,14,17,0.897338567018155,0.9501488382556851,0.9444189487886119,1.0,1347,6129
ESM-2_650M,14,18,0.872384582796226,0.9524527073069389,0.9159348029603427,0.9999976504035692,1347,6129
ESM-2_650M,14,19,1.0652430081199342,1.0018899372009493,1.0632335634550625,0.018850713102685292,1347,6129
ESM-2_650M,15,0,0.7340350563180894,0.601533763409834,1.2202724119044674,0.937978981613206,1347,6129
ESM-2_650M,15,1,1.4106258804278633,0.9978071677464025,1.4137259442762198,6.565301867209464e-47,1347,6129
ESM-2_650M,15,2,2.4133154278000197,0.9894217832959419,2.4391169353082485,3.409981345127536e-90,1347,6129
ESM-2_650M,15,3,1.20678808647965,1.0050724808374067,1.2006975710589327,1.1706327826676985e-37,1347,6129
ESM-2_650M,15,4,1.4173677789784398,0.9374462490608688,1.5119456506422155,5.1986911455318616e-27,1347,6129
ESM-2_650M,15,5,1.3920286666787194,0.9773216921988699,1.4243300622406148,1.1701989454127126e-34,1347,6129
ESM-2_650M,15,6,1.7198845195212715,1.0597596164859029,1.622900601953773,1.140839912936606e-56,1347,6129
ESM-2_650M,15,7,1.0339447190762452,0.9586090602528934,1.0785885111533133,0.7555555910844283,1347,6129
ESM-2_650M,15,8,1.598089553775306,0.9778914441460789,1.6342197933542622,6.466669998649629e-85,1347,6129
ESM-2_650M,15,9,1.1083951451730623,1.0368078565287306,1.0690458585875384,7.407854840736051e-16,1347,6129
ESM-2_650M,15,10,1.1430146828371237,1.023227584069793,1.117067894408093,9.04003958666347e-12,1347,6129
ESM-2_650M,15,11,0.8307631251532874,0.7724854611085239,1.0754417616625878,0.9660812343340658,1347,6129
ESM-2_650M,15,12,1.6170605988350282,1.05307725800311,1.5355574214007501,1.8504409938464552e-54,1347,6129
ESM-2_650M,15,13,1.5474216518418915,1.0572291267204583,1.4636577944480382,3.5360845090921805e-37,1347,6129
ESM-2_650M,15,14,1.1895173501663059,1.0592138106719104,1.1230191092502255,6.20946996261407e-10,1347,6129
ESM-2_650M,15,15,1.6502396156202446,0.9756495566529003,1.6914266032996705,2.5152945698281546e-67,1347,6129
ESM-2_650M,15,16,1.2064006397446705,0.9803335996322501,1.2306021544066472,1.1213719076778557e-33,1347,6129
ESM-2_650M,15,17,2.092043445327367,0.9899629271765638,2.113254332961746,6.811034391430482e-70,1347,6129
ESM-2_650M,15,18,1.569845960904867,0.9937998829356296,1.579639913286797,9.801542634799621e-68,1347,6129
ESM-2_650M,15,19,1.303646841972137,0.9709347989300755,1.3426718698399671,6.010836052953486e-20,1347,6129
ESM-2_650M,16,0,1.1997997025560252,1.000437719395196,1.1992747567348332,2.4691430322748614e-24,1347,6129
ESM-2_650M,16,1,1.433563937057631,1.0267161889797052,1.3962611600409545,1.0785384576916837e-53,1347,6129
ESM-2_650M,16,2,1.574927342938067,1.0293062288082526,1.5300862841970202,1.7055158492685208e-38,1347,6129
ESM-2_650M,16,3,1.0488046262227966,0.9929493586314718,1.0562518794194167,0.34185939653320774,1347,6129
ESM-2_650M,16,4,1.1709886357442663,0.989244983067013,1.1837195596522339,2.6012711111200946e-10,1347,6129
ESM-2_650M,16,5,1.0602533104093144,1.0770919274318118,0.9843665924944336,0.0014862730486507477,1347,6129
ESM-2_650M,16,6,0.8210785272790488,0.8047050252929998,1.0203472098115547,0.05307937131323357,1347,6129
ESM-2_650M,16,7,2.0648548973664784,0.9020498961842073,2.2890694917222354,4.983164639116144e-09,1347,6129
ESM-2_650M,16,8,1.407524393380529,0.985764146057792,1.4278510727027505,2.587657548859117e-37,1347,6129
ESM-2_650M,16,9,1.2813013458836051,1.058673063721912,1.2102899278262664,3.412253531938065e-21,1347,6129
ESM-2_650M,16,10,1.747850146672862,1.0406150258767564,1.6796318554022742,6.099597597372313e-82,1347,6129
ESM-2_650M,16,11,1.6027573948890612,0.923247937571946,1.7359988900751409,7.734580298832211e-50,1347,6129
ESM-2_650M,16,12,1.1751624719248759,1.002677559983888,1.1720243065415363,1.2037343681449443e-17,1347,6129
ESM-2_650M,16,13,1.405903810373858,1.019020399319421,1.379662086561591,2.5912419890971494e-32,1347,6129
ESM-2_650M,16,14,1.213495242945247,1.0505906772649507,1.1550599764547627,6.122677491563723e-21,1347,6129
ESM-2_650M,16,15,1.4228637577895333,1.074921316838144,1.3236910790594925,2.670319709911553e-41,1347,6129
ESM-2_650M,16,16,1.0793604498816227,1.073663273416879,1.0053062972403004,0.7750848903507654,1347,6129
ESM-2_650M,16,17,1.4472568593670372,1.0037351298094437,1.4418712829566849,4.2008207282644585e-29,1347,6129
ESM-2_650M,16,18,1.7616007295454443,1.0395439193588736,1.6945899992680356,4.031502771282446e-68,1347,6129
ESM-2_650M,16,19,1.5007037760464457,1.0314894298072992,1.4548901158655636,6.891118479296916e-53,1347,6129
ESM-2_650M,17,0,1.1250833889888496,1.0107825904808663,1.1130814871411727,1.8492173120005014e-05,1347,6129
ESM-2_650M,17,1,1.4474653873479224,0.9991152054843107,1.4487472309524894,2.6953728840484686e-22,1347,6129
ESM-2_650M,17,2,1.7101342894120313,0.9657929404855241,1.7707048972135904,5.13959674881254e-49,1347,6129
ESM-2_650M,17,3,1.3762694470357613,0.9326550132114981,1.4756468657116033,2.379170258001091e-31,1347,6129
ESM-2_650M,17,4,2.1615560655139867,1.0913699251482758,1.9805897301231874,4.0905244506508815e-66,1347,6129
ESM-2_650M,17,5,2.128022390845043,0.8874344375108497,2.397948852214816,2.5077042042263545e-55,1347,6129
ESM-2_650M,17,6,1.723761109946366,1.0669330575622389,1.6156225526321848,2.1393018278914356e-22,1347,6129
ESM-2_650M,17,7,1.4927455279989958,1.0338489152801078,1.4438720261118192,8.491929207364644e-47,1347,6129
ESM-2_650M,17,8,1.7409827879338948,1.001072716068183,1.7391172089593907,1.7056414328934977e-63,1347,6129
ESM-2_650M,17,9,1.3899103503096255,0.9500522952685447,1.462982992864355,5.651463733507855e-56,1347,6129
ESM-2_650M,17,10,1.6349646000062967,1.0481738865832595,1.5598219159378255,2.1395958804963632e-40,1347,6129
ESM-2_650M,17,11,1.388226220131186,1.0928889036015694,1.2702354425562787,5.677091220637271e-23,1347,6129
ESM-2_650M,17,12,1.5567947029459008,0.8448284793867603,1.8427346389600157,8.098925772678855e-53,1347,6129
ESM-2_650M,17,13,1.567276747826744,0.944203471373794,1.6598930160110437,7.384978549068076e-61,1347,6129
ESM-2_650M,17,14,1.5748653406112745,1.1297134353806153,1.3940396664227346,6.937561475330094e-29,1347,6129
ESM-2_650M,17,15,1.0875142796909534,0.9839986461977679,1.1051989592599303,0.01276491075400214,1347,6129
ESM-2_650M,17,16,1.368494127324624,1.0589867921655205,1.2922674177325597,3.751813963378269e-29,1347,6129
ESM-2_650M,17,17,1.5445816418862643,1.0369424691284281,1.4895538449539227,1.6428451390199496e-46,1347,6129
ESM-2_650M,17,18,1.1304026746537479,0.9187527193994346,1.2303666163760185,1.316756498745432e-17,1347,6129
ESM-2_650M,17,19,1.3032656097929833,1.0482286781140693,1.243302761128198,3.1046194436568547e-34,1347,6129
ESM-2_650M,18,0,1.1875520940557531,1.0338516298880254,1.148667816274928,5.514299203284837e-08,1347,6129
ESM-2_650M,18,1,1.2740861624534605,0.9303412858435061,1.3694825563914361,7.787153112062917e-13,1347,6129
ESM-2_650M,18,2,1.4838803558988578,1.102375340808914,1.3460754254626182,1.2711323788076238e-25,1347,6129
ESM-2_650M,18,3,1.4056933130059495,1.0811809064474867,1.3001462610218824,1.4926649493930924e-25,1347,6129
ESM-2_650M,18,4,2.0060650327760774,1.0692872889798823,1.8760767601473094,1.8957937428758666e-53,1347,6129
ESM-2_650M,18,5,1.1839035010793604,1.0111916094050748,1.17080036075052,7.515069253835946e-21,1347,6129
ESM-2_650M,18,6,1.1121641955135837,1.014094426894892,1.0967067425061952,2.2954124276413833e-23,1347,6129
ESM-2_650M,18,7,1.781024253204653,1.0845312845213517,1.6422064338980247,1.8989379604436073e-68,1347,6129
ESM-2_650M,18,8,1.1917165390477857,0.9983004511574545,1.193745367605594,2.1492705204192674e-26,1347,6129
ESM-2_650M,18,9,1.0954417697393903,1.07924171509323,1.015010589768355,0.013029354395850415,1347,6129
ESM-2_650M,18,10,1.2911305268251552,1.0364153293175824,1.2457655635750655,3.6353709958399705e-09,1347,6129
ESM-2_650M,18,11,1.586601987265399,1.0285294627976527,1.5425926477106067,4.993208661341548e-43,1347,6129
ESM-2_650M,18,12,1.5675529298754913,0.9958918182494483,1.5740192871861258,7.079205759227848e-63,1347,6129
ESM-2_650M,18,13,1.071513691188321,0.9386942789826508,1.141493791087785,6.523033858114646e-15,1347,6129
ESM-2_650M,18,14,1.4231356114032245,1.1712781851645484,1.2150278468673892,1.5129384106096012e-10,1347,6129
ESM-2_650M,18,15,1.2590600666552008,0.9566759623065627,1.3160778740793118,5.208120353419955e-22,1347,6129
ESM-2_650M,18,16,1.4559362464886554,0.9918710930246497,1.4678684122640047,6.108760169904199e-32,1347,6129
ESM-2_650M,18,17,1.5673561104322329,1.0865216268666258,1.4425447885029823,7.788460059118972e-47,1347,6129
ESM-2_650M,18,18,1.3026726743802373,0.9950639040668708,1.3091346887935091,4.575728284471579e-18,1347,6129
ESM-2_650M,18,19,1.1995389109066705,1.026955567107035,1.1680533699094773,3.9504220035234145e-10,1347,6129
ESM-2_650M,19,0,1.1655787791843846,1.0189460927672498,1.1439062257149544,1.4088959305178693e-32,1347,6129
ESM-2_650M,19,1,1.593842648616878,0.9542348580001851,1.6702834058662828,3.1260333168032676e-39,1347,6129
ESM-2_650M,19,2,1.82344930416558,1.0551642180206355,1.7281189724061694,1.71004321713662e-70,1347,6129
ESM-2_650M,19,3,1.2573300282669315,1.0174388484778616,1.235779457554583,1.7250412337830763e-21,1347,6129
ESM-2_650M,19,4,1.2379205485317737,0.9735385007727183,1.2715681481001622,5.7158518668327405e-25,1347,6129
ESM-2_650M,19,5,1.73995893509988,1.1139375955537436,1.5619895962259343,2.3643632612542134e-48,1347,6129
ESM-2_650M,19,6,1.062756519667865,0.953223668463099,1.1149078173660625,0.00022917533865723903,1347,6129
ESM-2_650M,19,7,1.1974471808143607,0.992091595879784,1.206992565794762,5.987364395312521e-16,1347,6129
ESM-2_650M,19,8,1.752494763989491,0.9641569189485396,1.8176447521640693,8.15741354795921e-87,1347,6129
ESM-2_650M,19,9,2.217280482230314,0.9745618367422088,2.2751562790949196,1.4912242590698976e-57,1347,6129
ESM-2_650M,19,10,1.3948865481877026,1.0153281149437852,1.373828349336049,9.211518755137337e-33,1347,6129
ESM-2_650M,19,11,1.2006352982568846,0.9904928965341172,1.2121594233114514,1.3619445818887762e-09,1347,6129
ESM-2_650M,19,12,1.672014185651285,1.0695534565957525,1.5632824851719758,5.65520966143368e-39,1347,6129
ESM-2_650M,19,13,1.7894021724229754,1.0693219054783902,1.6733989673787124,7.123783629482353e-48,1347,6129
ESM-2_650M,19,14,1.126580422720647,1.0320564729001553,1.0915879627738514,2.604302253948449e-22,1347,6129
ESM-2_650M,19,15,1.5485417608202123,1.0541256602490672,1.4690295656538,6.347443855844044e-20,1347,6129
ESM-2_650M,19,16,1.1034677593036104,0.9659633984654622,1.1423494524291384,3.7847968796841256e-06,1347,6129
ESM-2_650M,19,17,1.3380047434024132,0.9932321083110004,1.3471219186396437,5.524500645908284e-38,1347,6129
ESM-2_650M,19,18,1.1304716022205334,1.0049124933690499,1.1249453158160434,0.0003400175235836337,1347,6129
ESM-2_650M,19,19,1.3959354449785366,0.9201565276637496,1.5170630246168832,2.8060957929246662e-08,1347,6129
ESM-2_650M,20,0,1.7883494522895473,1.0787426810501926,1.6578091176929501,3.364749089754717e-51,1347,6129
ESM-2_650M,20,1,1.5068421559304597,1.0309922795449176,1.461545528348266,1.8156160618153067e-25,1347,6129
ESM-2_650M,20,2,1.4380994131919977,1.0482208216087252,1.3719431855827078,5.028104685026115e-38,1347,6129
ESM-2_650M,20,3,1.2235632053539764,1.025613156170854,1.1930065424688707,2.4213342298369172e-29,1347,6129
ESM-2_650M,20,4,1.4874325039026997,1.131079340795185,1.315055849978647,1.1605247067045324e-32,1347,6129
ESM-2_650M,20,5,1.2915210440677454,0.9909543265638878,1.3033103640064483,2.6839446154111852e-40,1347,6129
ESM-2_650M,20,6,1.121808043744003,1.0665854795500551,1.0517750946855604,0.3417416579752535,1347,6129
ESM-2_650M,20,7,1.8798737639385679,1.2010370743352914,1.5652087717433498,6.685137491029628e-53,1347,6129
ESM-2_650M,20,8,1.9146486384781671,1.0453793702309448,1.8315347451855526,2.598949755383739e-64,1347,6129
ESM-2_650M,20,9,1.468581477416584,0.9623300955416737,1.5260683254325045,1.3750816712289951e-16,1347,6129
ESM-2_650M,20,10,1.1239273352984065,1.0053803551000606,1.1179125687079368,1.2426793769073646e-17,1347,6129
ESM-2_650M,20,11,2.0021847059760787,1.037656881554281,1.9295248184323268,1.7506062999915146e-72,1347,6129
ESM-2_650M,20,12,1.7031592427135487,1.013250934322641,1.6808859336035173,5.50302419137439e-59,1347,6129
ESM-2_650M,20,13,1.1623216451552947,1.0194896178915405,1.1401015025137309,1.97249315998138e-31,1347,6129
ESM-2_650M,20,14,1.1199962167759339,0.9778866325552943,1.1453231688516858,1.393430234312021e-08,1347,6129
ESM-2_650M,20,15,1.145151170469826,1.0161252902171258,1.1269783180232922,4.804700892986282e-28,1347,6129
ESM-2_650M,20,16,1.71357383357213,1.0538213570810566,1.6260572269274358,2.447350616599135e-61,1347,6129
ESM-2_650M,20,17,1.335598695782617,1.1129931504705208,1.2000062131721017,3.584774324827725e-13,1347,6129
ESM-2_650M,20,18,1.3704293129527312,1.080560318803511,1.2682580408562363,1.8050581044711976e-27,1347,6129
ESM-2_650M,20,19,1.2031397537481103,0.996580507775848,1.2072679972772675,1.2323218032896212e-21,1347,6129
ESM-2_650M,21,0,1.3942542948940548,1.0219622714644663,1.3642913577387707,6.15409687822292e-47,1347,6129
ESM-2_650M,21,1,1.4201457689681491,0.8850712543743958,1.604555296479452,3.068594704616704e-31,1347,6129
ESM-2_650M,21,2,1.5381220302806577,1.0239648203521865,1.5021239008500604,2.1655734784057554e-28,1347,6129
ESM-2_650M,21,3,1.7650439316529916,1.0542682219928212,1.6741886882605954,8.651155600006065e-62,1347,6129
ESM-2_650M,21,4,1.3123970932998565,1.018607986687661,1.288422151064756,5.828951072571399e-27,1347,6129
ESM-2_650M,21,5,1.8375326378109196,0.992918784013676,1.850637400959483,1.4122355519113432e-86,1347,6129
ESM-2_650M,21,6,1.4727598990478954,1.035319679538127,1.4225170526121147,4.194483907855016e-34,1347,6129
ESM-2_650M,21,7,2.354843895132885,1.0628725625556354,2.215546790925485,6.486240717175799e-88,1347,6129
ESM-2_650M,21,8,1.0573204977779407,0.8296768062055563,1.2743763473556529,0.9529028641266336,1347,6129
ESM-2_650M,21,9,1.20257507041152,0.985277948523301,1.2205439817402755,4.778696076724051e-19,1347,6129
ESM-2_650M,21,10,1.6919504979095727,1.0194105728038432,1.6597341081679569,6.202945407387022e-62,1347,6129
ESM-2_650M,21,11,1.084745465790951,1.0384082430959973,1.0446233193958476,0.20356932826838808,1347,6129
ESM-2_650M,21,12,1.1539711411862614,0.9974463474580453,1.156925526999135,2.7257719515624854e-11,1347,6129
ESM-2_650M,21,13,1.2371742130432115,1.0232870691794909,1.209019687930996,3.9603511681034523e-20,1347,6129
ESM-2_650M,21,14,1.3271929089038037,0.9868256368021394,1.3449112582893998,1.4521081611463133e-26,1347,6129
ESM-2_650M,21,15,1.3461048905284827,1.0070741635772023,1.3366492153338718,1.206832109337038e-37,1347,6129
ESM-2_650M,21,16,1.5816177514332617,0.9899882472496007,1.5976126543192148,2.0951738850732492e-35,1347,6129
ESM-2_650M,21,17,1.9568591167100753,1.0787927295070832,1.8139342833763759,1.158632685728117e-79,1347,6129
ESM-2_650M,21,18,1.4512925050660426,1.0462313630495226,1.3871621099522962,8.221063262730139e-59,1347,6129
ESM-2_650M,21,19,1.4073526652193813,1.0769589761097935,1.3067839132582753,1.039332818158376e-25,1347,6129
ESM-2_650M,22,0,1.2055899402999224,0.9919586725184123,1.2153630727771523,9.173610264394108e-14,1347,6129
ESM-2_650M,22,1,1.20267276056581,1.0581818297784973,1.1365464107596313,0.0016089317517121171,1347,6129
ESM-2_650M,22,2,2.2559287176614746,1.1115488933189928,2.0295362005403637,1.786631870560939e-55,1347,6129
ESM-2_650M,22,3,1.0943728500967478,0.9995543074356944,1.0948608214238058,2.9757985766175707e-18,1347,6129
ESM-2_650M,22,4,1.217499555307755,0.9923161204608313,1.2269271154663381,6.564656384344236e-16,1347,6129
ESM-2_650M,22,5,1.8242257752724726,1.046461650914198,1.7432323235914218,2.608599702703559e-82,1347,6129
ESM-2_650M,22,6,1.0355934160523002,0.9805536018360845,1.0561313671309285,0.05631229590243666,1347,6129
ESM-2_650M,22,7,2.0992921111689022,1.0212183820887875,2.0556740340641304,4.1930828805251937e-81,1347,6129
ESM-2_650M,22,8,1.4044540937002623,0.9700835261899333,1.4477661518656522,2.4686786912771525e-39,1347,6129
ESM-2_650M,22,9,1.368329996609564,1.0208213990677295,1.3404205651049228,4.118109480067983e-15,1347,6129
ESM-2_650M,22,10,1.7558673246146221,1.0526561684885818,1.668034992979446,6.807349029082322e-55,1347,6129
ESM-2_650M,22,11,1.3042187007571382,1.027658151975365,1.2691172626326843,1.990748217456587e-15,1347,6129
ESM-2_650M,22,12,1.5164362111231886,1.1293219614310226,1.3427846645270525,1.738650015787154e-34,1347,6129
ESM-2_650M,22,13,1.6248603975103024,0.9529415770275963,1.7050997004229231,3.5763732127058446e-53,1347,6129
ESM-2_650M,22,14,1.43689659172593,0.9754654319407131,1.473036916200288,8.08374751418348e-54,1347,6129
ESM-2_650M,22,15,1.147306773700954,1.0073240634657505,1.138964922324585,1.1838368675070056e-05,1347,6129
ESM-2_650M,22,16,1.1993884487048554,1.0189565593183167,1.1770751537310362,2.153889575331661e-31,1347,6129
ESM-2_650M,22,17,2.0454692981650453,1.1653478736081277,1.7552435152534345,1.9203884469072904e-35,1347,6129
ESM-2_650M,22,18,1.0006421210041025,1.0073132151164945,0.9933773388333633,0.999725753057102,1347,6129
ESM-2_650M,22,19,1.212585456243425,1.0213033401605296,1.1872921673328019,1.827441408035575e-11,1347,6129
ESM-2_650M,23,0,1.2918408210952812,1.0060706670557253,1.2840458065196003,2.5638434028495896e-36,1347,6129
ESM-2_650M,23,1,1.1891076252937494,1.025777308088295,1.159225902072105,9.593088191597861e-10,1347,6129
ESM-2_650M,23,2,1.3943177448349169,0.9699128355923903,1.4375701544183754,1.3704901659184836e-52,1347,6129
ESM-2_650M,23,3,1.3255093365177546,1.0319437878624245,1.2844782362258547,1.156249929158869e-37,1347,6129
ESM-2_650M,23,4,1.444410748420243,1.0320121408867922,1.3996063526724436,9.51691685407731e-38,1347,6129
ESM-2_650M,23,5,1.4011807437728934,1.0290606104142612,1.361611482931827,3.046265864995918e-33,1347,6129
ESM-2_650M,23,6,1.3859745825474228,0.9484978604044897,1.4612311112187115,6.913729794515036e-15,1347,6129
ESM-2_650M,23,7,1.7945508986280065,1.1238332833370857,1.5968123788782147,2.8278490609952578e-68,1347,6129
ESM-2_650M,23,8,1.5096441098912698,1.0592840023972137,1.4251552052847662,1.0106038189641862e-59,1347,6129
ESM-2_650M,23,9,1.5923171953561577,1.0681498784041266,1.4907245018228765,8.968774730037813e-57,1347,6129
ESM-2_650M,23,10,1.153760918812258,1.0287463031083146,1.121521326809357,2.1015311092032208e-15,1347,6129
ESM-2_650M,23,11,1.1492605459694518,0.9653274524117551,1.190539586435838,3.649225128433473e-14,1347,6129
ESM-2_650M,23,12,1.8517793334063637,1.0514684710557425,1.7611363387311625,5.837579292481301e-58,1347,6129
ESM-2_650M,23,13,1.873980601390778,1.0211035190327926,1.835250360478481,2.778825915837183e-71,1347,6129
ESM-2_650M,23,14,1.389864306219348,1.0905390698994561,1.2744745645357656,9.772499064284806e-33,1347,6129
ESM-2_650M,23,15,1.3677173773160047,1.0631282682273628,1.2865026904011378,7.950902097516581e-19,1347,6129
ESM-2_650M,23,16,0.94838408925574,1.0218188101509342,0.9281333244547073,0.9999999999218756,1347,6129
ESM-2_650M,23,17,1.7395381268387649,1.1042436927114503,1.5753208628861268,2.6065978891242307e-65,1347,6129
ESM-2_650M,23,18,1.5241904687675707,0.9959996220524907,1.530312296330614,3.426815038423264e-81,1347,6129
ESM-2_650M,23,19,1.666375686846668,1.0943788713147247,1.5226679996524226,8.331184346377513e-66,1347,6129
ESM-2_650M,24,0,1.5138002746885764,1.039135484563709,1.4567881639843718,2.621676073061736e-60,1347,6129
ESM-2_650M,24,1,1.2406296251699849,1.0332481750103404,1.2007082665861657,3.381717380394501e-21,1347,6129
ESM-2_650M,24,2,1.1234965327831223,1.0455490729391215,1.0745516990655297,0.004896932083729161,1347,6129
ESM-2_650M,24,3,1.64121371593932,1.1036913617442503,1.4870223441321322,1.8435996905523585e-65,1347,6129
ESM-2_650M,24,4,1.3658411408198614,1.0118796264907435,1.3498059502953694,2.1797848052289128e-23,1347,6129
ESM-2_650M,24,5,1.5658407210197463,1.0791265974573452,1.451025972957394,3.1686431608737155e-68,1347,6129
ESM-2_650M,24,6,1.270713679663942,1.0254909723223977,1.2391271244311357,8.509344855666178e-48,1347,6129
ESM-2_650M,24,7,1.18787780904115,0.9863370833974675,1.2043325035995498,3.7637747876668763e-38,1347,6129
ESM-2_650M,24,8,1.3740237872735075,1.0373726218566846,1.3245228940149647,7.924948188130033e-35,1347,6129
ESM-2_650M,24,9,1.4011095645211764,0.9147771644342352,1.531640293390713,5.83277335252765e-42,1347,6129
ESM-2_650M,24,10,1.681099330153214,1.0891456170936629,1.5435028188784834,1.3096761719896243e-52,1347,6129
ESM-2_650M,24,11,1.2472708279898899,1.0024948636260445,1.2441668014921152,1.412437916103235e-14,1347,6129
ESM-2_650M,24,12,1.096957978405993,0.9508485920784387,1.1536620946224225,0.0022086847618094946,1347,6129
ESM-2_650M,24,13,1.8946925650427495,1.0198259792333326,1.8578586970956645,8.992270757851347e-68,1347,6129
ESM-2_650M,24,14,1.7876992916167003,1.06314424971393,1.6815209150571362,2.615565017784821e-71,1347,6129
ESM-2_650M,24,15,1.3867476568864998,1.0203576616980568,1.3590799667037388,3.760010296914755e-28,1347,6129
ESM-2_650M,24,16,1.3490343788429906,1.009037652581585,1.3369514758855001,7.591326944335768e-55,1347,6129
ESM-2_650M,24,17,1.5091567024887271,1.0320129421846398,1.4623428067617397,3.2557548682404847e-37,1347,6129
ESM-2_650M,24,18,1.8260693505528067,1.0338402883173845,1.7662973393354655,1.4469328608978298e-62,1347,6129
ESM-2_650M,24,19,1.7893943997803845,1.0158624311285767,1.761453465497734,4.424267275916752e-80,1347,6129
ESM-2_650M,25,0,1.6737556012586567,0.9556022328937748,1.751519140123977,3.572798605856206e-90,1347,6129
ESM-2_650M,25,1,1.4182917450920423,1.004010897352234,1.4126258478193265,1.4972268855173017e-17,1347,6129
ESM-2_650M,25,2,2.151280864658361,0.9008293691666991,2.3881113763513024,1.7704245678576853e-76,1347,6129
ESM-2_650M,25,3,1.9842740915544226,1.0614830295630207,1.8693413236868102,1.6955953075902729e-78,1347,6129
ESM-2_650M,25,4,1.8281687762790153,1.0310181044850504,1.7731684519663287,7.827300525360833e-57,1347,6129
ESM-2_650M,25,5,1.6932147594629259,1.1038196714828057,1.5339595798182886,4.0215324959144944e-67,1347,6129
ESM-2_650M,25,6,1.4538880923255426,0.9344214688780491,1.5559232538516181,1.8294121125663352e-62,1347,6129
ESM-2_650M,25,7,1.6443912444861624,0.9992165390112151,1.6456805710135527,1.379378865211212e-26,1347,6129
ESM-2_650M,25,8,1.1115136557903746,0.9886483462133228,1.124276048250771,0.00016149132328876294,1347,6129
ESM-2_650M,25,9,1.5323494754831217,1.0901292223652903,1.405658562347619,6.905281613122665e-19,1347,6129
ESM-2_650M,25,10,1.5905826762927047,0.9652406310270284,1.6478612950641172,8.810421425326005e-82,1347,6129
ESM-2_650M,25,11,1.0482430694999523,1.0034236435067754,1.044666503807446,0.09689439804872835,1347,6129
ESM-2_650M,25,12,1.7534030006663306,1.0126520188391297,1.7314960796467607,6.454977304062194e-37,1347,6129
ESM-2_650M,25,13,1.656673553233113,1.0066464026798176,1.6457353335022529,3.408808590462385e-75,1347,6129
ESM-2_650M,25,14,1.5987515860937573,1.0359587306568547,1.543257987777236,8.923648366519256e-32,1347,6129
ESM-2_650M,25,15,1.6886004889971606,0.9869496619687771,1.71092868670599,1.3265368545445249e-115,1347,6129
ESM-2_650M,25,16,1.0379770322030089,0.9971445930963979,1.040949366209584,0.019727165341626187,1347,6129
ESM-2_650M,25,17,0.8567929680624448,0.8245532788192833,1.0390995828545209,0.22257666947171584,1347,6129
ESM-2_650M,25,18,1.7015683172241616,1.1668066990063832,1.4583120911742835,1.116100670222524e-56,1347,6129
ESM-2_650M,25,19,2.1788894055990617,1.0387342130398503,2.097639009330937,8.583215462173672e-108,1347,6129
ESM-2_650M,26,0,1.336671679177679,0.9659579020448796,1.3837783989840744,6.584430315803923e-28,1347,6129
ESM-2_650M,26,1,1.4218750612031732,1.0000404857280185,1.4218174978866618,1.827739853090062e-12,1347,6129
ESM-2_650M,26,2,1.480121997578461,0.9827024590343767,1.5061751234782284,5.434127056780516e-53,1347,6129
ESM-2_650M,26,3,1.3017456180401528,1.00394144260046,1.2966350055918652,2.238438488221486e-41,1347,6129
ESM-2_650M,26,4,1.0642455105269473,1.0002205285158141,1.0640108657899046,1.106176002173611e-11,1347,6129
ESM-2_650M,26,5,1.3814012575299985,0.9921252403203455,1.3923658036196724,6.944335537407014e-53,1347,6129
ESM-2_650M,26,6,1.0395928656422404,0.9922261703068044,1.047737800869322,1.067942967747169e-14,1347,6129
ESM-2_650M,26,7,1.2926891503472548,1.0263644408347712,1.259483570276338,3.080961219193959e-26,1347,6129
ESM-2_650M,26,8,1.428670975229611,0.937606523858575,1.5237425709775738,7.879549693644587e-57,1347,6129
ESM-2_650M,26,9,1.5218459266198505,0.9318145568991469,1.6332068600475453,7.775432879994039e-11,1347,6129
ESM-2_650M,26,10,1.1969349303109256,0.9953942300822007,1.2024732454116007,2.2588750864776254e-08,1347,6129
ESM-2_650M,26,11,1.1099217513682627,0.9577859414549632,1.1588411390568036,4.4661297279978394e-08,1347,6129
ESM-2_650M,26,12,2.0787576763284323,1.00856012494821,2.061114280554347,7.343447308104047e-80,1347,6129
ESM-2_650M,26,13,1.944943700986897,1.0231630952260218,1.900912679573582,6.347650634268871e-49,1347,6129
ESM-2_650M,26,14,1.0571615305447808,1.0045115212469364,1.0524135444783032,4.0991121538919603e-07,1347,6129
ESM-2_650M,26,15,1.2713027315431378,1.0242666802761857,1.2411833324504324,1.6550449408973602e-31,1347,6129
ESM-2_650M,26,16,1.08360711964706,1.0200180086669028,1.0623411649989043,2.668073558736215e-08,1347,6129
ESM-2_650M,26,17,1.419246061568846,0.9620317561233738,1.475259057235152,1.3074467680673923e-15,1347,6129
ESM-2_650M,26,18,1.0703270422500775,0.9785215705159068,1.0938205906751426,0.004303726996201001,1347,6129
ESM-2_650M,26,19,1.8818864892357885,0.8922373145687422,2.1091770748742866,3.475393663095694e-105,1347,6129
ESM-2_650M,27,0,1.8386487396131115,1.0389349563091357,1.769743840504699,6.947079274376483e-71,1347,6129
ESM-2_650M,27,1,1.3025629118516344,0.9670851064821911,1.3468958451751538,2.2341392784926655e-43,1347,6129
ESM-2_650M,27,2,1.1135183095478445,1.056300942211502,1.054167676132666,0.40712933329155765,1347,6129
ESM-2_650M,27,3,1.2155979342299563,0.9840103069654315,1.2353508145445276,2.2070692722132655e-39,1347,6129
ESM-2_650M,27,4,1.2314315705871972,1.001788932778431,1.229232556175141,1.514174953839654e-45,1347,6129
ESM-2_650M,27,5,1.3854128490101876,0.964944502606509,1.4357435534042726,1.0153528963202674e-34,1347,6129
ESM-2_650M,27,6,1.6547540612103944,0.9921625227898209,1.6678256063910373,6.165650469841207e-98,1347,6129
ESM-2_650M,27,7,1.0745730407829186,0.9796354592186538,1.0969111322695342,2.5239576667453885e-12,1347,6129
ESM-2_650M,27,8,1.2343769904499862,0.975158032487551,1.2658225121739377,1.1127890040752014e-45,1347,6129
ESM-2_650M,27,9,1.4005239817418251,1.021350688179616,1.3712469164122474,5.376535299065328e-16,1347,6129
ESM-2_650M,27,10,1.0571715582961405,0.990106787825838,1.0677348860697835,3.913863564809466e-17,1347,6129
ESM-2_650M,27,11,1.2083398406217518,0.9897582393439253,1.2208434267975545,4.9750521345834876e-14,1347,6129
ESM-2_650M,27,12,1.37614643845898,1.013080607310149,1.358378028884409,6.55115307951322e-40,1347,6129
ESM-2_650M,27,13,1.7396015310971138,1.0215052226833363,1.7029785971406484,6.862523477704465e-89,1347,6129
ESM-2_650M,27,14,1.7905644604351314,1.093078080931249,1.638093830323318,2.7943912385045487e-74,1347,6129
ESM-2_650M,27,15,1.3395639932987509,1.0305478538297328,1.299856176809887,3.0086992607315722e-49,1347,6129
ESM-2_650M,27,16,2.1091094134788912,1.1434034299592264,1.844589021002064,3.86044892933304e-86,1347,6129
ESM-2_650M,27,17,1.920118283245328,1.0376414932659466,1.8504640530534409,1.9558784881667585e-88,1347,6129
ESM-2_650M,27,18,1.2191545736451193,0.9582132166824404,1.2723207657958624,1.2774077867777126e-22,1347,6129
ESM-2_650M,27,19,1.6240702316928282,1.0037354376877594,1.6180261956617712,4.3913257705963066e-72,1347,6129
ESM-2_650M,28,0,1.3754612480324113,1.0098222099192322,1.3620825869361932,2.9325537685943837e-37,1347,6129
ESM-2_650M,28,1,0.9442820427794101,0.8273807647584079,1.1412907853316325,0.9999999999999839,1347,6129
ESM-2_650M,28,2,1.069645235913722,0.9892040686820144,1.081319082460796,6.227298411987571e-10,1347,6129
ESM-2_650M,28,3,1.3268100874306277,1.012399463740652,1.310559848113984,9.9713558288311e-33,1347,6129
ESM-2_650M,28,4,1.269416932417626,1.0318673423502511,1.2302133038984604,2.329743752564551e-39,1347,6129
ESM-2_650M,28,5,1.5759499635500385,1.028276845834679,1.5326125157187596,1.572871965644033e-78,1347,6129
ESM-2_650M,28,6,1.42212337768777,1.09341807866025,1.3006217890875538,1.4487292225858324e-22,1347,6129
ESM-2_650M,28,7,1.1997400016510762,1.0801103837413693,1.1107568445877956,0.0005963788052812115,1347,6129
ESM-2_650M,28,8,1.1390048423208126,1.0667415197180736,1.067742111155322,0.0015260852934128578,1347,6129
ESM-2_650M,28,9,1.4057243850521892,1.0761976022997208,1.3061954254946344,2.9493206926095925e-37,1347,6129
ESM-2_650M,28,10,1.1343864766464644,0.9902314736619823,1.14557707649039,2.0598538179615878e-35,1347,6129
ESM-2_650M,28,11,1.1348805986649033,0.9875324178620174,1.1492084494014798,1.4831162787281963e-15,1347,6129
ESM-2_650M,28,12,1.2929397188818446,1.0150813877978844,1.2737301012746824,5.255214090056195e-37,1347,6129
ESM-2_650M,28,13,1.6178968229069033,1.097155865834323,1.4746280572237447,6.1823562147787245e-55,1347,6129
ESM-2_650M,28,14,1.5829992455021709,1.1061115512239332,1.4311388790312807,6.592053734823526e-50,1347,6129
ESM-2_650M,28,15,1.53251749059184,1.0062759646300703,1.5229594509446798,7.257235427289025e-84,1347,6129
ESM-2_650M,28,16,1.017200413579709,1.0378673748871614,0.9800870883818856,0.9455834686765006,1347,6129
ESM-2_650M,28,17,0.9410373152419648,1.0199848499594613,0.9225993065282938,0.999987303279721,1347,6129
ESM-2_650M,28,18,1.0359021238955022,0.9994444183818054,1.0364779720044115,4.410027781221213e-22,1347,6129
ESM-2_650M,28,19,1.65550425669708,1.0712670055502953,1.5453703400924497,5.559392854159619e-70,1347,6129
ESM-2_650M,29,0,1.3057289580636848,1.0488248851693052,1.244944677159247,6.05369411707682e-31,1347,6129
ESM-2_650M,29,1,0.46975755659447127,0.47530364370659456,0.988331486228734,0.9877755427581693,1347,6129
ESM-2_650M,29,2,1.187292379145279,0.9925037000694814,1.196259902166774,9.928097714015397e-32,1347,6129
ESM-2_650M,29,3,1.2443938905230787,0.9903962518889162,1.2564606218467909,1.9623848973041395e-48,1347,6129
ESM-2_650M,29,4,1.0892140499821572,1.0219574449627955,1.0658115514993975,5.875393858332054e-07,1347,6129
ESM-2_650M,29,5,1.108934091654369,1.0089275661067603,1.0991216108144541,1.0260829250100624e-12,1347,6129
ESM-2_650M,29,6,1.644648857461738,0.9576065529828934,1.7174578143171058,2.975291777778758e-92,1347,6129
ESM-2_650M,29,7,1.1635924693758433,1.0646157648391885,1.0929694146992133,0.49088964587274825,1347,6129
ESM-2_650M,29,8,1.8538395289826721,0.9898283501564581,1.8728899093359404,7.700334460870043e-112,1347,6129
ESM-2_650M,29,9,1.212697760166729,1.0185974574600587,1.190556437467135,7.378449342983732e-21,1347,6129
ESM-2_650M,29,10,1.2334338391300652,1.0385092540245535,1.18769653168724,4.264251252099405e-24,1347,6129
ESM-2_650M,29,11,1.0898913936143286,1.0022832532084325,1.0874085645205103,2.064629860574455e-11,1347,6129
ESM-2_650M,29,12,1.3911879773085083,1.010945295544545,1.3761258729228725,1.637397885843656e-59,1347,6129
ESM-2_650M,29,13,1.1099610045032318,0.9914442271341856,1.1195395304399767,1.1550609298769513e-11,1347,6129
ESM-2_650M,29,14,1.049937074018038,1.0001578705346124,1.0497713460544158,0.8256913874811992,1347,6129
ESM-2_650M,29,15,1.0013194196396344,1.061767615749885,0.9430683369754517,0.9920716383676194,1347,6129
ESM-2_650M,29,16,1.1133118377916886,0.9407906142794487,1.183378980289226,2.5451673484881047e-20,1347,6129
ESM-2_650M,29,17,1.1068020896528417,0.9873604570541438,1.1209706462775104,1.2888074501937837e-06,1347,6129
ESM-2_650M,29,18,1.1500869572118377,0.9067923678153587,1.2683024229489532,6.2794217415237266e-52,1347,6129
ESM-2_650M,29,19,1.156867166100251,1.0138732276031488,1.1410372959893098,1.0089675959568651e-20,1347,6129
ESM-2_650M,30,0,1.3638198901169727,1.0315732011572438,1.3220776660221558,5.453472930272452e-46,1347,6129
ESM-2_650M,30,1,1.3872143979769949,1.003654085044994,1.382163853709424,1.7544366854213194e-50,1347,6129
ESM-2_650M,30,2,1.2175989299072278,0.9772901251817298,1.2458930040665375,4.786623740935345e-43,1347,6129
ESM-2_650M,30,3,1.3783622439273127,1.0142824665492385,1.3589530425550345,1.9822065354068778e-67,1347,6129
ESM-2_650M,30,4,0.789698700441992,0.8828530829150013,0.8944848420697218,1.0,1347,6129
ESM-2_650M,30,5,1.221369245701484,1.0049628336660272,1.2153377267157461,9.791242917081446e-10,1347,6129
ESM-2_650M,30,6,1.1869696749632856,1.0595909838508015,1.1202149631828313,4.010826289843814e-25,1347,6129
ESM-2_650M,30,7,1.0035975894378395,1.0113522862776358,0.9923323485347147,0.9907296951634096,1347,6129
ESM-2_650M,30,8,1.5126789286843298,1.0583034501848494,1.4293432837435394,5.456093890524255e-85,1347,6129
ESM-2_650M,30,9,1.3118699340187097,0.9633322649784745,1.361804209939987,6.3868660206788665e-28,1347,6129
ESM-2_650M,30,10,1.2128984374122083,1.030788252994158,1.1766707991569265,7.320519559169824e-16,1347,6129
ESM-2_650M,30,11,1.1748441223666326,0.9984152810081297,1.176708875269174,3.46607102165777e-27,1347,6129
ESM-2_650M,30,12,1.0685693509904384,1.0079522190178212,1.0601388943135464,0.004203900385308746,1347,6129
ESM-2_650M,30,13,1.1460061681352463,1.0016552533381213,1.1441123723117912,6.55439937678757e-21,1347,6129
ESM-2_650M,30,14,1.1454854726835633,1.013986399651624,1.1296852433889828,6.091779798099298e-27,1347,6129
ESM-2_650M,30,15,1.0469828195919704,1.006367638037958,1.040358195175271,9.832988658206508e-07,1347,6129
ESM-2_650M,30,16,1.4045542242598692,1.0439820198634258,1.3453816229934819,8.0837079664793e-48,1347,6129
ESM-2_650M,30,17,1.0297840301904333,0.9905934903967009,1.0395626865850267,0.00024231732879669636,1347,6129
ESM-2_650M,30,18,0.9619457597367924,1.0310293638032992,0.932995502851957,0.9999534075101477,1347,6129
ESM-2_650M,30,19,1.0809697377610932,1.0017403609470823,1.079091728658217,9.30152309068692e-06,1347,6129
ESM-2_650M,31,0,1.4063413347481972,0.9848172184141275,1.4280226913709522,1.5346121815906414e-24,1347,6129
ESM-2_650M,31,1,0.9438098384857001,0.9831190313867341,0.9600158356759847,0.999999800196454,1347,6129
ESM-2_650M,31,2,1.100670910381616,1.0379148850806736,1.060463556504505,0.00119080910378683,1347,6129
ESM-2_650M,31,3,0.99389929612013,0.9937672598357665,1.0001328643936058,6.147373147315766e-05,1347,6129
ESM-2_650M,31,4,1.2323600124531795,0.9969290431037601,1.2361561948445672,4.822760245368928e-32,1347,6129
ESM-2_650M,31,5,1.065798202053863,0.9973218090197676,1.0686602783723325,1.247146723132139e-16,1347,6129
ESM-2_650M,31,6,1.1880913692641983,1.0362018726530278,1.1465829203939595,8.933835830545657e-14,1347,6129
ESM-2_650M,31,7,0.9120642021547314,0.98517898496117,0.9257852797080113,0.9999883277003805,1347,6129
ESM-2_650M,31,8,1.1101183369811056,0.9870097949410422,1.1247287946594462,1.9127900205574867e-27,1347,6129
ESM-2_650M,31,9,1.1329005497446216,1.0101199808055958,1.121550480410362,1.8814578023086826e-09,1347,6129
ESM-2_650M,31,10,1.4869310587157827,1.0376773021111123,1.4329416820534495,1.402736454714131e-76,1347,6129
ESM-2_650M,31,11,1.0220052182187658,0.9962328128488714,1.0258698619815527,0.000335831236853534,1347,6129
ESM-2_650M,31,12,1.1938571434996263,1.0210658160230817,1.1692264345402772,2.1903779917859432e-33,1347,6129
ESM-2_650M,31,13,1.000746067411473,1.010574083690264,0.9902748186032018,0.30558810761797534,1347,6129
ESM-2_650M,31,14,1.0313586811434807,1.000943081190563,1.0303869425989138,0.06747366028872591,1347,6129
ESM-2_650M,31,15,1.1209430554418451,0.9880220551444298,1.1345324222321989,1.1723062139554897e-07,1347,6129
ESM-2_650M,31,16,1.1990338889432555,1.0122406937705886,1.1845343665021644,1.927724079611801e-33,1347,6129
ESM-2_650M,31,17,0.9074391524550113,0.8339257577704963,1.0881534045441328,3.441884866558711e-08,1347,6129
ESM-2_650M,31,18,1.224203750325205,0.9899103069314172,1.2366814869521507,1.5158617014779242e-28,1347,6129
ESM-2_650M,31,19,1.0923254858887719,0.9385900811949733,1.163793979687138,0.5493672094369326,1347,6129
ESM-2_650M,32,0,0.9676536903968986,0.9270868853076765,1.0437572850313368,0.983769825558862,1347,6129
ESM-2_650M,32,1,0.9980966792605768,1.0051314147439374,0.9930011783731257,0.9331880249722773,1347,6129
ESM-2_650M,32,2,1.2236945268372386,0.9270470488964199,1.319991825974696,1.4987095249254638e-38,1347,6129
ESM-2_650M,32,3,1.2428461582895642,1.0633817466435085,1.168767624808798,0.0005294262123537884,1347,6129
ESM-2_650M,32,4,1.4342531355259678,0.9928108437023577,1.444638870157177,3.9370690466555266e-22,1347,6129
ESM-2_650M,32,5,0.5996307189940698,0.7885001809666744,0.7604699827195258,1.0,1347,6129
ESM-2_650M,32,6,0.8801071140597109,0.9277515265100503,0.9486452880012337,0.9999472349561965,1347,6129
ESM-2_650M,32,7,1.5760838191322954,1.0988930413178244,1.434246791882684,4.051999420377717e-61,1347,6129
ESM-2_650M,32,8,0.6557518475272077,0.8285144212368379,0.7914790988770918,1.0,1347,6129
ESM-2_650M,32,9,0.9592955427350782,0.9847966022929275,0.9741052522942559,0.9989958652485447,1347,6129
ESM-2_650M,32,10,1.1766317032537552,1.0693587259340682,1.1003152400762295,3.3924140168695755e-12,1347,6129
ESM-2_650M,32,11,0.8189668565789416,0.964858572011691,0.8487947149305302,1.0,1347,6129
ESM-2_650M,32,12,0.8454305112207033,0.9339585223931592,0.9052120527305504,1.0,1347,6129
ESM-2_650M,32,13,0.9925702471886197,0.9390475355863065,1.0569968074820575,8.03385458613988e-05,1347,6129
ESM-2_650M,32,14,1.3272201227163862,0.9739864964149364,1.3626678887249846,2.8478257994249526e-20,1347,6129
ESM-2_650M,32,15,1.0319274818357398,1.013116900594399,1.0185670392333843,0.014450072783947028,1347,6129
ESM-2_650M,32,16,1.0692121605122629,1.0088104075077677,1.059874236581,4.2221099256022445e-08,1347,6129
ESM-2_650M,32,17,1.2523324392796802,1.0154884199534802,1.2332316298959372,2.2126998149634632e-43,1347,6129
ESM-2_650M,32,18,0.9750744938496404,1.0585862502010792,0.9211101066771124,0.9999999915038652,1347,6129
ESM-2_650M,32,19,2.661226862050045,1.0555523633583104,2.521169914852139,1.3639557120850013e-110,1347,6129
SaProt,0,0,0.9883972370544892,0.9912729253630224,0.9970989943990652,0.10624157276118262,1347,6068
SaProt,0,1,1.0051104980392993,0.9890362893721738,1.0162523952253857,0.15385154386206723,1347,6068
SaProt,0,2,0.9830110091674567,1.004623690166989,0.9784867894206837,0.9998952441466338,1347,6068
SaProt,0,3,1.0781152809914076,1.002530955549283,1.075393507825115,2.428234853251007e-10,1347,6068
SaProt,0,4,1.0999607162822505,1.0009365265080232,1.0989315377666293,2.5801089828451715e-42,1347,6068
SaProt,0,5,1.0404461920482633,0.9822539475082801,1.0592435842967103,8.233598453384953e-11,1347,6068
SaProt,0,6,1.153922619891326,1.0015787961171423,1.1521036830699498,2.304733107880814e-29,1347,6068
SaProt,0,7,1.0089470171760255,0.9813199222146797,1.028152995099698,0.2100635665559759,1347,6068
SaProt,0,8,1.0617241172455998,1.009409194204394,1.0518272701908962,5.735052521036152e-15,1347,6068
SaProt,0,9,1.0024795677587557,0.9992804034670167,1.0032014680570533,0.48111585615584895,1347,6068
SaProt,0,10,1.0583561441592138,1.056607614068134,1.0016548528212357,0.0004279334831300578,1347,6068
SaProt,0,11,0.9808628293170518,0.9947022340587668,0.9860868868412561,0.999849559321561,1347,6068
SaProt,0,12,1.017306249231963,1.0087514155659145,1.008480616268825,0.2954992111243061,1347,6068
SaProt,0,13,1.0235938159022937,1.0113519545283534,1.0121044521831664,0.04320798327953015,1347,6068
SaProt,0,14,0.9941149231187485,1.013303927389626,0.9810629330922358,0.9984911661853086,1347,6068
SaProt,0,15,1.0685219306059033,0.9943014759528613,1.0746458256857305,1.1529087803149846e-20,1347,6068
SaProt,0,16,0.9950484878369057,1.0025001930449853,0.992566879029274,0.31379596794238457,1347,6068
SaProt,0,17,0.9955003741456565,0.9812670899806796,1.0145050051207334,0.017698749537695103,1347,6068
SaProt,0,18,1.0377389046113936,0.9812418775302686,1.0575770647124487,4.109617159974559e-07,1347,6068
SaProt,0,19,1.0178734453058986,0.9978100403544143,1.0201074394324174,0.005893728468704666,1347,6068
SaProt,1,0,1.0367012707808323,0.9998514856639746,1.0368552586511253,2.2722273585681207e-11,1347,6068
SaProt,1,1,1.0942851675158531,0.9927639573598839,1.1022611763887467,5.677016991993636e-07,1347,6068
SaProt,1,2,1.2010834284773915,1.019964275696243,1.1775740161659227,2.785277491844466e-51,1347,6068
SaProt,1,3,1.0337692671514211,0.9990758473960955,1.034725511427133,1.066393718363008e-20,1347,6068
SaProt,1,4,1.1864394867639234,1.0468795349675335,1.1333104212422282,4.9194875584905484e-12,1347,6068
SaProt,1,5,1.1748181681059517,1.0128241134764493,1.1599429283663765,2.986351791294182e-24,1347,6068
SaProt,1,6,1.0321052584965846,0.996183814155521,1.0360590523863458,0.24331482339957256,1347,6068
SaProt,1,7,1.035102361803508,1.008423495011241,1.0264560146845545,1.7957963856487695e-14,1347,6068
SaProt,1,8,0.9371310913991999,0.8958272586503584,1.0461069166516201,0.012138131459034368,1347,6068
SaProt,1,9,0.9981325123384429,1.0105345642161,0.9877272363392361,0.8798325667796397,1347,6068
SaProt,1,10,1.1123776146402249,0.9873366855507276,1.1266446703737647,2.9548677352586902e-08,1347,6068
SaProt,1,11,1.00362914256923,1.0017487422520774,1.00187711772208,0.0002008464949694477,1347,6068
SaProt,1,12,0.9517174053829337,1.0016641744763033,0.9501362129483336,0.9999712741072906,1347,6068
SaProt,1,13,1.0325593546353717,0.9967229579530543,1.0359542201735914,1.248649591994374e-11,1347,6068
SaProt,1,14,1.0067374693435833,1.0095092438016486,0.9972543347422682,0.943218879579725,1347,6068
SaProt,1,15,0.999727763694662,1.0038079312375097,0.9959353105152122,0.93913743347699,1347,6068
SaProt,1,16,0.9783857318212478,0.9739294709783874,1.0045755477944247,0.9801662756398044,1347,6068
SaProt,1,17,1.0813310290144034,0.9948955364967343,1.0868789630135733,8.439481827346283e-32,1347,6068
SaProt,1,18,1.061009023479603,1.0112598882503094,1.0491952027439455,0.0033439223798508878,1347,6068
SaProt,1,19,0.9226817120400375,0.9811501538868436,0.9404082630826869,0.9999999936372317,1347,6068
SaProt,2,0,1.0560186922594452,1.022594089703923,1.0326860901036499,3.74566363828729e-08,1347,6068
SaProt,2,1,1.113270107548858,0.976887751704643,1.1396090345141818,2.9531112610177575e-11,1347,6068
SaProt,2,2,1.0109969616688528,1.0157010839440435,0.9953685957910725,0.9555359016661906,1347,6068
SaProt,2,3,1.11041518627668,0.9961588356985257,1.1146969202938761,7.204980087405643e-16,1347,6068
SaProt,2,4,1.1554996110443594,1.0627767095623455,1.0872458914913532,0.009816529954197711,1347,6068
SaProt,2,5,1.0586080741643376,0.9700526842084973,1.091289258199513,4.049344855475838e-24,1347,6068
SaProt,2,6,1.5007078290295406,1.003909408586958,1.494863795670414,1.8556633725416809e-90,1347,6068
SaProt,2,7,1.2999804720846742,0.993468313175269,1.308527363021522,7.88644734090086e-35,1347,6068
SaProt,2,8,1.0228236746416326,1.00728820587509,1.0154230623131797,0.00180306027727583,1347,6068
SaProt,2,9,1.020626515304945,1.0040392825329625,1.0165205017976355,0.003460759250747198,1347,6068
SaProt,2,10,1.0908367383807522,1.0131640587402317,1.0766634771244241,5.534492725370928e-52,1347,6068
SaProt,2,11,1.150997070245771,1.0208680835100052,1.1274689539596037,2.4915812792943428e-17,1347,6068
SaProt,2,12,1.050401285014156,1.0004423165309562,1.049936880575417,4.5830084324331355e-11,1347,6068
SaProt,2,13,1.1818556392754815,1.014291899213684,1.1652026800092745,1.8274890019719585e-24,1347,6068
SaProt,2,14,1.3150596265316719,0.9633797523795812,1.3650480231533093,2.0757077391416642e-48,1347,6068
SaProt,2,15,1.1275588731767516,1.0209081459719254,1.1044665258335191,7.59005621216163e-09,1347,6068
SaProt,2,16,1.0042104821959157,0.9876138282621779,1.0168048010860091,0.022883786282132685,1347,6068
SaProt,2,17,1.1655247413899692,1.01310054422525,1.150453178644063,4.052685067304876e-29,1347,6068
SaProt,2,18,1.0266078953266853,0.9843979057540961,1.0428789916413468,0.054106877774211054,1347,6068
SaProt,2,19,1.0460879949945472,1.0153588981109185,1.0302642710285008,0.12334926410956099,1347,6068
SaProt,3,0,1.0777376968283607,0.970866800599591,1.1100778151676092,1.010633137531809e-08,1347,6068
SaProt,3,1,1.0479148845585877,0.9974384767199199,1.050606036378965,2.4117125745426615e-11,1347,6068
SaProt,3,2,1.1127420257066212,0.953257694592406,1.167304530578594,0.000159096615815329,1347,6068
SaProt,3,3,1.7305593181929724,0.9882432633996177,1.751147093317633,7.871284218202743e-51,1347,6068
SaProt,3,4,1.2850249132228588,0.9616307951338053,1.3362975891844802,7.628733956485085e-59,1347,6068
SaProt,3,5,1.0954222035965568,0.989917974570372,1.106578758782488,4.739451153758896e-21,1347,6068
SaProt,3,6,1.036019237243253,1.0148719299299767,1.0208374147413215,0.42683451193651456,1347,6068
SaProt,3,7,1.1013201474258434,1.0183824829133468,1.081440584362009,1.995796939761384e-33,1347,6068
SaProt,3,8,1.1653375560231092,0.9927375300854308,1.1738626985552014,2.397628636065508e-12,1347,6068
SaProt,3,9,1.174998321065039,1.0032158842409764,1.171231775256461,5.54642294418941e-21,1347,6068
SaProt,3,10,1.2337423243961603,1.0043700226019618,1.2283743009373949,1.101697218370493e-47,1347,6068
SaProt,3,11,1.4403249521828971,1.026101987050133,1.4036859594469593,1.457414764297542e-70,1347,6068
SaProt,3,12,1.2188111815294604,0.9727606591323468,1.2529404536328375,1.4293974286776324e-20,1347,6068
SaProt,3,13,1.301827488316371,1.0872431787525303,1.1973655146864643,2.1669477603261235e-33,1347,6068
SaProt,3,14,1.0775298531310329,0.9937184181901759,1.0843412312851157,1.0805115750077579e-18,1347,6068
SaProt,3,15,0.6239215456109712,0.9121187773681121,0.6840354141280545,1.0,1347,6068
SaProt,3,16,1.7149725938803546,1.043325005310981,1.6437568208855278,2.0141853676635622e-23,1347,6068
SaProt,3,17,1.073509906054251,0.9948579980528268,1.079058426584864,3.474436928942032e-30,1347,6068
SaProt,3,18,1.3115420797044646,0.9264748355689297,1.4156262311205385,4.885745113894435e-05,1347,6068
SaProt,3,19,1.0150381627574885,1.0016543197622996,1.013361738407283,0.00182789563890459,1347,6068
SaProt,4,0,0.9150237998224756,0.86291308852432,1.060389292955645,0.9202233715371566,1347,6068
SaProt,4,1,1.0385872471770625,0.9983913738516281,1.040260637639892,0.12893346073759965,1347,6068
SaProt,4,2,1.095007977677259,0.9717469897315191,1.126844733503929,1.0098047164073178e-33,1347,6068
SaProt,4,3,1.1967528404663825,1.0183471940266278,1.1751913762675814,8.753103485600136e-33,1347,6068
SaProt,4,4,1.2033866717858321,0.9981666187139998,1.205596990747126,8.714286811627048e-27,1347,6068
SaProt,4,5,1.027575515614409,1.0102597004921225,1.0171399642229138,0.038304291776999594,1347,6068
SaProt,4,6,1.2501067962350896,1.0096404533108836,1.2381702735222742,1.436444018248789e-23,1347,6068
SaProt,4,7,1.119560149747881,1.0069939959290866,1.1117843346374048,3.2481801734204863e-16,1347,6068
SaProt,4,8,1.2863018667821806,0.9913252494350105,1.297557857539982,6.1849300321040375e-25,1347,6068
SaProt,4,9,1.065092872582105,1.018235478660702,1.0460182294797222,1.4206220074437414e-18,1347,6068
SaProt,4,10,1.1233209964515725,0.9962322058925993,1.1275694459657672,7.241616722727307e-50,1347,6068
SaProt,4,11,1.349880207377004,0.9803545334613983,1.3769306524353986,5.792188867826822e-45,1347,6068
SaProt,4,12,1.346280278910419,1.0567115441225003,1.2740281739122838,9.312471674526149e-43,1347,6068
SaProt,4,13,1.0917979950318977,0.974599963295947,1.1202524483374747,4.605841537271634e-28,1347,6068
SaProt,4,14,1.4743168887024733,1.0214783687122417,1.4433167983391724,5.998820574208811e-91,1347,6068
SaProt,4,15,1.0733720602795382,1.0040469137447086,1.0690457244435656,4.887837546965678e-12,1347,6068
SaProt,4,16,1.1520048926827107,1.0577964066388423,1.0890610758862536,4.306761205013695e-06,1347,6068
SaProt,4,17,1.7959244545955702,1.03360749812933,1.7375304047676863,8.003177725177658e-67,1347,6068
SaProt,4,18,1.2148067039654002,1.022862882404321,1.1876535211737274,1.5060597755109537e-27,1347,6068
SaProt,4,19,1.0413315976958144,0.999158918368891,1.0422081798516791,2.65122871273006e-12,1347,6068
SaProt,5,0,1.1330338712303216,1.0074604513318859,1.1246435229615463,4.563062332290641e-07,1347,6068
SaProt,5,1,1.1396614439901636,1.0080690234359269,1.1305390975170668,4.2736310120401886e-41,1347,6068
SaProt,5,2,1.2858534398659478,1.017268390096994,1.264025750120226,5.216715366621951e-63,1347,6068
SaProt,5,3,0.9540015111477532,1.0238948280363784,0.9317377967201316,0.999996718098605,1347,6068
SaProt,5,4,1.030891420243622,0.9545329999787661,1.0799955792691867,5.289981916631525e-08,1347,6068
SaProt,5,5,1.0382093756218354,0.985224593072226,1.0537793949949898,7.580181048146895e-15,1347,6068
SaProt,5,6,1.0398636795608043,0.9948752712637637,1.0452201492955926,4.868600369941787e-15,1347,6068
SaProt,5,7,1.142930484174266,1.0303083602179408,1.1093091430729556,1.9872685453793925e-13,1347,6068
SaProt,5,8,1.1244362508622292,0.9901510928791255,1.1356208753884562,4.088954812841676e-28,1347,6068
SaProt,5,9,1.1214810835934605,1.0150193849194182,1.1048863699115403,0.0007973375767299638,1347,6068
SaProt,5,10,1.2370009459140305,1.0193097655911272,1.2135672468483198,9.41121904701747e-38,1347,6068
SaProt,5,11,1.054951221149058,0.9963202964423633,1.0588474659364588,5.259234847043396e-13,1347,6068
SaProt,5,12,2.029048891927502,0.9794023070679627,2.071721576807254,5.157025472691447e-129,1347,6068
SaProt,5,13,1.263235373316027,1.0164062743595186,1.2428449185952204,1.5750103591092274e-24,1347,6068
SaProt,5,14,1.393756578719961,0.9674953054403426,1.4405822652396347,3.1957260352259918e-80,1347,6068
SaProt,5,15,1.062063200126866,1.0011215996274685,1.0608733250007538,1.0892809830216578e-10,1347,6068
SaProt,5,16,1.0367630441142792,1.0100123841774722,1.0264854771643142,7.717290062626222e-07,1347,6068
SaProt,5,17,1.2417290322786805,0.9651123689992221,1.2866160171237855,8.662084375372333e-41,1347,6068
SaProt,5,18,1.2060351016770139,0.9989951289306169,1.2072482304974046,3.327003523250369e-38,1347,6068
SaProt,5,19,1.4108807663720186,1.0262706695184671,1.374764775294624,9.25571700017957e-62,1347,6068
SaProt,6,0,1.005207189572415,0.9893026018764483,1.0160765651134445,0.9210487957102611,1347,6068
SaProt,6,1,1.3887444190078075,1.0194891453693002,1.3621963758179574,2.4372942413841897e-79,1347,6068
SaProt,6,2,1.0610863160848087,0.986012746451635,1.0761385386784716,7.417490175862004e-16,1347,6068
SaProt,6,3,1.0530195101022544,0.9892200929853738,1.0644946635933565,6.450907313348616e-09,1347,6068
SaProt,6,4,1.1720078791634807,0.9255592572007355,1.2662699552140024,4.472811013042545e-27,1347,6068
SaProt,6,5,1.1035092064160812,1.000660886107677,1.1027803941737533,2.169972018971949e-24,1347,6068
SaProt,6,6,1.7083087259738996,0.9405854115840944,1.8162186069809843,6.603754651795412e-113,1347,6068
SaProt,6,7,1.0593293569401272,1.0005591300929464,1.058737385007642,2.1894531015410153e-16,1347,6068
SaProt,6,8,1.0370818122989085,0.9755942379379241,1.063025766215008,1.210975108111088e-20,1347,6068
SaProt,6,9,1.2519775636787316,1.0181731204149278,1.2296313255338378,7.937255275617632e-35,1347,6068
SaProt,6,10,1.3232667463393943,1.0322774630641576,1.2818905707884773,9.675407732835691e-33,1347,6068
SaProt,6,11,1.115184084808906,1.0255614113291,1.0873888901140083,1.627638294356235e-07,1347,6068
SaProt,6,12,1.1111426343498358,0.9930165735617938,1.1189567867576897,4.642580620835256e-24,1347,6068
SaProt,6,13,1.2760166765343461,0.9477225544438228,1.3464031963269936,1.9884000861733773e-42,1347,6068
SaProt,6,14,1.113922736858472,1.0051775365778115,1.1081850681332277,3.201858469746341e-05,1347,6068
SaProt,6,15,1.2944295819193323,0.9917046228434765,1.305257182534719,1.8283594500850602e-39,1347,6068
SaProt,6,16,0.6577241001920339,0.9329598231152701,0.7049865212799951,1.0,1347,6068
SaProt,6,17,1.0354828525669237,1.0081915774148746,1.027069532977083,0.12412575788234032,1347,6068
SaProt,6,18,1.282057362768326,1.0372922425400821,1.2359654398155648,3.1747663314767337e-35,1347,6068
SaProt,6,19,1.0983402031434406,0.988943270690636,1.110620028160368,2.756636668683765e-21,1347,6068
SaProt,7,0,1.2469567561822197,1.0207884085506456,1.2215624175755448,3.1597699385998196e-26,1347,6068
SaProt,7,1,1.2347637118900274,1.0084332394203075,1.2244377353128748,2.15816999908676e-49,1347,6068
SaProt,7,2,1.0809046222310466,1.0215590384272502,1.0580931513220835,1.0774989819674733e-16,1347,6068
SaProt,7,3,1.2649301025455053,1.0099649798780699,1.2524494687907066,9.057745560196888e-41,1347,6068
SaProt,7,4,1.1152810338433796,1.0015303554675181,1.1135768653989147,1.3488774195961689e-15,1347,6068
SaProt,7,5,1.066845622696342,1.0148294715452681,1.0512560510012283,2.891364701587395e-12,1347,6068
SaProt,7,6,1.0956172306358858,1.0187242125396125,1.0754797197806696,9.14381528180105e-28,1347,6068
SaProt,7,7,1.2287042528590009,0.952220604290244,1.2903567170496582,1.8437603364552312e-51,1347,6068
SaProt,7,8,1.5773564968050722,0.9761640913465264,1.6158722808879986,5.449109306271705e-98,1347,6068
SaProt,7,9,0.9738964498175811,1.0284078233705278,0.94699440016482,0.9999999800577576,1347,6068
SaProt,7,10,1.3951301151788402,0.9964560537661034,1.4000919658282462,3.2989783922419754e-52,1347,6068
SaProt,7,11,1.080525765064122,0.9776997451591272,1.1051713682182245,2.134007095798965e-30,1347,6068
SaProt,7,12,0.9767070427570151,0.922459331783727,1.0588076992710251,1.6939622576112244e-05,1347,6068
SaProt,7,13,1.1699416599586971,0.9628820371793813,1.2150415261519116,2.2770042404197922e-23,1347,6068
SaProt,7,14,1.2561904412556686,1.0038415530380955,1.251383186374231,2.9868860343923536e-47,1347,6068
SaProt,7,15,0.9549065807830119,0.8447402877022188,1.1304143944412275,6.017577211691129e-17,1347,6068
SaProt,7,16,0.8023003757707968,0.836414221882938,0.9592141725718819,0.986401858800896,1347,6068
SaProt,7,17,1.0309341424424823,1.0060909997202805,1.0246927392543108,0.002855025433237854,1347,6068
SaProt,7,18,1.1964373337664955,0.885666154708097,1.3508897538947102,3.4851570075851345e-55,1347,6068
SaProt,7,19,1.2290994211223802,0.9956287784635746,1.234495675204458,1.0546705104705359e-39,1347,6068
SaProt,8,0,1.0894956050223568,1.018777577202809,1.06941458999688,4.325840636378631e-20,1347,6068
SaProt,8,1,1.0430467970165926,1.0019946413737186,1.0409704343194812,0.004642369776158337,1347,6068
SaProt,8,2,1.4369399282519872,1.0255035122828258,1.4012042972464152,8.116022645281284e-80,1347,6068
SaProt,8,3,1.1453827825646623,1.021312746525685,1.1214809434828268,1.53929561618102e-24,1347,6068
SaProt,8,4,1.1226594904748795,1.0439419860392318,1.0754040985881848,2.5136057328351712e-09,1347,6068
SaProt,8,5,1.2022550485712913,1.0158884273884952,1.1834518596317527,6.354051896526841e-27,1347,6068
SaProt,8,6,1.2470018478593032,1.0267498937577264,1.2145137344942816,7.889599512900583e-13,1347,6068
SaProt,8,7,0.9744287283777218,0.8996909359738908,1.083070518347425,6.752980011889413e-07,1347,6068
SaProt,8,8,1.0913162348265106,1.0145339763446435,1.075682293813868,1.0504898606765693e-08,1347,6068
SaProt,8,9,1.201820354994439,0.9405233081977817,1.2778209157807596,6.568911933758963e-28,1347,6068
SaProt,8,10,1.138473636024779,1.0454743132682796,1.0889541919645755,7.066006259622268e-08,1347,6068
SaProt,8,11,1.2551514986783554,1.031610571415254,1.216691194775591,2.87285829220027e-28,1347,6068
SaProt,8,12,1.4381435083055283,1.020684962453727,1.4089984287102955,1.3472607644212696e-55,1347,6068
SaProt,8,13,1.245481035204047,0.9953368090353439,1.251316161421918,5.1951514796465396e-52,1347,6068
SaProt,8,14,1.0091100982829386,1.007357687681383,1.0017396110864942,0.2632346927500485,1347,6068
SaProt,8,15,1.004453206878728,0.9952425636933109,1.0092546716965527,0.0123652037529815,1347,6068
SaProt,8,16,1.2562125130945785,0.9820660731080495,1.2791527449053488,1.1293367224453488e-54,1347,6068
SaProt,8,17,1.2318132394494705,0.9593938751343881,1.2839494511854403,2.307131585385752e-59,1347,6068
SaProt,8,18,1.2215399156699998,0.9925375688985609,1.2307241095423394,4.458640958364084e-41,1347,6068
SaProt,8,19,0.46118858181985556,0.48892996121651017,0.9432610361458907,0.9999170599587553,1347,6068
SaProt,9,0,1.008216165266129,1.0064631961850878,1.0017417120543362,0.21442130588916342,1347,6068
SaProt,9,1,1.044220059092344,0.9853456515656759,1.0597500049176845,3.619528195508064e-07,1347,6068
SaProt,9,2,1.6451897942851716,0.961134106692801,1.7117172128519724,4.312790135502964e-83,1347,6068
SaProt,9,3,0.9794360222135904,0.969818108449288,1.0099172346654584,0.03473994590028989,1347,6068
SaProt,9,4,1.0612065585436605,1.0119713319928416,1.0486527878747924,0.0009508451278564632,1347,6068
SaProt,9,5,1.0444024851477933,0.9843465256785278,1.0610109934891758,3.899282182113837e-06,1347,6068
SaProt,9,6,1.0128664096019493,0.9740667194570062,1.0398326822690052,0.001604397278457516,1347,6068
SaProt,9,7,1.0303079758251519,0.9875192699134939,1.04332948957584,5.685146792249814e-13,1347,6068
SaProt,9,8,1.0016746274524029,0.8730787631899644,1.1472901067855417,7.200671116179241e-18,1347,6068
SaProt,9,9,1.3135001048744388,0.9549792865064086,1.375422612232359,6.606605502133808e-57,1347,6068
SaProt,9,10,1.2806177481776622,1.008907131362036,1.2693118210482008,8.243105181646355e-59,1347,6068
SaProt,9,11,1.1535971810862853,0.9991467398202726,1.1545823402214128,3.3936580969996587e-28,1347,6068
SaProt,9,12,1.0596791514221084,0.9923501130569193,1.0678480684178924,1.6568720514546917e-13,1347,6068
SaProt,9,13,1.2904260039064028,1.025632254956149,1.258176112998294,5.21741202697683e-52,1347,6068
SaProt,9,14,1.4190375355985665,0.9932669148674197,1.4286568034816485,3.427166340265567e-94,1347,6068
SaProt,9,15,1.1585985221018504,1.0114238952669017,1.1455123094517272,1.2820544428265906e-34,1347,6068
SaProt,9,16,1.163615831996037,0.9834916736432102,1.1831476190190624,3.474636367024144e-39,1347,6068
SaProt,9,17,1.2373833973582975,1.0132757014961484,1.2211714891921752,3.7655691839150484e-32,1347,6068
SaProt,9,18,1.194422482293716,0.9768001626423102,1.2227910354383262,3.490375731374897e-29,1347,6068
SaProt,9,19,1.1778815509758354,1.0049833224321383,1.1720408933008657,1.2893149497520033e-08,1347,6068
SaProt,10,0,1.0493098095380207,0.9839627073000903,1.0664121737064987,1.1198334283060919e-07,1347,6068
SaProt,10,1,1.671846382613083,0.9824226055092908,1.701758869591964,1.5043079438020063e-130,1347,6068
SaProt,10,2,1.1510753269295562,0.9691520330926493,1.1877138855669256,6.420765246558838e-20,1347,6068
SaProt,10,3,1.192897349286274,1.0130688426653924,1.1775086736926499,7.524867498766733e-37,1347,6068
SaProt,10,4,1.054518826643272,0.9478764395126993,1.1125066334441198,3.032076636723596e-20,1347,6068
SaProt,10,5,1.2199305146379478,0.9840671193755883,1.2396822235174567,1.8790723705559903e-48,1347,6068
SaProt,10,6,1.166649809714238,1.0435554049810887,1.1179567506867352,1.3759310991572045e-11,1347,6068
SaProt,10,7,1.0522610061285491,0.9702981489175782,1.0844718268322011,3.3586145466551776e-17,1347,6068
SaProt,10,8,0.9749654898089485,0.9881016144513023,0.986705694586231,0.7899242659343098,1347,6068
SaProt,10,9,1.397642181086912,0.9888770339903701,1.4133629693543095,1.8827093233511174e-71,1347,6068
SaProt,10,10,0.9957116496069571,0.8631920945648308,1.1535226699555614,3.846566988577828e-15,1347,6068
SaProt,10,11,0.9595591525679265,0.8413261859877257,1.1405316612621466,3.2191450306489185e-21,1347,6068
SaProt,10,12,1.2828207242882685,0.9835923893393147,1.3042198558998077,3.5855388694345842e-62,1347,6068
SaProt,10,13,1.0612494801935126,1.0082352698762793,1.0525811900269455,2.909767088338498e-11,1347,6068
SaProt,10,14,1.0772231188509407,0.9919080700904582,1.0860110441007926,9.69692439609584e-16,1347,6068
SaProt,10,15,0.9945591252100804,0.9968893692442556,0.9976624848192114,0.8266061447345456,1347,6068
SaProt,10,16,1.3371976069945624,0.9946265637496426,1.344421771678268,5.726030014013945e-29,1347,6068
SaProt,10,17,1.0889530018381304,0.9899084214059711,1.1000542861242515,4.413132952089372e-14,1347,6068
SaProt,10,18,1.0029051002908744,0.9418941565059327,1.0647747343621592,2.246181460665197e-07,1347,6068
SaProt,10,19,1.2166672763155404,0.9653553609897726,1.260330988443571,6.988344692046649e-51,1347,6068
SaProt,11,0,1.1799609835668237,0.9923963213318575,1.1890017709691252,8.052097810855395e-40,1347,6068
SaProt,11,1,1.0794812607251898,1.0154408038192937,1.0630666570272005,9.230085032900706e-09,1347,6068
SaProt,11,2,1.1318757059225437,0.9994448425497519,1.1325044241910724,4.2794340291913396e-31,1347,6068
SaProt,11,3,1.4160450096695,1.0190637086689394,1.3895549391304318,7.362495274870218e-67,1347,6068
SaProt,11,4,1.27451347325719,0.9985750655968407,1.2763321628659163,1.5111488613803812e-66,1347,6068
SaProt,11,5,1.4978739975356312,0.9987962058129559,1.4996793027627273,2.213659559273261e-105,1347,6068
SaProt,11,6,0.9948132779302646,0.9341641934435071,1.064923366697661,6.484247438078036e-05,1347,6068
SaProt,11,7,1.447906192842907,1.0292631731581634,1.4067405019458634,5.623900906156121e-84,1347,6068
SaProt,11,8,0.9871512080619489,1.0503739098856815,0.9398093372001086,0.2708613495156542,1347,6068
SaProt,11,9,1.0887546226570317,0.9230143053404344,1.1795641913214634,1.2151594231505663e-21,1347,6068
SaProt,11,10,0.1390540528229736,0.18926195392424877,0.7347174111846554,0.9802371943545479,1347,6068
SaProt,11,11,1.3236543681104713,0.9519287976549893,1.3904972424105693,3.9053521457417406e-70,1347,6068
SaProt,11,12,1.1492771419579662,1.0317619568180236,1.113897575272461,3.551404669074217e-27,1347,6068
SaProt,11,13,1.4722169010437411,0.9423932702690069,1.5622107537159042,1.5569954707516067e-94,1347,6068
SaProt,11,14,0.8653304145768915,0.8620637148660445,1.003789394744859,0.991254215188294,1347,6068
SaProt,11,15,0.5878785225163811,0.5717101495396211,1.0282807170552768,0.03376271751553199,1347,6068
SaProt,11,16,1.008600619981797,0.8588834218324782,1.1743160880086476,1.4667290552599282e-25,1347,6068
SaProt,11,17,1.3746207511770168,0.9675655317963663,1.4207004135677699,4.72387886381169e-80,1347,6068
SaProt,11,18,0.8522353648431406,0.8439190807084976,1.0098543620173408,0.42138936691398277,1347,6068
SaProt,11,19,1.0365349672950457,0.9893573220075159,1.0476851429085308,7.912024262198642e-13,1347,6068
SaProt,12,0,1.3968854785717764,0.9512738329883303,1.4684367740712494,4.6726565316063575e-99,1347,6068
SaProt,12,1,1.6590527436781035,0.9543726311366694,1.738369992549086,4.047361219873704e-118,1347,6068
SaProt,12,2,1.6773955142090917,1.02095446867123,1.642967992874568,3.5128340191770916e-122,1347,6068
SaProt,12,3,0.6820575443456681,0.6774800331426948,1.0067566732287876,0.34902120929005365,1347,6068
SaProt,12,4,1.1488371555373327,1.0013408469909222,1.1472988033891198,3.3474011582333827e-32,1347,6068
SaProt,12,5,1.5546779877602301,1.005703064485962,1.545861838011662,1.2854591674771058e-71,1347,6068
SaProt,12,6,1.0912892541888917,0.9969101270504821,1.094671650510408,1.3749634804772295e-13,1347,6068
SaProt,12,7,1.0704527988023198,0.9760987469723882,1.0966644533891619,8.529219363901615e-10,1347,6068
SaProt,12,8,1.4987638174115772,0.9556511410204455,1.568316881630252,4.779336828958796e-77,1347,6068
SaProt,12,9,0.14509318092300016,0.2665903094197312,0.5442552703390251,1.0,1347,6068
SaProt,12,10,1.480321489069846,1.0143265483916866,1.4594131361513112,1.1799389332479264e-95,1347,6068
SaProt,12,11,1.064491494173639,1.0011205635473732,1.0632999989548881,1.654685414880158e-09,1347,6068
SaProt,12,12,0.9884782225535194,0.9948475201348372,0.9935977147729588,0.7094516714033946,1347,6068
SaProt,12,13,1.5949900217116455,0.9659450999243171,1.6512222297484762,8.139182548338214e-55,1347,6068
SaProt,12,14,1.2745736810837132,1.065438587525485,1.196290143802611,2.058050663241889e-19,1347,6068
SaProt,12,15,1.2427498621018445,0.9432096481961723,1.3175754345585031,2.3376024302788405e-71,1347,6068
SaProt,12,16,1.2315793814443179,0.9785886670689325,1.2585261028345471,1.4336201359773921e-65,1347,6068
SaProt,12,17,1.1236844054287065,1.0005932652742044,1.1230181577534104,7.784734188112059e-13,1347,6068
SaProt,12,18,1.350876319337617,0.9711659819982951,1.3909839763518288,2.391006807047178e-89,1347,6068
SaProt,12,19,0.8606619526588571,0.795632423869848,1.081733130573933,7.679386184426316e-07,1347,6068
SaProt,13,0,1.1932132584392006,1.0063754232992015,1.1856542109578634,3.5128242729629775e-26,1347,6068
SaProt,13,1,1.634611793797195,1.0412514009509892,1.56985315199027,4.0206218763723024e-81,1347,6068
SaProt,13,2,1.4118067039855782,0.9831224195855617,1.436043646101296,1.1484804976193005e-71,1347,6068
SaProt,13,3,1.1335054565422962,0.9907695380191153,1.1440657115968245,3.938427623642273e-29,1347,6068
SaProt,13,4,1.071312331232922,1.012546122624203,1.0580380560407614,0.0005705163583138751,1347,6068
SaProt,13,5,0.9739958960853334,0.8497543959518011,1.1462087171604105,8.445391468223576e-14,1347,6068
SaProt,13,6,1.0298821486604595,0.907376031396848,1.135011409850689,1.8739089366676897e-14,1347,6068
SaProt,13,7,1.346786358563123,1.006816144809176,1.3376686155726898,6.819545203752337e-55,1347,6068
SaProt,13,8,1.1825621423893002,0.9553446114240073,1.2378382923274247,1.330453138286181e-52,1347,6068
SaProt,13,9,0.9863202912814545,1.0256188434985176,0.9616830828858305,0.9999737491080098,1347,6068
SaProt,13,10,1.4048311857931155,1.0276273455944749,1.36706286750323,6.378424158728717e-34,1347,6068
SaProt,13,11,0.7280865072424135,0.7313803239794904,0.9954964378599154,0.052490145385100426,1347,6068
SaProt,13,12,1.7641595916099344,0.937117900820934,1.8825375014867343,1.649551537837782e-163,1347,6068
SaProt,13,13,1.6182831801258375,0.9995868150746461,1.6189521067312087,6.620395975376464e-101,1347,6068
SaProt,13,14,1.9585531991370626,0.9494587559849711,2.0628101924293216,1.6016706622732537e-135,1347,6068
SaProt,13,15,0.9864557976623598,0.9679140130950576,1.0191564377790252,0.18671709581133172,1347,6068
SaProt,13,16,1.3788871488464083,1.0251212963612164,1.3450965790496439,3.487709370124483e-38,1347,6068
SaProt,13,17,1.2583105963472976,0.988888179059475,1.2724498310254537,3.83761848490149e-54,1347,6068
SaProt,13,18,0.9757610620251831,0.9743578378712769,1.0014401527851122,0.30161549951994476,1347,6068
SaProt,13,19,1.3458135537554268,0.9272182312540479,1.451452860169968,9.28063197206487e-67,1347,6068
SaProt,14,0,1.1606509393909372,0.9767042347325176,1.188334091444577,2.1696942094942637e-64,1347,6068
SaProt,14,1,1.1173948870491963,0.9656343188458513,1.157161531276905,1.4871215098572942e-32,1347,6068
SaProt,14,2,1.1865999821874949,0.9999050619172751,1.1867126464108904,3.8559170357496457e-35,1347,6068
SaProt,14,3,1.2523954458031374,0.9950068238582376,1.2586802580376786,3.3826111167522685e-38,1347,6068
SaProt,14,4,1.0847978574550852,0.989789505518025,1.0959884413881875,1.199997633117605e-07,1347,6068
SaProt,14,5,1.3383943987229,0.9922710813473893,1.3488193134738091,4.036690074773044e-73,1347,6068
SaProt,14,6,1.0691369963338309,1.021608178932944,1.046523528668819,4.961991192233113e-16,1347,6068
SaProt,14,7,1.7560387869498955,0.9606549316893185,1.8279599979379577,4.32597353481008e-113,1347,6068
SaProt,14,8,1.1075519157633043,0.9955402575212242,1.1125134392063418,2.567215084119983e-17,1347,6068
SaProt,14,9,1.375142454315577,0.9810663628070839,1.401681381044336,3.5257873863859257e-56,1347,6068
SaProt,14,10,1.123719152939833,0.989413725433229,1.135742434185251,1.5757964386807684e-18,1347,6068
SaProt,14,11,0.9754101685797982,0.9948248843820219,0.9804842881324949,0.8342585890099223,1347,6068
SaProt,14,12,1.4931525568123118,0.9975176910177885,1.4968682463053027,1.0570242683624281e-68,1347,6068
SaProt,14,13,1.704210583997286,1.010784918259419,1.6860269214660943,2.389396017437359e-73,1347,6068
SaProt,14,14,1.4689866465688548,1.0271363487944802,1.430176868234642,1.2147856975554652e-40,1347,6068
SaProt,14,15,1.431110253578305,0.971782839348099,1.4726646691336271,3.9301354441785985e-42,1347,6068
SaProt,14,16,1.6504686341829096,0.9888035189028861,1.6691573225934362,1.1073029204670334e-81,1347,6068
SaProt,14,17,1.111669153860081,0.9920279973775306,1.1206026007318615,9.467747439038009e-20,1347,6068
SaProt,14,18,1.6545413613717646,0.9861430603600719,1.677790401696524,2.3808202812075356e-139,1347,6068
SaProt,14,19,0.8884010371138807,0.9854672192206058,0.9015023734797658,1.0,1347,6068
SaProt,15,0,0.9893398766572509,1.0060239284985066,0.9834158498931961,0.9824572200209041,1347,6068
SaProt,15,1,1.21770646595123,0.938613529155619,1.2973459556316904,4.63394346274436e-37,1347,6068
SaProt,15,2,1.0479555146266728,0.9215223043002851,1.1372003799977353,7.366773071286569e-17,1347,6068
SaProt,15,3,2.403911131151358,0.8862771404846943,2.712369552752639,1.2147552191765692e-145,1347,6068
SaProt,15,4,1.4800953278076057,1.0015302537833006,1.4778338669416284,5.6109114953463124e-49,1347,6068
SaProt,15,5,1.2006204604615789,0.9581646020514994,1.253041969919327,1.4083057675403904e-43,1347,6068
SaProt,15,6,1.3653111397755437,0.9293430925100727,1.4691142063454308,2.630854467789308e-44,1347,6068
SaProt,15,7,1.4762548452496262,0.9724764300175085,1.5180366327470247,2.2099483028833483e-53,1347,6068
SaProt,15,8,1.0709706205036698,0.9300412272269504,1.151530264628075,2.854947889440172e-23,1347,6068
SaProt,15,9,1.014188989523989,1.0102790624306008,1.0038701456248944,0.024256642741203087,1347,6068
SaProt,15,10,1.395423929516085,1.0213737207524425,1.3662226677303593,1.0587159372507125e-53,1347,6068
SaProt,15,11,1.1972737234077502,0.9705126429898768,1.2336508257319412,6.46985550702351e-35,1347,6068
SaProt,15,12,1.0528366992494842,0.9963987720326012,1.0566419076387987,4.098074034862993e-10,1347,6068
SaProt,15,13,1.182041033527191,0.9280635038932237,1.2736639557191207,2.1551782793054443e-09,1347,6068
SaProt,15,14,1.1403566292019003,0.9958486678956682,1.1451103626132195,3.563776064320439e-24,1347,6068
SaProt,15,15,1.4062074184107975,0.991742267212588,1.4179161914346095,3.564688274850032e-69,1347,6068
SaProt,15,16,1.81790601842122,0.961285109624964,1.8911205429266018,6.088323528512764e-117,1347,6068
SaProt,15,17,1.823754199142357,0.9675012119973893,1.885014898717541,4.313055506158317e-73,1347,6068
SaProt,15,18,1.0770153305711088,0.9593207456746146,1.1226853327494017,1.0392090643941026e-41,1347,6068
SaProt,15,19,1.0330110683030522,1.0056695179472295,1.0271874108421146,2.42030017271382e-06,1347,6068
SaProt,16,0,1.3645415126879126,0.9701888484717024,1.4064700030694202,8.485128958268396e-63,1347,6068
SaProt,16,1,1.2956978511659853,1.0122965497450367,1.279958774424676,3.5150557305591494e-51,1347,6068
SaProt,16,2,1.2676248597983706,1.0067052313629428,1.2591817548044106,1.3678360939594632e-49,1347,6068
SaProt,16,3,2.0753620530975776,1.0351156054326163,2.0049567818371368,9.289116591569027e-43,1347,6068
SaProt,16,4,1.1826548002710056,1.010254288669344,1.1706506109751227,3.407429397238514e-16,1347,6068
SaProt,16,5,1.5014350397793028,1.0043746698512674,1.4948953660904674,1.594415393372719e-06,1347,6068
SaProt,16,6,0.9620386613470674,0.8596013353151578,1.1191684119410457,3.01933404038777e-14,1347,6068
SaProt,16,7,1.6577105396707232,0.977064792377458,1.6966229390346503,1.4294080529369665e-111,1347,6068
SaProt,16,8,1.0805665725190814,0.9438278252576909,1.1448767917221099,7.370616548338752e-15,1347,6068
SaProt,16,9,1.033069560327792,0.9130567983357665,1.1314406313065883,5.472577028627912e-22,1347,6068
SaProt,16,10,0.7759791980314317,0.6842504303531578,1.1340573035970625,1.190339315320906e-18,1347,6068
SaProt,16,11,1.7158305893120451,0.9441676297364419,1.817294445681227,3.993229050415781e-170,1347,6068
SaProt,16,12,1.3449722554565096,1.0240551182409612,1.3133787737585783,4.887885938573538e-41,1347,6068
SaProt,16,13,3.045723241494599,0.9707725947015552,3.1374219442514715,2.440558968645334e-130,1347,6068
SaProt,16,14,0.9183121234864416,1.0012763982869552,0.9171414856652429,0.9665600501535617,1347,6068
SaProt,16,15,1.6600756285008273,0.9775774896319221,1.6981524698629054,2.8839098921760607e-124,1347,6068
SaProt,16,16,1.5282333232379437,1.020278643224887,1.497858779448248,6.925895916225939e-104,1347,6068
SaProt,16,17,1.0850181837566888,0.886790673738995,1.2235335980495856,3.5265195929527243e-25,1347,6068
SaProt,16,18,1.0436289094958202,1.0219730406203942,1.0211902545514113,0.000846988508439274,1347,6068
SaProt,16,19,1.3557677039214213,0.9793077708076472,1.3844143223772267,9.738288853797623e-52,1347,6068
SaProt,17,0,1.1655678275278434,0.9971834446991755,1.1688599863182296,3.802418180449814e-24,1347,6068
SaProt,17,1,1.523125901762963,0.9940994570354686,1.5321665161201463,5.12982627584007e-87,1347,6068
SaProt,17,2,1.7457635522154233,0.9339711128162489,1.8691836698796143,5.1787909228011405e-154,1347,6068
SaProt,17,3,0.9045857145563708,0.8784844448363891,1.0297117039162178,0.019602518234650063,1347,6068
SaProt,17,4,1.1476580962793157,0.9715070842999177,1.181317269658754,1.2807222569072108e-40,1347,6068
SaProt,17,5,1.1770939191536454,0.9934082873995632,1.184904468871419,2.3680231195804237e-36,1347,6068
SaProt,17,6,1.1379526730989118,0.9879076002324068,1.151881686942389,4.845747472993903e-15,1347,6068
SaProt,17,7,1.6306684716662037,1.012770313735199,1.6101069013882663,2.202083512394815e-102,1347,6068
SaProt,17,8,1.1009431071717737,0.9752846886363954,1.1288428086685838,4.177842881983405e-13,1347,6068
SaProt,17,9,1.6952800044503669,1.0220157345848977,1.6587611590333513,5.858751062977105e-101,1347,6068
SaProt,17,10,2.9621183081836326,0.903184303515956,3.279638825268073,4.8147430920780424e-117,1347,6068
SaProt,17,11,1.442557920857368,1.015772424107841,1.4201585774730745,7.240409584244589e-88,1347,6068
SaProt,17,12,1.0716284676534473,0.9756678069623073,1.0983538249457145,3.473924664175919e-11,1347,6068
SaProt,17,13,1.5632722611859187,0.9378246630989531,1.66691314773087,3.0558509414243972e-127,1347,6068
SaProt,17,14,1.3666638218325513,1.0078715701969974,1.3559900509599898,4.857795568631516e-51,1347,6068
SaProt,17,15,1.5263070137791042,0.8980230508358681,1.6996301067755861,7.056032740470319e-34,1347,6068
SaProt,17,16,1.2535507198984568,0.857456620465829,1.4619406859526518,1.0737695651730192e-66,1347,6068
SaProt,17,17,1.0994196065882,0.7925793845857259,1.3871413109777726,1.1823673488395463e-38,1347,6068
SaProt,17,18,1.3827387249151157,0.9859673698127623,1.4024183428886712,4.847114535715966e-55,1347,6068
SaProt,17,19,1.379665011287001,0.9862236844949135,1.3989372116870071,1.2467647584881836e-84,1347,6068
SaProt,18,0,1.1280830597094278,0.9237666706736927,1.2211774850966743,1.144136723411769e-19,1347,6068
SaProt,18,1,1.5758348422397395,0.9519899021342996,1.6553062576680908,4.248786817023771e-108,1347,6068
SaProt,18,2,1.5760971738085008,0.924472199040775,1.7048616231443698,9.982701369109439e-102,1347,6068
SaProt,18,3,0.9637130435829969,0.9988650704538186,0.9648080327257306,0.9825962853348953,1347,6068
SaProt,18,4,1.384270432465326,0.9680492599189635,1.429958670265607,9.733271030129312e-71,1347,6068
SaProt,18,5,1.002753303439509,1.0072687353936363,0.9955171526768747,0.4451117067162495,1347,6068
SaProt,18,6,1.2632226591076599,0.9508150326445375,1.3285682448606342,3.738386252889936e-50,1347,6068
SaProt,18,7,1.2774128186631928,0.9286763790476731,1.3755198769814059,3.7841560801032024e-50,1347,6068
SaProt,18,8,0.14408270120911118,0.24087996950161863,0.5981514424267768,1.0,1347,6068
SaProt,18,9,1.702181824917871,0.9200948360145839,1.850006932210291,7.20799082926028e-125,1347,6068
SaProt,18,10,1.191865240451178,0.8662430169742282,1.375901700904144,4.166785599548965e-66,1347,6068
SaProt,18,11,1.195180679925212,0.9681985236215666,1.2344376186968495,1.994925808533429e-31,1347,6068
SaProt,18,12,0.6580693254768627,0.6164996280557744,1.0674285847538703,0.014066209792300572,1347,6068
SaProt,18,13,2.138828402162483,0.9375758992646801,2.2812322755308863,1.0294015795551889e-135,1347,6068
SaProt,18,14,1.4968474111073797,0.9990280795825219,1.4983036430096026,1.2042431532682729e-79,1347,6068
SaProt,18,15,1.547807875437124,0.9893072434211728,1.5645370896957878,1.0276814593507791e-70,1347,6068
SaProt,18,16,1.403324388692179,0.9711895913975995,1.4449541069243872,6.97806879525148e-81,1347,6068
SaProt,18,17,1.630565281346186,1.0342218654258477,1.5766107214091725,2.6585228844567074e-83,1347,6068
SaProt,18,18,1.3401582841972288,1.014121399110646,1.3214968990620921,6.125010342914625e-41,1347,6068
SaProt,18,19,1.571250918801838,0.996619010011401,1.576581324476104,1.7816708692725815e-86,1347,6068
SaProt,19,0,1.0793082713417061,0.9041184969025375,1.1937685989606004,1.7853239557829827e-28,1347,6068
SaProt,19,1,1.49645891430516,0.9056757700113223,1.6523119684282292,7.335949348277735e-107,1347,6068
SaProt,19,2,1.9069454585656291,1.0243890037393013,1.8615442489178957,2.0603129447730355e-91,1347,6068
SaProt,19,3,1.2422903214194816,0.953772219364521,1.3025021029100579,3.2268370327272952e-27,1347,6068
SaProt,19,4,1.0553041477953848,0.995911119037953,1.0596368768478108,2.3639760860562856e-05,1347,6068
SaProt,19,5,0.8975972675157637,0.8569279670305231,1.0474594155517765,0.00040577593190428143,1347,6068
SaProt,19,6,0.922198028865795,0.9303742928274501,0.9912118552450466,0.962357579564413,1347,6068
SaProt,19,7,1.216661526436441,0.9857375961442919,1.2342651139567031,1.2442953178349223e-41,1347,6068
SaProt,19,8,1.6307361723651865,1.0191448795668727,1.6001024045356873,4.0525328365919865e-112,1347,6068
SaProt,19,9,1.6133514966293008,1.0370889362328408,1.5556539466033616,3.095573413412738e-76,1347,6068
SaProt,19,10,1.1245334655953587,0.9553609986076759,1.1770770077847341,3.507255373254697e-10,1347,6068
SaProt,19,11,1.4376521352913616,1.0254423576379508,1.4019823977262973,1.2586959616471344e-37,1347,6068
SaProt,19,12,1.3395960459841032,0.9911539733812615,1.3515519101579674,2.421977049789252e-47,1347,6068
SaProt,19,13,1.3321355455724415,1.0044267070267887,1.3262645609212307,2.9826803202404873e-46,1347,6068
SaProt,19,14,1.5824612777544642,0.9308928197290289,1.699939288623043,1.7285779509593593e-86,1347,6068
SaProt,19,15,1.56730572690146,1.020140706043968,1.5363623053327207,8.424701255171719e-128,1347,6068
SaProt,19,16,1.3896273650123883,0.9738373546667726,1.4269604245032177,2.8081086627057613e-77,1347,6068
SaProt,19,17,1.4873675904454526,0.9855251881608895,1.5092131670638094,1.1683642450183273e-80,1347,6068
SaProt,19,18,1.3703980259127146,0.9750419207870096,1.4054760074383177,9.129032015306303e-62,1347,6068
SaProt,19,19,1.0907518888900434,0.9822749388094159,1.1104344066968754,1.8013164039981607e-18,1347,6068
SaProt,20,0,1.228780652959876,0.9538048614969449,1.2882935520284218,4.3220780245555215e-16,1347,6068
SaProt,20,1,1.83493618927094,1.0026043899303294,1.8301697136977915,3.2619004001648033e-146,1347,6068
SaProt,20,2,1.8164817923714518,0.9887244346930388,1.8371972297168928,1.9261370441689092e-139,1347,6068
SaProt,20,3,1.4832187787461653,0.9847927962576549,1.506122693405756,2.7900451916076292e-70,1347,6068
SaProt,20,4,1.2034395433956815,1.032700924789097,1.1653321058480253,2.090108180440558e-21,1347,6068
SaProt,20,5,2.5030870151325075,0.8711671240777563,2.8732569744093026,5.59972623544457e-115,1347,6068
SaProt,20,6,1.1596468804541038,0.9623933480702581,1.204961446148156,1.0616374394776142e-12,1347,6068
SaProt,20,7,1.046408962123732,0.9854534170347841,1.0618553287606047,1.1341031566028562e-13,1347,6068
SaProt,20,8,1.2216535341367956,0.9700529139363695,1.2593679340433688,5.363553214947299e-20,1347,6068
SaProt,20,9,1.903825771116113,0.9946105108254429,1.9141420188050275,2.108926223502098e-121,1347,6068
SaProt,20,10,1.0386280759051718,0.9818078407731666,1.0578730712593003,0.00037474835506346945,1347,6068
SaProt,20,11,1.2620064132883537,0.946827809589724,1.3328784817116872,4.4445765729287146e-58,1347,6068
SaProt,20,12,1.5150083716745808,1.028238855204106,1.4734012082959564,4.8703648137538616e-104,1347,6068
SaProt,20,13,0.8965747363273533,0.8261613778993439,1.08522954511266,9.53625888187465e-10,1347,6068
SaProt,20,14,0.9540668654227221,0.934783752672448,1.0206284209531304,0.002275423809894816,1347,6068
SaProt,20,15,2.330395574066802,0.99856949247154,2.333733998120536,1.8113214212688336e-92,1347,6068
SaProt,20,16,1.5431142495620136,0.965195577741455,1.5987581016200683,1.5294887269026324e-70,1347,6068
SaProt,20,17,1.4013092724278668,1.0204473255679807,1.37323038369266,8.180701214486309e-73,1347,6068
SaProt,20,18,1.0400284479504263,1.0402009870044164,0.9998341291191358,0.8961944043322982,1347,6068
SaProt,20,19,1.5877800699110463,0.9596764321857051,1.654495220117897,8.451356636731957e-93,1347,6068
SaProt,21,0,1.0198184712343996,0.9829130247775552,1.037547011308754,4.494211006048396e-06,1347,6068
SaProt,21,1,1.3932792225101742,0.9453268804260202,1.4738597318657438,7.910461860705865e-28,1347,6068
SaProt,21,2,1.5373019117975377,0.9994195165504298,1.5381948084260437,2.6231922927083583e-85,1347,6068
SaProt,21,3,1.2318559963236762,0.985237390640325,1.2503138918865726,3.4049354196031787e-19,1347,6068
SaProt,21,4,1.306711135170773,0.9822454450255409,1.3303305622728494,1.1646861605558462e-49,1347,6068
SaProt,21,5,1.0642722036410193,0.9993924082317632,1.0649192398049616,6.141174144801127e-09,1347,6068
SaProt,21,6,1.0441094825643031,0.9888890932020028,1.0558408316381545,0.00230670380795531,1347,6068
SaProt,21,7,1.3723723876670988,1.0042650437973386,1.3665440175811243,3.278856372794793e-81,1347,6068
SaProt,21,8,1.1838035535374303,0.9904250894011972,1.1952479457614993,2.3730049720781624e-29,1347,6068
SaProt,21,9,1.6442892909072113,1.0125338093413871,1.6239351967681512,5.878444744707069e-79,1347,6068
SaProt,21,10,1.662472372441798,0.9302923593672585,1.7870429179624072,3.6984410709077704e-55,1347,6068
SaProt,21,11,1.1799551595442146,0.8761570651106286,1.3467393079746799,2.0975041080862164e-06,1347,6068
SaProt,21,12,0.9308315280385167,0.9309827049772993,0.9998376157387517,0.9555398641126965,1347,6068
SaProt,21,13,1.137767894275116,1.009529375421447,1.1270280211510768,1.6613067995494364e-08,1347,6068
SaProt,21,14,1.3810017490904687,0.9472123167932466,1.4579643070582113,5.012942979474153e-65,1347,6068
SaProt,21,15,1.0739690516290614,1.0049759661097353,1.0686514780909624,2.106529786849888e-18,1347,6068
SaProt,21,16,1.2955122238278123,1.0139777495101556,1.2776535031993195,4.2522168103084564e-42,1347,6068
SaProt,21,17,1.3001876362138265,1.0097475146743407,1.2876363816881067,1.0471656714142436e-41,1347,6068
SaProt,21,18,1.4753759343069222,1.008728109869858,1.4626101125478392,1.3101075652404653e-82,1347,6068
SaProt,21,19,1.0997675788252108,0.9907162092103031,1.1100732667953743,1.113860076024265e-06,1347,6068
SaProt,22,0,1.5015249491849694,1.030051963805941,1.4577176705114776,9.72592956315448e-61,1347,6068
SaProt,22,1,1.4229604247307548,0.9907149872659714,1.4362964556109425,4.029357244695281e-62,1347,6068
SaProt,22,2,1.6369746097300615,0.977514470486006,1.6746295417153072,2.669796788905179e-109,1347,6068
SaProt,22,3,1.1034391502273817,0.9904916188977388,1.1140317890375848,4.5857065358507515e-27,1347,6068
SaProt,22,4,1.010279316767641,0.9734554043998629,1.0378280424571478,0.002575899922057698,1347,6068
SaProt,22,5,1.7011897390364008,0.9393186151143962,1.8110891359575783,4.4895530392523344e-74,1347,6068
SaProt,22,6,0.9356061958368389,1.0220951485443288,0.9153807227921317,1.0,1347,6068
SaProt,22,7,1.49226797578418,0.9357233826579353,1.5947746988488969,5.0114849866589985e-98,1347,6068
SaProt,22,8,1.1815264816516935,1.0137993993585095,1.165444053724351,3.120128977281842e-12,1347,6068
SaProt,22,9,2.2654234626134766,0.9470575285219663,2.3920653121770012,1.902627570923594e-120,1347,6068
SaProt,22,10,1.59784652968646,0.9121645427172071,1.7517086609469654,1.0432645334494772e-120,1347,6068
SaProt,22,11,1.0244941879796734,0.8203540852080955,1.2488438912567792,1.162924580070807e-10,1347,6068
SaProt,22,12,1.424174349586346,0.9554973242628826,1.4905058480252926,4.2552533647078857e-75,1347,6068
SaProt,22,13,1.2927077660072974,1.015539200345991,1.2729274907033385,5.141668272835562e-54,1347,6068
SaProt,22,14,0.8516001648078766,0.8842823868441679,0.9630409668647503,1.0,1347,6068
SaProt,22,15,1.0395090815396157,0.9118567912906271,1.139991598975001,0.8696211449903766,1347,6068
SaProt,22,16,1.4795897213690974,0.9516424015262603,1.554774901786749,4.21953372937218e-107,1347,6068
SaProt,22,17,1.9422838706039196,0.9826582277730235,1.976560940221988,1.1031360302174672e-113,1347,6068
SaProt,22,18,1.082493326601136,0.9208675860307605,1.1755146375246361,8.618645842529619e-07,1347,6068
SaProt,22,19,0.6398977679397521,0.5846226840975572,1.094548304993535,5.48580310213634e-06,1347,6068
SaProt,23,0,1.5603510691509834,1.0331771577356645,1.5102454186760048,3.933363689118572e-67,1347,6068
SaProt,23,1,1.0725127195617228,1.0605265613800023,1.01130208202058,0.9323341080298831,1347,6068
SaProt,23,2,1.4118715136380398,0.9846631282192747,1.4338624786238874,4.013546069606028e-34,1347,6068
SaProt,23,3,1.2352566341160842,0.994830428291758,1.2416755649876599,4.708130270231114e-31,1347,6068
SaProt,23,4,0.8652167869669557,0.7877180972379058,1.0983837872975055,0.0006715938476271987,1347,6068
SaProt,23,5,1.5971323935385535,1.0208884520577752,1.5644533840296264,5.095131475316774e-81,1347,6068
SaProt,23,6,1.3471436531413636,0.9710891000403431,1.3872503080154002,1.1190917310741492e-63,1347,6068
SaProt,23,7,1.1606346992271073,0.97620207603208,1.1889287348626438,2.563096352400826e-13,1347,6068
SaProt,23,8,1.155665985039631,1.0287749101908175,1.1233419221171301,3.081799130661364e-19,1347,6068
SaProt,23,9,1.4282701474122852,1.0070744682589623,1.4182368756517967,5.572486099756584e-60,1347,6068
SaProt,23,10,1.2224061720808879,0.8497476399696298,1.4385520060103691,1.8660486460621087e-13,1347,6068
SaProt,23,11,1.1843489176180952,0.9441221320600143,1.2544446077478573,7.734742481822858e-30,1347,6068
SaProt,23,12,0.8000530617321276,0.7209947814050038,1.1096516678984316,0.0028655070499627056,1347,6068
SaProt,23,13,1.5277630834499376,1.112853995167657,1.3728333546754015,7.619784551327978e-43,1347,6068
SaProt,23,14,1.5384945439004685,1.0710541621963607,1.436430199520022,1.3585445494572997e-31,1347,6068
SaProt,23,15,1.5794457599089247,0.9757124035089383,1.6187615881778177,9.34946105751976e-113,1347,6068
SaProt,23,16,1.6481492647260936,1.0809790175162555,1.5246820132670236,5.6002616851951025e-65,1347,6068
SaProt,23,17,1.1016125230543155,1.010143573096927,1.09055044490058,1.043353629374129e-06,1347,6068
SaProt,23,18,0.7802580032682941,0.6887045922985665,1.1329356766217662,8.620014577094428e-09,1347,6068
SaProt,23,19,1.056146402246614,0.9070685625066471,1.164351236391653,7.959937224910036e-25,1347,6068
SaProt,24,0,0.6956880098041465,0.5690444291301622,1.2225548203109042,2.3742220076381084e-21,1347,6068
SaProt,24,1,1.3187191426953122,0.9817250596313942,1.3432672719900298,2.8957337903957373e-28,1347,6068
SaProt,24,2,1.024343146800818,0.825738692885767,1.2405173157394067,4.914340277524853e-34,1347,6068
SaProt,24,3,1.3985145053900252,0.9691015858124591,1.443104134658455,2.520821112136932e-71,1347,6068
SaProt,24,4,1.122061589275056,0.9265358313170968,1.2110288143740904,0.5570975215944115,1347,6068
SaProt,24,5,0.7524543000190189,0.6958449401818437,1.081353411612624,0.0013924177565177995,1347,6068
SaProt,24,6,1.4341265981561977,0.9760164817464866,1.469367193051871,1.0772854943007733e-53,1347,6068
SaProt,24,7,1.1407368558817823,0.9396903001793568,1.213949804168514,6.593208634875505e-09,1347,6068
SaProt,24,8,1.1130137189547928,0.968683806742218,1.1489958965020495,0.016035285500651652,1347,6068
SaProt,24,9,1.0868529034107812,0.967738792666123,1.1230849808309313,0.1359758221032597,1347,6068
SaProt,24,10,1.6164251620692507,1.016335557350593,1.5904443669008148,1.0258089254572478e-95,1347,6068
SaProt,24,11,1.396627303818552,1.0091271899228003,1.3839953157197122,2.100722637879215e-63,1347,6068
SaProt,24,12,0.9823708925188782,1.0027593912786374,0.9796676062701727,0.9929104585579512,1347,6068
SaProt,24,13,1.3508280190765725,1.0307549987732383,1.3105228892261225,3.611371880530798e-40,1347,6068
SaProt,24,14,1.341079121188668,1.0538504088878258,1.272551692231127,5.0534642600424985e-18,1347,6068
SaProt,24,15,0.677940294705193,0.5592423611423081,1.212247751261962,1.1155602176140256e-17,1347,6068
SaProt,24,16,1.1342332610264476,0.9467533377325194,1.1980240426117155,7.526477253057485e-16,1347,6068
SaProt,24,17,1.9982048782845647,1.0042833634857862,1.989682345577206,9.278993295872124e-134,1347,6068
SaProt,24,18,0.71682512565117,0.6599345163570505,1.0862064460700815,0.013516579042830601,1347,6068
SaProt,24,19,0.6616923347718422,0.6504772080356549,1.0172413830917386,0.02250888848879558,1347,6068
SaProt,25,0,1.2453417738190207,0.9823221478540015,1.2677529225413644,3.990660455446531e-35,1347,6068
SaProt,25,1,1.682299575510517,0.9873585525504759,1.7038385611436877,1.6328119828682733e-102,1347,6068
SaProt,25,2,0.9704148802344854,1.0240255312947464,0.947647153882504,0.999999196842544,1347,6068
SaProt,25,3,1.1743981082658903,0.9803909467301167,1.1978875490260725,1.4752110033670655e-32,1347,6068
SaProt,25,4,0.9777757525444031,1.000938163477198,0.9768592988278814,0.9781057780965576,1347,6068
SaProt,25,5,1.698625092937403,1.0089934219654721,1.6834848037250436,3.729146923207063e-102,1347,6068
SaProt,25,6,0.9984332407508723,0.9302991932987351,1.0732388547070986,0.8741830337521354,1347,6068
SaProt,25,7,1.435276188227364,0.9994563871556273,1.4360568471747375,2.1689474709674036e-63,1347,6068
SaProt,25,8,1.1866270028270434,1.022119493245214,1.160947433904739,6.768329810134854e-33,1347,6068
SaProt,25,9,1.5987733536480795,1.0032146923408531,1.5936502583685037,2.277690909525849e-98,1347,6068
SaProt,25,10,1.7662679023913481,0.9348981619377276,1.8892623542338263,8.122572111225285e-82,1347,6068
SaProt,25,11,1.0784032156534697,1.0209003707925661,1.0563256185481271,1.384003426091334e-07,1347,6068
SaProt,25,12,1.5930697389096353,1.0125915593244799,1.5732599430044667,2.312426328471583e-64,1347,6068
SaProt,25,13,1.5151743544148089,1.0034099506434047,1.5100252428663394,4.742604817409402e-90,1347,6068
SaProt,25,14,1.1906021417525847,0.9732278812070111,1.2233539181758573,1.346680480167624e-07,1347,6068
SaProt,25,15,1.84002390716283,1.0273507405097007,1.7910376997927084,2.7352112916730248e-152,1347,6068
SaProt,25,16,1.0583023407566343,1.0246117845221854,1.032881289033934,0.0008399388448926732,1347,6068
SaProt,25,17,1.3201734719779992,0.9860277626056889,1.3388806299827631,4.726543604479846e-28,1347,6068
SaProt,25,18,1.0163433281642558,0.9937438440724627,1.0227417600889763,0.8236370303123659,1347,6068
SaProt,25,19,1.8077465994055393,1.0585820522016907,1.7077056952228686,2.298526968084937e-114,1347,6068
SaProt,26,0,0.8667136441360338,0.917618565681288,0.9445249655476841,0.9999999091231385,1347,6068
SaProt,26,1,1.0906760267244062,0.9908768327792538,1.1007180616638612,0.2377314453241111,1347,6068
SaProt,26,2,1.0742144265447888,0.9903548458540762,1.0846762966241585,0.00011020836871047147,1347,6068
SaProt,26,3,1.1995267575439383,1.0056590039784,1.1927768287248413,2.8027908381067155e-09,1347,6068
SaProt,26,4,1.142941168373217,0.8754483325457251,1.3055495405989828,5.772279276535073e-43,1347,6068
SaProt,26,5,1.1510617799265968,0.9498434457670094,1.2118436833525774,6.3699700498844495e-52,1347,6068
SaProt,26,6,2.161168649151047,1.022303826966978,2.11401795840177,8.116408901266024e-163,1347,6068
SaProt,26,7,1.6494409929250202,1.0104897889525346,1.6323183182630843,6.25722057046643e-130,1347,6068
SaProt,26,8,1.4074488281539925,0.9873139615598563,1.425533197089977,1.266095360163637e-57,1347,6068
SaProt,26,9,1.1086995772016253,1.0025874827850312,1.1058382397931315,1.625828029809405e-10,1347,6068
SaProt,26,10,1.2523608811603446,1.0056235205428767,1.245357587185579,1.0364333075587458e-17,1347,6068
SaProt,26,11,1.6773161321446997,0.9635096855201294,1.7408399285983696,3.785242639062475e-96,1347,6068
SaProt,26,12,1.7119002180158782,0.9942785116660317,1.7217511974058317,1.720469328466341e-107,1347,6068
SaProt,26,13,1.4454391650750447,0.8110580991096573,1.7821647631184276,4.368795742995293e-09,1347,6068
SaProt,26,14,1.6376459715471678,1.0160942211054664,1.6117068058565278,1.5519710245445988e-82,1347,6068
SaProt,26,15,1.6311744055043527,0.9823235696845921,1.6605265880244489,1.372236209115965e-26,1347,6068
SaProt,26,16,1.259904371000655,1.0095093580295595,1.248036346547432,2.1124576961461372e-33,1347,6068
SaProt,26,17,1.0329361696739328,0.8424628085248669,1.2260911214378476,6.184046941628167e-24,1347,6068
SaProt,26,18,1.0761835492356406,0.9996879586634387,1.07651946780921,0.01044306575306981,1347,6068
SaProt,26,19,1.025739572228727,0.9892517267361077,1.0368842878980922,0.0005772911977721203,1347,6068
SaProt,27,0,1.0175102497903878,0.9856293604106948,1.0323457180358435,0.0013504130408122028,1347,6068
SaProt,27,1,1.5008810098824363,0.9551214030455741,1.571403389241002,6.412173337254101e-45,1347,6068
SaProt,27,2,1.4569881205552804,1.036717139297437,1.4053863540277272,1.914629067232941e-52,1347,6068
SaProt,27,3,1.2086530908909034,1.0193470886582479,1.1857129964258164,0.11513307879800433,1347,6068
SaProt,27,4,1.471175391152335,1.014579633843883,1.4500344202441482,1.5685035341496415e-78,1347,6068
SaProt,27,5,1.4862604412044873,1.022399344940129,1.4536985460329317,8.471867241407134e-54,1347,6068
SaProt,27,6,0.9991986971699758,1.0053778353958203,0.993853914410783,0.998313215002112,1347,6068
SaProt,27,7,1.2460384286038506,1.0057441487063603,1.2389218771061896,1.3730676662273453e-28,1347,6068
SaProt,27,8,1.4271375093313172,1.004049435029532,1.4213817164185159,1.416062558193027e-71,1347,6068
SaProt,27,9,1.1226868442720896,1.01802531189249,1.102808379277953,1.7570535813052265e-05,1347,6068
SaProt,27,10,0.9709521996793521,0.9853898292099204,0.9853483067283694,0.9405714757596078,1347,6068
SaProt,27,11,0.8332486205638208,1.013322833607473,0.8222933431761521,1.0,1347,6068
SaProt,27,12,1.4344279879694437,1.006916716120199,1.424574609801404,2.1288499633339954e-68,1347,6068
SaProt,27,13,1.446747847780884,0.9980461112688306,1.4495801661324168,6.342799237287774e-79,1347,6068
SaProt,27,14,0.8769581525267808,0.8688760563601041,1.0093017825816655,0.28789790735106313,1347,6068
SaProt,27,15,2.046653146478717,1.011869292972694,2.0226457712398904,6.106426649740518e-99,1347,6068
SaProt,27,16,1.5932958475089374,0.9279854501067767,1.716940548287269,5.0377989779703405e-71,1347,6068
SaProt,27,17,1.5769406219234976,1.0203814992905842,1.5454421929639637,5.122708952687904e-123,1347,6068
SaProt,27,18,1.0102440555425778,0.9771614319883685,1.0338558425161044,0.34918522054623125,1347,6068
SaProt,27,19,1.8473305426421835,0.9938773628356194,1.8587107541835817,2.0842791264036222e-139,1347,6068
SaProt,28,0,1.5780544413700313,1.0088146981944672,1.5642659094820532,6.733516391750384e-81,1347,6068
SaProt,28,1,1.3702953052281803,0.9505081992073324,1.4416449078197595,2.047923817847698e-74,1347,6068
SaProt,28,2,1.4696401230653482,1.0318575504437904,1.4242664817767456,4.606155695004995e-93,1347,6068
SaProt,28,3,1.4747737567780543,0.9659370842734174,1.5267803470734187,1.1621542514600084e-72,1347,6068
SaProt,28,4,0.9828056518538801,0.9958314100297594,0.9869197154812681,0.9224496097874486,1347,6068
SaProt,28,5,1.1389674616240535,1.0218926387174139,1.1145666564871053,1.0939422103910427e-05,1347,6068
SaProt,28,6,1.9678147196017466,1.0121424625429398,1.9442072558222134,1.1128767583482742e-97,1347,6068
SaProt,28,7,1.2427886850916197,1.0048593144026452,1.236778788113653,2.385020568213816e-33,1347,6068
SaProt,28,8,1.1400300924124855,1.0099960268747084,1.1287471060060994,8.043696756356228e-20,1347,6068
SaProt,28,9,1.1645428451260726,0.9914340938717108,1.174604396121122,4.071108796764037e-48,1347,6068
SaProt,28,10,1.0528531953548623,1.0433382450375184,1.0091197177546212,0.5278608511273887,1347,6068
SaProt,28,11,1.0386403576701149,0.9987658090231327,1.0399238222681877,1.9795565817756702e-05,1347,6068
SaProt,28,12,1.19062295081488,1.0139095259384647,1.1742891454864783,5.319851620695969e-22,1347,6068
SaProt,28,13,1.3157340107290676,0.9911830134311631,1.327438013868308,6.465507287358752e-75,1347,6068
SaProt,28,14,1.4295313097896094,1.0090902907725967,1.4166535173924897,2.2999218338079353e-78,1347,6068
SaProt,28,15,1.3216074631558405,0.9676572416166805,1.365780574274223,1.324762071826342e-41,1347,6068
SaProt,28,16,1.1135199858621039,0.947563979149739,1.1751396321135796,5.859299172302849e-12,1347,6068
SaProt,28,17,0.9569699500854049,0.9748065624860022,0.9817024083679644,0.9993505279964844,1347,6068
SaProt,28,18,1.2741918630272968,1.0056146324594397,1.267077687514347,6.77333165813135e-34,1347,6068
SaProt,28,19,1.3743260060537277,1.0315159943369792,1.3323361087940224,5.237747908190044e-39,1347,6068
SaProt,29,0,1.1837586360391017,0.9856365778254457,1.2010092387711113,1.5199051094852138e-49,1347,6068
SaProt,29,1,1.829606157706106,1.0862417367005188,1.6843452943205548,1.376075808051721e-97,1347,6068
SaProt,29,2,0.8210631750853152,0.8623026535706932,0.9521751692232301,0.999709217765209,1347,6068
SaProt,29,3,1.3292801226416648,0.9720606556765111,1.3674868074117708,1.0891581137940011e-47,1347,6068
SaProt,29,4,0.9767020281180242,0.997007484248199,0.9796335970883044,0.9744961844471131,1347,6068
SaProt,29,5,1.438390339259404,0.9770831647737291,1.472126827190297,1.135766410404187e-77,1347,6068
SaProt,29,6,1.0730259753127582,1.0089124832056762,1.0635471293836811,0.2976404891259068,1347,6068
SaProt,29,7,1.253607838217559,0.9808615837012888,1.2780680363554051,1.6441078686521294e-22,1347,6068
SaProt,29,8,1.0043683087960737,0.8861572191490004,1.1333974232705508,1.2599812909676009e-14,1347,6068
SaProt,29,9,1.2413958998448156,0.982257313322799,1.2638194524053963,0.0021951092532737477,1347,6068
SaProt,29,10,0.9698598648863275,0.9108087197363612,1.0648337503477776,8.170473516304786e-06,1347,6068
SaProt,29,11,0.7164966258225215,0.7107356764307404,1.0081056144820422,0.8435956576974405,1347,6068
SaProt,29,12,0.7530837317108665,0.9953994114153288,0.7565643731294548,1.0,1347,6068
SaProt,29,13,0.8838969782304569,0.830518736683898,1.0642709660707812,9.9446260640959e-06,1347,6068
SaProt,29,14,1.0701484791685585,0.9724838733587147,1.100427995245345,3.0182957791414784e-20,1347,6068
SaProt,29,15,1.0963578619831742,0.9970392025798441,1.0996135950786514,4.031712339370037e-13,1347,6068
SaProt,29,16,1.206725803497728,1.0265121362408427,1.1755592173676972,1.4231439089231693e-28,1347,6068
SaProt,29,17,0.8737838554908899,0.9753669837370623,0.8958513770304563,0.9999999999999999,1347,6068
SaProt,29,18,0.979769065378769,0.9689334541406966,1.01118302933165,0.1392379974235627,1347,6068
SaProt,29,19,1.2637074722147201,0.9976009577831981,1.2667464504272792,8.827717028455786e-17,1347,6068
SaProt,30,0,1.2101790096552707,0.9981333632181763,1.2124421988594971,5.3928004955869116e-24,1347,6068
SaProt,30,1,1.0046500342482536,0.980238122984659,1.0249040622795453,4.0954413774643944e-05,1347,6068
SaProt,30,2,0.9416895309835119,1.0102489686481428,0.9321360973460104,0.9999999972619135,1347,6068
SaProt,30,3,0.943776865921909,0.9863759244466169,0.9568125524265942,0.9994621885964927,1347,6068
SaProt,30,4,1.4992959220031499,1.024068049111587,1.4640588809540918,2.232525517760506e-89,1347,6068
SaProt,30,5,1.0535273699459096,0.9688760081555353,1.087370686318806,1.9714510864062777e-12,1347,6068
SaProt,30,6,1.5345606637293088,1.028117981653393,1.4925919895511093,1.3587205786135728e-48,1347,6068
SaProt,30,7,1.1259515604202006,0.9979485065707582,1.1282661910976732,2.606167761078233e-20,1347,6068
SaProt,30,8,1.0148446564884122,0.9858937205644859,1.0293651692064232,0.0014009734707051535,1347,6068
SaProt,30,9,0.7550158575426098,0.8335788924272811,0.9057521302441989,0.9999999840678205,1347,6068
SaProt,30,10,1.0735005735908514,0.9503759559987993,1.1295535906762857,3.7026333488428476e-10,1347,6068
SaProt,30,11,1.0939544363980305,0.9902938006933221,1.1046766481140584,6.4591824402741325e-19,1347,6068
SaProt,30,12,2.195829372429901,1.0260615149573051,2.1400562640937473,7.391879323706115e-105,1347,6068
SaProt,30,13,1.6529489674929698,0.9925026755482842,1.6654352761113091,5.091996064959724e-118,1347,6068
SaProt,30,14,0.9233421313160866,1.0023161417171702,0.9212084819208985,0.9999999999982192,1347,6068
SaProt,30,15,0.9367429482312936,0.9959401303979623,0.9405615052954895,0.9999999940346254,1347,6068
SaProt,30,16,1.2886514926098325,1.057547915743476,1.2185277597600732,0.00275233368071127,1347,6068
SaProt,30,17,1.0295880153365904,0.9912208702977582,1.0387069584474213,3.42987035086225e-11,1347,6068
SaProt,30,18,1.4767251082964976,0.9682756453898631,1.5251081810509797,4.950216241078419e-83,1347,6068
SaProt,30,19,0.9872928673170546,0.9838078192207439,1.0035424073972812,0.5232731156483965,1347,6068
SaProt,31,0,1.3426625235331173,0.9878243682187741,1.3592117857491008,2.514950129077841e-75,1347,6068
SaProt,31,1,0.9403578355886268,0.889541686002359,1.0571262149777803,0.001492828497082262,1347,6068
SaProt,31,2,0.9663695424308402,0.9928615780052439,0.9733174934338492,0.9963641100189895,1347,6068
SaProt,31,3,1.1034704375052418,0.9808284629740425,1.1250391675618054,1.2942822692369135e-19,1347,6068
SaProt,31,4,1.0979839799443085,1.0073037098874642,1.0900227698625027,1.9537850306200823e-05,1347,6068
SaProt,31,5,1.818207786018174,1.0538083040772463,1.725368626327408,3.0188625230534074e-136,1347,6068
SaProt,31,6,1.1630604608619133,0.9333751071575997,1.2460804364107938,7.546532839225621e-44,1347,6068
SaProt,31,7,0.8864689367783892,1.014761934405587,0.8735733049522129,1.0,1347,6068
SaProt,31,8,0.9495906845653331,0.9846529646487459,0.9643912308780582,0.9989977582122248,1347,6068
SaProt,31,9,1.6578471578253846,0.9783454693242387,1.6945416622315328,4.659319117141692e-103,1347,6068
SaProt,31,10,1.0209098905324936,0.9754175484793146,1.0466388390531849,1.9566262955251953e-11,1347,6068
SaProt,31,11,1.1098294481358533,0.9534203261063338,1.1640505428159662,3.931244354879109e-26,1347,6068
SaProt,31,12,1.0658750479298338,0.9974219488494477,1.068630030810279,8.032702634335078e-07,1347,6068
SaProt,31,13,0.8973625206845551,1.0048200630895356,0.8930579251427573,1.0,1347,6068
SaProt,31,14,1.0029611344882734,0.9982838266812776,1.0046853486773848,0.014148849542651503,1347,6068
SaProt,31,15,0.9072892036961022,1.0040763652820235,0.9036057764802223,1.0,1347,6068
SaProt,31,16,1.4209857087446833,1.018758833082976,1.394820503734417,8.068090518237404e-71,1347,6068
SaProt,31,17,0.6365666907493637,0.9050132812626399,0.703378286185204,1.0,1347,6068
SaProt,31,18,1.0499972967789097,0.8999570125521172,1.1667193900754271,1.5252166354051496e-09,1347,6068
SaProt,31,19,1.1479411393448258,0.9888621988063513,1.1608706862599234,1.1987837077444112e-25,1347,6068
SaProt,32,0,0.996071084271826,0.9785424120031695,1.0179130429643553,0.32454133334776336,1347,6068
SaProt,32,1,1.0933894941330222,0.9673381024147718,1.1303074813279737,4.899858272459405e-22,1347,6068
SaProt,32,2,1.0591470831597214,0.9622864284765665,1.100656781408108,3.601232572994587e-16,1347,6068
SaProt,32,3,0.6635594634254862,0.8412482388926598,0.7887796167025962,1.0,1347,6068
SaProt,32,4,1.0909478132624757,0.9821141297396717,1.1108157190973849,9.088343736001353e-28,1347,6068
SaProt,32,5,0.9473334766465288,0.9847558609031303,0.9619983127368432,0.9994425783752281,1347,6068
SaProt,32,6,0.9496113840814158,0.9838837588877566,0.9651662358517997,0.9999996843975967,1347,6068
SaProt,32,7,0.9170483309048233,0.9810183025901461,0.9347922750101346,0.9999999999576417,1347,6068
SaProt,32,8,0.5069113650263108,0.5925455522209642,0.8554808370872392,1.0,1347,6068
SaProt,32,9,1.0964358278288164,1.0129273750045107,1.0824426853148617,7.875785441543962e-09,1347,6068
SaProt,32,10,0.9002962841222971,0.9657340893225994,0.9322403486386167,0.9999997778979655,1347,6068
SaProt,32,11,1.1015761521739613,0.9979472596618244,1.1038420532837114,0.0022182239040065195,1347,6068
SaProt,32,12,1.0507599839300426,0.985948400840841,1.0657352687361008,4.966227348317931e-09,1347,6068
SaProt,32,13,1.0129326255501157,0.9570596048469675,1.0583798756317608,9.578802481647365e-05,1347,6068
SaProt,32,14,0.9877748602217183,0.958551469856312,1.0304870330747988,0.07660073645584688,1347,6068
SaProt,32,15,0.8811600179298772,0.9810547734424717,0.8981761689389993,1.0,1347,6068
SaProt,32,16,0.9056619893823098,0.9697540443201519,0.9339089583454391,0.9999999522833769,1347,6068
SaProt,32,17,1.0295358469907496,1.0121248878180078,1.0172023822181444,0.0056322335646336,1347,6068
SaProt,32,18,0.9161489299362292,0.9752064588416464,0.9394409990110546,0.9999999108731865,1347,6068
SaProt,32,19,0.944048956550973,0.9738190882706041,0.969429504845197,0.9999982589322368,1347,6068
ProtT5,0,0,0.8395965961323195,0.9154393909844591,0.9171514841953888,0.9994872835356977,1347,6129
ProtT5,0,1,0.943828874459157,0.9584356361821107,0.9847597885851374,0.1452946783605027,1347,6129
ProtT5,0,2,1.035400390625,1.0146827542153594,1.0204178461923907,0.0001354823177227159,1347,6129
ProtT5,0,3,1.0904094240093727,0.9164765205949686,1.1897843529057224,1.986443926858226e-05,1347,6129
ProtT5,0,4,0.936840847499652,1.0415512137242642,0.8994669058565058,0.9999985057746411,1347,6129
ProtT5,0,5,0.9996019800946548,0.9891652788612538,1.0105510185774171,0.028675247751743557,1347,6129
ProtT5,0,6,1.0491478459075725,0.9418005635987722,1.1139809068478457,0.0021938449296678313,1347,6129
ProtT5,0,7,0.9108101010057071,0.9908779976437582,0.9191949999611989,0.999999999999999,1347,6129
ProtT5,0,8,0.9875983087416481,1.000904204620197,0.9867061245050939,0.9986768654177371,1347,6129
ProtT5,0,9,0.9882005551344568,0.7985467585561948,1.2374986743683787,0.004653618991505717,1347,6129
ProtT5,0,10,1.0313490971690562,1.0170837168320879,1.0140257680866238,0.2020652844556577,1347,6129
ProtT5,0,11,1.1099339678452116,1.0091914424189814,1.0998249897806855,2.2318947876989708e-09,1347,6129
ProtT5,0,12,0.9552410666643467,0.9326849445897577,1.0241840743816342,1.5618027754569597e-05,1347,6129
ProtT5,0,13,0.9937747312459401,0.9918057838025423,1.0019852147220285,0.18509284527426817,1347,6129
ProtT5,0,14,0.9375152701170425,1.0520563659319424,0.8911264647750731,0.9999999993398084,1347,6129
ProtT5,0,15,1.0019908245174463,1.0048031550983287,0.9972011129079235,0.4251331497251426,1347,6129
ProtT5,0,16,0.9726726529150427,1.0170731335212209,0.9563448496053978,0.9995963934805446,1347,6129
ProtT5,0,17,0.9913839384105884,1.0076026262982594,0.9839036863696402,0.9446126917037058,1347,6129
ProtT5,0,18,1.102379745789254,0.898067843449176,1.2275016345707077,0.00019809333611769454,1347,6129
ProtT5,0,19,1.0000927081883353,0.9384368084873144,1.0657006408352687,0.0001252206065040766,1347,6129
ProtT5,0,20,0.9637289861439774,1.0627549953028124,0.9068214126524813,0.9723593450757602,1347,6129
ProtT5,0,21,1.13659649843982,0.9576125030592266,1.1869064938154046,4.23028476053352e-40,1347,6129
ProtT5,0,22,1.036322669444831,1.0257801187234867,1.010277593149752,0.27057626312110705,1347,6129
ProtT5,0,23,0.9599495188961581,1.0061845771638929,0.9540491284431567,1.0,1347,6129
ProtT5,0,24,1.089831787653118,0.9947933396812286,1.0955358707993998,1.4224277518555742e-10,1347,6129
ProtT5,0,25,0.9152003191273215,0.9227387653437343,0.9918303570852963,0.5091353844189149,1347,6129
ProtT5,0,26,1.1127893437963994,0.9999408469851322,1.112855172534966,1.32246555561792e-06,1347,6129
ProtT5,0,27,1.0564582898338901,0.9817911883438367,1.0760519165139462,2.4446155902693273e-09,1347,6129
ProtT5,0,28,1.003851150705271,1.021758131966114,0.9824743442693374,0.9999199013906191,1347,6129
ProtT5,0,29,0.944329503207359,0.9418364885989634,1.0026469717818047,0.5669702262474565,1347,6129
ProtT5,0,30,1.0434715310644023,0.9306400427909325,1.1212407408723732,2.2500268062707205e-12,1347,6129
ProtT5,0,31,0.948434900511789,0.979795311535527,0.9679928953991521,0.7347661861382909,1347,6129
ProtT5,1,0,0.8007085073764181,0.9573320110891786,0.8363958356155181,0.999999999842317,1347,6129
ProtT5,1,1,1.114044348044845,0.9449748560351052,1.1789142757926026,5.650600179975263e-22,1347,6129
ProtT5,1,2,1.0183521297655906,1.0562084602247659,0.9641582775703962,0.405923084307081,1347,6129
ProtT5,1,3,1.105095742274499,0.9508860882625122,1.162174687289582,1.1545257614444307e-24,1347,6129
ProtT5,1,4,0.747094616681094,0.8887483544208852,0.8406143459673759,0.9999999991520476,1347,6129
ProtT5,1,5,0.9823612023391101,0.9120261524839646,1.0771195537140938,2.8341028725619398e-11,1347,6129
ProtT5,1,6,1.0551616439309577,0.9726055865381918,1.0848813316882218,0.004112305806940584,1347,6129
ProtT5,1,7,1.030066543273246,0.9880605166412368,1.0425136172577794,0.006031923039074544,1347,6129
ProtT5,1,8,1.0679830141924183,0.9607483796455631,1.1116157329210545,3.168336095012362e-30,1347,6129
ProtT5,1,9,1.1656736793036628,0.9530957328259877,1.2230394483535965,5.407119977362701e-20,1347,6129
ProtT5,1,10,1.0298049122471233,0.976778737132128,1.0542867827678997,6.2956401402057126e-09,1347,6129
ProtT5,1,11,1.111797964298557,0.937040483646203,1.1864993921845717,9.697900730900203e-14,1347,6129
ProtT5,1,12,1.0849134506078322,0.954488646285844,1.1366436414194176,9.244318143911374e-08,1347,6129
ProtT5,1,13,1.0393514994258073,0.9785236116528492,1.0621629228447662,1.535094401164243e-13,1347,6129
ProtT5,1,14,1.059795603366277,0.9771314643689325,1.0845987894277174,2.533245742348418e-19,1347,6129
ProtT5,1,15,0.9929472902746845,0.9588331663505466,1.0355787900558144,9.918816940251635e-06,1347,6129
ProtT5,1,16,1.0324357223227543,0.966982579616373,1.0676880267402007,6.551336260943155e-16,1347,6129
ProtT5,1,17,1.115091040653039,1.0348787331079305,1.0775088954666372,0.00028803359881006966,1347,6129
ProtT5,1,18,0.9923819334487518,0.9574115122681361,1.0365260086519847,0.14904555927399277,1347,6129
ProtT5,1,19,0.9901161108887806,0.9132415826255685,1.0841776477612834,0.05650366059099042,1347,6129
ProtT5,1,20,0.8973951445921492,0.839365865340492,1.0691346665951413,3.1112291007776307e-12,1347,6129
ProtT5,1,21,1.0189713323744651,0.9658785751698787,1.0549683558259364,0.012787842045217103,1347,6129
ProtT5,1,22,1.0591590615140125,0.9850694404610765,1.0752125870621438,4.065901789739663e-09,1347,6129
ProtT5,1,23,1.010901685458426,0.9663191496752122,1.046136450672843,1.0101079192744513e-10,1347,6129
ProtT5,1,24,1.0013767800334656,1.0117676996799643,0.9897299353895312,0.5076338766562574,1347,6129
ProtT5,1,25,1.0997966654493618,1.0672647812604166,1.030481549433802,0.01449202840746514,1347,6129
ProtT5,1,26,1.0545607172478193,0.9877199137807963,1.0676718192419243,3.853530079569529e-18,1347,6129
ProtT5,1,27,0.9486363558921446,0.9529091213709924,0.9955160829264595,0.8804203851587775,1347,6129
ProtT5,1,28,1.0244180499489606,0.9813881910028145,1.0438459106606701,3.4840764350729566e-10,1347,6129
ProtT5,1,29,1.0826694627293145,1.0251488165124865,1.0561095572567805,9.702026420672192e-07,1347,6129
ProtT5,1,30,1.1446245019313752,1.0353272833740912,1.1055677951430862,0.0017426143738422332,1347,6129
ProtT5,1,31,1.0198107710925401,1.0078154279310836,1.011902321426138,0.29099454177233847,1347,6129
ProtT5,2,0,0.9944209995850334,0.8857192526363125,1.122727090582229,3.1455166090643607e-06,1347,6129
ProtT5,2,1,0.8791575385803811,0.9699100986704154,0.906431987650772,0.9999999999751413,1347,6129
ProtT5,2,2,0.8143740556995871,0.9286116769485362,0.8769802016443089,0.9999999988316174,1347,6129
ProtT5,2,3,1.0649318001229584,0.9741404230432422,1.0932015291964596,2.85021522501236e-07,1347,6129
ProtT5,2,4,0.8097275561904058,1.0245262316534036,0.7903434106158992,1.0,1347,6129
ProtT5,2,5,1.2367278214463855,0.95955981234194,1.2888491217946885,3.229425557539765e-10,1347,6129
ProtT5,2,6,1.1251703841472078,0.9407078218141103,1.1960891129589741,7.8662338147469e-18,1347,6129
ProtT5,2,7,1.2798509944697707,1.0754746735669753,1.1900335971882539,1.684957867636397e-17,1347,6129
ProtT5,2,8,1.0986727776134466,0.8948742802253185,1.227739808698954,5.144913380054455e-48,1347,6129
ProtT5,2,9,1.1123752608154116,1.0418320473925988,1.0677107347574515,0.510745184994441,1347,6129
ProtT5,2,10,1.1814744208774128,1.0305442069401105,1.146456806918981,3.632179081283628e-11,1347,6129
ProtT5,2,11,1.5334510038584006,1.0239224899921862,1.497624106166574,2.0106357074571885e-59,1347,6129
ProtT5,2,12,1.2369015926596139,0.8692535733997695,1.422946802302949,1.354659583837721e-30,1347,6129
ProtT5,2,13,1.0422944180064495,0.9870985382473436,1.0559172945966566,1.0483675996856902e-11,1347,6129
ProtT5,2,14,1.1581404133027098,1.0144258269790647,1.1416708669096327,3.278075867056661e-47,1347,6129
ProtT5,2,15,1.0247582518443763,0.9692615042854666,1.057256733413571,2.219505147019826e-12,1347,6129
ProtT5,2,16,1.0145599886321455,0.9476133331931188,1.0706476503590767,4.368847771214309e-12,1347,6129
ProtT5,2,17,1.1283649538035914,0.9692715224559981,1.1641371150000082,8.482140784189527e-25,1347,6129
ProtT5,2,18,1.0741669698034115,0.9845414923345659,1.0910327072720154,0.00010596902729193285,1347,6129
ProtT5,2,19,0.9521143176242344,1.062996103588919,0.8956893768563006,0.9997326027945357,1347,6129
ProtT5,2,20,1.0585890375603193,0.9999369034508077,1.058655835090296,6.826256432024165e-15,1347,6129
ProtT5,2,21,1.1816542185760022,0.9496165291289362,1.2443488316909452,5.665036540101449e-32,1347,6129
ProtT5,2,22,1.2875467256519117,0.9926633332249857,1.2970628435210785,1.9794183347661706e-46,1347,6129
ProtT5,2,23,1.0107942055841685,0.9576649440990068,1.0554779224326176,3.1169077414708387e-06,1347,6129
ProtT5,2,24,1.1029560057959382,1.0902399059064742,1.0116635795668214,0.13596217342082778,1347,6129
ProtT5,2,25,1.0596723351198918,1.0935178027104,0.9690490017568817,0.9581061904556968,1347,6129
ProtT5,2,26,1.1839020664637054,0.9655301795345785,1.2261678521891364,8.957785432037197e-22,1347,6129
ProtT5,2,27,0.9575126438381588,0.9236989443756118,1.0366068399974235,0.0004165959830159281,1347,6129
ProtT5,2,28,0.9677709906563196,1.0634545730638123,0.9100256984820438,0.9999235619663193,1347,6129
ProtT5,2,29,0.9916998701088501,1.0987080906864712,0.9026054131350189,0.9999999539151525,1347,6129
ProtT5,2,30,1.0413134149382888,1.0389485184141543,1.0022762403355119,0.1783786231916823,1347,6129
ProtT5,2,31,1.2078254037020202,1.045214186369799,1.1555769328935313,4.205904900891779e-12,1347,6129
ProtT5,3,0,1.209443044910275,0.8050187170495798,1.502378788586337,4.935782507302318e-16,1347,6129
ProtT5,3,1,1.0771071470128932,0.8862057083834441,1.2154143635315535,4.00518373481205e-14,1347,6129
ProtT5,3,2,1.350499833524006,1.0177462206401877,1.326951460133655,2.1205983423138217e-52,1347,6129
ProtT5,3,3,1.3106657734780995,1.0352665195847865,1.2660177342581957,2.715874550464445e-49,1347,6129
ProtT5,3,4,1.1907827126687778,0.9568822073068991,1.2444402284584022,4.365752141702553e-21,1347,6129
ProtT5,3,5,1.0575972502551967,0.9717538578122451,1.0883386175962448,5.361200996856857e-15,1347,6129
ProtT5,3,6,1.0998784824929242,0.9832724933621155,1.1185896991098534,1.6521215833144784e-06,1347,6129
ProtT5,3,7,1.4214739895079342,0.9507998881788934,1.4950296136766934,2.7673812541595165e-36,1347,6129
ProtT5,3,8,1.1529581796353006,1.0184067452123102,1.1321195436455402,2.302515095666648e-22,1347,6129
ProtT5,3,9,1.3781899591685227,1.0081623741494712,1.3670317346758973,5.68859294413983e-28,1347,6129
ProtT5,3,10,1.162042313358389,1.0088760891324797,1.1518186681950358,6.945751585316918e-10,1347,6129
ProtT5,3,11,1.4082987104952556,1.043679362935175,1.349359545190823,2.1718774680565825e-27,1347,6129
ProtT5,3,12,1.2915454572806468,1.0718163459019747,1.2050063074880255,2.982549225393504e-14,1347,6129
ProtT5,3,13,1.1016747829377784,1.001671401297877,1.0998365147595568,2.991900791420526e-08,1347,6129
ProtT5,3,14,1.109587784776355,1.023800105989456,1.0837933872882237,1.4810235716343233e-23,1347,6129
ProtT5,3,15,1.0214519316652746,0.9809643208134483,1.041273275686778,6.801502622014282e-08,1347,6129
ProtT5,3,16,1.125798396030531,1.0003708117275454,1.125381091523836,3.7854346046669964e-21,1347,6129
ProtT5,3,17,1.1258523172153396,0.9837161110983643,1.1444890497506173,5.892473320439378e-16,1347,6129
ProtT5,3,18,1.0924823990377923,0.9426242245179168,1.158979761629314,6.789395118278974e-19,1347,6129
ProtT5,3,19,1.0329255441780345,0.9555095635885749,1.081020623486709,0.004919425568907249,1347,6129
ProtT5,3,20,1.1719391616787305,0.9908209458555127,1.182796111225559,1.0449407654632499e-45,1347,6129
ProtT5,3,21,1.1502859544647828,0.9890166544217934,1.1630602470868114,8.668980102890882e-12,1347,6129
ProtT5,3,22,1.3681189318276725,0.9513827893566319,1.4380320383479466,2.8789619982389268e-33,1347,6129
ProtT5,3,23,1.0408291211372493,0.9922000874428945,1.0490113176866191,1.0414354784902285e-10,1347,6129
ProtT5,3,24,1.0289657354885857,0.956696497711316,1.0755404017367658,0.00019626027836866202,1347,6129
ProtT5,3,25,1.4904530729819159,1.0390766608732562,1.4344014538150784,9.035242685376144e-58,1347,6129
ProtT5,3,26,1.1734888293429844,1.0646760143566956,1.102202748553546,4.424201627147559e-19,1347,6129
ProtT5,3,27,1.0062703541144673,0.9398675994200854,1.0706511797356921,3.5500019372398984e-06,1347,6129
ProtT5,3,28,1.057672105547049,0.9780363859953703,1.0814240867640437,8.182425042944477e-21,1347,6129
ProtT5,3,29,0.9745332962863076,1.0195167007483634,0.9558777169328994,0.9945545787631401,1347,6129
ProtT5,3,30,1.0239585870800854,0.9067728768011197,1.1292338062562801,1.1443198003639332e-05,1347,6129
ProtT5,3,31,1.7797596456390359,1.031686955553261,1.725096586769004,9.982912617376755e-30,1347,6129
ProtT5,4,0,1.2903753675702951,0.9851740760697414,1.3097942778987095,4.756753407437761e-16,1347,6129
ProtT5,4,1,1.1736114887104445,1.001706248299102,1.1716124269996697,2.2320432810244627e-05,1347,6129
ProtT5,4,2,1.0247649353525774,0.9985341604079988,1.026269281497451,7.563358852862064e-08,1347,6129
ProtT5,4,3,1.2319743744780067,0.957290206264372,1.2869392859303692,2.7068020032404735e-42,1347,6129
ProtT5,4,4,1.1794569529510022,0.9992369659418849,1.1803576060051393,5.989904792811286e-24,1347,6129
ProtT5,4,5,1.3329983876206384,0.9394446628325953,1.4189216676173426,2.0876075851930515e-38,1347,6129
ProtT5,4,6,1.6568625718465804,1.0828312397547775,1.5301207713787428,5.72695219800034e-14,1347,6129
ProtT5,4,7,1.1222939268252365,0.7287329575583292,1.540061987295814,1.037002782786777e-49,1347,6129
ProtT5,4,8,1.0810953776041667,0.9743313757469612,1.1095766846011257,1.4612723529013943e-17,1347,6129
ProtT5,4,9,1.4938368538882703,1.1095640879895718,1.3463276885564721,2.6081800568058557e-14,1347,6129
ProtT5,4,10,1.2127189381350918,0.9997455673479182,1.2130275719572732,6.0342430713465265e-40,1347,6129
ProtT5,4,11,1.1725414024075491,1.0136452561433096,1.1567571547355762,2.2715019383207898e-10,1347,6129
ProtT5,4,12,1.4632487477597786,0.808667038992074,1.8094576348549807,2.8200593594971308e-15,1347,6129
ProtT5,4,13,1.10046495467358,0.988216719438326,1.1135866587028125,8.085546444323824e-08,1347,6129
ProtT5,4,14,1.2617625213147272,1.0351992106239292,1.2188596246651358,2.3365578684932847e-49,1347,6129
ProtT5,4,15,1.0804881072522272,0.9953836349858256,1.0854991676326018,5.238953904779612e-13,1347,6129
ProtT5,4,16,1.0897176922385394,0.9869919931116414,1.1040795668494126,4.0787170332938146e-14,1347,6129
ProtT5,4,17,1.340338692102241,1.0485839296036898,1.2782369195843193,1.9040463792482562e-27,1347,6129
ProtT5,4,18,1.1448703190974157,0.9944131172467725,1.1513025112412167,2.59329822626433e-16,1347,6129
ProtT5,4,19,1.1561843883398293,0.8752841884110759,1.3209245678694117,1.070878403896418e-13,1347,6129
ProtT5,4,20,1.008244594469191,0.9471973301555616,1.0644504184820742,3.2936050616971365e-12,1347,6129
ProtT5,4,21,1.3503835291533268,1.0716172671275264,1.2601360304439984,2.098352587460621e-15,1347,6129
ProtT5,4,22,1.3647322056465176,0.9208772907951057,1.48199137853446,2.0920008187670596e-64,1347,6129
ProtT5,4,23,1.0558516538488307,0.9740921944151268,1.0839340053256403,6.1039351811714895e-09,1347,6129
ProtT5,4,24,1.4140040023112703,0.9852780544226857,1.435131936577835,3.23293613159414e-40,1347,6129
ProtT5,4,25,1.0228404248300622,0.9667217984715339,1.058050440620307,2.8758022099625286e-05,1347,6129
ProtT5,4,26,1.132848930783686,1.045805983528614,1.0832304926783682,4.348981499004934e-05,1347,6129
ProtT5,4,27,1.1517117393397365,0.9819202793424447,1.172917764883107,6.376352591990493e-23,1347,6129
ProtT5,4,28,1.0869840241044915,0.9701719627934309,1.1204034602017583,1.0200680320035446e-25,1347,6129
ProtT5,4,29,0.9899618238011554,0.9359543038379273,1.0577031589488584,0.01190505024994948,1347,6129
ProtT5,4,30,1.1876552329739554,1.0591013866840946,1.1213801132791883,1.7737571400418337e-07,1347,6129
ProtT5,4,31,1.0401273867600744,0.9277818088217181,1.1210905159705977,0.8640743411882845,1347,6129
ProtT5,5,0,1.2229734617600019,0.9019763291144686,1.3558819918929337,1.4961544635916434e-20,1347,6129
ProtT5,5,1,1.1493620104318916,0.9345779898194275,1.2298192584804646,9.7902671232398e-10,1347,6129
ProtT5,5,2,1.7519868823804055,0.8595996744034827,2.0381427943143335,3.369590745035579e-42,1347,6129
ProtT5,5,3,1.3314435770534636,1.008757758206694,1.3198843490635652,1.7034397068767442e-45,1347,6129
ProtT5,5,4,1.1609520632510903,1.1025248966475338,1.05299396574283,0.515059297690093,1347,6129
ProtT5,5,5,1.1284207780890405,1.0684288748132598,1.056149646167384,4.726476187146242e-09,1347,6129
ProtT5,5,6,1.4838404439516923,1.024347384654011,1.4485715160515416,6.28031704061407e-38,1347,6129
ProtT5,5,7,0.9830437018062419,0.7410510768507604,1.3265532329888459,2.907597362574662e-21,1347,6129
ProtT5,5,8,1.0628960714927849,0.9706964130249123,1.0949830011018145,1.3292858705254792e-16,1347,6129
ProtT5,5,9,1.7578296109137928,0.8747190580338478,2.009593360026886,1.553532035596268e-43,1347,6129
ProtT5,5,10,1.135882654452023,0.784783073147702,1.4473842432611204,1.1028457581113259e-35,1347,6129
ProtT5,5,11,1.2827345884191432,0.9976208338750714,1.2857937052463118,1.4142536603391794e-13,1347,6129
ProtT5,5,12,1.114715734763595,0.8588329134066783,1.2979424954056806,1.0845831814220348e-14,1347,6129
ProtT5,5,13,1.2284033647181816,0.8214875188731976,1.4953402656721244,1.0555832887480038e-55,1347,6129
ProtT5,5,14,1.0367898353401077,1.016654820130221,1.0198051637696535,0.2973941048355382,1347,6129
ProtT5,5,15,1.0429823435760022,0.9400240013855747,1.1095273546618694,9.174472872444254e-15,1347,6129
ProtT5,5,16,1.0861537284822755,0.9787032416330151,1.1097886287471306,5.109706104553219e-24,1347,6129
ProtT5,5,17,1.3423898494411772,1.02820696078422,1.3055638608177949,2.28254869216824e-10,1347,6129
ProtT5,5,18,0.69927980781221,0.868622647741526,0.8050444109768286,1.0,1347,6129
ProtT5,5,19,0.7081716830587068,0.8300279196255124,0.8531901955517545,0.9999999999579723,1347,6129
ProtT5,5,20,1.0588416515143606,0.9459106325811459,1.1193886769462091,2.720316384496716e-13,1347,6129
ProtT5,5,21,1.5831951319773108,0.9581306944237309,1.6523790973313153,2.6945880484204526e-28,1347,6129
ProtT5,5,22,1.3019432798525803,0.7426826226845479,1.7530277942231813,2.3149010351304282e-55,1347,6129
ProtT5,5,23,1.026018648211303,0.9877438936561838,1.0387496746888947,3.010239745682581e-07,1347,6129
ProtT5,5,24,1.2766308122506032,0.9214846398939723,1.3854065027036095,1.0018711619033942e-35,1347,6129
ProtT5,5,25,1.016791685652361,0.6925415316653458,1.4682031895001229,5.4762921741573767e-42,1347,6129
ProtT5,5,26,1.420378528529835,1.0524677582210342,1.3495696352073274,4.517941900206577e-53,1347,6129
ProtT5,5,27,1.0403832065324563,0.9843613034380768,1.0569119315222082,0.0005425425847197988,1347,6129
ProtT5,5,28,1.047906661794729,0.9850013049513583,1.0638632218324595,0.00015813959398306113,1347,6129
ProtT5,5,29,1.6841154941029255,0.8656497108234164,1.9454930476450742,2.900977585348675e-31,1347,6129
ProtT5,5,30,1.7483898295945561,1.0140007717377173,1.7242490127480858,4.459099794228635e-39,1347,6129
ProtT5,5,31,1.4607222683799648,0.8625369726259764,1.693518440065039,8.027149207783391e-24,1347,6129
ProtT5,6,0,0.6938466763797299,0.6612339365208085,1.0493210315709425,5.060733698928372e-08,1347,6129
ProtT5,6,1,1.305340897886507,0.9692355943438007,1.346773586839079,1.0967922388503262e-18,1347,6129
ProtT5,6,2,0.7926890763337292,0.525582210685791,1.508211389611934,8.851074889855663e-38,1347,6129
ProtT5,6,3,1.4023264408465572,0.917024462739257,1.5292137754511452,3.6506604840640718e-34,1347,6129
ProtT5,6,4,4.424782651392902,0.8755024225176169,5.053992470596352,4.653116912949008e-21,1347,6129
ProtT5,6,5,1.3049720135457266,0.8637264361874005,1.5108626514965093,1.5043243755679288e-13,1347,6129
ProtT5,6,6,1.7343399285739143,0.9688641757750359,1.7900754016284497,2.6935277880753136e-18,1347,6129
ProtT5,6,7,1.2569852629323846,0.9368688677045411,1.3416875149370402,5.379904035275743e-31,1347,6129
ProtT5,6,8,1.2682356689271876,0.9844029682226021,1.2883297895952734,1.3916605882178715e-42,1347,6129
ProtT5,6,9,1.0467378861300576,0.8403184330274744,1.2456443236153958,6.205759128863001e-13,1347,6129
ProtT5,6,10,0.9663615633844886,0.6976270764351358,1.385212237349763,1.897812884359711e-37,1347,6129
ProtT5,6,11,1.5202362128514755,0.9988451319896955,1.521993914935713,3.4762038055908243e-35,1347,6129
ProtT5,6,12,1.056573699294149,0.9817094496323829,1.0762590700230095,0.8340477066006498,1347,6129
ProtT5,6,13,1.2601714838675064,1.0099848197828714,1.2477132915110751,4.1873067703032813e-07,1347,6129
ProtT5,6,14,1.1060405184626136,0.7788733010736292,1.420051909518537,9.166206301440632e-51,1347,6129
ProtT5,6,15,1.129236120777654,0.9897380871803109,1.1409443926673193,1.807058667566052e-24,1347,6129
ProtT5,6,16,1.2134428866810505,1.0773713069398556,1.1262996135730494,3.778145306688948e-09,1347,6129
ProtT5,6,17,1.2863353794383932,0.9807799344429244,1.311543328187094,2.47684929511868e-14,1347,6129
ProtT5,6,18,1.2082412141999583,0.988939601146955,1.2217543041037704,5.474717593377928e-12,1347,6129
ProtT5,6,19,0.7670949639969609,0.9379684042436572,0.8178260168747556,1.0,1347,6129
ProtT5,6,20,0.8710105120029463,0.7744451352600407,1.1246897583138427,1.1276783942695962e-14,1347,6129
ProtT5,6,21,1.1569918467543616,0.8966327355413302,1.2903743092268911,0.0006762011829906756,1347,6129
ProtT5,6,22,1.0028793459568717,0.7437151764010621,1.3484723423420508,1.3591987939339517e-26,1347,6129
ProtT5,6,23,1.0615406560296028,1.0253056995941425,1.0353406368947364,0.000690901656538351,1347,6129
ProtT5,6,24,1.250318486157752,0.7728067162492416,1.6178928830045338,8.175282283549392e-29,1347,6129
ProtT5,6,25,1.1315947251578304,0.8397302675799574,1.347569295577502,8.540306681990146e-21,1347,6129
ProtT5,6,26,1.3422558847496753,1.0174218873484409,1.3192716821217618,1.3674977597110024e-15,1347,6129
ProtT5,6,27,0.6174645823908455,0.6940608958977046,0.8896403558252785,0.9999998887365851,1347,6129
ProtT5,6,28,1.018719804136507,0.9715720170628365,1.0485273209249102,0.0008266127166153957,1347,6129
ProtT5,6,29,1.068365673356881,0.9486634174632605,1.1261799007847335,9.46785840210287e-13,1347,6129
ProtT5,6,30,0.9418207181323079,0.8161072683559971,1.1540403506386527,0.0001132177155442525,1347,6129
ProtT5,6,31,2.0043106135741464,0.7926616646917128,2.5285827520795725,3.973471705823169e-43,1347,6129
ProtT5,7,0,0.8491407364673232,0.5793801380965969,1.46560208166085,1.6830832755321197e-10,1347,6129
ProtT5,7,1,1.481220350145143,0.9610877065834398,1.5411916519156375,4.4404845131518774e-14,1347,6129
ProtT5,7,2,1.0353342352217891,0.7386920074398161,1.4015776870391299,2.708884105593333e-35,1347,6129
ProtT5,7,3,0.8884757650102079,0.697688104744972,1.2734569486962588,1.3324522126598222e-06,1347,6129
ProtT5,7,4,1.313874401157665,1.031521167776911,1.2737250986223283,7.764411829223688e-07,1347,6129
ProtT5,7,5,1.1484964054960096,0.9566526109543257,1.2005365295039614,1.178575873505162e-10,1347,6129
ProtT5,7,6,0.7894071877754965,0.9366723930569258,0.8427783220974258,0.9999999985527065,1347,6129
ProtT5,7,7,1.2634316765120406,0.8725276927727046,1.448013268779043,6.1797801591914816e-24,1347,6129
ProtT5,7,8,1.1029631820712695,1.0078827267779205,1.0943368238855624,9.912398232242977e-08,1347,6129
ProtT5,7,9,1.4783652234095153,0.7934760045297268,1.8631505111307116,4.769713326342022e-11,1347,6129
ProtT5,7,10,1.0519553724712323,0.7436202203766482,1.4146406238636309,1.7826219256257434e-10,1347,6129
ProtT5,7,11,2.6265779762862786,1.0407041306012528,2.523846979226275,3.766404515201886e-16,1347,6129
ProtT5,7,12,1.3082357405200213,1.0343141560454143,1.2648340283013393,5.070561595668499e-05,1347,6129
ProtT5,7,13,1.2407142282328787,1.0202954989853565,1.216034207214204,2.504781483509289e-07,1347,6129
ProtT5,7,14,1.085645328739792,1.0175570529832558,1.0669134723767244,0.5282082363578053,1347,6129
ProtT5,7,15,1.0565780945503898,0.8962954637723833,1.1788278946580841,7.804887488087321e-21,1347,6129
ProtT5,7,16,1.0411600794009837,0.9264128129971243,1.1238619164091976,3.596296142529823e-05,1347,6129
ProtT5,7,17,1.5223962320782294,0.9930199840792747,1.5330972754690237,8.558788504569795e-20,1347,6129
ProtT5,7,18,0.9826322582445944,0.974618935083211,1.0082220064405987,0.7731929934784729,1347,6129
ProtT5,7,19,0.6944095806979921,0.719224714147537,0.965497384946015,0.7712939383735897,1347,6129
ProtT5,7,20,0.9315396700422235,0.8910539489835719,1.0454357686252709,0.004532860987246195,1347,6129
ProtT5,7,21,1.1527185702023015,0.9114555151004701,1.2647008560535584,6.676607448162279e-21,1347,6129
ProtT5,7,22,0.9698290354070968,0.6010869655276146,1.6134587689084428,6.009961495750849e-22,1347,6129
ProtT5,7,23,1.0457382145508538,0.9984236617795521,1.0473892542640366,3.3715842375391224e-10,1347,6129
ProtT5,7,24,1.0648350308537926,0.5669440750119581,1.878201180303953,6.008999686002866e-16,1347,6129
ProtT5,7,25,3.15814128555717,1.03039552772934,3.0649796127480258,4.727774982213168e-19,1347,6129
ProtT5,7,26,1.5247345990221326,0.9029670126540448,1.6885828359782027,7.234400636715852e-33,1347,6129
ProtT5,7,27,0.7679700731080642,0.7937760591934859,0.9674895887995894,0.9997394221286399,1347,6129
ProtT5,7,28,0.8686619272210816,0.8328158290998098,1.0430420470754234,0.9754480343341387,1347,6129
ProtT5,7,29,1.7618950700087288,0.8966163638988314,1.9650489785255918,3.863331187638661e-33,1347,6129
ProtT5,7,30,0.6279310355296203,0.8760723967325786,0.7167570144563022,0.6895977854769517,1347,6129
ProtT5,7,31,2.50433295235071,0.7332056424885789,3.4155942169931133,1.009200009120738e-38,1347,6129
ProtT5,8,0,0.9128867462996474,0.8693836353443287,1.0500390267158513,0.33521373201692845,1347,6129
ProtT5,8,1,1.5029071901317164,0.97558162301453,1.5405242930753038,1.208050175355751e-10,1347,6129
ProtT5,8,2,0.7606580659205062,0.5755974633753212,1.321510455344928,0.9651582164013157,1347,6129
ProtT5,8,3,1.2983944219576489,0.7740485511415058,1.677406953404769,3.6622350719551203e-29,1347,6129
ProtT5,8,4,2.5317663746404047,0.9643004285625969,2.6254954365355827,7.367442287152438e-26,1347,6129
ProtT5,8,5,1.1908437931369478,0.8354550842593867,1.425383381552589,3.754948144134625e-05,1347,6129
ProtT5,8,6,0.6728346158419172,0.6582226783576924,1.022199079376424,0.0008312005881616111,1347,6129
ProtT5,8,7,0.8548376625701066,0.4397444423950016,1.9439419357169418,2.314447744142329e-49,1347,6129
ProtT5,8,8,1.7120962050904498,1.0225503690909126,1.6743392373058068,1.4844023459041306e-21,1347,6129
ProtT5,8,9,1.2022696270620548,0.44691478426138637,2.690154072770359,3.5049381964210924e-39,1347,6129
ProtT5,8,10,1.1146206363714795,0.6921781121974553,1.6103089894491136,5.147975183405557e-12,1347,6129
ProtT5,8,11,1.3238432048069784,0.9990335253794715,1.325123903428698,2.0430962681410134e-36,1347,6129
ProtT5,8,12,1.6421105512974434,0.734777026395071,2.2348419892139115,1.665797063096061e-23,1347,6129
ProtT5,8,13,1.5534978355402052,1.0484290313596223,1.481738667161477,0.00833423186109932,1347,6129
ProtT5,8,14,1.038982637740987,0.6007060061700777,1.7296025461194076,1.2750704597957884e-62,1347,6129
ProtT5,8,15,0.7989354689384975,0.6599626334189279,1.2105768243265875,2.6561238160834718e-17,1347,6129
ProtT5,8,16,1.038641438983331,0.6243300721897816,1.6636094996039346,1.1029422206055018e-48,1347,6129
ProtT5,8,17,2.298151459442569,0.8866330727334317,2.591998347588725,5.497014718544526e-09,1347,6129
ProtT5,8,18,1.3153598618312685,0.7943317191132832,1.6559326918225197,5.533165497030202e-31,1347,6129
ProtT5,8,19,3.900561456602418,0.9607034640593053,4.060109703488726,1.2631033162808625e-18,1347,6129
ProtT5,8,20,0.853814400472549,0.5962060737578743,1.4320793397674982,5.1405314448220626e-36,1347,6129
ProtT5,8,21,1.1439227109143002,0.8375458097278945,1.3658031568278548,6.117742142004411e-32,1347,6129
ProtT5,8,22,0.7650049290306584,0.35977707494236866,2.1263303926555124,4.1021341363214e-18,1347,6129
ProtT5,8,23,0.9556651862356161,1.0287698106832655,0.9289397650587197,0.9484007217897307,1347,6129
ProtT5,8,24,1.2248861288794253,0.6163475359024941,1.9873302926179,8.076787281956959e-17,1347,6129
ProtT5,8,25,1.1646804384771063,0.5587759560989427,2.084342437724496,4.9913173589501276e-18,1347,6129
ProtT5,8,26,1.0535893203067002,0.8381438477040504,1.2570507117517182,0.00021359444799583905,1347,6129
ProtT5,8,27,0.37847077979276866,0.4361205148471279,0.8678123750391173,0.9999999962212113,1347,6129
ProtT5,8,28,0.9320795615691119,0.9568583369741317,0.9741040293557167,0.9973330437109952,1347,6129
ProtT5,8,29,1.1042064505324332,0.8181959473691925,1.3495623561603696,0.0007471677023512837,1347,6129
ProtT5,8,30,0.8990880545635266,1.042439278857629,0.8624848207454386,0.07741668039815061,1347,6129
ProtT5,8,31,1.9918610389443265,0.7062048530049572,2.820514515680261,6.31057711862482e-26,1347,6129
ProtT5,9,0,1.321521269098068,0.5349200860694292,2.4705022367145566,2.685088713000739e-38,1347,6129
ProtT5,9,1,1.275396787421121,0.9749463330787165,1.308171274816361,0.0006512333362852979,1347,6129
ProtT5,9,2,1.509966583365233,0.8783372557558075,1.7191193627166705,4.072162365751317e-09,1347,6129
ProtT5,9,3,1.7417322964516053,0.9305026763452949,1.8718186854577898,5.507662223531244e-51,1347,6129
ProtT5,9,4,1.1075540951825817,0.7766918270131623,1.4259891203461994,1.665869447868181e-11,1347,6129
ProtT5,9,5,1.5214281429072707,0.9480855813869004,1.6047371384782165,4.507874287058839e-08,1347,6129
ProtT5,9,6,5.683748093727525,0.9008779602000989,6.309121040618062,7.107137612610026e-17,1347,6129
ProtT5,9,7,1.1191717089771251,1.0116273814963952,1.1063082410063385,0.9832449868756131,1347,6129
ProtT5,9,8,1.7679346844985384,0.9955802739473711,1.7757831595928104,9.241296685085029e-05,1347,6129
ProtT5,9,9,0.885650782029365,0.45449181928742005,1.9486616578004468,1.0778903815917434e-27,1347,6129
ProtT5,9,10,1.050934574209325,0.5725930615843831,1.8353952304300647,1.704379172904684e-07,1347,6129
ProtT5,9,11,1.5016328603493876,0.9853966940594917,1.5238866432189684,8.342098276635337e-23,1347,6129
ProtT5,9,12,0.6474089647277514,0.5982598223680772,1.0821535067575296,0.03457162598541334,1347,6129
ProtT5,9,13,1.4400377393919357,0.9713957032365343,1.4824419488309053,1.805815127000019e-08,1347,6129
ProtT5,9,14,1.1813684816084353,0.9598663524267316,1.23076351058843,6.230088625199156e-10,1347,6129
ProtT5,9,15,1.0479708234734595,0.9222913017901575,1.1362687921260446,4.2953086922213e-20,1347,6129
ProtT5,9,16,0.916821452185412,0.7108899336068154,1.2896812978259091,2.0123279833059156e-33,1347,6129
ProtT5,9,17,3.002709822736144,0.8534036500357866,3.5185106398481287,2.9597731526956914e-10,1347,6129
ProtT5,9,18,1.416369873590618,1.015785509813744,1.3943592027123184,6.514592850838687e-26,1347,6129
ProtT5,9,19,1.2869600269116555,0.9904993337020339,1.2993042833270638,6.973653329213226e-21,1347,6129
ProtT5,9,20,1.044542931412978,0.8311333789349302,1.2567693199273562,0.00046482842521297836,1347,6129
ProtT5,9,21,1.3244719530090014,1.0042124714153513,1.3189160568203977,4.3458841132000375e-10,1347,6129
ProtT5,9,22,1.2238035931265079,0.7870506974996877,1.554923459205744,6.736830132683005e-27,1347,6129
ProtT5,9,23,1.0711514955108574,0.9210611580829866,1.1629537149739928,2.1750315155700446e-25,1347,6129
ProtT5,9,24,1.5710704324859641,0.7587699647400231,2.070549053723099,3.0320008971642945e-47,1347,6129
ProtT5,9,25,1.3885645763734225,0.8183985066114349,1.6966851297453494,2.2462315197850454e-14,1347,6129
ProtT5,9,26,1.5402690431499977,0.5968460877191808,2.5806804716372747,2.0458365513213538e-52,1347,6129
ProtT5,9,27,1.7207840974010533,1.0994256421507893,1.5651664209274854,1.605398630197751e-34,1347,6129
ProtT5,9,28,0.9319908861416574,0.9584523165356298,0.9723915004038819,0.998943927899406,1347,6129
ProtT5,9,29,1.4703515498126625,0.8083010869734943,1.819064174858493,2.2605941802420167e-54,1347,6129
ProtT5,9,30,1.2444794675378155,0.8684819253083446,1.432936519773831,0.9999999996358647,1347,6129
ProtT5,9,31,2.540178838445243,0.6692221615555275,3.7957183494056723,3.049941822504787e-32,1347,6129
ProtT5,10,0,2.6875880353965846,0.7472524831220714,3.5966264363119413,7.990872622081905e-52,1347,6129
ProtT5,10,1,1.3230831879726939,0.9016499991595094,1.4674021950934748,2.79919859876756e-05,1347,6129
ProtT5,10,2,1.6638871881814912,0.7973074954258985,2.0868826616168845,3.968670030949658e-66,1347,6129
ProtT5,10,3,1.2968954809878435,0.9728711800895015,1.3330598207961435,4.506092260957578e-31,1347,6129
ProtT5,10,4,1.0761183630384688,1.066008637674599,1.0094837180549712,0.007251024011243825,1347,6129
ProtT5,10,5,1.8162235523385302,1.042258117147985,1.7425851835132828,7.756712062186511e-19,1347,6129
ProtT5,10,6,0.9582964947423673,0.9931498020425437,0.9649062938657432,0.6343289992082665,1347,6129
ProtT5,10,7,1.5510166001125185,0.891735821918594,1.7393229721056442,1.9220703990327325e-55,1347,6129
ProtT5,10,8,1.467821921254408,1.0016503940108628,1.4654034282129875,3.6043270828911076e-19,1347,6129
ProtT5,10,9,1.2630305300842148,0.6861097846495656,1.8408577728261297,6.688738363991017e-15,1347,6129
ProtT5,10,10,1.378820837030786,0.801026299330826,1.7213178121400596,2.2204500780939227e-19,1347,6129
ProtT5,10,11,1.9967409628094261,0.9141345441895726,2.1842965846779587,9.797648785854434e-48,1347,6129
ProtT5,10,12,2.479057419627529,0.9586318668484357,2.586036940100469,5.258072020649193e-53,1347,6129
ProtT5,10,13,1.3958224584725316,0.9295319644170517,1.5016400854465615,2.5507244500049263e-14,1347,6129
ProtT5,10,14,1.1352391119081175,0.7132589670393824,1.5916226284827564,1.5220822691428708e-84,1347,6129
ProtT5,10,15,1.1949174706813752,0.9420487473422968,1.2684242445547222,6.568504346973206e-39,1347,6129
ProtT5,10,16,1.119190105616648,0.954744164405707,1.172240844554732,1.436178214904501e-05,1347,6129
ProtT5,10,17,1.878759983122216,0.9555803990749185,1.9660930518677573,3.1715727170056023e-22,1347,6129
ProtT5,10,18,3.352614144351452,0.9769351639936674,3.431767294204167,1.0791537892437817e-63,1347,6129
ProtT5,10,19,0.8124064988530647,0.6939041379186998,1.1707762707537697,0.0004886298142269679,1347,6129
ProtT5,10,20,0.9611353771546725,0.7424768618102718,1.2944987602863176,5.661931991099946e-25,1347,6129
ProtT5,10,21,1.9966248963263271,1.02233870785278,1.9529974567037987,1.48215163566048e-12,1347,6129
ProtT5,10,22,3.1617573240375023,0.9989966008028717,3.1649330152840034,5.629992011504332e-63,1347,6129
ProtT5,10,23,1.2076352578936989,0.9920561982321494,1.2173052898068806,9.372735174197913e-42,1347,6129
ProtT5,10,24,1.0192245336134698,0.4255346869893322,2.3951620508882767,3.853206934613515e-23,1347,6129
ProtT5,10,25,1.4070528819106116,0.7095046227782367,1.9831482935247924,3.5873764889537024e-40,1347,6129
ProtT5,10,26,2.1522315463580814,0.8382819834376338,2.567431471606001,1.5083376541659074e-07,1347,6129
ProtT5,10,27,0.663989275937268,0.6471874693280664,1.0259612668747216,0.9999267512264447,1347,6129
ProtT5,10,28,3.3163067563516435,0.7389891492657219,4.4876257786014975,0.000866982598692533,1347,6129
ProtT5,10,29,0.8201733131097172,0.8817549655868872,0.9301601296498718,0.999799915813341,1347,6129
ProtT5,10,30,2.684808381327719,1.089504670777821,2.464246784193202,4.32608996107601e-58,1347,6129
ProtT5,10,31,2.5075635563114793,0.7067967117814961,3.547786109518128,5.964379966235574e-37,1347,6129
ProtT5,11,0,2.193980963918662,0.9584606517331794,2.2890673289000416,3.3401564556185666e-54,1347,6129
ProtT5,11,1,1.18682761641901,0.9319383742895265,1.2735043959572983,0.010052020853876627,1347,6129
ProtT5,11,2,2.4416430954058788,0.919958047715889,2.654080913220004,2.4736456735965383e-11,1347,6129
ProtT5,11,3,1.3911708727003294,1.0294471649852073,1.3513766612007911,3.669929765107935e-33,1347,6129
ProtT5,11,4,0.9330901753132487,1.0177099358142736,0.9168527715774728,0.9999999985231387,1347,6129
ProtT5,11,5,2.3489660703436748,0.9345051122345802,2.5135936011380915,3.1654519095236605e-33,1347,6129
ProtT5,11,6,3.0642294540348636,1.0630759576693856,2.88241816770334,6.2147709573289e-40,1347,6129
ProtT5,11,7,2.2422705567493737,0.9110062917073568,2.4613118231566067,3.080919006071966e-90,1347,6129
ProtT5,11,8,1.5132366086964086,0.9757931124699176,1.550776070622306,2.92499922188951e-28,1347,6129
ProtT5,11,9,2.1138461310507726,0.6977063547944454,3.0297074356926887,4.3597940303168344e-66,1347,6129
ProtT5,11,10,1.4438117918653142,0.5725182813189122,2.5218614653477966,6.803388558575508e-66,1347,6129
ProtT5,11,11,1.128826591644627,1.000136848607797,1.1286721344343702,5.014798407687817e-16,1347,6129
ProtT5,11,12,2.4103671769876347,1.0884231714269508,2.214549671730694,6.739608321599754e-23,1347,6129
ProtT5,11,13,1.4441914944269962,0.7619211113186446,1.8954606624924164,1.2863056175522341e-53,1347,6129
ProtT5,11,14,0.9432450416978413,0.7261715984048842,1.2989285779969677,8.457210080011323e-31,1347,6129
ProtT5,11,15,0.935070692032642,0.7537451078265852,1.2405661838773414,3.272406441361081e-11,1347,6129
ProtT5,11,16,1.1353930138444228,0.8325843431370393,1.363697291695939,1.870595470311301e-36,1347,6129
ProtT5,11,17,1.6249011973584238,0.8948886427565799,1.8157579834214252,5.6616880348406114e-05,1347,6129
ProtT5,11,18,1.2780390614125139,1.0403940552773572,1.2284182660691993,2.6874588375925917e-20,1347,6129
ProtT5,11,19,1.2392888058532852,1.0718067061514036,1.1562614776905706,2.888975425941358e-10,1347,6129
ProtT5,11,20,1.152191411324935,0.8011655055945607,1.4381440579744769,5.224812587353214e-41,1347,6129
ProtT5,11,21,2.023638866172513,0.9406764720855131,2.151259148308487,1.6386792484714274e-52,1347,6129
ProtT5,11,22,1.7439933386040158,0.7569995425151639,2.3038235040532813,9.436659825879346e-72,1347,6129
ProtT5,11,23,1.0584524674334168,0.8419504637118361,1.257143398635481,6.680115720508831e-42,1347,6129
ProtT5,11,24,1.2566864987878155,0.8810860137018299,1.4262926425399975,1.0764679240705258e-46,1347,6129
ProtT5,11,25,1.9692778838680864,0.9284403199257947,2.12106027883998,5.3238718032275415e-53,1347,6129
ProtT5,11,26,2.4845808067406736,1.0315351991907071,2.4086243578405817,1.6094063383280073e-38,1347,6129
ProtT5,11,27,0.6864979722009559,0.5908739336125515,1.1618349247592754,8.495886191057952e-06,1347,6129
ProtT5,11,28,2.598069857205828,0.9279698966124801,2.799735063270895,4.192495757382395e-58,1347,6129
ProtT5,11,29,1.5003683859096604,1.062878365189124,1.4116087362853522,1.4905810641906304e-51,1347,6129
ProtT5,11,30,0.7070275797344794,0.7366265788477423,0.959818176586076,0.9999999763105503,1347,6129
ProtT5,11,31,1.725190319126415,1.1020258802207614,1.5654716918089249,5.967159855792751e-56,1347,6129
ProtT5,12,0,1.7382213235697928,0.7377838687769136,2.3560034274690613,2.6649897826836607e-65,1347,6129
ProtT5,12,1,1.9572464136521552,1.0137086414866823,1.9307780693096408,8.488759231120748e-14,1347,6129
ProtT5,12,2,3.4104945261388155,1.0868196604126992,3.1380500835288028,8.819310402189041e-65,1347,6129
ProtT5,12,3,2.3927872168548743,0.9066524819927866,2.6391448370555626,2.2637067551893802e-11,1347,6129
ProtT5,12,4,0.9553031429327588,0.9838984124246984,0.970936766305507,0.9197227038667316,1347,6129
ProtT5,12,5,2.611951973850672,0.87637870777371,2.980391867901365,9.431437426507418e-27,1347,6129
ProtT5,12,6,2.0789022806758073,0.9811812152012971,2.1187750524242395,2.1195957243321597e-34,1347,6129
ProtT5,12,7,2.959792716996972,1.2219939310450716,2.4221009955963555,1.2529191039775414e-59,1347,6129
ProtT5,12,8,1.9313764111944367,0.9536391482459796,2.025269636577736,2.0325793260542824e-30,1347,6129
ProtT5,12,9,1.5775363528471835,0.9497280285785941,1.6610401139873652,9.444668123048672e-34,1347,6129
ProtT5,12,10,1.3046133696988678,0.8662796107643987,1.505995701027393,2.1070164128954823e-10,1347,6129
ProtT5,12,11,1.4946156298574378,1.0531508311456677,1.4191847792889491,1.2181766421363927e-36,1347,6129
ProtT5,12,12,1.4474158340148247,0.8524459662105233,1.6979561067655582,2.8005256302385022e-42,1347,6129
ProtT5,12,13,1.425811608986405,1.0092211732819256,1.4127840821549085,1.1001744949637767e-13,1347,6129
ProtT5,12,14,1.4465312094005196,1.0946767952959928,1.3214231046245828,3.2157418678196785e-30,1347,6129
ProtT5,12,15,1.297717869680018,0.8518704292843832,1.5233747117741492,1.10597330035711e-35,1347,6129
ProtT5,12,16,1.159966325087289,0.8680562078320663,1.3362802023894926,3.033830108127191e-38,1347,6129
ProtT5,12,17,1.8511277774394488,0.959192809710049,1.9298807900770436,1.3012538850703788e-30,1347,6129
ProtT5,12,18,1.3934528263038233,1.0409803721931596,1.338596637867501,1.3106646035545419e-42,1347,6129
ProtT5,12,19,1.2427057324291249,1.0398774560152522,1.1950501717684106,6.86572620489943e-17,1347,6129
ProtT5,12,20,1.052294350944808,0.68579105545868,1.5344241406604497,5.405466448570958e-35,1347,6129
ProtT5,12,21,1.910576744617669,0.9860955162253733,1.93751691715532,6.074663546621098e-12,1347,6129
ProtT5,12,22,1.5557053020111968,0.6805313161388465,2.2860157425786873,6.793060344246857e-81,1347,6129
ProtT5,12,23,1.2351845880747727,0.9682585818476964,1.275676365003355,2.014749671399555e-25,1347,6129
ProtT5,12,24,1.8758401736207777,0.9537425104216857,1.9668203452432855,3.1349836434557676e-35,1347,6129
ProtT5,12,25,1.8592067568410124,0.9686343304619623,1.9194103475088655,2.8079435696031636e-60,1347,6129
ProtT5,12,26,3.215215806175181,0.8459089120151285,3.800900735891146,3.525604465287452e-48,1347,6129
ProtT5,12,27,2.282457981803458,1.060037668619951,2.1531857304419755,1.2754008639943923e-62,1347,6129
ProtT5,12,28,0.7831571334011924,0.899794210246306,0.8703736081907153,0.9999999999996182,1347,6129
ProtT5,12,29,1.7200832579342984,1.0340841464184105,1.6633880945683885,4.456814009369606e-27,1347,6129
ProtT5,12,30,1.9243210960337207,0.9406615294762859,2.04571042371116,3.4147278455995064e-15,1347,6129
ProtT5,12,31,1.512701248361521,0.7558868851352816,2.0012270064598248,2.260554945848811e-23,1347,6129
ProtT5,13,0,2.1233678363213824,0.8971579525711525,2.366771458956644,4.398776180711683e-59,1347,6129
ProtT5,13,1,1.3451826496308348,0.9410890270201412,1.4293893680709606,2.6636496844209028e-05,1347,6129
ProtT5,13,2,1.3018105102629687,0.8198089574713325,1.587943750063857,9.871104538115464e-24,1347,6129
ProtT5,13,3,1.694012818198427,1.1243483483801076,1.5066618994362888,6.717337427740355e-54,1347,6129
ProtT5,13,4,3.6431794141784986,0.9680945840973433,3.7632473872120866,2.7871725402297895e-73,1347,6129
ProtT5,13,5,2.4749435504100545,0.926518944858396,2.671228218423867,0.002901993668714133,1347,6129
ProtT5,13,6,2.2996431958170938,1.1018730881825263,2.087030911708913,2.807933049707611e-69,1347,6129
ProtT5,13,7,1.4077257639227219,0.9450366878649562,1.489599062130679,3.700872087198927e-40,1347,6129
ProtT5,13,8,1.8616257280266189,0.9983383915634019,1.8647241694384862,1.5135586639400196e-39,1347,6129
ProtT5,13,9,1.655859230001856,0.9632887352464016,1.718964594326228,1.0838468656452601e-42,1347,6129
ProtT5,13,10,1.1204812234653396,0.5977886471940519,1.8743768867554509,1.0240928117634503e-65,1347,6129
ProtT5,13,11,1.5723244851840896,0.9394589257796566,1.6736489930937832,4.3337490982123797e-20,1347,6129
ProtT5,13,12,1.1800444673058186,0.5790346020838432,2.0379515542923468,7.744548839762208e-35,1347,6129
ProtT5,13,13,1.4704059241166714,0.98192484029881,1.4974729875142088,3.1773505424759624e-15,1347,6129
ProtT5,13,14,1.5171777941867344,0.9150265597036756,1.6580696790681801,1.519540685368909e-63,1347,6129
ProtT5,13,15,1.4642269641448589,1.040417417730704,1.4073456856754119,7.499272014094916e-33,1347,6129
ProtT5,13,16,1.2767192158065377,0.9248176334460149,1.3805091616271228,5.86804169075534e-20,1347,6129
ProtT5,13,17,1.7719741968552802,0.9946516992062024,1.7815022065205663,1.7321677210565704e-29,1347,6129
ProtT5,13,18,3.3621145586836487,1.1105919313734207,3.027317652601589,9.088688561461036e-58,1347,6129
ProtT5,13,19,1.131005641877784,0.9769612998669873,1.1576770154885048,4.2610298839704576e-18,1347,6129
ProtT5,13,20,0.9817361130746276,0.6907568290661902,1.4212470608532413,6.840407371035905e-37,1347,6129
ProtT5,13,21,2.035418877888363,1.034444770682284,1.9676438371338774,1.6398874113713499e-37,1347,6129
ProtT5,13,22,1.588813221003271,0.9083392889664211,1.749140701390497,1.3223841946723968e-31,1347,6129
ProtT5,13,23,1.1046428043221046,1.0407658479092736,1.0613749543580329,0.004318453063868544,1347,6129
ProtT5,13,24,1.2160310582399545,0.8619996461574202,1.4107094633515433,1.9588008887779377e-27,1347,6129
ProtT5,13,25,1.550817952655206,0.8926444847989499,1.7373298990409338,1.3479777638146567e-18,1347,6129
ProtT5,13,26,2.951563211397144,0.8599452900835965,3.432268593633693,5.586732664907992e-41,1347,6129
ProtT5,13,27,2.692530574671144,1.0355405588098676,2.6001208274890093,2.3291791800706553e-38,1347,6129
ProtT5,13,28,2.914861485085491,1.0853009714856974,2.6857632690545366,3.2934451901602074e-50,1347,6129
ProtT5,13,29,3.760021609028092,1.1207871003725882,3.35480450103158,4.501901522249297e-31,1347,6129
ProtT5,13,30,2.2755782616607507,0.8166389278611657,2.786517007731494,1.6706662277613502e-17,1347,6129
ProtT5,13,31,1.9532378719927386,0.9148189341152525,2.1351087074752892,1.524213972955274e-26,1347,6129
ProtT5,14,0,1.8858869024445237,0.8396229173682374,2.2461117525897896,8.725711941745506e-51,1347,6129
ProtT5,14,1,1.393175721257018,0.8854684342682936,1.5733770593508147,3.7714230264765516e-08,1347,6129
ProtT5,14,2,2.073234575097439,0.984857129436038,2.1051120138457464,1.6102991871673952e-40,1347,6129
ProtT5,14,3,1.2850860618359086,1.0036902020778522,1.2803612700168907,0.0031268074471752084,1347,6129
ProtT5,14,4,1.0310202685655623,1.0247577474914342,1.0061112210075587,0.05435803452780715,1347,6129
ProtT5,14,5,1.9676974040982276,0.9854403766688719,1.996769617609665,3.869824016385224e-40,1347,6129
ProtT5,14,6,2.4176650695121102,1.160856508667968,2.082656255497309,1.9519798713850799e-50,1347,6129
ProtT5,14,7,3.3261986090328044,0.9406787612773132,3.535955892653812,1.5015439079883816e-52,1347,6129
ProtT5,14,8,1.499598423108934,0.9689864975376412,1.547594756913195,1.7440082870109058e-18,1347,6129
ProtT5,14,9,1.9094344311142817,0.9677128106389705,1.973141628510118,1.2400358523622656e-40,1347,6129
ProtT5,14,10,1.2073664902401748,0.539135394389681,2.239449501561576,9.218075194554903e-57,1347,6129
ProtT5,14,11,2.1103408235749583,0.9872190301502718,2.1376622199571336,2.6286599224176563e-35,1347,6129
ProtT5,14,12,1.6481895984856394,0.8442539632719129,1.952243839161936,7.617263819818497e-41,1347,6129
ProtT5,14,13,1.3241716142752122,0.6786409148696897,1.951210994299504,4.136171727011554e-80,1347,6129
ProtT5,14,14,1.7013338651140266,0.8912451406893712,1.9089404109379582,2.93075023889799e-52,1347,6129
ProtT5,14,15,1.3963044413656505,0.9841057990110412,1.4188560241884973,1.821606599515409e-13,1347,6129
ProtT5,14,16,1.3882178948734456,0.9093653024905929,1.5265789128652247,3.97141483725026e-37,1347,6129
ProtT5,14,17,2.8673322376004835,0.8634181253710508,3.320908090003621,1.118382302113399e-10,1347,6129
ProtT5,14,18,1.9700540544018537,0.986513854512423,1.9969856940078534,7.761340841145316e-47,1347,6129
ProtT5,14,19,1.7402492373097624,1.1579716714020944,1.502842669028885,4.634548116737305e-38,1347,6129
ProtT5,14,20,1.3780174113771344,1.0149381279381322,1.357735386467947,5.817610239687894e-30,1347,6129
ProtT5,14,21,1.761651099303429,1.0816901417497438,1.6286097388793608,3.4393248058014716e-40,1347,6129
ProtT5,14,22,2.1568527165039786,0.6422001506788615,3.3585366092237714,2.8254199039983787e-80,1347,6129
ProtT5,14,23,1.104357157978378,0.8545128910552038,1.2923820922287685,2.6832144071705387e-39,1347,6129
ProtT5,14,24,1.634650306163581,0.8951400953514733,1.8261390754949278,2.617856018581017e-40,1347,6129
ProtT5,14,25,1.6402610093465804,0.9214181003766613,1.7801484566843948,3.9620588002983135e-57,1347,6129
ProtT5,14,26,2.693623543493643,1.0701968827436674,2.516942057042804,5.609505634899545e-77,1347,6129
ProtT5,14,27,1.9840435433051458,0.9811873147335541,2.0220843803345763,1.3813524942823665e-16,1347,6129
ProtT5,14,28,2.73584183747448,0.9738198590134696,2.809392119242702,4.1960894154239546e-90,1347,6129
ProtT5,14,29,1.867450127888363,1.07833867532858,1.7317844297102052,5.175497087846454e-47,1347,6129
ProtT5,14,30,2.491102279515822,1.0620186759511805,2.3456294469442405,1.7107640810930697e-25,1347,6129
ProtT5,14,31,1.7264293735790182,0.967219724451315,1.7849402053482606,6.455054389306454e-12,1347,6129
ProtT5,15,0,1.4107686179429404,0.8535262780198072,1.6528707484155534,1.1042767997899073e-44,1347,6129
ProtT5,15,1,1.8935384884885973,1.014840085425916,1.8658491280366623,2.795767382504141e-38,1347,6129
ProtT5,15,2,1.6399928534039765,1.016902326701185,1.612733898174948,5.0402425881499786e-11,1347,6129
ProtT5,15,3,2.251843073674282,0.9496816646646259,2.3711556803294775,7.328159537185084e-23,1347,6129
ProtT5,15,4,1.4791899116816305,0.9629675363673532,1.5360745360758958,3.00454165996863e-48,1347,6129
ProtT5,15,5,1.6848259623526818,1.0479371003486881,1.6077548564623552,8.644900166782809e-21,1347,6129
ProtT5,15,6,2.38830734060354,1.0218722430114198,2.337187801055528,2.8376667211214025e-46,1347,6129
ProtT5,15,7,3.5495343339292758,1.088215990388621,3.261792112300863,2.2620419841989022e-32,1347,6129
ProtT5,15,8,2.0544629567804034,0.9573740312648181,2.145935537927831,3.0764601734835105e-46,1347,6129
ProtT5,15,9,1.7457845867697894,0.9446425398249166,1.8480901644481935,1.0304919441637654e-18,1347,6129
ProtT5,15,10,1.2735430088057373,0.7665321336404829,1.661434599952533,9.777664501920942e-59,1347,6129
ProtT5,15,11,2.2376964770163443,1.0132503549977565,2.2084339432788047,3.2030715880998957e-40,1347,6129
ProtT5,15,12,1.427282479221766,1.0044108431419787,1.4210146066891993,4.161364661377066e-11,1347,6129
ProtT5,15,13,1.4033283327098414,0.9942980775788006,1.4113758885334102,1.449935518841514e-23,1347,6129
ProtT5,15,14,1.514294823276262,1.0140141309581625,1.4933665883387386,2.6792725135206106e-28,1347,6129
ProtT5,15,15,1.2830109571472486,0.8134626854417141,1.577221647789004,1.0858365889966146e-39,1347,6129
ProtT5,15,16,1.2477752413675356,0.789534614999914,1.5803933325553707,2.9477931051885957e-61,1347,6129
ProtT5,15,17,1.3672897690034567,0.9633450277051211,1.419314710390536,1.330661460226023e-51,1347,6129
ProtT5,15,18,2.5465061609711395,0.9105110236921169,2.796787841892426,8.078622542796297e-31,1347,6129
ProtT5,15,19,2.837733086782114,1.0256255740033295,2.7668314428876575,4.821773814824682e-05,1347,6129
ProtT5,15,20,1.0244219241181214,0.6884002760235025,1.488119571996143,1.8770315858249153e-37,1347,6129
ProtT5,15,21,1.1258749731753435,1.0729114783298408,1.049364272743124,0.0006395031568358109,1347,6129
ProtT5,15,22,1.4788345076370522,0.7454945991704078,1.983695803138897,1.0885687193748438e-70,1347,6129
ProtT5,15,23,1.6832140361103378,0.9341825316247553,1.8018042289688792,2.8372298389014785e-38,1347,6129
ProtT5,15,24,1.1497454285710142,0.8296947519704129,1.3857450897941976,2.2238588282926134e-31,1347,6129
ProtT5,15,25,1.9089342781412397,1.0219066742486094,1.8680123403096929,8.995232339837055e-36,1347,6129
ProtT5,15,26,3.091534632262957,0.9099325166672084,3.3975427579907342,5.282492316779318e-12,1347,6129
ProtT5,15,27,2.1722446546434204,1.0466834410774628,2.075359721376023,5.117373338355269e-35,1347,6129
ProtT5,15,28,1.3020618554832497,0.9297149553639715,1.4004957626754635,1.4079670311502892e-37,1347,6129
ProtT5,15,29,2.49603484450399,1.1320215450217779,2.204935811938077,1.2880932799338433e-75,1347,6129
ProtT5,15,30,1.5482285123625417,1.0879426502757448,1.4230791595219978,1.2347031792804547e-36,1347,6129
ProtT5,15,31,2.25372416404945,0.8899050361084343,2.5325445666708593,1.18684681926287e-13,1347,6129
ProtT5,16,0,2.1143363154014128,0.8599304269861292,2.45872950770181,3.0420505882548815e-79,1347,6129
ProtT5,16,1,1.6041349709786215,0.9256741720888272,1.732936944064039,2.8952603681911446e-10,1347,6129
ProtT5,16,2,1.3347152562697198,0.9647847326686048,1.3834332272007284,7.363807746712869e-29,1347,6129
ProtT5,16,3,2.566388079920077,1.0783509615292692,2.3799191278881415,1.7033528024968798e-34,1347,6129
ProtT5,16,4,1.1172940169959575,0.9952524937974977,1.1226236798792604,8.765569619095454e-05,1347,6129
ProtT5,16,5,2.340375190853807,1.0270991288812346,2.278626400358313,1.9020559265555795e-37,1347,6129
ProtT5,16,6,1.7873006819262713,1.130718079957668,1.5806775478403818,1.2584710141636078e-67,1347,6129
ProtT5,16,7,2.0470393463338667,1.1557628154210038,1.7711586832703232,4.8761169881949015e-58,1347,6129
ProtT5,16,8,1.7472361088153072,1.0519268896669602,1.6609862586253326,2.2969113286121433e-41,1347,6129
ProtT5,16,9,2.6671839758654214,1.1111477857936087,2.400386348212406,1.67207829029052e-62,1347,6129
ProtT5,16,10,1.6052466989360037,0.9107934046499607,1.7624707104164172,2.379101900049635e-49,1347,6129
ProtT5,16,11,1.6114846776836256,0.9620364514819404,1.675076526675535,1.4811479978717658e-32,1347,6129
ProtT5,16,12,2.28570522656685,1.0372891319500213,2.203537235823444,2.0754438172679617e-39,1347,6129
ProtT5,16,13,2.0269192679333705,1.1951431022963956,1.6959636582755377,4.444455231256749e-70,1347,6129
ProtT5,16,14,1.2953338169927675,0.87113301853971,1.486952956006822,3.7099409247845445e-68,1347,6129
ProtT5,16,15,1.3035448240012528,1.0622520253832957,1.2271521191318895,1.0069225649971369e-30,1347,6129
ProtT5,16,16,1.3792823389360616,1.0235991450736255,1.3474828946216564,2.0274530938929968e-30,1347,6129
ProtT5,16,17,1.7764574941565747,1.0168967798612385,1.7469398363115898,6.096864885332269e-58,1347,6129
ProtT5,16,18,1.4629416009100082,1.1076880934421653,1.3207161921943973,9.182777042421596e-41,1347,6129
ProtT5,16,19,2.349645941719446,1.035637523011917,2.2687918209896774,4.0303200362194625e-17,1347,6129
ProtT5,16,20,1.129023381313219,0.6953548481810986,1.6236650744098582,1.2648486795070662e-56,1347,6129
ProtT5,16,21,2.220500399469887,0.9944818004695913,2.2328215543224355,3.4209837870078796e-30,1347,6129
ProtT5,16,22,1.135382682726661,0.9168192007195834,1.2383932206432129,1.953704989141155e-07,1347,6129
ProtT5,16,23,1.5393027437998794,0.8652901023183839,1.778944124838137,2.791511589101164e-54,1347,6129
ProtT5,16,24,1.365874666413645,0.844577484952429,1.6172283665489593,3.3165593812824682e-15,1347,6129
ProtT5,16,25,1.4603836070898293,0.9848680762292354,1.4828215497462363,7.974862864326443e-22,1347,6129
ProtT5,16,26,3.5114891998132425,0.9737985604426701,3.6059708264684507,5.1524245191207056e-51,1347,6129
ProtT5,16,27,1.994666175304206,1.056449547816031,1.888084650542683,2.1098582033443744e-35,1347,6129
ProtT5,16,28,0.9488764184443439,0.9365533028016143,1.013157943713258,0.9931813776046773,1347,6129
ProtT5,16,29,2.511608687346302,0.9905344545598092,2.535609615379259,2.602334714692465e-87,1347,6129
ProtT5,16,30,1.3228141711036099,0.9956260005224585,1.3286255786906511,3.3783073967563362e-18,1347,6129
ProtT5,16,31,1.9340545042585955,0.8857881456083527,2.183427847671523,5.036450432658793e-38,1347,6129
ProtT5,17,0,1.308074911523945,0.9777228361164927,1.3378790626591153,4.994041764953407e-34,1347,6129
ProtT5,17,1,1.5119176466728725,0.9225204973163253,1.6388987031411697,0.00018135260258765777,1347,6129
ProtT5,17,2,2.0134679713599666,1.001923054305973,2.00960339489811,5.452048315650054e-58,1347,6129
ProtT5,17,3,1.727502835619954,0.967366260112178,1.785779499297018,2.0545194547867493e-32,1347,6129
ProtT5,17,4,1.149524532960978,0.9055490517114461,1.2694227118767665,0.3919177849181069,1347,6129
ProtT5,17,5,1.9628507788303435,0.958700039702229,2.04740867585653,1.673631812091531e-24,1347,6129
ProtT5,17,6,1.3214746148124303,1.0826112333606752,1.2206363411824834,2.791574883489607e-17,1347,6129
ProtT5,17,7,2.549366056786348,1.1206087603190145,2.2749831583153033,1.5541373664995194e-77,1347,6129
ProtT5,17,8,1.4761460664631618,1.0190462512941962,1.4485564954372243,2.2563257206780728e-42,1347,6129
ProtT5,17,9,2.2152539134999074,1.0549385175364192,2.0998891183470616,2.592423746049217e-57,1347,6129
ProtT5,17,10,1.3520788859683845,0.7395925772367089,1.8281401511898185,5.892633922493204e-84,1347,6129
ProtT5,17,11,1.5901722614200537,0.9645821737375632,1.6485606977977356,2.0924019804918352e-44,1347,6129
ProtT5,17,12,2.864823308093688,0.9792034399997626,2.92566711989327,9.205765423438494e-71,1347,6129
ProtT5,17,13,1.6031466953472995,1.0681758114439295,1.5008266225203244,2.6285235612943575e-33,1347,6129
ProtT5,17,14,1.76208459844214,0.9716663631340248,1.8134667055456057,2.0319521753136452e-67,1347,6129
ProtT5,17,15,1.3497171267457777,0.9095139817013634,1.483998216521045,1.4521072904534957e-50,1347,6129
ProtT5,17,16,1.4026751840388942,0.9815496468664596,1.429041504438266,5.878086980294143e-59,1347,6129
ProtT5,17,17,1.9383175629726939,1.0164463795073602,1.9069550564114714,1.2052462370901639e-57,1347,6129
ProtT5,17,18,2.2138376214721953,1.0099046923126553,2.1921252949152708,5.7167225635527825e-15,1347,6129
ProtT5,17,19,1.275103415395033,0.8903258540420669,1.4321761067659458,1.7114512848523465e-27,1347,6129
ProtT5,17,20,1.2927880007510903,0.8205030020852134,1.5756042299243505,3.881513046646009e-65,1347,6129
ProtT5,17,21,1.6633325249686803,1.0406685392081318,1.5983307482652906,9.182929070852969e-30,1347,6129
ProtT5,17,22,1.8737402379999537,0.9809833339268552,1.910063273449725,1.0029322988455595e-51,1347,6129
ProtT5,17,23,1.267590268594562,0.9660875765762665,1.312086294585006,4.713907116888089e-54,1347,6129
ProtT5,17,24,1.8328361482910518,0.8816840940012709,2.0787900799857346,1.2302202995703792e-53,1347,6129
ProtT5,17,25,1.9959876294833425,0.9321508247324451,2.14127110819888,5.525637861969351e-37,1347,6129
ProtT5,17,26,2.040960027274151,1.008579724063335,2.023598113842299,1.8654471527246433e-63,1347,6129
ProtT5,17,27,0.9759794488693044,0.7378875413752435,1.322666929774035,4.391379864209793e-13,1347,6129
ProtT5,17,28,1.4696336504080247,0.9322773464586902,1.5763910342673388,2.1569018100108798e-51,1347,6129
ProtT5,17,29,1.8101576909190562,1.2531812645751434,1.444450010615775,1.6838586271244993e-11,1347,6129
ProtT5,17,30,3.0366062654241777,1.0111895278181293,3.003004067868804,2.2593964955661747e-42,1347,6129
ProtT5,17,31,1.7581930974721023,1.0030390284621205,1.7528660875417772,1.6938755182187995e-60,1347,6129
ProtT5,18,0,1.4335494122862726,0.8174726719917724,1.7536358846020248,4.684432821464657e-32,1347,6129
ProtT5,18,1,1.4963522998155623,0.9070732818767829,1.6496487436158738,8.060037525055346e-31,1347,6129
ProtT5,18,2,1.988726756797513,1.1131457134140395,1.78658259456262,1.1747423145794995e-30,1347,6129
ProtT5,18,3,1.2241796367506497,1.0465383307154639,1.1697418057432656,2.967470094946295e-11,1347,6129
ProtT5,18,4,2.122645671932274,1.036989913793543,2.0469299109835672,1.91981693283292e-64,1347,6129
ProtT5,18,5,0.7826928221568764,0.968245093167791,0.8083622914071825,1.0,1347,6129
ProtT5,18,6,1.9628386975396714,1.0403640132137877,1.886684537920788,6.232768230928156e-65,1347,6129
ProtT5,18,7,2.8231294740989816,1.1401334698154713,2.4761394598440307,1.7406331043725774e-60,1347,6129
ProtT5,18,8,1.7382235905817907,1.0257571396693104,1.6945761558551466,3.3982889254893366e-51,1347,6129
ProtT5,18,9,2.2262920331494755,0.9900725905084945,2.248614954592438,3.3216615590003514e-61,1347,6129
ProtT5,18,10,1.073889694836906,0.9437575126320566,1.1378873073464837,4.165463334442568e-09,1347,6129
ProtT5,18,11,1.9460877869513271,1.0123856255544847,1.9222791571002924,1.402842458609724e-19,1347,6129
ProtT5,18,12,0.9017190798707777,0.9234052805278951,0.9765149700630694,0.9998339429614355,1347,6129
ProtT5,18,13,1.5689477502812963,1.0691822093702836,1.467427849557429,8.740226342386072e-57,1347,6129
ProtT5,18,14,1.2072950333423231,0.7695577642932804,1.568816649457155,2.608316191823823e-81,1347,6129
ProtT5,18,15,1.2721813176416341,0.9026064730367414,1.4094529073799904,1.3311098874382514e-62,1347,6129
ProtT5,18,16,1.2536054241630707,0.9137003919315447,1.3720092879822163,6.339551798519746e-49,1347,6129
ProtT5,18,17,1.6521356323514058,1.0252903038768049,1.6113832600429239,4.783345412501744e-50,1347,6129
ProtT5,18,18,1.1830180620563058,1.0718936780125734,1.1036710882088334,3.008745811616036e-08,1347,6129
ProtT5,18,19,2.4465015980607947,1.134024017727342,2.1573631244281257,1.618245779625508e-89,1347,6129
ProtT5,18,20,1.0130679350741811,0.9961890077334202,1.0169434988839765,0.0016649445884473152,1347,6129
ProtT5,18,21,1.5198265477826884,1.0923893412401595,1.3912865041847362,9.050131755768688e-22,1347,6129
ProtT5,18,22,1.6061176053665263,1.1366923751245996,1.4129747331070732,9.82460131821187e-52,1347,6129
ProtT5,18,23,1.2923873074424648,1.025892788287496,1.2597683911978983,1.0026299752900884e-32,1347,6129
ProtT5,18,24,1.532880096322267,0.9941692305614828,1.541870387053252,4.828572149501687e-45,1347,6129
ProtT5,18,25,2.056615318292676,1.168602683101087,1.7598926889634514,2.1475870998399464e-33,1347,6129
ProtT5,18,26,2.105084051799137,1.0948323433269662,1.9227455825813728,3.9992087547558777e-112,1347,6129
ProtT5,18,27,1.325036539532294,1.0954847965996697,1.2095435223246744,3.922195727385753e-45,1347,6129
ProtT5,18,28,1.2797686173991973,0.9395859105724322,1.3620559897705498,2.188660686946287e-59,1347,6129
ProtT5,18,29,1.7112899814257378,0.9499853466828742,1.8013856607379901,6.11465198093689e-47,1347,6129
ProtT5,18,30,1.1469378566954342,1.020401474001513,1.1240064679617794,1.0639772822528359e-13,1347,6129
ProtT5,18,31,1.9439899809907433,1.1010425708912037,1.7655902073043759,2.071406472877177e-06,1347,6129
ProtT5,19,0,1.2170820682245267,1.02185934934711,1.191046565265708,1.4656054821780523e-24,1347,6129
ProtT5,19,1,1.3353687674360268,1.0230699172901434,1.305256605504622,1.6296445452472615e-09,1347,6129
ProtT5,19,2,1.8973968664451095,0.9599193212627722,1.9766211851524014,2.4133005122730194e-30,1347,6129
ProtT5,19,3,1.495146866807605,0.9256606547784642,1.6152213655072487,9.281523297966958e-65,1347,6129
ProtT5,19,4,1.4189418234821594,1.1010757299402367,1.2886868585861715,1.7287418435804108e-12,1347,6129
ProtT5,19,5,1.3292927788024314,1.061472091886421,1.252310624992548,1.5319382185717444e-56,1347,6129
ProtT5,19,6,1.6705010066496149,1.1204804084218916,1.490879264013535,3.31621655803689e-28,1347,6129
ProtT5,19,7,1.7540057663043163,1.094764075868183,1.6021769484108561,6.221498278629867e-44,1347,6129
ProtT5,19,8,1.3451614209963112,1.040916282291571,1.2922858868486007,6.01809243767375e-25,1347,6129
ProtT5,19,9,0.7221839865137226,0.513404840589795,1.4066559748133345,2.0707650956288921e-41,1347,6129
ProtT5,19,10,1.3563573620632656,1.007004209902143,1.3469232290449624,2.8693621025695264e-57,1347,6129
ProtT5,19,11,1.2277310491050715,1.033191792318027,1.1882895878901478,0.024147867109708225,1347,6129
ProtT5,19,12,1.029503859850594,1.0379988013249,0.9918160392252253,0.9449392123552494,1347,6129
ProtT5,19,13,1.221776994848216,0.7837360654069425,1.5589138343580344,1.321007036433773e-88,1347,6129
ProtT5,19,14,1.503522458037537,1.000414190605115,1.5028999709891258,4.9409711450296724e-88,1347,6129
ProtT5,19,15,1.242607813369989,1.0033756454649514,1.2384273217974913,9.028540800716069e-22,1347,6129
ProtT5,19,16,1.319304536339435,0.8774019460107048,1.503648974495594,6.289225219247358e-70,1347,6129
ProtT5,19,17,1.126379385468866,1.0345272363583986,1.0887865934141983,3.999189966266562e-12,1347,6129
ProtT5,19,18,0.8756035094625789,1.0756290415251775,0.8140385538689302,1.0,1347,6129
ProtT5,19,19,0.8748306806829123,0.8073248779974047,1.0836166511466336,0.9999999987596215,1347,6129
ProtT5,19,20,1.1227804409103563,0.7927226077325777,1.4163598085361058,6.685455136769386e-75,1347,6129
ProtT5,19,21,1.475945442273339,1.0806844334439754,1.365750626729884,3.9184075158768656e-46,1347,6129
ProtT5,19,22,1.8392781892704273,0.8747737297597105,2.102575931007501,3.6902771328851194e-107,1347,6129
ProtT5,19,23,1.1135413404208425,0.8398412006444771,1.3258951091781797,9.730333593105941e-46,1347,6129
ProtT5,19,24,1.7253913228035682,1.0593173088811898,1.6287766737483598,1.0091715942883794e-06,1347,6129
ProtT5,19,25,1.8295927890248005,1.0911917046167117,1.6766923550499837,5.927160475060371e-43,1347,6129
ProtT5,19,26,1.9141374006037724,1.090692914432794,1.7549737192518613,8.372168988873885e-82,1347,6129
ProtT5,19,27,1.3890426624414207,0.9232190481152615,1.5045645616575303,4.238420245430519e-54,1347,6129
ProtT5,19,28,1.0123677073183464,0.9964341287959904,1.0159905989386462,0.9782353600405763,1347,6129
ProtT5,19,29,1.6974373118649082,0.9883285475158442,1.7174828311206867,1.521224744584516e-43,1347,6129
ProtT5,19,30,2.3966286934652237,1.123946866586131,2.1323327327249273,6.555713859564477e-100,1347,6129
ProtT5,19,31,1.6126544048986173,1.0261377816022095,1.57157687185109,1.1491311365215333e-45,1347,6129
ProtT5,20,0,0.6228815204759129,0.49558897138244856,1.2568510528763,1.5131288948986357e-22,1347,6129
ProtT5,20,1,1.4358179535614444,0.9614979499198227,1.4933135881165156,3.845893774631119e-19,1347,6129
ProtT5,20,2,0.5354897174113047,0.8823318033316412,0.6069028855010349,1.0,1347,6129
ProtT5,20,3,1.5733113334899314,1.066984336281663,1.4745402345574903,1.411013341199292e-13,1347,6129
ProtT5,20,4,1.6655744681468077,1.1244766352362998,1.4811997118969042,3.2250753264532835e-56,1347,6129
ProtT5,20,5,1.372674954760579,1.0415348072272954,1.3179347874266658,2.6471335918721335e-50,1347,6129
ProtT5,20,6,1.1463262363991742,0.9584459033131424,1.196026017156075,0.008129431998606461,1347,6129
ProtT5,20,7,1.2262357104329065,1.0361298648076767,1.1834768517752519,2.3141184244405405e-25,1347,6129
ProtT5,20,8,1.1917690172315794,1.0083403659695453,1.1819114432512703,1.0207480020900393e-24,1347,6129
ProtT5,20,9,1.8176230223159393,1.0686249237384196,1.7008989608414384,2.376702905726367e-40,1347,6129
ProtT5,20,10,1.049274311476313,0.6742605270657109,1.5561852864835652,5.156838412520428e-71,1347,6129
ProtT5,20,11,1.5235375487193763,0.9789808425492535,1.5562485827118988,7.905342894418479e-26,1347,6129
ProtT5,20,12,0.2647847130994223,0.3718059376103393,0.7121583770319516,1.0,1347,6129
ProtT5,20,13,1.5007487341662027,1.0518116875522618,1.4268226450864896,1.189148472763949e-46,1347,6129
ProtT5,20,14,1.1697356430087695,0.8898224210560195,1.3145720037269413,3.6152548561701615e-51,1347,6129
ProtT5,20,15,1.2456570337149684,0.9505130558073044,1.3105101777449946,2.79975069437916e-44,1347,6129
ProtT5,20,16,1.3229342476916295,0.8886662484926936,1.4886738974677132,6.896138128823892e-81,1347,6129
ProtT5,20,17,1.8134267193879918,1.068662937517208,1.6969117723882805,9.201875033961509e-56,1347,6129
ProtT5,20,18,1.2465166914613492,0.9788457814778486,1.2734556505718138,3.768211524301829e-28,1347,6129
ProtT5,20,19,1.5805803509933822,1.0835922796392854,1.4586485901501052,7.430849539382968e-54,1347,6129
ProtT5,20,20,0.9829945723569739,0.6898577654803241,1.4249235444534698,7.080809287940493e-86,1347,6129
ProtT5,20,21,1.2666234028454435,1.014739029246844,1.2482257667624674,2.692363650565337e-19,1347,6129
ProtT5,20,22,1.7082427094933186,1.0285803865970182,1.6607770590929822,3.493824833392152e-95,1347,6129
ProtT5,20,23,1.2771878769951746,0.9902807015698931,1.2897230805068172,4.6362066198363e-83,1347,6129
ProtT5,20,24,1.6719629504367344,1.021795495957997,1.6362990021493147,1.5364719050744655e-55,1347,6129
ProtT5,20,25,1.7844232843819599,1.086890645275343,1.641768923247941,6.381572481285648e-73,1347,6129
ProtT5,20,26,2.581156027609097,1.1349167048123945,2.274313186742432,3.026832137090589e-62,1347,6129
ProtT5,20,27,1.4430855097554751,1.0463839752052868,1.3791165995946761,2.1228843222764285e-87,1347,6129
ProtT5,20,28,1.0964817650334076,0.7874249573301619,1.392490490460363,3.5974766002502196e-76,1347,6129
ProtT5,20,29,1.513067549922861,1.0004567329754037,1.5123767975681761,8.621326295718946e-32,1347,6129
ProtT5,20,30,1.056159049914161,1.0309642257105371,1.0244381168379142,0.004318538029895978,1347,6129
ProtT5,20,31,0.9624674116671307,0.8827586498437883,1.0902950787709047,0.4295365006985317,1347,6129
ProtT5,21,0,1.737297754776239,0.9694152778504742,1.7921089077824555,1.0016421279792958e-120,1347,6129
ProtT5,21,1,1.8527115196675483,1.0224676195998277,1.8120001887127346,8.241118932133466e-43,1347,6129
ProtT5,21,2,1.122576446646483,0.9086056542952816,1.2354935734107422,7.60961457731858e-09,1347,6129
ProtT5,21,3,1.3390815128816351,0.9559811844018957,1.4007404483796655,2.046168274166591e-31,1347,6129
ProtT5,21,4,1.0028230232403026,0.9501602638407698,1.0554251334260787,0.766885540768777,1347,6129
ProtT5,21,5,1.5989106425375255,1.0608870471587752,1.5071450319048227,2.97347721880651e-57,1347,6129
ProtT5,21,6,1.5845855735546586,1.1375648920523205,1.3929627967823905,7.412082791370052e-42,1347,6129
ProtT5,21,7,1.905547212120685,1.0952726424197463,1.7397925761304767,2.9008249106129413e-50,1347,6129
ProtT5,21,8,1.763476150161528,1.016975541005109,1.734039884989396,2.2955340280169503e-40,1347,6129
ProtT5,21,9,1.7460341195132703,1.0872337676160466,1.6059417684770412,4.020603733694423e-71,1347,6129
ProtT5,21,10,1.1456889922121496,0.8048687183481579,1.4234482793212058,1.5699320641688262e-76,1347,6129
ProtT5,21,11,1.2571314618422884,1.0016071495719632,1.255114305423562,9.393661265589938e-13,1347,6129
ProtT5,21,12,1.7138557235842382,1.0729040792237723,1.597398832544456,1.493748915074372e-37,1347,6129
ProtT5,21,13,1.5193876112135765,1.0275205119552027,1.4786932168608795,5.616678291111177e-76,1347,6129
ProtT5,21,14,1.4138962505654928,1.0365433832194408,1.3640492751726578,3.922841358117301e-64,1347,6129
ProtT5,21,15,0.9853216566327951,0.809321879795975,1.2174657342529631,6.392541002691769e-40,1347,6129
ProtT5,21,16,0.9859980320877381,0.9727348655117026,1.0136349246298049,0.00025873706735809234,1347,6129
ProtT5,21,17,1.4297628084110523,1.0593457152742725,1.349665919062953,4.0861326820718387e-23,1347,6129
ProtT5,21,18,1.1558155266550088,1.0551386064680974,1.095415824584327,3.475456641696496e-06,1347,6129
ProtT5,21,19,0.795415956175761,0.8976359268564407,0.8861231289631439,1.0,1347,6129
ProtT5,21,20,1.1477127811514012,0.9443280105976709,1.2153751326565085,2.2217348301527472e-82,1347,6129
ProtT5,21,21,1.2680022898831895,1.0764914108229064,1.1779028398507014,5.732240697851945e-15,1347,6129
ProtT5,21,22,3.034151027710595,1.0879520186593703,2.7888647437314655,2.123161362536699e-77,1347,6129
ProtT5,21,23,1.056207171173209,0.9884037186493004,1.0685989451927247,1.1884105304653712e-07,1347,6129
ProtT5,21,24,1.393926743675181,1.078053548336418,1.2930032518571994,0.004784765705593821,1347,6129
ProtT5,21,25,1.067436869620569,1.1042575571661108,0.9666557069891956,0.5417911778542077,1347,6129
ProtT5,21,26,0.5761834861795019,0.48957953419609895,1.1768945512103741,0.0001218137273034681,1347,6129
ProtT5,21,27,0.9054184356440238,0.7534119389266831,1.2017574833415705,1.0822497551233677e-26,1347,6129
ProtT5,21,28,1.1076868591082034,1.027534573244259,1.0780044661766248,1.9596487911812886e-11,1347,6129
ProtT5,21,29,1.547936839533454,1.0313913398552221,1.5008239644039867,2.117229981077792e-25,1347,6129
ProtT5,21,30,1.0354506868562083,0.9741932425029828,1.0628801778544856,3.317372289236077e-08,1347,6129
ProtT5,21,31,1.4006853790396483,1.0300207525506302,1.359861318882309,8.73910096144163e-25,1347,6129
ProtT5,22,0,0.7098413593431004,0.6901582558249587,1.0285196958118166,0.9971100719537239,1347,6129
ProtT5,22,1,1.4098126610385637,1.0198310731304938,1.3823982208259007,4.801236963818789e-13,1347,6129
ProtT5,22,2,1.6740308505301131,0.9984880230480859,1.6765657793468534,3.117916044616937e-33,1347,6129
ProtT5,22,3,1.491992432184368,0.9195392675239512,1.6225434681020907,2.1480196989967188e-82,1347,6129
ProtT5,22,4,1.393762533277074,1.0470662763523693,1.3311120458701804,1.3362887272985158e-22,1347,6129
ProtT5,22,5,1.4378142834771714,1.0058727591164953,1.429419646218544,1.6318217930904822e-71,1347,6129
ProtT5,22,6,1.0992699887191444,0.9532494005827826,1.1531819354379766,7.50568317961021e-05,1347,6129
ProtT5,22,7,1.7908804595426178,0.9629007751195966,1.8598805877170286,5.130774620372761e-72,1347,6129
ProtT5,22,8,1.5685023794195434,0.9485796161140619,1.6535273927190723,3.835914257929715e-49,1347,6129
ProtT5,22,9,1.3802604420413418,0.9270278350586096,1.4889093831298792,9.898212401692708e-47,1347,6129
ProtT5,22,10,1.3124430882284708,1.0130977123358216,1.2954753250823867,2.144735959866113e-69,1347,6129
ProtT5,22,11,1.2434155436560412,1.0105182325923632,1.2304731409607603,7.93634177892639e-24,1347,6129
ProtT5,22,12,0.9461649078391796,0.9675605663138359,0.9778870086074628,0.9861067971764071,1347,6129
ProtT5,22,13,1.212988951866416,1.0103320798470896,1.2005844177985499,5.044300953788375e-23,1347,6129
ProtT5,22,14,0.9644416520218542,0.7667626050892147,1.2578099735440789,3.161790022008065e-28,1347,6129
ProtT5,22,15,1.1494010126670378,1.0137345134618718,1.133828430820481,1.1516675803401545e-13,1347,6129
ProtT5,22,16,1.2406898504199146,1.0533862332571076,1.1778109597879,5.463251197419625e-25,1347,6129
ProtT5,22,17,1.2504593042771552,1.0467915957427993,1.1945637597422953,8.074641227982029e-15,1347,6129
ProtT5,22,18,1.0058399814982368,0.8776020554816243,1.1461230921413876,0.07420329489545434,1347,6129
ProtT5,22,19,1.7699379924499465,1.0926841278997326,1.6198075429648415,3.3298555983882695e-75,1347,6129
ProtT5,22,20,1.0899436174716963,0.8928352514046949,1.220766782849234,5.588917523466671e-59,1347,6129
ProtT5,22,21,0.9728986234601197,0.8485830203999429,1.1464978677060802,2.2056288860354415e-17,1347,6129
ProtT5,22,22,1.3080356430812685,0.9768507265503905,1.3390332908902167,3.072361010429773e-38,1347,6129
ProtT5,22,23,1.044543157972578,0.806798475915601,1.2946766623315327,5.685634264434045e-65,1347,6129
ProtT5,22,24,0.9654314456024963,0.9969968591939957,0.9683395054854858,0.9999999996086669,1347,6129
ProtT5,22,25,1.4905047965386042,1.0005408243635852,1.4896991309541725,2.0315169313554075e-33,1347,6129
ProtT5,22,26,2.4251003477780486,1.0134748775353342,2.392856894169534,3.738667955878322e-53,1347,6129
ProtT5,22,27,1.7361591115383723,0.9751286219570255,1.7804411361180268,7.080225795806101e-49,1347,6129
ProtT5,22,28,1.0917354320364698,0.907414009839875,1.203128252592354,2.0792323884234032e-69,1347,6129
ProtT5,22,29,1.4813168985186989,1.0785753396697564,1.3734014157715269,2.5127758567260572e-70,1347,6129
ProtT5,22,30,0.9011931444152514,0.6058357576111009,1.4875205583255569,1.5659681657379689e-30,1347,6129
ProtT5,22,31,1.0096545201721419,0.8569394990930668,1.1782098050570657,0.8624867779487682,1347,6129
ProtT5,23,0,1.5923972579400985,0.8898074684883724,1.7895975414156766,3.7851232233549974e-66,1347,6129
ProtT5,23,1,1.266655868836129,0.9621292415500018,1.31651322310455,2.615103978284309e-21,1347,6129
ProtT5,23,2,1.5945387899034893,1.0865474557153045,1.4675279772789673,1.6012782601085074e-41,1347,6129
ProtT5,23,3,2.1889683101118806,1.0271816642662892,2.131043014358565,1.9772456603587805e-98,1347,6129
ProtT5,23,4,1.7858043917037862,0.9933727611081794,1.7977183003403394,2.5430903137208282e-76,1347,6129
ProtT5,23,5,1.891711489217938,0.9889844837459465,1.9127817678723937,1.844350559642677e-24,1347,6129
ProtT5,23,6,1.535497901876856,1.0234424592931657,1.500326557623316,2.6546464762111684e-55,1347,6129
ProtT5,23,7,1.8574413138136832,0.9051287914493341,2.0521293006705292,1.8771484301605074e-34,1347,6129
ProtT5,23,8,1.069159039764291,1.0175018136274525,1.0507686821241895,0.02826370871573837,1347,6129
ProtT5,23,9,1.2006873546393606,0.9680409107030867,1.2403270784984728,0.0010030685904153878,1347,6129
ProtT5,23,10,1.1891402008804288,0.9533027179635238,1.2473899197735518,2.1554269685965146e-65,1347,6129
ProtT5,23,11,1.1085892913070712,0.9941858760605319,1.1150724607956246,4.961763207986179e-11,1347,6129
ProtT5,23,12,0.9937618173487379,0.9313468914433432,1.0670157666051454,0.9454334386757594,1347,6129
ProtT5,23,13,1.1797811144267354,1.0281321083202042,1.14749953325969,5.033191463900162e-20,1347,6129
ProtT5,23,14,1.0460370919752227,1.0500045330727892,0.9962215009815663,0.9999522002547919,1347,6129
ProtT5,23,15,1.0032480490499722,0.8709665212259341,1.1518790040722169,5.1167414343781476e-20,1347,6129
ProtT5,23,16,0.896563489612333,0.7544125261149607,1.1884260382438436,4.153274857999625e-14,1347,6129
ProtT5,23,17,1.2492029180151494,1.047698083330784,1.192331013953707,1.2941102860610135e-39,1347,6129
ProtT5,23,18,1.2268454276285263,0.960899060498756,1.276768266368926,1.802157574752096e-25,1347,6129
ProtT5,23,19,1.1176527627946362,0.8802175847055239,1.2697460062315684,5.734600896474947e-27,1347,6129
ProtT5,23,20,1.0043112705969863,0.9984567162651751,1.0058636035357755,0.42012779437934233,1347,6129
ProtT5,23,21,0.649639806485477,0.5681809425198403,1.143367821533001,8.288917823304922e-17,1347,6129
ProtT5,23,22,1.9069837359206803,1.039787911147312,1.8340122206426654,8.681688885351127e-43,1347,6129
ProtT5,23,23,1.0146683747448033,0.9636516673741128,1.0529410253704097,0.2649390058674238,1347,6129
ProtT5,23,24,1.043670541017075,0.9804507650934594,1.0644803167832597,0.9700874199401499,1347,6129
ProtT5,23,25,0.8849161965101847,1.0086550620003263,0.8773229123098363,1.0,1347,6129
ProtT5,23,26,1.507061987340937,1.0150776578505172,1.4846765424157042,7.814402546018705e-23,1347,6129
ProtT5,23,27,1.3822826677193532,0.8170258927683707,1.6918468312377395,3.833002221743314e-48,1347,6129
ProtT5,23,28,1.23901258438892,1.0088336164711311,1.2281634594245063,9.307154886650356e-34,1347,6129
ProtT5,23,29,1.7318496760741462,1.0115002373688995,1.7121594361450767,3.927648833091933e-96,1347,6129
ProtT5,23,30,1.548748466644627,0.9734197272078056,1.5910387095678822,2.3591481602758428e-42,1347,6129
ProtT5,23,31,1.0496481801282944,1.0426104062143091,1.0067501473916218,0.9618364401322802,1347,6129
