model,layer,head,mean_p,mean_r,enrich_p_vs_r,pvalue,n_p,n_r
ESM-2_150M,0,0,1.0208780653581144,0.9906804091857819,1.0304817334554452,9.67851529794231e-09,1347,6735
ESM-2_150M,0,1,1.0476669781546109,0.983884067161931,1.0648276693581036,1.4111274460532715e-29,1347,6735
ESM-2_150M,0,2,1.0187074760640207,0.9879116164637922,1.0311726869964963,2.806114435965852e-20,1347,6735
ESM-2_150M,0,3,0.9932966991407215,0.986904382364964,1.0064771389102958,0.40268851375728215,1347,6735
ESM-2_150M,0,4,1.0076056510409162,0.9951169379127406,1.0125499955355706,0.08875745933581419,1347,6735
ESM-2_150M,0,5,1.042587172945252,0.9827462538136494,1.0608915260672669,2.3664179674402944e-07,1347,6735
ESM-2_150M,0,6,1.066162478109599,0.9853709818968175,1.081990943205228,9.617296432416159e-32,1347,6735
ESM-2_150M,0,7,1.012663941960381,0.9967873476838393,1.0159277646465246,0.0009459111087639664,1347,6735
ESM-2_150M,0,8,0.9817103450397429,0.9959111238331289,0.9857409175843632,0.6829463489652263,1347,6735
ESM-2_150M,0,9,1.0013179226813709,0.9945158169370452,1.00683961544752,0.02761870520480109,1347,6735
ESM-2_150M,0,10,1.0656047198360021,0.9836287549361531,1.0833403501966248,4.0672600311550074e-22,1347,6735
ESM-2_150M,0,11,1.0420728442221106,0.9871536207358397,1.0556339178955076,1.1856499222114585e-59,1347,6735
ESM-2_150M,0,12,1.0165710635068421,0.9911460420602148,1.0256521444546944,1.51179858303335e-28,1347,6735
ESM-2_150M,0,13,1.0532648549225034,0.9850973287156182,1.0691987727707708,1.2841493854777744e-22,1347,6735
ESM-2_150M,0,14,1.1005164097438676,0.9813195757717226,1.121465867914035,7.149261209744691e-26,1347,6735
ESM-2_150M,0,15,0.978035994609728,0.9951821889183481,0.9827707986542081,0.9999999999955714,1347,6735
ESM-2_150M,0,16,1.1371468839241827,0.9832376823304934,1.156533058445126,1.4445159138852188e-29,1347,6735
ESM-2_150M,0,17,1.010850740656113,0.9927839102794616,1.0181981498587802,1.0243945096640228e-29,1347,6735
ESM-2_150M,0,18,1.1226850020593417,0.9759999976037782,1.1502920131308365,3.0761207822557455e-45,1347,6735
ESM-2_150M,0,19,1.0336115163347857,0.9874175306594893,1.046782626640671,1.9147858695369105e-37,1347,6735
ESM-2_150M,1,0,2.766133981120082,0.9148691213166351,3.023529723179635,0.9862243784689041,1347,6735
ESM-2_150M,1,1,1.0058575409071129,0.9890744439212145,1.0169684871437596,0.043392410030616654,1347,6735
ESM-2_150M,1,2,0.9939325419133606,0.9943547745368706,0.9995753702457891,1.3447236992825785e-05,1347,6735
ESM-2_150M,1,3,1.0752152025301367,0.9271667921330722,1.1596782926796367,7.864643189071833e-07,1347,6735
ESM-2_150M,1,4,0.9883796186217486,0.9955937929578684,0.9927538978375038,0.01772453870951733,1347,6735
ESM-2_150M,1,5,0.999595352037137,0.989321091032152,1.010385163217602,0.050404493709784975,1347,6735
ESM-2_150M,1,6,1.0033439664528294,0.9943309643408857,1.0090643884533135,0.0005141235915320282,1347,6735
ESM-2_150M,1,7,0.6658936167355701,1.0147054855564144,0.6562432412301654,0.999999611865612,1347,6735
ESM-2_150M,1,8,1.0068143105276797,0.9975352276174687,1.0093020102481727,0.0024715461948778142,1347,6735
ESM-2_150M,1,9,0.9871570666188564,1.023817971556737,0.964191969709091,0.9999806125177033,1347,6735
ESM-2_150M,1,10,1.0069384917232422,0.9829475867056578,1.0244071050603927,0.042742855533795525,1347,6735
ESM-2_150M,1,11,1.1364721953868866,0.9800024494606208,1.1596626069785687,7.068910187769132e-19,1347,6735
ESM-2_150M,1,12,1.1023129748475047,0.9842755293062907,1.1199231739758946,3.6121563906317382e-06,1347,6735
ESM-2_150M,1,13,1.1338119903170043,0.9734149678522112,1.1647776413575197,9.196114329630299e-15,1347,6735
ESM-2_150M,1,14,1.2860533120504731,0.9700988066090241,1.3256931183596303,2.7617413995970854e-45,1347,6735
ESM-2_150M,1,15,0.9252864025040919,1.01834053190974,0.908621795470382,0.9999999999972838,1347,6735
ESM-2_150M,1,16,0.9965941186222707,0.9903044175959532,1.0063512803886971,1.4944937573285033e-08,1347,6735
ESM-2_150M,1,17,1.2175854170638252,0.974381976300137,1.249597638994889,0.0029430347116148822,1347,6735
ESM-2_150M,1,18,1.0616632595315365,0.9885388460615961,1.0739722204759812,2.695527829708102e-11,1347,6735
ESM-2_150M,1,19,0.997788490668083,0.9865107833404362,1.011431914904629,6.173693551722044e-13,1347,6735
ESM-2_150M,2,0,1.0601586056534413,1.025813535562182,1.033480811961052,0.008424414541840862,1347,6735
ESM-2_150M,2,1,0.9759758084392937,0.970820520851974,1.0053102375532765,0.1637231707294008,1347,6735
ESM-2_150M,2,2,1.4659672306536655,0.9195384817182708,1.594242394200105,1.0794357857074581e-73,1347,6735
ESM-2_150M,2,3,0.9847091532408438,0.9868655664507513,0.9978148865628548,0.6917563713791738,1347,6735
ESM-2_150M,2,4,0.9429844583439314,0.993893011722993,0.9487786383659066,0.9999999272277178,1347,6735
ESM-2_150M,2,5,1.1456754412667987,0.9767255929386507,1.1729757564965946,1.695032296847186e-23,1347,6735
ESM-2_150M,2,6,1.1663791091135014,0.97711572276391,1.1936959788286214,1.0395543315286515e-19,1347,6735
ESM-2_150M,2,7,1.494281854517841,0.9378642995807922,1.593281517577497,1.561518636494842e-54,1347,6735
ESM-2_150M,2,8,1.0362929270257752,0.9886673556011566,1.0481714816968546,4.721516074648155e-10,1347,6735
ESM-2_150M,2,9,1.1733429931662838,0.9583068490694896,1.2243917429011313,2.703488565679415e-14,1347,6735
ESM-2_150M,2,10,1.4541762885544243,0.9433261421360435,1.541541385953351,0.00010696262206805791,1347,6735
ESM-2_150M,2,11,1.108585379868414,0.9745277448968703,1.137561640162159,2.7098369104626516e-42,1347,6735
ESM-2_150M,2,12,1.072564241051143,0.9788903262308551,1.095693983595662,1.0635559520349568e-38,1347,6735
ESM-2_150M,2,13,0.9019255152534978,0.9931972101153758,0.9081031501777223,0.9999999392766367,1347,6735
ESM-2_150M,2,14,1.0034391089593515,0.9955426464135237,1.007931817460834,1.8972059610411004e-17,1347,6735
ESM-2_150M,2,15,1.4536490994654236,0.936376470290318,1.5524195081650527,1.2346226758640041e-46,1347,6735
ESM-2_150M,2,16,1.0313991367673112,0.9871254581922102,1.0448511161450362,2.626213693335494e-40,1347,6735
ESM-2_150M,2,17,1.0070615739802917,0.9972413573693415,1.0098473820187877,3.2963858374518846e-05,1347,6735
ESM-2_150M,2,18,1.3558254361003306,0.9527311827260074,1.4230933768966891,1.821272611447571e-21,1347,6735
ESM-2_150M,2,19,0.9458214566609376,1.0085580003553616,0.9377957998723733,0.9999980654893318,1347,6735
ESM-2_150M,3,0,1.0467734897886725,0.9878027565008459,1.059698895249819,2.3909356525353898e-11,1347,6735
ESM-2_150M,3,1,1.246863528212177,0.9757161851162015,1.2778957111013625,5.331507541688039e-09,1347,6735
ESM-2_150M,3,2,1.0926395132639892,1.0028276731327188,1.0895585976907762,6.228358015692327e-12,1347,6735
ESM-2_150M,3,3,1.6921506791493808,0.7816092914748873,2.164957220450019,0.9999998611049599,1347,6735
ESM-2_150M,3,4,1.018203369139209,0.9916159173237256,1.0268122479187711,2.804009491982922e-18,1347,6735
ESM-2_150M,3,5,1.239218358489745,0.9586198735299072,1.292710898978753,2.3924224880988138e-21,1347,6735
ESM-2_150M,3,6,1.1567003926692314,0.9420505539907534,1.2278538426299623,1.2658917198058684e-13,1347,6735
ESM-2_150M,3,7,1.4334779493593692,0.918394397552047,1.5608522364468491,1.563464542944991e-104,1347,6735
ESM-2_150M,3,8,0.7198492327750659,1.0336131924327736,0.6964396720602857,0.6654025218437486,1347,6735
ESM-2_150M,3,9,1.1414527634757488,0.9670104180905849,1.1803934498757624,1.1672125638120785e-80,1347,6735
ESM-2_150M,3,10,1.2384820961363685,0.9269042954059026,1.3361488368052306,1.455908783463454e-28,1347,6735
ESM-2_150M,3,11,0.5268786794159619,1.0403604650514584,0.5064385826982587,1.0,1347,6735
ESM-2_150M,3,12,1.2265568650711354,0.9392372830988702,1.3059073432693153,1.799429032707042e-42,1347,6735
ESM-2_150M,3,13,1.3985618040264316,0.8905096226729281,1.5705184631565785,8.256849909677308e-121,1347,6735
ESM-2_150M,3,14,0.9678215249756154,0.9378043029704853,1.032007980673634,1.9383391183449847e-13,1347,6735
ESM-2_150M,3,15,1.385647526789393,0.9499646199163279,1.4586306665941304,3.573903005459984e-33,1347,6735
ESM-2_150M,3,16,1.0949851706922717,0.9963343540667027,1.0990137660343735,0.9802730762623576,1347,6735
ESM-2_150M,3,17,1.0822534161912307,0.9740288792226434,1.1111101932162006,1.201059464741277e-64,1347,6735
ESM-2_150M,3,18,0.8500997707352828,1.018006991020334,0.8350628023519169,0.9816762477433664,1347,6735
ESM-2_150M,3,19,1.1689097513268414,0.9771052953262371,1.1962986557519006,2.15370132772649e-12,1347,6735
ESM-2_150M,4,0,1.0226167277574716,0.9930823547382575,1.0297401045122772,0.08955164765726603,1347,6735
ESM-2_150M,4,1,1.0043854321440946,0.9791201717244445,1.0258040444362946,0.7013278915971424,1347,6735
ESM-2_150M,4,2,1.016166942975392,0.9926681140748854,1.0236723921795414,1.3738399568547823e-11,1347,6735
ESM-2_150M,4,3,0.9784779049395276,1.009408107665993,0.9693580797582615,0.6655096548287328,1347,6735
ESM-2_150M,4,4,0.9782071950352449,0.988640993727342,0.9894463220134541,0.716897426369689,1347,6735
ESM-2_150M,4,5,0.8848731003441719,1.001894603427375,0.8831997870006635,0.9999999998585448,1347,6735
ESM-2_150M,4,6,1.281783090977644,0.9423618629541588,1.360181413708161,1.520671840436516e-59,1347,6735
ESM-2_150M,4,7,1.2886334600807918,0.9117852876627985,1.4133080205581923,7.809834866627607e-57,1347,6735
ESM-2_150M,4,8,1.0889505286878716,0.9651736605174026,1.1282431061205251,1.5228468007102642e-06,1347,6735
ESM-2_150M,4,9,1.533849267846315,0.8744194958671518,1.7541343429508214,7.932123407535815e-75,1347,6735
ESM-2_150M,4,10,1.642281452799527,0.8651396555726506,1.8982847939301466,3.30820127211555e-99,1347,6735
ESM-2_150M,4,11,1.2924079219433848,0.9391910697410261,1.3760862550575095,2.399152228428266e-43,1347,6735
ESM-2_150M,4,12,1.0640582353783787,0.977014498893827,1.0890915504151704,3.4630748891327053e-07,1347,6735
ESM-2_150M,4,13,1.2356522161383583,0.9572443134778503,1.2908430990297546,2.1205194115971846e-69,1347,6735
ESM-2_150M,4,14,1.571961714866078,0.9710220154327822,1.6188734033650705,2.888601888313992e-10,1347,6735
ESM-2_150M,4,15,1.2955697338499887,0.9233875320064154,1.4030617578676463,1.3014799702585266e-09,1347,6735
ESM-2_150M,4,16,1.2035471871827121,0.9597010203297703,1.254085555488054,5.885908867099301e-27,1347,6735
ESM-2_150M,4,17,2.8406439769235954,0.8752958691877375,3.2453528880008014,6.146331190267601e-11,1347,6735
ESM-2_150M,4,18,1.326346447723126,0.9302068295594755,1.4258618681086797,4.629746071735358e-89,1347,6735
ESM-2_150M,4,19,1.2127986012694565,0.9255606318646302,1.3103394413245062,3.473663872633151e-21,1347,6735
ESM-2_150M,5,0,1.227670249728999,0.9322335358230645,1.3169127719108442,1.0228172651164532e-34,1347,6735
ESM-2_150M,5,1,1.149437786077869,0.9693041180775577,1.18583813339984,2.3315937276039915e-17,1347,6735
ESM-2_150M,5,2,1.3458087629601967,0.9469489064452024,1.421205255954404,1.548495498509204e-59,1347,6735
ESM-2_150M,5,3,1.0029850025573481,0.9925510713942598,1.0105122360589784,0.9398231584893038,1347,6735
ESM-2_150M,5,4,1.170540044771448,0.9522537177150658,1.2292312678811699,1.4639530403816237e-45,1347,6735
ESM-2_150M,5,5,0.805563007421244,1.0037086576234435,0.8025864889206357,0.999999998791432,1347,6735
ESM-2_150M,5,6,1.4050894942585415,0.9208086891026521,1.5259298819473905,8.064663885086013e-111,1347,6735
ESM-2_150M,5,7,0.9647228533005219,1.0006912731591118,0.9640564269686892,0.9999978901780615,1347,6735
ESM-2_150M,5,8,1.0220054899243487,0.9892779605132656,1.0330822384783576,1.6685085100679215e-17,1347,6735
ESM-2_150M,5,9,1.1689556588342036,0.9353129204361248,1.2498016795161282,1.4828941271181152e-35,1347,6735
ESM-2_150M,5,10,1.1787570726013041,0.9538180130096214,1.235830165213512,2.7657854732648746e-24,1347,6735
ESM-2_150M,5,11,1.1833627599760967,0.954461626264902,1.2398222489121478,8.72836148503942e-77,1347,6735
ESM-2_150M,5,12,0.9815432691494447,1.0138313951160214,0.968152371171262,0.4386505690060356,1347,6735
ESM-2_150M,5,13,1.0896562928722449,0.9734351637092182,1.1193927787857723,1.9270249725817985e-63,1347,6735
ESM-2_150M,5,14,2.696882450483662,0.8804650805558686,3.063020340092335,2.861640836575424e-114,1347,6735
ESM-2_150M,5,15,0.8212632136758204,1.0149711725374637,0.8091492998984724,1.0,1347,6735
ESM-2_150M,5,16,1.3292551483369883,0.8991701323043972,1.4783132808586148,1.1612389915308766e-54,1347,6735
ESM-2_150M,5,17,1.0894830725705438,0.9534254715720547,1.1427039711600642,2.3531746553039084e-07,1347,6735
ESM-2_150M,5,18,1.0319793898482277,0.9880545257637036,1.0444559110243161,2.0052526408605751e-19,1347,6735
ESM-2_150M,5,19,1.7068448382545243,0.8903101128189318,1.9171351798422809,5.855758581656007e-93,1347,6735
ESM-2_150M,6,0,1.1620044547845987,0.9303611102087372,1.24898218770547,1.1777665413200627e-20,1347,6735
ESM-2_150M,6,1,1.325713004438454,0.930460228332344,1.4247927682137669,1.4421866366091471e-24,1347,6735
ESM-2_150M,6,2,1.068987883334259,0.9665937821977476,1.1059329193114584,5.2389167053405116e-14,1347,6735
ESM-2_150M,6,3,1.4563474745338238,0.8709952403819596,1.6720498655023284,8.451565558383565e-107,1347,6735
ESM-2_150M,6,4,0.6626554286562365,1.087478290698211,0.6093504894068104,1.0,1347,6735
ESM-2_150M,6,5,1.003252153539976,1.0147045362278897,0.9887135789000341,0.5826818363936003,1347,6735
ESM-2_150M,6,6,1.091629459712801,0.9707955251978164,1.1244689858766732,6.911241231975676e-21,1347,6735
ESM-2_150M,6,7,1.8833854212007348,0.8959041337952095,2.102217581274437,5.778587325509541e-48,1347,6735
ESM-2_150M,6,8,1.008612353844207,0.9880527964966689,1.020808156629318,0.10996750078570111,1347,6735
ESM-2_150M,6,9,1.1797000020189292,0.9627015609119942,1.2254057227261232,8.788763367416367e-10,1347,6735
ESM-2_150M,6,10,1.064922530450198,0.9866125961808514,1.0793725263314922,0.003051192747003448,1347,6735
ESM-2_150M,6,11,1.0464717578129052,0.9873529227800341,1.0598760925996082,0.999975985132762,1347,6735
ESM-2_150M,6,12,1.027839689993292,0.9847417333321653,1.043765746085821,9.92960470045201e-06,1347,6735
ESM-2_150M,6,13,1.1178937170159489,0.9544584346242365,1.1712335251728963,6.7561028484662515e-12,1347,6735
ESM-2_150M,6,14,2.5696681187900907,0.9166390615640555,2.803358733595186,1.6750170520548108e-126,1347,6735
ESM-2_150M,6,15,1.013896205250254,1.01457178022411,0.9993341279670652,0.23268399736011597,1347,6735
ESM-2_150M,6,16,1.1328699824295845,0.9800100003403032,1.155977981894268,4.705625856835198e-10,1347,6735
ESM-2_150M,6,17,0.9148986577523047,1.0047750347861557,0.9105507462643325,0.9999999999981808,1347,6735
ESM-2_150M,6,18,1.1551340824489515,0.9730996673881078,1.18706656795952,3.010416696920804e-41,1347,6735
ESM-2_150M,6,19,1.0130089524339638,1.155940052759353,0.8763507675123833,0.9993324641584728,1347,6735
ESM-2_150M,7,0,1.3716811125443968,0.9296521986723388,1.4754777265124863,1.1305801742884237e-79,1347,6735
ESM-2_150M,7,1,1.2295290123513654,0.9662774471835729,1.2724389003749355,4.3604347768168695e-72,1347,6735
ESM-2_150M,7,2,1.2233753283774313,1.0079110888818192,1.2137730618031488,0.18736071144143823,1347,6735
ESM-2_150M,7,3,1.5942559446959736,0.8972295653211878,1.7768651483583984,7.035331739993698e-52,1347,6735
ESM-2_150M,7,4,2.7994640827242563,0.9221406570225733,3.0358319649013454,3.46756845042547e-81,1347,6735
ESM-2_150M,7,5,1.3179851717632969,0.9580512466568724,1.3756938121654942,1.748949677776083e-74,1347,6735
ESM-2_150M,7,6,1.2633698185561495,0.9479815570420482,1.3326945120094906,1.9812836168959466e-29,1347,6735
ESM-2_150M,7,7,1.2621216467334857,0.9483935320806575,1.330799508896426,2.618846286894648e-65,1347,6735
ESM-2_150M,7,8,1.413466459238361,0.9655116960467147,1.4639558122659684,2.679023605157202e-54,1347,6735
ESM-2_150M,7,9,1.2084951690815073,0.9607889879099422,1.2578153832824566,1.0838908251254269e-119,1347,6735
ESM-2_150M,7,10,1.268607082593503,0.9650507784887606,1.3145495665835345,1.737792081562501e-32,1347,6735
ESM-2_150M,7,11,0.8349780435628951,1.0290757951183547,0.8113863405628579,0.9684721625206171,1347,6735
ESM-2_150M,7,12,1.4046293609480374,0.9330283053291224,1.5054520349761087,1.6521131874623708e-100,1347,6735
ESM-2_150M,7,13,1.080591153029875,0.9745084247780713,1.108857682042064,2.0088870214749075e-11,1347,6735
ESM-2_150M,7,14,1.7251074544134057,0.9027283016473342,1.9109929878850167,7.846050113524916e-47,1347,6735
ESM-2_150M,7,15,1.1030343109223253,0.988949547532141,1.1153595384869484,6.05741911154383e-14,1347,6735
ESM-2_150M,7,16,1.0215514376593593,0.9918201509373623,1.0299764898846813,0.00022608631369281482,1347,6735
ESM-2_150M,7,17,1.0295192555931647,0.9987637683472637,1.0307935552135563,0.07805453767593319,1347,6735
ESM-2_150M,7,18,1.3201037112128406,0.9233351345228635,1.4297124216929193,6.041810528192631e-34,1347,6735
ESM-2_150M,7,19,1.4867585973776793,0.9298848372115943,1.5988631472214974,1.7927775367724144e-92,1347,6735
ESM-2_150M,8,0,2.4060808046601307,1.0012835754168723,2.402996377583032,4.976473367125349e-38,1347,6735
ESM-2_150M,8,1,1.3618529270435584,0.9495262577344332,1.4342446203572456,2.6611748291970384e-11,1347,6735
ESM-2_150M,8,2,0.7635444896579143,1.0298768137040277,0.7413939992607178,1.0,1347,6735
ESM-2_150M,8,3,1.046334942801404,0.989679250952462,1.0572465188033566,6.12488632262126e-26,1347,6735
ESM-2_150M,8,4,1.1042084141890915,0.981623994244322,1.12487920085851,1.842194212477058e-05,1347,6735
ESM-2_150M,8,5,1.2426152325663287,0.946229113994613,1.3132287034801626,2.4271979849091523e-13,1347,6735
ESM-2_150M,8,6,1.33688730752592,0.9497677519353301,1.4075939141982459,1.569242727835112e-62,1347,6735
ESM-2_150M,8,7,0.733319951634807,1.0134464523154183,0.7235902301097339,0.9999999999997806,1347,6735
ESM-2_150M,8,8,1.056913660176834,0.9823652849939901,1.0758866139933885,0.2002678390607141,1347,6735
ESM-2_150M,8,9,1.7381734111482512,0.918057444918992,1.8933166119050697,1.0675687453830053e-61,1347,6735
ESM-2_150M,8,10,1.490971790168935,0.9308790780288605,1.6016814915703903,5.908954519029803e-57,1347,6735
ESM-2_150M,8,11,1.3996311441650193,0.9694626196964458,1.4437185258398784,1.6295233640661292e-41,1347,6735
ESM-2_150M,8,12,2.095532820940311,1.025973710797104,2.042481984564926,4.905282333003542e-15,1347,6735
ESM-2_150M,8,13,1.0435886687938603,1.001065849720237,1.0424775443948138,0.9981762233022105,1347,6735
ESM-2_150M,8,14,1.0445941088592554,0.9905841972134073,1.0545232922125978,3.764671123261302e-27,1347,6735
ESM-2_150M,8,15,1.1949405199125598,0.9638452751820584,1.2397638404015108,2.1358455335186536e-59,1347,6735
ESM-2_150M,8,16,1.1393704332284071,0.9712751963267791,1.1730665392644017,5.0829110719214995e-31,1347,6735
ESM-2_150M,8,17,1.1797739426206462,0.9865794677046731,1.1958225173340062,6.954837529235036e-31,1347,6735
ESM-2_150M,8,18,1.191260116867605,1.056146172971175,1.1279311021090237,1.6635496578249765e-10,1347,6735
ESM-2_150M,8,19,1.4877747349723145,0.9490027074968275,1.567724436631587,1.1050954016161254e-29,1347,6735
ESM-2_150M,9,0,1.0589417836448398,0.9802684736234131,1.0802569011840428,8.983244534557814e-12,1347,6735
ESM-2_150M,9,1,1.168137228800884,0.9826463544576719,1.1887666641226036,3.2271395080279005e-48,1347,6735
ESM-2_150M,9,2,1.0372997767498693,0.9909860637733117,1.0467349790976999,6.84687558008173e-38,1347,6735
ESM-2_150M,9,3,1.192511533741696,0.9930333224662428,1.2008776611645218,5.532168810647354e-18,1347,6735
ESM-2_150M,9,4,1.9264880483451492,1.0006528532219623,1.9252311549825967,2.793273179604278e-36,1347,6735
ESM-2_150M,9,5,1.071899194826262,0.986396455218284,1.086681921002095,2.6791054361829075e-30,1347,6735
ESM-2_150M,9,6,1.4422542761787274,0.9078861003496864,1.588585039051948,6.8951054947138e-110,1347,6735
ESM-2_150M,9,7,1.184841842880803,0.9923666038426675,1.193955780346525,1.6134780869259651e-16,1347,6735
ESM-2_150M,9,8,1.0766942802410082,0.9631994129753856,1.1178311217144845,8.902612748408021e-20,1347,6735
ESM-2_150M,9,9,1.2119568598518216,0.9760236588777572,1.2417289773952231,2.2317318135328122e-41,1347,6735
ESM-2_150M,9,10,0.9566450586740229,0.9958571231511228,0.9606248089555017,0.9697945459446389,1347,6735
ESM-2_150M,9,11,1.8553980639966312,0.8717245704656897,2.1284223559345663,4.489479062488167e-74,1347,6735
ESM-2_150M,9,12,1.2340426524435935,0.9583844200916085,1.287628040035997,7.690386314471876e-117,1347,6735
ESM-2_150M,9,13,1.4390272697919195,0.9698838926591781,1.4837108654794422,3.159660585125015e-60,1347,6735
ESM-2_150M,9,14,1.0311366331161351,0.9927524773817462,1.03866437667889,6.865632535403633e-24,1347,6735
ESM-2_150M,9,15,1.4634237912025112,0.9434252433716676,1.5511815074742359,6.509958223631079e-41,1347,6735
ESM-2_150M,9,16,1.163996556670071,0.9047996256879373,1.2864688751225566,2.897559347178017e-17,1347,6735
ESM-2_150M,9,17,1.0376561293468356,0.9719243981502812,1.0676304981350935,0.9999977536974421,1347,6735
ESM-2_150M,9,18,1.364783021239059,0.9628275819371697,1.417473955714035,3.973612009083091e-72,1347,6735
ESM-2_150M,9,19,1.059013918943775,0.9808148386572234,1.0797286880300563,1.766151550429427e-39,1347,6735
ESM-2_150M,10,0,1.0866492996635309,1.0033220403709497,1.0830513593240443,0.3173818209172017,1347,6735
ESM-2_150M,10,1,1.1359215250879018,0.9834230573467617,1.15506903829627,2.572076309585775e-68,1347,6735
ESM-2_150M,10,2,0.9820989347667984,0.9878424773148987,0.9941857708288552,0.7484125696978877,1347,6735
ESM-2_150M,10,3,1.3824595463169709,0.947817377397637,1.4585716397315944,1.2175837525670268e-66,1347,6735
ESM-2_150M,10,4,1.2030802225637365,0.9900643343350669,1.2151535822889048,1.1351454646686001e-36,1347,6735
ESM-2_150M,10,5,1.2988987751222134,0.9631842339335324,1.3485465494152264,3.983564742314676e-62,1347,6735
ESM-2_150M,10,6,1.2744129898487062,0.9657464393926888,1.3196144845743598,1.1557322367300386e-57,1347,6735
ESM-2_150M,10,7,1.0415434125138816,0.9871822910124758,1.055066953688616,3.1424572055153576e-13,1347,6735
ESM-2_150M,10,8,1.0907358113336139,0.984553185578798,1.1078485421713336,2.4412699214650524e-63,1347,6735
ESM-2_150M,10,9,1.3398433814258068,0.9124358128156145,1.468424806005026,6.328065967144888e-45,1347,6735
ESM-2_150M,10,10,0.9408950607700974,1.0047647574475365,0.9364331837835446,0.9999997844624247,1347,6735
ESM-2_150M,10,11,1.2265603787472448,0.9421671633200018,1.3018500606889123,1.941897784649926e-119,1347,6735
ESM-2_150M,10,12,1.0481388001483551,0.9785222464498982,1.071144579442141,2.735865243404009e-08,1347,6735
ESM-2_150M,10,13,1.6018285583082446,0.9034138159545687,1.7730839732794146,5.886140685741222e-96,1347,6735
ESM-2_150M,10,14,1.5900032569411602,0.9303985197630827,1.7089486098344606,7.85558971524625e-61,1347,6735
ESM-2_150M,10,15,2.0320762643381767,0.8273473167555502,2.4561344712000537,4.514812271333806e-71,1347,6735
ESM-2_150M,10,16,1.2258485843715796,0.9687047232321305,1.2654512308781525,9.857416354904353e-96,1347,6735
ESM-2_150M,10,17,1.0459385389142684,0.9833660111550322,1.0636309645131423,3.2315670080539167e-59,1347,6735
ESM-2_150M,10,18,1.2515414554871889,0.9656437199410679,1.2960695851297712,4.604802131001379e-31,1347,6735
ESM-2_150M,10,19,1.4008127286997032,0.92293766386193,1.5177761007586994,1.1207768090694377e-137,1347,6735
ESM-2_150M,11,0,1.3294788113703264,0.9387852993866383,1.4161691839858914,2.302545981040541e-125,1347,6735
ESM-2_150M,11,1,1.2279569413720366,0.96114363733184,1.2775998234570614,4.386453340950668e-55,1347,6735
ESM-2_150M,11,2,0.8730775284696352,0.8359756638717014,1.0443815127656968,0.31759156020012114,1347,6735
ESM-2_150M,11,3,1.7378980118474345,0.8600325974906119,2.020735047622896,8.329671034823087e-125,1347,6735
ESM-2_150M,11,4,1.076808841806389,0.9788104307678069,1.100119908777136,7.628386630698179e-18,1347,6735
ESM-2_150M,11,5,1.8168188478097973,0.8380354784733292,2.167949799833705,6.696499535302137e-166,1347,6735
ESM-2_150M,11,6,1.1160333556826236,0.9672233766751017,1.1538527527312943,5.864462181943162e-07,1347,6735
ESM-2_150M,11,7,1.6673698555719614,0.8558396338437474,1.9482269687411753,2.7839240579432037e-145,1347,6735
ESM-2_150M,11,8,1.4064630660952333,0.9094762571095182,1.5464538574819204,2.3820950556940114e-129,1347,6735
ESM-2_150M,11,9,1.6588500740798917,0.8691980101107312,1.9084835155899207,1.2888422989768387e-139,1347,6735
ESM-2_150M,11,10,1.0809194065392593,0.987287195466055,1.0948378663302776,1.6581946228663625e-37,1347,6735
ESM-2_150M,11,11,1.6416524689708185,0.8675413088990568,1.8923046685282785,1.0160068849954326e-107,1347,6735
ESM-2_150M,11,12,1.1006109874471524,0.9636942186307801,1.1420749094156692,6.883258674530132e-26,1347,6735
ESM-2_150M,11,13,1.1459425465876558,0.9642031676165688,1.1884866022794054,6.048853754744247e-55,1347,6735
ESM-2_150M,11,14,1.1774482473498729,0.9689857344208777,1.2151347594952826,6.232271812977825e-33,1347,6735
ESM-2_150M,11,15,0.9882494105550211,0.9798737908934078,1.008547651482725,0.009566895266465274,1347,6735
ESM-2_150M,11,16,1.9723256459181717,0.7904969879374206,2.4950451121444503,7.314075326981748e-82,1347,6735
ESM-2_150M,11,17,1.1191786281382852,0.9554719435190747,1.171335941080872,8.855293993829432e-38,1347,6735
ESM-2_150M,11,18,1.0716578831651429,0.985244893693623,1.0877071173112736,0.002289181815085224,1347,6735
ESM-2_150M,11,19,1.2664126082978253,0.9401585682972148,1.3470202272277447,4.389303403355503e-41,1347,6735
ESM-2_150M,12,0,2.0189609201687215,0.7802264370422454,2.5876602282567935,6.85556793393469e-22,1347,6735
ESM-2_150M,12,1,1.4046598559752959,0.9117162254169506,1.5406766017934033,9.042928040237228e-37,1347,6735
ESM-2_150M,12,2,1.494666710827823,0.8796620880984428,1.6991373517742818,2.2276156996155326e-122,1347,6735
ESM-2_150M,12,3,1.2408731886321913,0.9548672615773782,1.2995242779424128,4.633824329503272e-35,1347,6735
ESM-2_150M,12,4,2.0166054516920093,0.8171209646715232,2.4679399242958726,7.627515597844376e-59,1347,6735
ESM-2_150M,12,5,1.5727860421915805,0.9059604140978967,1.7360427869882928,5.096744021369932e-121,1347,6735
ESM-2_150M,12,6,1.302994055943128,0.914715689701687,1.4244798363173028,5.464234662343928e-87,1347,6735
ESM-2_150M,12,7,1.2731731822292454,0.9365162628840409,1.3594779211932269,1.1218000574976341e-131,1347,6735
ESM-2_150M,12,8,1.3849135991725199,0.8986631355244935,1.5410820188637564,1.0201161585908478e-110,1347,6735
ESM-2_150M,12,9,1.5383033647900966,0.8869021915159317,1.7344678810193959,7.405543956703474e-105,1347,6735
ESM-2_150M,12,10,1.2033049084229566,0.976101025186739,1.2327667704198455,2.5041286279241944e-46,1347,6735
ESM-2_150M,12,11,1.1455195991083171,0.9778975042707405,1.1714106990819857,2.9528548607823133e-41,1347,6735
ESM-2_150M,12,12,1.22861635002412,0.9403732782261586,1.3065198453338436,1.6065558177476815e-39,1347,6735
ESM-2_150M,12,13,1.2022824314185754,0.9607057247081331,1.2514575488595474,1.0146286086302042e-16,1347,6735
ESM-2_150M,12,14,1.0223718392036982,0.9859698123270237,1.0369200217101584,3.4453345434216166e-29,1347,6735
ESM-2_150M,12,15,0.9635898180322552,0.9851344390204639,0.9781302732552616,0.0008384665730000908,1347,6735
ESM-2_150M,12,16,1.252982647222506,0.9553842244408444,1.3114960611327202,2.3897740647995555e-58,1347,6735
ESM-2_150M,12,17,1.0029068375483388,0.9999154708610257,1.002991619566339,0.9997996458393562,1347,6735
ESM-2_150M,12,18,1.1997666758082048,0.9305989542756155,1.2892413754559948,3.9181468625971127e-70,1347,6735
ESM-2_150M,12,19,1.3476907262646365,0.942841353462684,1.4293928891802428,9.543522157152378e-61,1347,6735
ESM-2_150M,13,0,1.517384404428552,0.9316054343247998,1.628784406488899,4.1980787619631404e-117,1347,6735
ESM-2_150M,13,1,1.266144691526049,0.9638883855998649,1.3135801929370468,2.585897932407882e-75,1347,6735
ESM-2_150M,13,2,1.093116266402653,0.9677062386128313,1.1295951423952708,6.99732312745672e-20,1347,6735
ESM-2_150M,13,3,1.0992374675930565,0.9457179444338006,1.1623311940550813,1.9146109594540494e-22,1347,6735
ESM-2_150M,13,4,1.143478914354143,0.9728269398123933,1.1754186356873089,4.94223339522836e-35,1347,6735
ESM-2_150M,13,5,1.0681131659013392,0.9064802607099658,1.1783082458572023,1.407863481041865e-28,1347,6735
ESM-2_150M,13,6,2.2023332147529238,0.7971453733393769,2.762774881985424,6.441380111002319e-79,1347,6735
ESM-2_150M,13,7,1.3747817787224925,0.9270817828083269,1.4829131628042433,4.613553118609355e-142,1347,6735
ESM-2_150M,13,8,1.249957722363511,0.9553353098514971,1.3083968628332305,4.7585186297801475e-54,1347,6735
ESM-2_150M,13,9,1.2116801042466492,0.9413434506015771,1.287181743785767,4.854488866570763e-56,1347,6735
ESM-2_150M,13,10,1.3693206366469617,0.9064742416928854,1.5106007139151443,2.529392705139352e-128,1347,6735
ESM-2_150M,13,11,1.0857371438540788,0.9941575305100804,1.0921178088315753,2.08209387393015e-60,1347,6735
ESM-2_150M,13,12,1.0637762349627153,0.9851991345861176,1.07975758160771,9.427372454978291e-14,1347,6735
ESM-2_150M,13,13,1.3132664182160463,0.9717170745997227,1.351490523882188,7.734209596783724e-37,1347,6735
ESM-2_150M,13,14,1.5929818272966763,0.9070601406080597,1.7562030961131199,5.328544445719197e-112,1347,6735
ESM-2_150M,13,15,1.2574337639506428,0.9424535572462465,1.3342129745095732,3.385172711342597e-80,1347,6735
ESM-2_150M,13,16,2.107865097209308,0.8315113120204157,2.534980663206605,4.609600834160723e-68,1347,6735
ESM-2_150M,13,17,1.5364546748051044,0.876922455354806,1.7520986780791803,7.350257798415156e-51,1347,6735
ESM-2_150M,13,18,1.598045469591506,0.8903616805130141,1.794827320814991,1.308015747738952e-166,1347,6735
ESM-2_150M,13,19,1.250224294562692,0.9495188721132748,1.3166924126322619,4.786882205334372e-31,1347,6735
ESM-2_150M,14,0,1.7251353058314094,0.848929671886769,2.0321298253096156,5.007791557101958e-166,1347,6735
ESM-2_150M,14,1,1.7271815896720115,0.9285456948751154,1.8600932611122691,9.582813466410189e-84,1347,6735
ESM-2_150M,14,2,1.0890741597172413,0.9825738512847985,1.108389113238852,8.565096974774048e-66,1347,6735
ESM-2_150M,14,3,1.3633974463234324,0.923644690681318,1.4761059746012666,7.038050130068409e-32,1347,6735
ESM-2_150M,14,4,1.1174806555665326,0.9821916425214844,1.137741971309931,0.9999989557174025,1347,6735
ESM-2_150M,14,5,1.4302482557411802,0.9211968345903607,1.5525978835752137,1.2371933942345805e-123,1347,6735
ESM-2_150M,14,6,1.6028016484283747,0.9200482139221455,1.7420844083764546,2.007606988464717e-15,1347,6735
ESM-2_150M,14,7,1.0146812361284105,1.0077269949710361,1.0069009178002364,0.2565688077060777,1347,6735
ESM-2_150M,14,8,1.2931895039936925,0.9396874455230362,1.3761911049837372,1.8635577732369136e-19,1347,6735
ESM-2_150M,14,9,1.1627191124842091,0.9722062693782975,1.1959592826198704,7.056422156035433e-24,1347,6735
ESM-2_150M,14,10,1.1158011826094028,0.9842286178179821,1.1336808973133852,1.7833314962564287e-49,1347,6735
ESM-2_150M,14,11,1.4577512926108853,0.9215876500807432,1.5817825819206315,2.0923086553390787e-48,1347,6735
ESM-2_150M,14,12,1.115153114963392,0.9806220756076226,1.1371894868595631,3.039831739046243e-38,1347,6735
ESM-2_150M,14,13,1.126608577175944,0.9327642860384721,1.2078170166235083,0.24880979829136668,1347,6735
ESM-2_150M,14,14,1.3191074888818601,0.9546159402111237,1.3818200946761114,2.439883860762037e-25,1347,6735
ESM-2_150M,14,15,1.1938952913240937,0.9735854948637834,1.2262870570921296,1.7710621321545785e-12,1347,6735
ESM-2_150M,14,16,1.3257970001490451,0.961588785166243,1.37875672075339,5.853756204873892e-30,1347,6735
ESM-2_150M,14,17,1.3417708196503726,0.9098402828088759,1.474732263456211,8.432568634191784e-60,1347,6735
ESM-2_150M,14,18,2.0205492027043057,0.8691123242356552,2.3248424241150727,8.910907281425727e-211,1347,6735
ESM-2_150M,14,19,1.5382969958988402,0.9115673870224376,1.6875296525510473,1.1905387234293643e-43,1347,6735
ESM-2_150M,15,0,1.219649414940507,0.962285092236293,1.2674512208290734,2.3342475006155296e-34,1347,6735
ESM-2_150M,15,1,1.7205297321996582,0.8660017017662281,1.9867509829260181,1.792709180055377e-41,1347,6735
ESM-2_150M,15,2,1.614031129143994,0.9028359115455623,1.7877347461521977,6.275554223371771e-118,1347,6735
ESM-2_150M,15,3,1.5426575838523877,0.8967888160621845,1.7202016307766017,6.937705576303528e-136,1347,6735
ESM-2_150M,15,4,1.2513917516515976,0.9650029932359633,1.2967749949202554,4.387370385373358e-54,1347,6735
ESM-2_150M,15,5,1.744378555015714,0.8418121757678572,2.0721707350271847,1.434252306008696e-160,1347,6735
ESM-2_150M,15,6,0.9876540693957095,0.9896784726920266,0.9979544838529119,0.9999999951146972,1347,6735
ESM-2_150M,15,7,1.428404054932888,0.9064270233324747,1.5758621688940464,4.4353209944421235e-150,1347,6735
ESM-2_150M,15,8,1.564673008393073,0.8778617495849297,1.7823683616843784,3.852350522196224e-138,1347,6735
ESM-2_150M,15,9,1.7220515668829148,0.8762554334909409,1.9652392453903318,6.768560445501605e-84,1347,6735
ESM-2_150M,15,10,1.370350338502026,0.9221527079907097,1.4860340664052267,1.560339586326687e-109,1347,6735
ESM-2_150M,15,11,1.7280117073099792,0.8673317965615123,1.9923306330525223,5.862212186522515e-135,1347,6735
ESM-2_150M,15,12,1.086623306142107,0.970551863819936,1.1195932403502193,2.1304262173611185e-13,1347,6735
ESM-2_150M,15,13,1.273370751924398,0.927390780830901,1.3730681588008824,1.0285912292976685e-53,1347,6735
ESM-2_150M,15,14,1.9404231509900394,0.8062999067079959,2.406577422180913,1.0971815548028317e-135,1347,6735
ESM-2_150M,15,15,1.5798145124181253,0.9078924401305787,1.7400899518349406,6.406332492740629e-60,1347,6735
ESM-2_150M,15,16,1.0654701776055822,0.9815218735256722,1.0855287144833194,9.032984963288174e-10,1347,6735
ESM-2_150M,15,17,1.820611225741168,0.8310128338341812,2.1908340661131707,4.152559745370406e-194,1347,6735
ESM-2_150M,15,18,1.192860852393205,0.9593892330979983,1.2433544292979972,1.6805544645808266e-60,1347,6735
ESM-2_150M,15,19,1.5759677396673757,0.896381503405532,1.7581439751712413,3.282200456332862e-181,1347,6735
ESM-2_150M,16,0,1.0934839388376354,0.959477251343313,1.1396663519710413,1.3901425109104569e-19,1347,6735
ESM-2_150M,16,1,1.1249598005721546,0.9785133103739799,1.1496622362164945,1.9818329767320025e-26,1347,6735
ESM-2_150M,16,2,1.0381891744151854,0.9929132871877377,1.0455990344893904,7.643024381942617e-05,1347,6735
ESM-2_150M,16,3,1.3872911998892856,0.8614961516568417,1.610327796846483,4.133067247752567e-52,1347,6735
ESM-2_150M,16,4,1.4824121215870933,0.8883590647907902,1.6687082738736994,2.0098863737601045e-97,1347,6735
ESM-2_150M,16,5,1.1054448860835038,0.9826772039588859,1.1249318511002666,9.860178253020718e-59,1347,6735
ESM-2_150M,16,6,1.1163465243162007,0.9799972925061372,1.1391322535814146,5.158650884677149e-22,1347,6735
ESM-2_150M,16,7,1.8711826443822905,0.6817129926598384,2.7448246762636876,0.971008068195353,1347,6735
ESM-2_150M,16,8,1.0964123535881949,0.9740143619101624,1.125663436253645,1.9087223937478333e-60,1347,6735
ESM-2_150M,16,9,0.9937036555390404,1.0092932108051262,0.9845539877815587,0.9981038702857362,1347,6735
ESM-2_150M,16,10,1.4367230888995401,0.927955888473908,1.5482665789882937,1.2477609536846262e-67,1347,6735
ESM-2_150M,16,11,1.26157348918844,0.9717354061697356,1.2982685216350731,2.5781173490820673e-08,1347,6735
ESM-2_150M,16,12,1.155570628305409,0.9595687225118069,1.2042604153254801,1.5035470242015307e-42,1347,6735
ESM-2_150M,16,13,1.6411216059103664,0.8665233866624816,1.8939149608314005,3.533898698670839e-110,1347,6735
ESM-2_150M,16,14,1.539889176437699,0.8827632007438693,1.7443966571557308,1.627986262568351e-126,1347,6735
ESM-2_150M,16,15,1.3369963115942682,0.9154209001751723,1.4605263123645358,7.03065417427677e-23,1347,6735
ESM-2_150M,16,16,1.7624980511023498,0.8882159538323692,1.9843125351416304,1.5013575647382798e-154,1347,6735
ESM-2_150M,16,17,1.3295666377745299,0.945377027587972,1.406387715139193,1.8643701036918277e-38,1347,6735
ESM-2_150M,16,18,0.9074630785537102,1.0056937761018474,0.9023254395300252,0.20835258912627191,1347,6735
ESM-2_150M,16,19,1.8918915335932482,0.8231961255084167,2.2982269655664274,3.638515181000915e-126,1347,6735
ESM-2_150M,17,0,1.2537133295501084,0.9052835011734464,1.3848847658496155,0.04087375630210055,1347,6735
ESM-2_150M,17,1,1.4681675251636934,0.89383550161287,1.6425477870530734,3.1845719827943913e-96,1347,6735
ESM-2_150M,17,2,1.2084680390119023,0.953416631514042,1.2675130672860555,1.7367863532863333e-22,1347,6735
ESM-2_150M,17,3,1.124578231056487,0.9788597556977424,1.148865529010205,1.0448070062895408e-14,1347,6735
ESM-2_150M,17,4,1.402897239184946,0.8963567700532957,1.565110328894523,1.625860887591951e-23,1347,6735
ESM-2_150M,17,5,1.8128827658731492,0.8426294842260629,2.1514589743299135,3.6884163787852985e-168,1347,6735
ESM-2_150M,17,6,1.4289756895228944,0.9476448105627417,1.5079232995264578,3.733822775370067e-52,1347,6735
ESM-2_150M,17,7,1.064564360370659,0.9816456721460899,1.0844690610648655,8.356073551271022e-23,1347,6735
ESM-2_150M,17,8,1.34307175780679,0.8798293510967701,1.5265139269706736,3.523665195115974e-31,1347,6735
ESM-2_150M,17,9,1.5984824696512867,0.8777223920293357,1.8211708897565204,2.6821997818205662e-106,1347,6735
ESM-2_150M,17,10,1.1576494064787715,0.968838113954577,1.1948842534213582,0.08583546821615151,1347,6735
ESM-2_150M,17,11,1.386918522273733,0.9032385266786296,1.535495310827453,1.3729766083202715e-62,1347,6735
ESM-2_150M,17,12,1.7514759028674765,0.8420043235211878,2.0801269707772505,8.293216870485567e-59,1347,6735
ESM-2_150M,17,13,1.7962117095622383,0.8350760970278501,2.1509557224248197,2.0289711957574704e-147,1347,6735
ESM-2_150M,17,14,1.131636210422031,0.9679714774855349,1.1690801193457085,9.035516723565756e-33,1347,6735
ESM-2_150M,17,15,1.1511754668480216,0.9602632259395535,1.1988124045067676,1.3820300206208965e-12,1347,6735
ESM-2_150M,17,16,1.1901721307633095,0.9596553664629602,1.2402078624850232,2.1615762937942616e-19,1347,6735
ESM-2_150M,17,17,1.329898009509534,0.9309616207069792,1.4285207681274763,2.032574435536039e-18,1347,6735
ESM-2_150M,17,18,1.4216906106584852,0.9162762122357343,1.5515961144396935,4.820661743008885e-72,1347,6735
ESM-2_150M,17,19,1.1754894800423337,0.975728427391408,1.2047301759824536,8.911428207149455e-05,1347,6735
ESM-2_150M,18,0,1.277405043376669,0.9266338976803937,1.3785433994745357,2.2723898946343256e-39,1347,6735
ESM-2_150M,18,1,1.1024664879708088,0.9707858289170902,1.1356433676010786,6.233019352910105e-16,1347,6735
ESM-2_150M,18,2,1.7604054634161321,0.7780144837735402,2.262689834356015,2.7881776940366043e-56,1347,6735
ESM-2_150M,18,3,1.121783168655948,0.9796165908946094,1.1451247141818093,5.380149700698812e-41,1347,6735
ESM-2_150M,18,4,1.4137689677615386,0.9025975583833328,1.5663336939375052,0.007601698936137836,1347,6735
ESM-2_150M,18,5,1.2137343041327766,0.9466981462354384,1.2820710687553496,5.368321430169351e-19,1347,6735
ESM-2_150M,18,6,2.3516398479093112,0.7257617886924221,3.2402365136171922,2.320232261332131e-53,1347,6735
ESM-2_150M,18,7,1.5319334007661345,0.7895129593593948,1.9403524446376843,1.1364146993503687e-40,1347,6735
ESM-2_150M,18,8,1.200578184506587,0.9063907235296638,1.3245702469585074,1.2570648321254688e-36,1347,6735
ESM-2_150M,18,9,1.3855574699844708,0.9152288769925623,1.5138917759428725,4.91796352932835e-34,1347,6735
ESM-2_150M,18,10,1.2313954314989963,0.9492124719870205,1.2972811334023795,7.642833771721405e-23,1347,6735
ESM-2_150M,18,11,1.5764474416208338,0.8749129775615648,1.8018334189241172,2.025225222427696e-71,1347,6735
ESM-2_150M,18,12,1.5365258856512656,0.8954175808116429,1.7159880692296616,3.2367230290199404e-117,1347,6735
ESM-2_150M,18,13,1.6553989614801843,0.8049238992759539,2.0565906453631837,7.481788610295083e-111,1347,6735
ESM-2_150M,18,14,1.6783521537321227,0.6946930842370392,2.4159620871645884,2.031712591508897e-30,1347,6735
ESM-2_150M,18,15,1.2243732797298594,0.9476721022446774,1.2919798702840164,3.70660593677876e-25,1347,6735
ESM-2_150M,18,16,1.2847034256260927,0.9476057264713242,1.355736241073644,2.5977455865440643e-25,1347,6735
ESM-2_150M,18,17,1.3534305741942716,0.8976241825926985,1.507792014120009,6.254725782161766e-41,1347,6735
ESM-2_150M,18,18,1.0649155503347705,0.9704910545689402,1.0972955859008617,0.09334133778916404,1347,6735
ESM-2_150M,18,19,1.081048417877912,0.9508926866735099,1.1368774132228565,0.0004290902587952595,1347,6735
ESM-2_150M,19,0,1.3650618096303302,0.7809646160345256,1.747917615732263,4.487636424224388e-19,1347,6735
ESM-2_150M,19,1,1.0406475695819437,0.9526289234525553,1.0923955214485697,0.7043526230628778,1347,6735
ESM-2_150M,19,2,1.2703796094746702,0.8955531593276645,1.4185418210443321,1.0472253279172911e-26,1347,6735
ESM-2_150M,19,3,1.6173166965301071,0.8452295081674743,1.9134645453121721,8.271851458518555e-79,1347,6735
ESM-2_150M,19,4,1.215336373970521,0.9593240699351232,1.2668673830447215,3.886975406943969e-43,1347,6735
ESM-2_150M,19,5,1.3004125754149118,0.9312389424688832,1.3964327694106977,2.7787393160493582e-30,1347,6735
ESM-2_150M,19,6,1.4533272550649439,0.8678282150834157,1.6746715879999938,2.7585622603405915e-58,1347,6735
ESM-2_150M,19,7,1.4739371989290184,0.8850233765049342,1.6654217708347738,7.270376890967682e-38,1347,6735
ESM-2_150M,19,8,1.0005160624129559,0.9361211062019723,1.068789129723019,0.014415432350758494,1347,6735
ESM-2_150M,19,9,1.5293262417482816,0.8527002490664201,1.793509786613369,1.0774422930583768e-88,1347,6735
ESM-2_150M,19,10,1.9994815924518092,0.7587069661841184,2.63538056399839,2.5890820384028965e-35,1347,6735
ESM-2_150M,19,11,1.137549815250045,0.9647678248246865,1.1790917835146044,1.922849405544938e-12,1347,6735
ESM-2_150M,19,12,1.378562203599465,0.9099770464451117,1.5149417328545962,7.539662936020132e-88,1347,6735
ESM-2_150M,19,13,1.249916523163993,0.9377677069187341,1.3328636867555403,1.1457080634414027e-14,1347,6735
ESM-2_150M,19,14,1.504420556762735,0.8809386197501778,1.7077473084212929,3.4648892640391512e-99,1347,6735
ESM-2_150M,19,15,1.1501826758772333,0.9642390724722332,1.1928397310516108,1.0082823660439767e-91,1347,6735
ESM-2_150M,19,16,1.155799151136199,0.9639454637776504,1.1990296075534026,1.06998423622625e-11,1347,6735
ESM-2_150M,19,17,1.7349775831236518,0.8411867550017662,2.0625355461285277,4.00591498692564e-59,1347,6735
ESM-2_150M,19,18,1.5011956049896826,0.9126339509275637,1.644904403856474,1.0570834773777887e-150,1347,6735
ESM-2_150M,19,19,1.617428063461315,0.8976858344711723,1.8017751883253716,4.0849885803622305e-63,1347,6735
ESM-2_150M,20,0,1.6513081097611695,0.8502606573088043,1.9421198612056145,5.0783857361993515e-115,1347,6735
ESM-2_150M,20,1,1.4377505757362645,0.9160146547131567,1.56957158746165,6.529172945125233e-67,1347,6735
ESM-2_150M,20,2,1.5238497390701493,0.8007234016158179,1.9030912996861342,1.4626335972162687e-52,1347,6735
ESM-2_150M,20,3,1.1561816464155448,0.9437030615037516,1.2251540697274177,7.899642966774223e-11,1347,6735
ESM-2_150M,20,4,1.2549139496655313,0.9365780825869808,1.3398925012202454,2.9215996777218035e-21,1347,6735
ESM-2_150M,20,5,1.210448200824797,0.9392283099962767,1.288768862631063,6.774364390802108e-62,1347,6735
ESM-2_150M,20,6,1.0711750941601346,0.9774206411665957,1.095920271216739,2.461461518548037e-09,1347,6735
ESM-2_150M,20,7,1.0646873036179616,0.9668355521641577,1.1012082677708461,0.0012593856843861966,1347,6735
ESM-2_150M,20,8,1.5685783185026074,0.8032155745667588,1.9528733856395557,7.648536052590276e-48,1347,6735
ESM-2_150M,20,9,1.1427536856579443,0.9711451722921578,1.1767073742031229,4.3904640226487974e-12,1347,6735
ESM-2_150M,20,10,1.4674082937793502,0.869880232813961,1.6869084253500688,3.3207329928736167e-102,1347,6735
ESM-2_150M,20,11,1.376378954662689,0.9121472881538565,1.5089437556169418,4.69714015472734e-66,1347,6735
ESM-2_150M,20,12,1.4966242405701409,0.8985987969179815,1.6655088407677263,1.2017953226647676e-47,1347,6735
ESM-2_150M,20,13,1.2382950477893917,0.9445393046982304,1.311004255333782,1.4530458161064227e-58,1347,6735
ESM-2_150M,20,14,1.3730754151376159,0.9046769772811828,1.517752136529556,1.1241779482600033e-46,1347,6735
ESM-2_150M,20,15,1.4057413300398376,0.9245037536390551,1.5205360978865936,2.934062135734526e-31,1347,6735
ESM-2_150M,20,16,1.5892283646161678,0.8223624291015981,1.9325157720937516,3.9145951823410044e-70,1347,6735
ESM-2_150M,20,17,1.6047977570170548,0.8231878820400196,1.949491473368211,2.1919624367281503e-98,1347,6735
ESM-2_150M,20,18,1.673678326961856,0.8457700100628508,1.9788811462320375,6.774131764232486e-35,1347,6735
ESM-2_150M,20,19,1.2105855001848809,0.9548324473794071,1.2678512376777757,2.638025339214712e-13,1347,6735
ESM-2_150M,21,0,1.1436453528243167,0.9447245599631477,1.2105595654980417,6.086834086389698e-17,1347,6735
ESM-2_150M,21,1,1.2813428967427836,0.9547815391474418,1.3420273059394716,1.0998519904039001e-24,1347,6735
ESM-2_150M,21,2,1.089941445309406,0.9527674112764879,1.1439743135726448,0.0063057576364325225,1347,6735
ESM-2_150M,21,3,1.0696615970125884,0.9609620571767036,1.1131153296054612,1.3166772637538805e-05,1347,6735
ESM-2_150M,21,4,1.2401519007455355,0.9265999237629955,1.338389815217317,1.9698302974584084e-19,1347,6735
ESM-2_150M,21,5,1.252024954410288,0.9221627973147295,1.357704906396238,5.368737369001698e-14,1347,6735
ESM-2_150M,21,6,1.1076660168750603,0.9779364063926511,1.1326564893528686,4.082768560455842e-06,1347,6735
ESM-2_150M,21,7,1.1915581875163357,0.956452017611013,1.2458107313031357,4.284264159591784e-22,1347,6735
ESM-2_150M,21,8,0.5999873743174238,1.0475173647259257,0.5727708146149973,1.0,1347,6735
ESM-2_150M,21,9,1.2414755721665702,0.9477903605414569,1.3098630497332087,3.7808422583134064e-33,1347,6735
ESM-2_150M,21,10,1.1550920672476868,0.9546204669714947,1.2100013641150837,1.0186876544698948e-15,1347,6735
ESM-2_150M,21,11,1.1726798188181922,0.9675680823187166,1.2119868774587295,6.818022300265557e-23,1347,6735
ESM-2_150M,21,12,1.1887232843612243,0.9563290694497565,1.2430065364897678,3.8485923389126057e-41,1347,6735
ESM-2_150M,21,13,1.5102676042281618,0.8655398206891798,1.7448851781604018,4.648967180930108e-76,1347,6735
ESM-2_150M,21,14,1.2838924628943094,0.9413547271587447,1.3638774267054816,3.638461653202563e-48,1347,6735
ESM-2_150M,21,15,1.016098738690173,0.8190841176816067,1.2405303884614565,1.7510904261598188e-08,1347,6735
ESM-2_150M,21,16,1.4648972903146686,0.873606703911079,1.6768384259832498,4.8454400721314444e-85,1347,6735
ESM-2_150M,21,17,1.1470168975873973,0.8921284620031306,1.2857082207779313,3.9666157345078426e-33,1347,6735
ESM-2_150M,21,18,1.2695376686945437,0.9076708212572288,1.3986763030853935,1.096211650807581e-34,1347,6735
ESM-2_150M,21,19,1.3958820977981832,0.9105140147314482,1.5330704143086606,4.4466453150247836e-57,1347,6735
ESM-2_150M,22,0,1.0572783976749038,0.9600128632733003,1.1013169074318057,0.0003618984456067507,1347,6735
ESM-2_150M,22,1,1.4967992957833527,0.8432073508627829,1.7751260045963835,5.93172498003642e-54,1347,6735
ESM-2_150M,22,2,1.3239010970793395,0.8920716791327299,1.48407479807725,1.364167727745444e-69,1347,6735
ESM-2_150M,22,3,1.5330746530844888,0.8762743857109113,1.749537220400118,8.253633187142858e-64,1347,6735
ESM-2_150M,22,4,1.1258206091151914,0.9385591787519106,1.199520109762604,1.566809928868782e-06,1347,6735
ESM-2_150M,22,5,1.2282803914749632,0.9388606906966005,1.3082669278267725,1.6125911245154338e-36,1347,6735
ESM-2_150M,22,6,1.0177950753436964,0.959641125890044,1.0605996844911332,0.8610730830619686,1347,6735
ESM-2_150M,22,7,1.051066764899334,0.9586746391061066,1.0963748513044802,0.00013573840122300872,1347,6735
ESM-2_150M,22,8,1.1415232458022584,0.9592155721710626,1.190059126353178,7.73565265087281e-30,1347,6735
ESM-2_150M,22,9,2.057789159832217,0.7557585149668793,2.7228130667140396,5.376841931536553e-85,1347,6735
ESM-2_150M,22,10,1.8040399400941867,0.817065757386934,2.207949511754971,6.959708347704557e-138,1347,6735
ESM-2_150M,22,11,1.6104942510304137,0.8763102283876918,1.8378129101534448,1.980702566712297e-73,1347,6735
ESM-2_150M,22,12,1.1054256505982116,0.9547665652515451,1.1577967754945142,0.00024631004010300194,1347,6735
ESM-2_150M,22,13,1.3610459479331174,0.9013562103809475,1.5099978590682672,1.4517621837396567e-61,1347,6735
ESM-2_150M,22,14,1.554611532043862,0.8884429602067206,1.749815803236416,2.497952061923031e-105,1347,6735
ESM-2_150M,22,15,1.1332739024425138,0.9736434396652266,1.163951664720479,1.2009408806179705e-23,1347,6735
ESM-2_150M,22,16,1.757139346099776,0.7794963488334536,2.2541983021849976,4.47042892218715e-79,1347,6735
ESM-2_150M,22,17,1.2825161013102302,0.90952743429804,1.4100906173325685,1.6100755746006104e-44,1347,6735
ESM-2_150M,22,18,1.741199160099815,0.7984377737313996,2.1807574959317586,1.5874584338604482e-62,1347,6735
ESM-2_150M,22,19,1.0636978540362123,0.974027567897227,1.0920613431225252,3.7731430812672216e-08,1347,6735
ESM-2_150M,23,0,1.612228500257843,0.8973204656594669,1.7967142865430683,8.32884583621673e-58,1347,6735
ESM-2_150M,23,1,1.385308534050749,0.8929929549539629,1.5513095891357471,2.8415285237688346e-49,1347,6735
ESM-2_150M,23,2,1.3048501902086345,0.9532294334673669,1.3688731635806177,2.410758055604007e-25,1347,6735
ESM-2_150M,23,3,1.4422284740160904,0.8624159784529859,1.6723118657926312,1.190348012515377e-96,1347,6735
ESM-2_150M,23,4,1.5256114565638055,0.882804190731969,1.7281425174237774,7.223504779193353e-92,1347,6735
ESM-2_150M,23,5,1.059249777139428,0.9890087513212992,1.071021642350776,1.4857817511116627e-08,1347,6735
ESM-2_150M,23,6,1.3898952182578703,0.9086357105354645,1.5296506643336707,1.8625407142408077e-73,1347,6735
ESM-2_150M,23,7,1.7782044587096817,0.841058138708716,2.114246776613772,2.970279928607225e-93,1347,6735
ESM-2_150M,23,8,1.123478631405319,0.9585448412981048,1.172066848624268,7.823012827075056e-20,1347,6735
ESM-2_150M,23,9,1.089535968628475,0.9820748359542935,1.109422549830187,1.5583908118657788e-15,1347,6735
ESM-2_150M,23,10,1.141877516885665,0.9406756245412912,1.213890832392396,3.883248358743502e-05,1347,6735
ESM-2_150M,23,11,0.9734987791989942,0.9514986664762011,1.023121538156505,0.20604823437514624,1347,6735
ESM-2_150M,23,12,1.1486979508585813,0.963863493741781,1.1917641432805601,1.1978040149940454e-42,1347,6735
ESM-2_150M,23,13,1.1042006716530413,0.9593161265475713,1.1510289893977774,1.6993571803086374e-22,1347,6735
ESM-2_150M,23,14,1.3817782253524773,0.9164929099552438,1.507680212627019,6.525774526172815e-58,1347,6735
ESM-2_150M,23,15,1.4749338913822316,0.8887045675187573,1.6596447743035834,5.0488745933599177e-104,1347,6735
ESM-2_150M,23,16,1.440586584359518,0.8226504929562852,1.7511526422145707,6.908595414634327e-10,1347,6735
ESM-2_150M,23,17,1.0755517990193548,0.990333313254865,1.0860503071278171,3.660326593372503e-05,1347,6735
ESM-2_150M,23,18,1.733073129851728,0.8349936448289296,2.0755524794524556,7.210528662456563e-83,1347,6735
ESM-2_150M,23,19,1.1128766798450935,0.9769277585309438,1.1391596462757727,6.020264014669979e-28,1347,6735
ESM-2_150M,24,0,0.9500754343839425,0.9543639075564139,0.9955064591834243,0.0032160355198725165,1347,6735
ESM-2_150M,24,1,1.147718260209916,0.969055228697519,1.184368265318101,1.6317155810527576e-18,1347,6735
ESM-2_150M,24,2,1.3167932773618762,0.9111474643858964,1.4452032506608363,6.689961037279048e-61,1347,6735
ESM-2_150M,24,3,1.5471547838485764,0.8835133701762006,1.751139072790743,1.002927110078249e-93,1347,6735
ESM-2_150M,24,4,1.3058113740299397,0.9136371848301349,1.4292449954001365,6.914879054207609e-73,1347,6735
ESM-2_150M,24,5,1.3618346786191486,0.9274394227702063,1.4683812712548163,2.327751531091519e-42,1347,6735
ESM-2_150M,24,6,1.044318736595141,0.991634457484828,1.0531287297578795,2.3513271338689223e-10,1347,6735
ESM-2_150M,24,7,1.345987393533909,0.9145036142925111,1.4718229348663727,6.269199917861864e-74,1347,6735
ESM-2_150M,24,8,1.2877471506285862,0.9401520247642385,1.3697222541764071,3.3380447388212035e-60,1347,6735
ESM-2_150M,24,9,1.3644306696979045,0.8129150886215828,1.6784418062795434,1.487398783283029e-102,1347,6735
ESM-2_150M,24,10,1.7871135954524555,0.8350093442440564,2.1402318522199892,2.1628242154358416e-100,1347,6735
ESM-2_150M,24,11,1.5242032227289615,0.8983500928837189,1.696669522052637,3.6824355084417024e-63,1347,6735
ESM-2_150M,24,12,1.3761555502590819,0.9124687836879523,1.5081672654017084,4.208851659872445e-59,1347,6735
ESM-2_150M,24,13,1.4581737566017494,0.8775941149207868,1.6615582668684679,6.254972595461621e-68,1347,6735
ESM-2_150M,24,14,1.707526444841201,0.838359671630347,2.0367468792011394,6.566306166288788e-97,1347,6735
ESM-2_150M,24,15,1.1180057173516011,0.9672415688357356,1.1558702121305018,2.7030365302161363e-25,1347,6735
ESM-2_150M,24,16,1.4454952367175573,0.8996273536802046,1.6067711045071171,1.7558743247125778e-42,1347,6735
ESM-2_150M,24,17,1.450255425327472,0.9047036298996621,1.60301713997579,1.1102300126878993e-62,1347,6735
ESM-2_150M,24,18,1.2918564474186636,0.9324481089931996,1.385445940593446,0.0003337426318863994,1347,6735
ESM-2_150M,24,19,1.2819288734930174,0.85570988773127,1.4980881860460618,3.3043980486878536e-39,1347,6735
ESM-2_150M,25,0,1.2055073145392565,0.9428437619571697,1.2785865094306248,1.9333778837776665e-51,1347,6735
ESM-2_150M,25,1,2.004768281920627,0.8485877126864618,2.3624762083508433,3.0553044078257474e-103,1347,6735
ESM-2_150M,25,2,1.8359269784361059,0.8307416733771938,2.209985410955197,2.8495129579554566e-177,1347,6735
ESM-2_150M,25,3,1.2870811579227668,0.8861134475048662,1.4525015521962255,2.330725497135516e-16,1347,6735
ESM-2_150M,25,4,1.021409558808485,0.9847317955807217,1.037246449634678,5.35503955662798e-09,1347,6735
ESM-2_150M,25,5,1.0764619163731868,0.9713431853936527,1.1082199706141274,2.3228264803737103e-12,1347,6735
ESM-2_150M,25,6,1.7058783782550646,0.8567132094821048,1.9911895362116478,1.5685304330523085e-116,1347,6735
ESM-2_150M,25,7,1.314951714833489,0.9167105180239713,1.4344241600586762,2.0959102177263905e-60,1347,6735
ESM-2_150M,25,8,1.1018674173672374,0.9279575460068411,1.1874114522897734,4.958936176918868e-24,1347,6735
ESM-2_150M,25,9,1.1513148107259648,0.9530562188147216,1.208024026282321,3.9335789599803845e-14,1347,6735
ESM-2_150M,25,10,1.5341218135139194,0.8592650045060678,1.7853884488124594,4.897660976960794e-80,1347,6735
ESM-2_150M,25,11,1.3172724739369766,0.9329489589954361,1.41194484568091,1.6124187199000227e-62,1347,6735
ESM-2_150M,25,12,1.49300220322193,0.8529842000711867,1.7503280870821873,8.137454471535111e-76,1347,6735
ESM-2_150M,25,13,1.2397416299616928,0.9155438868609639,1.3541039897194598,1.6680807554236982e-35,1347,6735
ESM-2_150M,25,14,1.0838584508843658,0.9849503586186288,1.100419367737937,1.5807611624764137e-22,1347,6735
ESM-2_150M,25,15,1.2180917006934584,0.9607129645838769,1.2679038855492728,2.7830695388653087e-32,1347,6735
ESM-2_150M,25,16,1.3164373242089549,0.9422108179333039,1.3971791653767038,4.378649332832599e-62,1347,6735
ESM-2_150M,25,17,0.8173901758695321,1.0021398580563272,0.8156448117480116,1.0,1347,6735
ESM-2_150M,25,18,1.2662159851970014,0.9238657654537566,1.3705627295055136,3.106563878915029e-34,1347,6735
ESM-2_150M,25,19,1.4672995588058397,0.8932252441013665,1.6426982650742517,4.707957021383132e-27,1347,6735
ESM-2_150M,26,0,1.0742761635656435,0.9749595256396462,1.101867447123857,7.065839406281604e-05,1347,6735
ESM-2_150M,26,1,1.1591615629200591,0.943707716298506,1.2283056956094682,6.321110027700163e-11,1347,6735
ESM-2_150M,26,2,0.7788609238403678,1.0052852233989356,0.7747661118572774,1.0,1347,6735
ESM-2_150M,26,3,1.1664054139995008,0.9441723243397699,1.2353734418292037,6.132236131866341e-22,1347,6735
ESM-2_150M,26,4,1.1696903519636628,0.9467083606003344,1.23553398347716,2.9209250588126123e-10,1347,6735
ESM-2_150M,26,5,1.484693127362792,0.9242463210410955,1.6063825124999083,2.7406099695768466e-46,1347,6735
ESM-2_150M,26,6,1.1247543591477736,0.9671548456108473,1.16295168684947,8.391291125930733e-18,1347,6735
ESM-2_150M,26,7,1.451798177337372,0.9368443491519515,1.549668500057204,1.1514415015959578e-67,1347,6735
ESM-2_150M,26,8,1.4278046833247544,0.8680459058972846,1.644849280003062,6.978508251598248e-114,1347,6735
ESM-2_150M,26,9,1.3537758775802127,0.9221425767144452,1.468076533678402,7.623197040310733e-61,1347,6735
ESM-2_150M,26,10,1.072222234444788,0.9893991380221948,1.083710499877892,3.826009959291763e-18,1347,6735
ESM-2_150M,26,11,1.0937964072715112,0.9688201809624167,1.128998372210769,1.599179307712576e-07,1347,6735
ESM-2_150M,26,12,1.258251143335942,0.9114946811196534,1.3804262047808586,9.43460411084586e-51,1347,6735
ESM-2_150M,26,13,1.074328056970126,0.9790907695352943,1.0972711523774594,9.459007596505976e-12,1347,6735
ESM-2_150M,26,14,1.0994633583797235,0.9722937955268685,1.1307933501560032,2.686043980294016e-23,1347,6735
ESM-2_150M,26,15,1.9883553413058885,0.898252387676435,2.213582027262171,2.2974047755749755e-23,1347,6735
ESM-2_150M,26,16,1.065929570581706,0.9941633109205196,1.0721875962156926,1.9544690179271054e-14,1347,6735
ESM-2_150M,26,17,1.3140354595398054,0.9189950146527758,1.4298613578837398,9.736261740606217e-08,1347,6735
ESM-2_150M,26,18,1.233911387633419,0.9368751746265642,1.317049934774131,6.893287681146822e-31,1347,6735
ESM-2_150M,26,19,1.0591319762695783,0.9941837154843228,1.065328228348234,0.9999904013612508,1347,6735
ESM-2_150M,27,0,2.201471514136993,0.7694391488520057,2.86113790469534,7.029195970597381e-174,1347,6735
ESM-2_150M,27,1,1.1111877447971832,0.9409764193598549,1.1808879818190585,4.5406843004967074e-05,1347,6735
ESM-2_150M,27,2,1.3381474121199242,0.9213874922707157,1.4523177526776747,3.089251877356794e-99,1347,6735
ESM-2_150M,27,3,1.022731991392113,0.986777750054774,1.036436007333306,0.28918995000400977,1347,6735
ESM-2_150M,27,4,1.0828217218983325,0.9748648191989574,1.1107403822286692,1.3585631296084875e-14,1347,6735
ESM-2_150M,27,5,1.6349235704886356,0.8504799433611195,1.9223540581420107,3.578957577736829e-156,1347,6735
ESM-2_150M,27,6,1.033034883859915,0.9921532657403989,1.041204942352337,2.447628434254692e-13,1347,6735
ESM-2_150M,27,7,1.054051670433197,0.9431525197046039,1.117583475007125,2.2027305123616543e-17,1347,6735
ESM-2_150M,27,8,1.4414814446113158,0.9017122668779021,1.5986046741964774,4.848730606899614e-67,1347,6735
ESM-2_150M,27,9,0.8731905765715314,0.9945404573312581,0.8779839675045941,0.9999999877205747,1347,6735
ESM-2_150M,27,10,1.7017790693831205,0.8490774759603767,2.0042683000844743,1.1973575687016226e-15,1347,6735
ESM-2_150M,27,11,1.2258564086759542,0.9408237295541926,1.302960767429648,8.648948650068907e-14,1347,6735
ESM-2_150M,27,12,0.9428903102576068,1.0026687883371632,0.9403806333907195,0.9999835108582502,1347,6735
ESM-2_150M,27,13,2.1821214672131015,0.7175649405338849,3.0410090347914056,2.408298800648023e-169,1347,6735
ESM-2_150M,27,14,1.1975123403398922,0.9501486571390892,1.260342085780154,6.953691913014025e-74,1347,6735
ESM-2_150M,27,15,1.2031140911995082,0.9524215567572168,1.2632159390594262,5.76432962217917e-52,1347,6735
ESM-2_150M,27,16,1.1759573286143425,0.898261843756693,1.3091475907473449,3.4013556855206717e-66,1347,6735
ESM-2_150M,27,17,1.4298747523059292,0.9031600847917747,1.5831908167593451,1.7695470091303058e-66,1347,6735
ESM-2_150M,27,18,1.019464508373824,0.9925918934151873,1.027073175931527,1.1114606108102521e-26,1347,6735
ESM-2_150M,27,19,1.3281276339931938,0.9140142476411555,1.453071040654741,9.486083974504968e-35,1347,6735
ESM-2_150M,28,0,0.9592343958533067,0.9702159030170753,0.9886813778978273,0.02143578156186515,1347,6735
ESM-2_150M,28,1,0.9811248713309179,0.9990343230128642,0.9820732368554311,0.9216781828298494,1347,6735
ESM-2_150M,28,2,1.013304157540722,0.9878240762326836,1.0257941488986715,0.6367538004239747,1347,6735
ESM-2_150M,28,3,1.0361736839182216,0.9847234558643194,1.0522484030897212,6.369319090813547e-06,1347,6735
ESM-2_150M,28,4,0.9948374988219432,0.9993706931781131,0.9954639510772986,0.9999472092633902,1347,6735
ESM-2_150M,28,5,1.2551240360484623,0.9214411630828291,1.3621315026227434,2.0278870004580544e-72,1347,6735
ESM-2_150M,28,6,1.0364092316785474,0.9901582370240465,1.0467107103946434,4.6685822330902714e-24,1347,6735
ESM-2_150M,28,7,1.0776517476607184,0.9621150149799933,1.1200861964337263,7.009144266555075e-24,1347,6735
ESM-2_150M,28,8,1.0950783506400867,0.9309538157033141,1.1762971827047943,1.1207747274783607e-23,1347,6735
ESM-2_150M,28,9,1.2073023925468314,0.9140884920479018,1.3207718979614547,4.03503059945941e-55,1347,6735
ESM-2_150M,28,10,1.1790830906156973,0.9352355682515797,1.2607337986727662,3.3294115130401095e-40,1347,6735
ESM-2_150M,28,11,1.0057853652688424,0.987009677988959,1.0190227995718735,0.6302440876890532,1347,6735
ESM-2_150M,28,12,0.9795864245010113,0.9566313426695493,1.0239957450770996,0.015301539501200948,1347,6735
ESM-2_150M,28,13,1.5921712800384717,0.9092274964652242,1.7511253082735698,9.07334365863203e-112,1347,6735
ESM-2_150M,28,14,1.0767869042328047,0.974405283236955,1.1050708804202498,3.324495524876944e-16,1347,6735
ESM-2_150M,28,15,1.2718182409150387,0.9392628881585271,1.354059930344425,4.5177806549562245e-64,1347,6735
ESM-2_150M,28,16,1.055291093825055,0.9841650352025794,1.072270458793362,0.0035723563692115165,1347,6735
ESM-2_150M,28,17,1.133131490706424,0.9094457675205749,1.2459582870957597,2.239924078436137e-14,1347,6735
ESM-2_150M,28,18,0.8502333082463357,1.0082290292505256,0.8432938187450949,1.0,1347,6735
ESM-2_150M,28,19,1.0103380791815282,0.9948725443114903,1.0155452424116709,0.00047678552031524886,1347,6735
ESM-2_150M,29,0,0.8083730114329366,1.0065750854163145,0.8030926089319979,1.0,1347,6735
ESM-2_150M,29,1,1.22467669490628,0.9563559177900652,1.2805658145936367,1.4157395850470887e-44,1347,6735
ESM-2_150M,29,2,1.0120724980465643,1.0022342134004358,1.0098163528191166,0.01709627967679969,1347,6735
ESM-2_150M,29,3,1.0401075869997785,0.9906609456767705,1.0499127794820138,1.25723550746219e-13,1347,6735
ESM-2_150M,29,4,0.8886085832526087,0.9009512144610363,0.9863004444521326,0.9999999999999792,1347,6735
ESM-2_150M,29,5,0.9743943922747128,1.0134804859436612,0.9614337974819959,0.9999999999907503,1347,6735
ESM-2_150M,29,6,0.9725214831459141,0.995977243942602,0.9764495012919797,0.9992871249543859,1347,6735
ESM-2_150M,29,7,0.983381126178311,0.98946282970038,0.9938535300776173,0.7155191471059132,1347,6735
ESM-2_150M,29,8,1.1187480590302765,0.976052039914779,1.1461971424474013,6.046940367746095e-32,1347,6735
ESM-2_150M,29,9,1.0361635495577375,0.9923514266604172,1.0441498059258727,7.617697527391525e-05,1347,6735
ESM-2_150M,29,10,1.0950064828817103,0.9743839269347694,1.123793663475543,0.816391190375168,1347,6735
ESM-2_150M,29,11,0.7187155957631739,0.995004254913631,0.7223241430515895,1.0,1347,6735
ESM-2_150M,29,12,1.010663543037556,0.9932820024174854,1.0174990995283983,0.7348778707957326,1347,6735
ESM-2_150M,29,13,0.9431978830405315,0.9731211300903368,0.9692502339898554,0.9998710966010068,1347,6735
ESM-2_150M,29,14,1.185755537077508,0.9380091058141493,1.2641194309604553,7.55122501082402e-83,1347,6735
ESM-2_150M,29,15,1.3302029942970588,0.8565392943968929,1.552997046368646,2.0881681332617976e-110,1347,6735
ESM-2_150M,29,16,1.0304657725953312,0.9723381022855628,1.0597813354975336,0.006058867720656926,1347,6735
ESM-2_150M,29,17,0.673440413545394,1.0017058308788733,0.6722935943724447,1.0,1347,6735
ESM-2_150M,29,18,1.095893024236694,0.9447166164218274,1.1600230219168333,8.515553825818727e-14,1347,6735
ESM-2_150M,29,19,1.039532835821399,0.9872032679080874,1.053007895754032,9.283462746525354e-18,1347,6735
ESM-2_650M,0,0,1.0203388614307622,1.000164943287438,1.020170591139712,0.20865363453332514,1347,6735
ESM-2_650M,0,1,1.0111134027054156,0.9916364531032049,1.0196412198656675,0.31941327113737433,1347,6735
ESM-2_650M,0,2,0.9845867065385083,0.9961379958685894,0.9884039265864878,1.0,1347,6735
ESM-2_650M,0,3,1.0800349263235118,0.9732219723656873,1.1097518931864905,6.45914611524049e-47,1347,6735
ESM-2_650M,0,4,0.992446264117934,0.995677551394847,0.9967546850158605,0.9915647225216804,1347,6735
ESM-2_650M,0,5,1.0451516788936848,0.9825729191259003,1.0636886673240036,4.8663054045962355e-27,1347,6735
ESM-2_650M,0,6,0.9841097951731862,0.9956713108637639,0.9883882205257598,0.9999064407011793,1347,6735
ESM-2_650M,0,7,1.23866700351725,0.9779729979385158,1.2665656476490201,6.049497340619888e-11,1347,6735
ESM-2_650M,0,8,1.0125674812459202,0.9965423532875716,1.016080729439629,0.007779636096609633,1347,6735
ESM-2_650M,0,9,1.0159215134829171,0.9858293220876497,1.0305247477641895,1.9469355886495915e-05,1347,6735
ESM-2_650M,0,10,0.9991656239154875,0.9960242328328739,1.0031539303754478,0.25224660629378937,1347,6735
ESM-2_650M,0,11,1.071885540074743,0.9856294288888363,1.0875137335166105,6.254806459114554e-19,1347,6735
ESM-2_650M,0,12,1.4364220934526604,0.9629051277348972,1.4917586915666834,6.889342583359926e-28,1347,6735
ESM-2_650M,0,13,1.0063900521001554,0.9955468451879427,1.010891709380251,2.8996534965975344e-07,1347,6735
ESM-2_650M,0,14,0.9834565546836513,0.9869004104964009,0.9965104322826076,0.2959257878893866,1347,6735
ESM-2_650M,0,15,0.997513709815237,0.9950805342100069,1.0024452047061314,7.53371190300733e-09,1347,6735
ESM-2_650M,0,16,1.0111768887542139,0.9842896099389705,1.0273164305949654,0.0045022016704464925,1347,6735
ESM-2_650M,0,17,1.00668569189049,0.99502069812044,1.0117233679581588,6.40810747030457e-08,1347,6735
ESM-2_650M,0,18,1.1116600630012545,0.9966954647742472,1.1153457623618734,4.08240445220482e-14,1347,6735
ESM-2_650M,0,19,1.0253768433175798,0.9861058068700251,1.0398243638501674,8.801950618639143e-11,1347,6735
ESM-2_650M,1,0,1.157423252118741,0.9650593925679536,1.1993285190861893,2.5647924596684805e-09,1347,6735
ESM-2_650M,1,1,0.9931256179227657,0.9929755439831092,1.0001511355849253,7.57623289096098e-09,1347,6735
ESM-2_650M,1,2,0.9840046079980062,0.9933833630707145,0.990558775774423,0.685089569493298,1347,6735
ESM-2_650M,1,3,0.9976542833431968,0.9909962891415038,1.006718485502565,0.008537013146695336,1347,6735
ESM-2_650M,1,4,1.1490303190797013,0.989081081882971,1.161714989930073,1.0704804529756253e-10,1347,6735
ESM-2_650M,1,5,1.0784970743812583,1.0214754483072086,1.0558228062833483,6.927702590372693e-09,1347,6735
ESM-2_650M,1,6,0.9406807209021442,0.9979875227457166,0.9425776369569162,0.9999999968350043,1347,6735
ESM-2_650M,1,7,1.0060690446675886,0.9927403917371586,1.013426121311642,9.381434019556452e-06,1347,6735
ESM-2_650M,1,8,1.0030902615778077,0.9903143368973919,1.0129008782407838,1.3146354320666312e-15,1347,6735
ESM-2_650M,1,9,0.8795870354132203,1.0007724968593432,0.8789080816804707,0.7465490253969652,1347,6735
ESM-2_650M,1,10,1.0233352767952124,0.9929535404035756,1.0305973393068204,9.162685906968317e-11,1347,6735
ESM-2_650M,1,11,0.9794143616555794,0.9980669336190202,0.9813113015418655,0.07828252245960977,1347,6735
ESM-2_650M,1,12,2.3731931789813436,0.9236241353071435,2.569436081477189,6.087097577375855e-38,1347,6735
ESM-2_650M,1,13,0.6923546686681414,1.0473463366865978,0.6610560847126139,0.9998866222348121,1347,6735
ESM-2_650M,1,14,1.075539748194754,0.9678348765828119,1.111284346346581,0.05763714221235714,1347,6735
ESM-2_650M,1,15,1.0062502746504152,0.993416526851693,1.0129187983608392,4.1939158069821367e-07,1347,6735
ESM-2_650M,1,16,0.9868228559941606,0.9920495645210158,0.9947314038393045,0.23998886062974856,1347,6735
ESM-2_650M,1,17,1.4543678184346183,0.9516348922175338,1.5282834102957261,1.2291309200987192e-24,1347,6735
ESM-2_650M,1,18,1.0469295145541364,0.9871394763456598,1.060568987099793,0.0049052376677424896,1347,6735
ESM-2_650M,1,19,1.096860245124623,0.9920950041604024,1.1056000085928082,7.465463969362178e-05,1347,6735
ESM-2_650M,2,0,1.646429845934655,0.9466863513883389,1.7391502935688519,1.268188285011549e-14,1347,6735
ESM-2_650M,2,1,1.1151121262165025,0.9666252990054837,1.153613636394361,2.309653227492433e-25,1347,6735
ESM-2_650M,2,2,1.0634384430065453,0.9744396862712894,1.0913332636069157,1.0713584794062137e-12,1347,6735
ESM-2_650M,2,3,1.3365483169665846,0.923406583538698,1.4474104265584031,1.6809706486625753e-79,1347,6735
ESM-2_650M,2,4,0.9909072299422206,0.9959730080557737,0.9949137395566151,3.4479914646723178e-09,1347,6735
ESM-2_650M,2,5,1.1262742512331863,0.9728706442201324,1.157681401864093,2.9310400670872425e-90,1347,6735
ESM-2_650M,2,6,0.9892156808661282,1.0027080371301087,0.9865440828592563,0.9270174560749856,1347,6735
ESM-2_650M,2,7,1.2185402102574827,0.983758228282709,1.238658214208403,8.763066861853737e-19,1347,6735
ESM-2_650M,2,8,1.0711406313585368,0.9780330534081328,1.0951988050157955,4.362992348223246e-11,1347,6735
ESM-2_650M,2,9,1.1029936029854401,0.9978731564132036,1.1053444978418758,1.528388298518951e-08,1347,6735
ESM-2_650M,2,10,1.0925462331509448,0.9703077305177449,1.1259791082649366,0.19126767625174235,1347,6735
ESM-2_650M,2,11,1.2879344996095323,0.9275928952048775,1.3884695605878548,1.5506050971884473e-41,1347,6735
ESM-2_650M,2,12,1.060155767878295,0.956840066055324,1.1079759360923305,1.0,1347,6735
ESM-2_650M,2,13,1.2253748737303256,0.9219515544800025,1.3291098298776223,6.080146252660009e-35,1347,6735
ESM-2_650M,2,14,1.061255400545436,0.9753340629466658,1.0880942651989267,1.6046109659250876e-26,1347,6735
ESM-2_650M,2,15,1.1268961164594227,0.9723870795892182,1.158896637062965,2.1575730647921264e-18,1347,6735
ESM-2_650M,2,16,0.9909000677632551,0.9716147040050828,1.0198487771733757,0.35390775302345445,1347,6735
ESM-2_650M,2,17,1.0138582871326625,0.9934280553623845,1.0205653863508268,1.008897921382127e-13,1347,6735
ESM-2_650M,2,18,1.0106414069754155,0.9979957108563552,1.0126710926525018,7.384846015744804e-11,1347,6735
ESM-2_650M,2,19,1.2293862547523549,0.9293065524120063,1.322907119896545,9.718542204715879e-49,1347,6735
ESM-2_650M,3,0,1.1296405173456483,0.974697815222526,1.158964860393935,2.5390567226324124e-30,1347,6735
ESM-2_650M,3,1,0.8765140450611412,1.0322386512434651,0.8491389505762708,0.9999919745250835,1347,6735
ESM-2_650M,3,2,0.8909722438003279,1.003184551312557,0.8881439039652159,0.9999999999999334,1347,6735
ESM-2_650M,3,3,1.4141023492007763,0.9189370228031563,1.538845768654691,8.303043216293602e-57,1347,6735
ESM-2_650M,3,4,1.105353274762232,0.9614732941677593,1.149645321890104,1.7351256311908372e-43,1347,6735
ESM-2_650M,3,5,1.0202493220678328,0.9928032503074067,1.027645026093466,0.015902046129558246,1347,6735
ESM-2_650M,3,6,1.1867757243143688,0.9688938232212042,1.2248769636788375,3.1281688999210085e-46,1347,6735
ESM-2_650M,3,7,1.0205581236876817,0.9976611075086247,1.0229506953881722,1.994341152641104e-06,1347,6735
ESM-2_650M,3,8,1.0934596815172088,0.9833897674158935,1.111929082189407,3.128794369071786e-05,1347,6735
ESM-2_650M,3,9,1.27506620964034,0.900714744204889,1.4156160070033181,1.6231403834746537e-70,1347,6735
ESM-2_650M,3,10,1.0381892415533795,0.9922661321510097,1.046281040856266,2.8261978946707253e-08,1347,6735
ESM-2_650M,3,11,1.0201135493687727,0.9858583003835671,1.0347466253232112,2.2519388560376019e-29,1347,6735
ESM-2_650M,3,12,1.2168432804904519,0.9963439577970579,1.2213084356740855,0.005122724202337625,1347,6735
ESM-2_650M,3,13,1.263379137042105,0.9226090567680137,1.3693547963509494,3.008652700068957e-62,1347,6735
ESM-2_650M,3,14,1.1431386357514877,0.9705137045076359,1.177869648251313,9.609981416845388e-09,1347,6735
ESM-2_650M,3,15,1.0317530737886982,0.9866649188676541,1.0456975352613018,1.920349895829093e-61,1347,6735
ESM-2_650M,3,16,1.360248300013891,0.9159727333449574,1.4850314321546714,1.4834005177811896e-55,1347,6735
ESM-2_650M,3,17,2.487755359004583,0.927632646772626,2.6818324771771014,3.129442760448084e-39,1347,6735
ESM-2_650M,3,18,1.095494794885406,0.9753978570235953,1.1231261038734326,0.00021846898511807764,1347,6735
ESM-2_650M,3,19,1.0757598929887093,0.968167679463171,1.1111297307354817,3.7744952297798103e-73,1347,6735
ESM-2_650M,4,0,0.994156032767487,0.9861405233166,1.0081281615158955,0.20581134614910918,1347,6735
ESM-2_650M,4,1,1.3028872881718008,0.9326667716791652,1.3969483289579339,7.247130367425165e-100,1347,6735
ESM-2_650M,4,2,1.1102176490277826,0.9706697119724865,1.14376459400564,3.6769348051764e-110,1347,6735
ESM-2_650M,4,3,1.3801604732926367,0.8789956445406788,1.570156213929641,2.1405596550452944e-100,1347,6735
ESM-2_650M,4,4,1.5944281148308723,0.9207121374391146,1.7317335679593011,1.0407159851344659e-103,1347,6735
ESM-2_650M,4,5,1.0994294442861454,0.9633115939945315,1.1413019952632135,1.498600135615165e-44,1347,6735
ESM-2_650M,4,6,1.0837609615251589,0.9734957015074087,1.1132673311726082,1.3400724047489446e-97,1347,6735
ESM-2_650M,4,7,1.0486266791333776,0.9924383764144838,1.056616414735888,2.4519857925818237e-06,1347,6735
ESM-2_650M,4,8,1.483339231502771,0.9108735706145532,1.6284798234973306,1.2898250299808507e-64,1347,6735
ESM-2_650M,4,9,1.066654466714851,0.9426186033035749,1.1315864793847377,6.543994513941002e-12,1347,6735
ESM-2_650M,4,10,1.2488541733570335,0.9380608606688076,1.3313146574164072,1.0020194150885453e-13,1347,6735
ESM-2_650M,4,11,1.3328790278813534,0.9366775120331255,1.4229860445653746,1.7464528530404505e-91,1347,6735
ESM-2_650M,4,12,1.1577985042895578,0.966934916164668,1.1973903154536474,8.00131320617631e-40,1347,6735
ESM-2_650M,4,13,1.376086967935718,0.934313335235949,1.472832417176412,4.77976647532551e-64,1347,6735
ESM-2_650M,4,14,0.9085998545333732,1.003348258146553,0.9055677798372772,1.0,1347,6735
ESM-2_650M,4,15,0.8714814009760252,0.9889092543176925,0.8812551780368485,0.9996861222677303,1347,6735
ESM-2_650M,4,16,1.2852994092832075,0.9375658375980593,1.3708897634069128,1.2470489054262728e-47,1347,6735
ESM-2_650M,4,17,1.3018047514287914,0.9464783280191814,1.3754195028989706,7.875253598388795e-10,1347,6735
ESM-2_650M,4,18,1.2603770175529747,0.9365984177215505,1.3456962917138764,2.4916754755970653e-26,1347,6735
ESM-2_650M,4,19,1.0187746138597473,0.9976290249523625,1.0211958437239679,0.002396639740880678,1347,6735
ESM-2_650M,5,0,1.2116200770261825,0.9371350276764446,1.2928980789783333,1.830854976511845e-30,1347,6735
ESM-2_650M,5,1,0.9208315936122546,1.0006812604560442,0.9202046945423966,0.9979165352455911,1347,6735
ESM-2_650M,5,2,1.3996106563073756,0.9127439461554433,1.533409958184502,2.9144139148391053e-49,1347,6735
ESM-2_650M,5,3,1.2275951986588987,0.9468529342233294,1.296500390175009,4.269613973530213e-70,1347,6735
ESM-2_650M,5,4,1.633117247851318,0.8951577711277922,1.824390404156113,1.1921563600275669e-122,1347,6735
ESM-2_650M,5,5,1.0919056629019483,0.9854510920682303,1.108026234574762,1.4889726807307245e-07,1347,6735
ESM-2_650M,5,6,1.1259613413786835,0.9720287136285501,1.1583622228354842,2.194584850446401e-17,1347,6735
ESM-2_650M,5,7,1.4710803924497624,0.9056016432377216,1.6244232808482237,3.3942388853974894e-90,1347,6735
ESM-2_650M,5,8,1.0536725560027578,0.9924840766607432,1.0616518499197347,1.5960412790237847e-07,1347,6735
ESM-2_650M,5,9,1.1406830343699226,0.9588252965750832,1.1896672297283288,9.792922165263667e-35,1347,6735
ESM-2_650M,5,10,1.2608760783494448,0.9329359919762027,1.3515140258214062,5.449006005431021e-48,1347,6735
ESM-2_650M,5,11,0.9116699420795144,1.0423251091084307,0.8746502738088365,0.9999999999503543,1347,6735
ESM-2_650M,5,12,1.0702196847489789,0.9654665310137699,1.1085000363764188,3.0481490835545406e-19,1347,6735
ESM-2_650M,5,13,1.6877468587414437,0.8771348990285638,1.9241588273487251,1.431872239858197e-76,1347,6735
ESM-2_650M,5,14,2.8548912918630713,0.9084682279612811,3.1425328965767054,2.9859214275630965e-25,1347,6735
ESM-2_650M,5,15,1.1003348465729574,0.986044050523017,1.1159084079350394,0.004806125113121742,1347,6735
ESM-2_650M,5,16,1.2104847413372268,0.9347493996067939,1.2949831707262096,6.872907351105808e-78,1347,6735
ESM-2_650M,5,17,1.170455483148606,0.9860733163980705,1.1869862653053496,8.585206897891519e-28,1347,6735
ESM-2_650M,5,18,1.3469314164777286,0.9532221885001164,1.4130298609572958,3.0648958254134253e-43,1347,6735
ESM-2_650M,5,19,1.0642392473335434,0.9018230260613236,1.1800976650391888,1.6462319684588639e-21,1347,6735
ESM-2_650M,6,0,1.296655032919262,0.9665997921668253,1.3414600783355772,3.544152067875113e-27,1347,6735
ESM-2_650M,6,1,1.2067970853207637,0.957570998519991,1.2602690423853409,2.3994629263350064e-51,1347,6735
ESM-2_650M,6,2,1.1998877675779325,0.9918596418061429,1.2097354474398991,3.2090139866000773e-31,1347,6735
ESM-2_650M,6,3,1.048210061804489,1.005676018482637,1.0422939818988894,0.04362014964927044,1347,6735
ESM-2_650M,6,4,1.0143997796880995,0.9963666551716698,1.0180988840030205,0.27666194952188083,1347,6735
ESM-2_650M,6,5,1.3477306711890562,0.9319092062274968,1.4462038385100462,5.925955459243982e-53,1347,6735
ESM-2_650M,6,6,1.585768402397146,0.9366226684719701,1.6930707058203156,5.657995975594467e-67,1347,6735
ESM-2_650M,6,7,1.5038516567418463,0.9183053178279906,1.637637970232832,9.917931422805255e-115,1347,6735
ESM-2_650M,6,8,1.1148054781739767,0.9722073986540039,1.146674546724697,3.6951441635382406e-30,1347,6735
ESM-2_650M,6,9,1.0941946332044927,0.9806946495173149,1.1157342744176701,2.1993010487926038e-11,1347,6735
ESM-2_650M,6,10,0.9193322526950614,1.018758581245751,0.902404425954273,0.8644242114933786,1347,6735
ESM-2_650M,6,11,0.9745398380730713,0.9584880093346283,1.0167470313474094,0.00018738245474510888,1347,6735
ESM-2_650M,6,12,1.3162294713850806,0.9611890885860015,1.3693762101704428,4.343915667818441e-84,1347,6735
ESM-2_650M,6,13,1.802467267799904,0.962855076700803,1.87200266313806,6.67955828228485e-35,1347,6735
ESM-2_650M,6,14,1.914334686596082,0.9390956558110836,2.0384874264408115,7.68995722491648e-63,1347,6735
ESM-2_650M,6,15,1.339608409522902,0.9384665150729125,1.4274440142585412,3.54566759603136e-51,1347,6735
ESM-2_650M,6,16,0.9150988960606837,1.016036596715605,0.9006554478635828,0.0018733060419840874,1347,6735
ESM-2_650M,6,17,1.0244962904262118,0.9777198399892097,1.047842386462689,9.09739913251336e-10,1347,6735
ESM-2_650M,6,18,1.1778123585953921,0.9369048903053924,1.2571311888568262,1.9351457086050854e-46,1347,6735
ESM-2_650M,6,19,3.076871603744453,0.9688887051972143,3.175670835298018,2.8463154713201464e-91,1347,6735
ESM-2_650M,7,0,1.0875808808346898,0.9600939208167344,1.1327859256826713,2.9606109272728114e-35,1347,6735
ESM-2_650M,7,1,1.4271536087140209,0.9560230246276968,1.492802549676872,8.653116024903604e-111,1347,6735
ESM-2_650M,7,2,1.142544445477332,0.955885497204622,1.195273334325683,1.0733699168918212e-35,1347,6735
ESM-2_650M,7,3,1.0537474635316428,0.9991682699170038,1.0546246265598214,0.007165698409493592,1347,6735
ESM-2_650M,7,4,1.8472246872765892,0.9286792359767729,1.989087960315708,1.7295693083316846e-103,1347,6735
ESM-2_650M,7,5,1.163200201573156,0.9476294155729729,1.2274842701773254,3.9911606953861215e-56,1347,6735
ESM-2_650M,7,6,0.952532187790099,0.9985972459903008,0.9538702330842908,0.9996358715505086,1347,6735
ESM-2_650M,7,7,1.5503409800811794,0.9596817523384855,1.6154740634626183,2.439240575319826e-18,1347,6735
ESM-2_650M,7,8,1.306476853715993,0.9660716163554542,1.352360251142386,2.7704554060714357e-40,1347,6735
ESM-2_650M,7,9,1.168437649629341,0.9319578647458651,1.2537451464589136,3.651902555566758e-55,1347,6735
ESM-2_650M,7,10,0.5434277330213396,1.1259589420906706,0.4826354787078717,1.0,1347,6735
ESM-2_650M,7,11,1.1371311632544356,0.9811449792487761,1.1589838273698267,7.203738344387798e-39,1347,6735
ESM-2_650M,7,12,1.161927539758445,0.9815060725920981,1.1838210401387173,2.0413923855021778e-13,1347,6735
ESM-2_650M,7,13,1.0551888780100043,0.9637940423747037,1.0948281807284383,3.8814449966191906e-18,1347,6735
ESM-2_650M,7,14,1.0763098651566767,0.9530413413974826,1.1293422629268532,1.9576429482810074e-12,1347,6735
ESM-2_650M,7,15,0.9699387000106225,1.0118840911030857,0.958547237315751,0.9999816159187345,1347,6735
ESM-2_650M,7,16,1.2376249165294253,0.9373915450521637,1.3202859819485082,1.0305347469120106e-71,1347,6735
ESM-2_650M,7,17,1.632169413717039,0.9727156263848721,1.6779512628814728,2.5411351161882766e-59,1347,6735
ESM-2_650M,7,18,0.7538953817988114,1.0515101670356,0.7169644245325566,1.0,1347,6735
ESM-2_650M,7,19,1.1513114472672774,1.0043860135493494,1.1462838308537526,1.0703743168990211e-29,1347,6735
ESM-2_650M,8,0,0.974102057610606,0.8881137410379288,1.0968212883095172,4.6390338116085214e-05,1347,6735
ESM-2_650M,8,1,1.1116650179526322,0.9520372728550974,1.167669638205258,1.9255464133014382e-33,1347,6735
ESM-2_650M,8,2,1.111335277070624,0.9798461741974553,1.1341936176674516,9.78461272405535e-36,1347,6735
ESM-2_650M,8,3,1.1585592042651986,0.9726204624099473,1.191172969355934,1.770077314121838e-32,1347,6735
ESM-2_650M,8,4,1.8721450237141066,1.0088186325833102,1.8557795853949013,3.352126843396399e-65,1347,6735
ESM-2_650M,8,5,1.0332552652803277,1.0005819395040705,1.0326543229357623,5.7719624830398495e-05,1347,6735
ESM-2_650M,8,6,1.4681314927565228,1.0384838327710153,1.413725901576211,1.924208274828504e-32,1347,6735
ESM-2_650M,8,7,1.4031873582665266,0.9627284275242021,1.4575110884333493,4.197453872758989e-67,1347,6735
ESM-2_650M,8,8,1.1369745814101113,0.9593726035083057,1.1851230452613901,5.8910700420538836e-61,1347,6735
ESM-2_650M,8,9,1.191700853479289,0.977397316530535,1.219259387481712,2.178887741577062e-19,1347,6735
ESM-2_650M,8,10,1.0202186325566363,0.9962059729901968,1.024104111215438,0.01694807087049404,1347,6735
ESM-2_650M,8,11,1.1632416053732502,0.9917662760783499,1.1728989313620841,9.508402630952587e-06,1347,6735
ESM-2_650M,8,12,1.3974725057238901,0.9004756283266684,1.5519270724969856,1.0196137803202166e-103,1347,6735
ESM-2_650M,8,13,2.32905701253046,1.0109194126151608,2.303899780206408,1.7523558521650265e-124,1347,6735
ESM-2_650M,8,14,1.1135784213907558,0.9849890359393207,1.130549052587989,1.0624626842873988e-12,1347,6735
ESM-2_650M,8,15,1.0177243363330695,1.0437443816759184,0.9750704810491347,0.9993701945779159,1347,6735
ESM-2_650M,8,16,1.3932473110926975,0.9853684430796744,1.4139353871920608,2.4651701099937985e-15,1347,6735
ESM-2_650M,8,17,1.1436827816207407,0.9615345374867044,1.189434946986036,1.5426590874250958e-54,1347,6735
ESM-2_650M,8,18,1.1166372790368468,0.9792044590381489,1.140351505479964,2.1588241270653803e-30,1347,6735
ESM-2_650M,8,19,1.4828913938627477,0.9388753666113108,1.5794336997198655,2.8310442397503824e-103,1347,6735
ESM-2_650M,9,0,1.1489902539171815,0.9756522278433476,1.1776637423941447,2.2534864956036973e-45,1347,6735
ESM-2_650M,9,1,1.8840955221000852,0.9652414285490025,1.9519422461304303,1.3456902515643139e-46,1347,6735
ESM-2_650M,9,2,1.1748792741505765,0.9939714180356765,1.182005088710113,2.0423058686219451e-25,1347,6735
ESM-2_650M,9,3,1.709280256527658,0.9670416134508477,1.7675353705081651,2.4576638708637986e-39,1347,6735
ESM-2_650M,9,4,1.1221942375037257,0.9922509118726542,1.1309581317348776,5.898551056701819e-42,1347,6735
ESM-2_650M,9,5,1.156774882617135,0.9873411900703343,1.171606020543649,4.8157108255526144e-39,1347,6735
ESM-2_650M,9,6,1.1563356959032145,0.9852238731421448,1.1736781125850595,6.415038907929475e-22,1347,6735
ESM-2_650M,9,7,1.9920365944582175,0.9243969100122993,2.154958084435519,1.7442067134460108e-141,1347,6735
ESM-2_650M,9,8,0.7493124796463413,1.0014660178908406,0.7482155822166061,0.04035588627190281,1347,6735
ESM-2_650M,9,9,1.6972341958292343,1.085687164347771,1.5632810735575486,4.563704519347009e-60,1347,6735
ESM-2_650M,9,10,1.3944774978720178,0.9561130048658729,1.4584860688801533,1.319275855724993e-95,1347,6735
ESM-2_650M,9,11,1.2585082210561658,0.992881530923762,1.2675311020089866,5.2250630725450754e-67,1347,6735
ESM-2_650M,9,12,2.1163569782026053,0.9824500598157213,2.1541623994603567,5.513837564504195e-28,1347,6735
ESM-2_650M,9,13,0.8634457546932749,1.0584855829631743,0.8157369061901668,0.6643024678425059,1347,6735
ESM-2_650M,9,14,0.892634526293368,0.9311382394635244,0.9586487682083165,0.991425658301604,1347,6735
ESM-2_650M,9,15,1.3810372235890929,0.9403553267176185,1.4686333818193045,3.567550642486225e-86,1347,6735
ESM-2_650M,9,16,1.4047029280582888,0.9623961012166079,1.4595891715298317,1.2363407456646832e-60,1347,6735
ESM-2_650M,9,17,1.3788552566333974,0.9573035772322901,1.440353185161887,5.006449957860833e-68,1347,6735
ESM-2_650M,9,18,1.0470447848041409,0.9946001417166053,1.0527293742357808,7.536896995635817e-12,1347,6735
ESM-2_650M,9,19,1.1250175341200457,0.9728314825270737,1.1564361909810383,1.715701345856088e-39,1347,6735
ESM-2_650M,10,0,1.4889264584207145,1.0124151067461185,1.4706679587250469,1.0646645061807223e-06,1347,6735
ESM-2_650M,10,1,1.1858183012552057,0.972956729886615,1.2187780451381398,8.168944986614288e-17,1347,6735
ESM-2_650M,10,2,1.4306091974864823,0.9512841993114554,1.5038715018308566,1.703827947435538e-93,1347,6735
ESM-2_650M,10,3,1.1389966891842058,0.9784475481744687,1.1640855877346523,3.5058268458158374e-60,1347,6735
ESM-2_650M,10,4,1.1375724900494528,0.9716829405374322,1.17072394974874,6.702214943631284e-17,1347,6735
ESM-2_650M,10,5,1.0777384627945086,0.985120678594047,1.0940166887295928,1.733271903335547e-60,1347,6735
ESM-2_650M,10,6,1.3227336970894268,0.9527881450536256,1.3882768209872927,1.7702057004345534e-79,1347,6735
ESM-2_650M,10,7,1.1386917639460135,0.9770075877109279,1.1654891714954867,3.142339873038052e-14,1347,6735
ESM-2_650M,10,8,1.1773033162666058,0.9793520969466625,1.2021246699089103,2.1866500962703934e-20,1347,6735
ESM-2_650M,10,9,2.0880860096827543,1.3311752062270166,1.5686034414666339,5.218718896606583e-23,1347,6735
ESM-2_650M,10,10,1.1292461052636527,0.9713414955864859,1.162563434584688,7.126107469632771e-09,1347,6735
ESM-2_650M,10,11,1.2417532379262608,0.9927096758803883,1.2508725039120903,1.2631107961571996e-19,1347,6735
ESM-2_650M,10,12,1.810881908853008,0.9465497827642745,1.9131396381123926,6.73001879691114e-46,1347,6735
ESM-2_650M,10,13,1.318293216576732,0.9677174168566287,1.3622708381738702,6.5365504975915e-36,1347,6735
ESM-2_650M,10,14,1.5745167064507448,0.9727909446448508,1.6185560886625787,9.423646600648017e-111,1347,6735
ESM-2_650M,10,15,1.1749311543077385,0.964456366369834,1.218231529467861,1.9293770734981268e-13,1347,6735
ESM-2_650M,10,16,2.202822701586514,1.080438287451631,2.038823250869967,3.0884000768880775e-145,1347,6735
ESM-2_650M,10,17,1.0659710508346028,0.9817562669980234,1.085779726259439,1.1465611907875005e-53,1347,6735
ESM-2_650M,10,18,1.2306389890627765,0.9522686750056262,1.2923232921165926,2.220600553752996e-37,1347,6735
ESM-2_650M,10,19,1.1229481041519926,0.9849721906533839,1.140081024426773,2.3982321413629006e-10,1347,6735
ESM-2_650M,11,0,1.2258079373447117,0.9754431135028756,1.2566677855182766,7.379712260526681e-75,1347,6735
ESM-2_650M,11,1,1.1881504701568006,0.9669779807661052,1.228725466132608,1.4269158197273705e-71,1347,6735
ESM-2_650M,11,2,2.799582986823479,1.0203691267362107,2.743696289379438,4.305514921175738e-98,1347,6735
ESM-2_650M,11,3,0.9969070292041314,0.9984816983817857,0.9984229363640753,0.9999998749144654,1347,6735
ESM-2_650M,11,4,1.4901197134519208,0.9901587892271185,1.5049300472453044,8.776466532831444e-133,1347,6735
ESM-2_650M,11,5,1.44908218420959,0.9615306934738654,1.5070576467759698,1.4604900479422719e-68,1347,6735
ESM-2_650M,11,6,1.2797784723877996,0.9435202824047254,1.356386816747661,2.374313633009343e-44,1347,6735
ESM-2_650M,11,7,1.542106860508809,0.9327001796223627,1.6533789680765223,3.2247950194103808e-137,1347,6735
ESM-2_650M,11,8,1.9918153784621533,0.8979667157789315,2.2181394292931835,1.4117013649601156e-179,1347,6735
ESM-2_650M,11,9,1.165568831857258,0.9792789900886986,1.190231633328196,1.6076929535825763e-34,1347,6735
ESM-2_650M,11,10,1.1618263624337486,0.966028089167546,1.202683830275502,5.987411539423832e-58,1347,6735
ESM-2_650M,11,11,1.099732607204824,0.9789921684648341,1.1233313632419797,0.0004617800196180383,1347,6735
ESM-2_650M,11,12,1.3105500102286527,0.9489638253349504,1.381032632899442,1.1286743720238985e-63,1347,6735
ESM-2_650M,11,13,1.2741841965679248,0.9619991196378922,1.3245170089631089,4.2025475285581065e-84,1347,6735
ESM-2_650M,11,14,1.9911601491211606,0.954173939319434,2.0867894909615314,4.1783054047784073e-122,1347,6735
ESM-2_650M,11,15,1.5237038898618467,0.9223253854266253,1.6520242356303045,4.284641581663784e-37,1347,6735
ESM-2_650M,11,16,3.098210456870972,0.9360094693889697,3.310020419871922,2.1867760635291926e-47,1347,6735
ESM-2_650M,11,17,2.0415210030701925,0.9504388022086491,2.1479773324974363,6.638950922884359e-105,1347,6735
ESM-2_650M,11,18,0.9880945728711491,0.9195159607404413,1.074581209091232,1.0253774176697302e-06,1347,6735
ESM-2_650M,11,19,1.1552382317975263,0.9835702598714439,1.1745355455832103,6.221817091526529e-25,1347,6735
ESM-2_650M,12,0,1.0463728105349281,0.9956207874158443,1.050975254595489,1.315141503076909e-40,1347,6735
ESM-2_650M,12,1,2.212188760926304,0.9744304101374871,2.2702378106346,8.680813401321237e-77,1347,6735
ESM-2_650M,12,2,1.9169667470694118,0.9734608348577927,1.969228425455299,1.1415327507645698e-110,1347,6735
ESM-2_650M,12,3,1.461642497510227,0.9115638459578389,1.6034450071617143,9.375031126126973e-51,1347,6735
ESM-2_650M,12,4,1.4600667977607418,0.9401968682750385,1.5529373124157486,1.0262641459714366e-110,1347,6735
ESM-2_650M,12,5,1.0726053676918514,0.9790747273140867,1.095529623805477,1.0679518662379493e-78,1347,6735
ESM-2_650M,12,6,0.9704523708757066,1.0175973699027818,0.9536702821553289,1.0,1347,6735
ESM-2_650M,12,7,1.3796449817921732,0.9500763650040496,1.4521411463448968,1.4084326481124524e-65,1347,6735
ESM-2_650M,12,8,1.4864833850327828,0.9542683469404003,1.5577205193893144,3.661011945446114e-45,1347,6735
ESM-2_650M,12,9,1.7012593341409141,0.9167658969925878,1.8557183897457619,2.803702341626459e-30,1347,6735
ESM-2_650M,12,10,1.549705606266447,0.9372805979830208,1.6534062580633089,1.9469263048900024e-47,1347,6735
ESM-2_650M,12,11,1.2100008829554187,0.9699480841346998,1.247490358244145,5.803815173000063e-17,1347,6735
ESM-2_650M,12,12,1.102027137930427,0.9780725432442309,1.1267335388794815,1.0542690569136194e-92,1347,6735
ESM-2_650M,12,13,1.641396605811388,0.9494350315312943,1.728814032871807,2.796805089706791e-94,1347,6735
ESM-2_650M,12,14,1.4873921244274535,0.9820484635957365,1.5145811836835614,4.1606502576725363e-125,1347,6735
ESM-2_650M,12,15,1.5420053083098368,0.9332680153742754,1.6522641758931758,6.361071175259463e-57,1347,6735
ESM-2_650M,12,16,1.443161069074647,0.9279229977459225,1.5552595124598945,1.1245897989337563e-128,1347,6735
ESM-2_650M,12,17,1.5620876795819005,0.9493196816402802,1.645481190153827,1.4111362795104041e-85,1347,6735
ESM-2_650M,12,18,1.053281803759895,0.9894980254156464,1.0644607434334756,4.228812228858243e-62,1347,6735
ESM-2_650M,12,19,1.9255597951262635,0.9219706645045974,2.088526098778777,5.713780348493788e-82,1347,6735
ESM-2_650M,13,0,1.1795694967310077,0.9746043577845572,1.210305994744751,1.72858626566444e-75,1347,6735
ESM-2_650M,13,1,1.497500281468443,0.9385847693838805,1.5954875151569463,5.061327577299603e-37,1347,6735
ESM-2_650M,13,2,1.4969723000403414,0.9576264379151945,1.56321112363954,2.604634050461202e-38,1347,6735
ESM-2_650M,13,3,1.4246456659141078,0.9188670081413491,1.5504372812294451,1.949096174075289e-105,1347,6735
ESM-2_650M,13,4,1.3523759205771007,0.969988641793319,1.394218305563684,1.2300941488764834e-46,1347,6735
ESM-2_650M,13,5,1.1301375105368623,0.9802461626358004,1.152911945605598,8.358143274112993e-128,1347,6735
ESM-2_650M,13,6,1.5083561808136365,0.9168351898513286,1.645177014920454,2.7921576529778515e-135,1347,6735
ESM-2_650M,13,7,0.9833721721402432,0.9450335852862644,1.0405684913752198,0.0002072603936742926,1347,6735
ESM-2_650M,13,8,1.2614796286547016,0.9330167125199756,1.352043979199026,1.169822911460581e-61,1347,6735
ESM-2_650M,13,9,1.0526941523575393,0.9793837931491131,1.0748535555940781,1.5382255274304134e-88,1347,6735
ESM-2_650M,13,10,1.8435581734800834,0.9851688577297801,1.8713118659966301,3.697051129492269e-89,1347,6735
ESM-2_650M,13,11,1.116324870390147,0.9606052086144442,1.1621057853728582,2.931972661103732e-143,1347,6735
ESM-2_650M,13,12,1.4886059799987295,0.9694593974890404,1.535501109024587,3.469958054255408e-91,1347,6735
ESM-2_650M,13,13,1.4180076235784984,0.9405560016698455,1.507627000477371,7.95450872499912e-69,1347,6735
ESM-2_650M,13,14,1.8432987843098778,0.905386345775462,2.035925097513035,2.824160192942861e-106,1347,6735
ESM-2_650M,13,15,1.907932768215625,0.8637081263552309,2.2090017564925857,3.8828246958767307e-191,1347,6735
ESM-2_650M,13,16,2.1200327709007456,1.116068502776076,1.8995543424327794,1.6117226831212237e-60,1347,6735
ESM-2_650M,13,17,1.4626057983086387,0.9032048975660257,1.6193510489702807,1.6551868990837355e-127,1347,6735
ESM-2_650M,13,18,1.8903613522228437,0.8601455704727347,2.197722591518903,5.720992974718577e-43,1347,6735
ESM-2_650M,13,19,1.485463029402844,0.9303254299247451,1.5967133452678,3.3638847706899303e-130,1347,6735
ESM-2_650M,14,0,2.3296192398912923,0.9391173069996576,2.480647755639905,7.409702974030217e-175,1347,6735
ESM-2_650M,14,1,1.8320817331207533,0.9898032738762869,1.850955418591332,1.2245914104911668e-158,1347,6735
ESM-2_650M,14,2,1.4391010496557954,0.9462020841853744,1.520923567712048,4.1516109221599896e-64,1347,6735
ESM-2_650M,14,3,1.5957243178142118,0.9351218259414215,1.7064346842805616,1.6677101155002975e-81,1347,6735
ESM-2_650M,14,4,1.2793806223136546,0.9864013487098389,1.2970183221941223,4.928228517840169e-26,1347,6735
ESM-2_650M,14,5,1.1092877983161937,0.9812324716888629,1.130504574932102,1.477357207138426e-75,1347,6735
ESM-2_650M,14,6,1.1203533238174743,0.9716257766851604,1.1530708125506088,6.470541414756159e-115,1347,6735
ESM-2_650M,14,7,1.5828105425316932,0.9442383880372303,1.6762827720040596,2.661381635925107e-177,1347,6735
ESM-2_650M,14,8,0.8108000679324646,0.8362974776993571,0.9695115548631863,0.9999928483944691,1347,6735
ESM-2_650M,14,9,2.0590084795802057,0.9610148326547038,2.142535588022516,1.7247861089080117e-13,1347,6735
ESM-2_650M,14,10,1.2643961311050407,0.9163581396839579,1.379805641865218,1.2950462075018819e-70,1347,6735
ESM-2_650M,14,11,1.3510548505149422,0.9135042414047051,1.4789803804713715,4.954802790967041e-39,1347,6735
ESM-2_650M,14,12,1.5960137365522788,0.9136864869791044,1.7467848756624755,3.626700573997092e-111,1347,6735
ESM-2_650M,14,13,1.588681912728611,0.9365890158034734,1.6962423068411978,2.372820566792709e-84,1347,6735
ESM-2_650M,14,14,1.3055834052690154,0.9568222548975799,1.3644994131211627,4.720154891365873e-64,1347,6735
ESM-2_650M,14,15,1.1358221450069699,0.9689038718303178,1.1722753701678716,3.5776304500604186e-70,1347,6735
ESM-2_650M,14,16,1.7677045013608983,0.8936576472148686,1.9780555863535023,3.073602471854415e-154,1347,6735
ESM-2_650M,14,17,0.897338567018155,0.9946169018546298,0.9021951721762589,1.0,1347,6735
ESM-2_650M,14,18,0.872384582796226,0.9252165634563966,0.9428977141710451,0.9998577872353072,1347,6735
ESM-2_650M,14,19,1.0652430081199342,0.9861720775918511,1.080179648486061,0.0020314555829294874,1347,6735
ESM-2_650M,15,0,0.7340350563180894,0.6934145020981994,1.0585804797808187,1.0,1347,6735
ESM-2_650M,15,1,1.4106258804278633,0.9145964301243126,1.5423478968052937,1.1560078226585223e-102,1347,6735
ESM-2_650M,15,2,2.4133154278000197,0.7785362726607054,3.0998111617231854,1.4608153853875356e-188,1347,6735
ESM-2_650M,15,3,1.20678808647965,0.9575925221001562,1.2602313182573393,6.48269387106662e-69,1347,6735
ESM-2_650M,15,4,1.4173677789784398,0.9059923206434572,1.5644368574468617,1.2906389876555463e-47,1347,6735
ESM-2_650M,15,5,1.3920286666787194,0.9273677987899042,1.501053485461904,3.194815841452654e-79,1347,6735
ESM-2_650M,15,6,1.7198845195212715,0.8786463954765972,1.9574251125088475,3.9590539989166914e-110,1347,6735
ESM-2_650M,15,7,1.0339447190762452,0.9134335257494636,1.1319320891226357,0.050725316159855156,1347,6735
ESM-2_650M,15,8,1.598089553775306,0.9105429582491396,1.755095176232248,5.473374835661789e-147,1347,6735
ESM-2_650M,15,9,1.1083951451730623,0.974204731474298,1.1377435454410998,3.567280850046328e-55,1347,6735
ESM-2_650M,15,10,1.1430146828371237,0.9698555360237757,1.1785411748261683,1.626917250271922e-26,1347,6735
ESM-2_650M,15,11,0.8307631251532874,0.7421294613494507,1.119431539131555,0.9627768627399138,1347,6735
ESM-2_650M,15,12,1.6170605988350282,0.892811795319109,1.8111998601643227,1.9486067261504957e-135,1347,6735
ESM-2_650M,15,13,1.5474216518418915,0.9201423032584019,1.6817199321911103,4.5780989673600484e-76,1347,6735
ESM-2_650M,15,14,1.1895173501663059,0.9357835418032379,1.2711458334414896,7.494786367320072e-36,1347,6735
ESM-2_650M,15,15,1.6502396156202446,0.8926474399947643,1.8487025691015524,1.1148507757100378e-129,1347,6735
ESM-2_650M,15,16,1.2064006397446705,0.9341593949006678,1.2914291140570833,5.676910359849659e-44,1347,6735
ESM-2_650M,15,17,2.092043445327367,0.9109430160553215,2.296568949380163,2.3459654866284805e-145,1347,6735
ESM-2_650M,15,18,1.569845960904867,0.9237533787244678,1.6994210760804287,6.306070679887402e-122,1347,6735
ESM-2_650M,15,19,1.303646841972137,0.9125814724625064,1.4285265275596504,2.6199538057091165e-46,1347,6735
ESM-2_650M,16,0,1.1997997025560252,0.9663037119437432,1.241638304527051,8.618321108663329e-30,1347,6735
ESM-2_650M,16,1,1.433563937057631,0.8684970309259543,1.6506261806436189,2.5990050407673197e-123,1347,6735
ESM-2_650M,16,2,1.574927342938067,1.0339064340637452,1.5232784041664698,4.0295186594141905e-76,1347,6735
ESM-2_650M,16,3,1.0488046262227966,0.9849850825915624,1.0647923961074828,0.09725481530458757,1347,6735
ESM-2_650M,16,4,1.1709886357442663,0.989462376532505,1.183459486198865,1.7978200022933523e-19,1347,6735
ESM-2_650M,16,5,1.0602533104093144,0.9574730962935252,1.1073452763463139,1.208852493991117e-16,1347,6735
ESM-2_650M,16,6,0.8210785272790488,0.8287676122009134,0.9907222666418574,0.9207306282001066,1347,6735
ESM-2_650M,16,7,2.0648548973664784,0.9392102707261752,2.1985011894833533,1.9744610974702245e-07,1347,6735
ESM-2_650M,16,8,1.407524393380529,0.9435535798005555,1.4917270449846056,6.775223581030606e-44,1347,6735
ESM-2_650M,16,9,1.2813013458836051,0.9523490507434984,1.3454114800485115,8.528981424204544e-39,1347,6735
ESM-2_650M,16,10,1.747850146672862,0.8806684551056704,1.9846857651590797,4.80030743729078e-137,1347,6735
ESM-2_650M,16,11,1.6027573948890612,0.8745887427620518,1.8325840666864395,3.105436001805652e-94,1347,6735
ESM-2_650M,16,12,1.1751624719248759,0.9870140345840429,1.1906238723546867,2.368363412393908e-16,1347,6735
ESM-2_650M,16,13,1.405903810373858,0.9473889483870426,1.4839774231770915,1.1242949328027333e-50,1347,6735
ESM-2_650M,16,14,1.213495242945247,0.9441728333853401,1.2852469378876843,2.658054647431673e-65,1347,6735
ESM-2_650M,16,15,1.4228637577895333,0.9528931555941801,1.493203880662047,1.9766013720448207e-58,1347,6735
ESM-2_650M,16,16,1.0793604498816227,0.9714434442321238,1.1110893344231705,2.1776895357184335e-05,1347,6735
ESM-2_650M,16,17,1.4472568593670372,0.9336496082251392,1.550107070808139,1.265282953600923e-60,1347,6735
ESM-2_650M,16,18,1.7616007295454443,0.876929657715466,2.0088278621282805,6.594240133950199e-149,1347,6735
ESM-2_650M,16,19,1.5007037760464457,0.8787329903302498,1.7078040685401419,1.1420917518896157e-128,1347,6735
ESM-2_650M,17,0,1.1250833889888496,0.9798762792363243,1.148189228405135,1.4952921377776405e-09,1347,6735
ESM-2_650M,17,1,1.4474653873479224,0.9086186878305722,1.5930394198735955,2.4564910783346873e-38,1347,6735
ESM-2_650M,17,2,1.7101342894120313,0.8677522816101356,1.9707632300762554,2.6545197197641647e-113,1347,6735
ESM-2_650M,17,3,1.3762694470357613,0.9139506300389988,1.5058465980564344,2.567505664516744e-32,1347,6735
ESM-2_650M,17,4,2.1615560655139867,0.8284199894154921,2.609251458356425,1.4249952652068726e-171,1347,6735
ESM-2_650M,17,5,2.128022390845043,0.7728273214047752,2.7535548134826775,2.3648385422535894e-95,1347,6735
ESM-2_650M,17,6,1.723761109946366,0.8784056737687115,1.9623747448610411,3.953897839788364e-69,1347,6735
ESM-2_650M,17,7,1.4927455279989958,0.9136634151439536,1.633802452037334,1.890448301798869e-96,1347,6735
ESM-2_650M,17,8,1.7409827879338948,0.8786191151066011,1.9814988747685793,1.2626094994939524e-116,1347,6735
ESM-2_650M,17,9,1.3899103503096255,0.8833616163766906,1.5734330364167963,5.358769721662582e-87,1347,6735
ESM-2_650M,17,10,1.6349646000062967,0.9268063334442548,1.7640844057790808,2.4738583755101967e-66,1347,6735
ESM-2_650M,17,11,1.388226220131186,0.9200192018934065,1.508910050218741,4.074939208534217e-80,1347,6735
ESM-2_650M,17,12,1.5567947029459008,0.8647026501053913,1.8003815563143657,2.8454271203087053e-76,1347,6735
ESM-2_650M,17,13,1.567276747826744,0.880877579768543,1.7792219757012744,3.29849828981406e-89,1347,6735
ESM-2_650M,17,14,1.5748653406112745,0.8835992258161018,1.782329923565417,3.4099559740794e-104,1347,6735
ESM-2_650M,17,15,1.0875142796909534,0.9318408493541662,1.1670601052150484,2.21435941399279e-07,1347,6735
ESM-2_650M,17,16,1.368494127324624,0.9553656152313341,1.4324297478439751,6.049125066521678e-51,1347,6735
ESM-2_650M,17,17,1.5445816418862643,0.9065452608251536,1.7038108394944989,1.6458614301817553e-97,1347,6735
ESM-2_650M,17,18,1.1304026746537479,0.8939458655443737,1.2645090919072401,1.2537386326487288e-19,1347,6735
ESM-2_650M,17,19,1.3032656097929833,0.964441721215457,1.351316083827768,5.395510512571132e-60,1347,6735
ESM-2_650M,18,0,1.1875520940557531,0.9255305612107162,1.2831041392110036,4.932190327935653e-25,1347,6735
ESM-2_650M,18,1,1.2740861624534605,0.9265542368973594,1.3750799593986418,2.6659896945543877e-09,1347,6735
ESM-2_650M,18,2,1.4838803558988578,0.8949039629026528,1.6581448037014375,2.4374757715630687e-98,1347,6735
ESM-2_650M,18,3,1.4056933130059495,0.963852355501434,1.4584114516944375,8.21789226647968e-49,1347,6735
ESM-2_650M,18,4,2.0060650327760774,0.8470697051930534,2.368240795860927,6.238876540680075e-112,1347,6735
ESM-2_650M,18,5,1.1839035010793604,0.961312665694629,1.231548842877141,2.6368752170601947e-31,1347,6735
ESM-2_650M,18,6,1.1121641955135837,0.9798031798350253,1.1350893918315765,6.868091275338804e-48,1347,6735
ESM-2_650M,18,7,1.781024253204653,0.8345264991105111,2.134173396654242,2.2646812964223963e-168,1347,6735
ESM-2_650M,18,8,1.1917165390477857,0.9652901768507387,1.2345681823218833,1.2288953181331052e-38,1347,6735
ESM-2_650M,18,9,1.0954417697393903,0.9303641540270075,1.177433336181169,6.80640343154958e-24,1347,6735
ESM-2_650M,18,10,1.2911305268251552,0.9436317217448462,1.3682568072613726,2.2553395482508187e-26,1347,6735
ESM-2_650M,18,11,1.586601987265399,0.895681833676059,1.7713901606708535,1.1030794737003232e-86,1347,6735
ESM-2_650M,18,12,1.5675529298754913,0.9010590093117691,1.7396784380112817,2.2614587234996616e-110,1347,6735
ESM-2_650M,18,13,1.071513691188321,0.9056357412114352,1.1831618855446198,5.506379076854084e-21,1347,6735
ESM-2_650M,18,14,1.4231356114032245,0.8812167139091607,1.6149666579632385,1.0838237469707671e-32,1347,6735
ESM-2_650M,18,15,1.2590600666552008,0.9222854008830381,1.3651523329434894,1.2781126750485828e-36,1347,6735
ESM-2_650M,18,16,1.4559362464886554,0.8811569211544067,1.65230075544459,1.064538161490996e-74,1347,6735
ESM-2_650M,18,17,1.5673561104322329,0.884690413585053,1.771643601382315,8.071231774356523e-121,1347,6735
ESM-2_650M,18,18,1.3026726743802373,0.9210119906528047,1.4143927414635666,4.949179622929376e-47,1347,6735
ESM-2_650M,18,19,1.1995389109066705,0.9293906374825489,1.290672471325809,1.8932488976554106e-20,1347,6735
ESM-2_650M,19,0,1.1655787791843846,0.9736166149057011,1.1971640185056578,1.6425443119525746e-54,1347,6735
ESM-2_650M,19,1,1.593842648616878,0.86003871057307,1.8532219875950142,2.9226625255439905e-74,1347,6735
ESM-2_650M,19,2,1.82344930416558,0.8116157741112318,2.246690321121921,1.0916102285585821e-175,1347,6735
ESM-2_650M,19,3,1.2573300282669315,0.9429327480920882,1.3334249243235943,7.376900821193389e-33,1347,6735
ESM-2_650M,19,4,1.2379205485317737,0.9539628501967669,1.297661170218984,5.877850086843479e-23,1347,6735
ESM-2_650M,19,5,1.73995893509988,0.8270837008272752,2.103727752535225,5.283380012984291e-135,1347,6735
ESM-2_650M,19,6,1.062756519667865,0.8873190897300497,1.1977162803870125,8.739170581508444e-13,1347,6735
ESM-2_650M,19,7,1.1974471808143607,0.9381744260810532,1.2763587958972011,1.2798135310644316e-20,1347,6735
ESM-2_650M,19,8,1.752494763989491,0.7949678382213327,2.2044851121405573,1.243748748908573e-162,1347,6735
ESM-2_650M,19,9,2.217280482230314,0.7190095144721562,3.083798527837393,1.653989626925677e-139,1347,6735
ESM-2_650M,19,10,1.3948865481877026,0.8640180780062121,1.6144182438942831,6.706317641711558e-87,1347,6735
ESM-2_650M,19,11,1.2006352982568846,0.9273575508260427,1.2946843395920162,5.894242319345832e-23,1347,6735
ESM-2_650M,19,12,1.672014185651285,0.9119137664503226,1.8335222552453587,4.0222776097969154e-89,1347,6735
ESM-2_650M,19,13,1.7894021724229754,0.8837323802157562,2.0248235919409305,4.2501962687299824e-116,1347,6735
ESM-2_650M,19,14,1.126580422720647,0.9597467009699955,1.1738309926796688,2.4006408593151055e-58,1347,6735
ESM-2_650M,19,15,1.5485417608202123,0.8894848625993587,1.7409422306467128,6.212985150140489e-41,1347,6735
ESM-2_650M,19,16,1.1034677593036104,0.9435960866588305,1.1694280793499978,3.1789454204392213e-08,1347,6735
ESM-2_650M,19,17,1.3380047434024132,0.9516831800573918,1.405935054270607,1.6639377563921235e-44,1347,6735
ESM-2_650M,19,18,1.1304716022205334,0.9144253561163975,1.236264496231484,1.7006461256947974e-10,1347,6735
ESM-2_650M,19,19,1.3959354449785366,0.8638987437288851,1.6158553940629634,7.780341267025683e-10,1347,6735
ESM-2_650M,20,0,1.7883494522895473,0.8899439483792497,2.0095079645706426,2.1772351082338617e-93,1347,6735
ESM-2_650M,20,1,1.5068421559304597,0.9237881959048836,1.6311554559911365,8.064282160356049e-32,1347,6735
ESM-2_650M,20,2,1.4380994131919977,0.9220214051289212,1.5597245413092293,2.0209858046520073e-76,1347,6735
ESM-2_650M,20,3,1.2235632053539764,0.9691351934056107,1.2625309798669961,7.46266746676105e-50,1347,6735
ESM-2_650M,20,4,1.4874325039026997,0.9078010756113105,1.6385004863549728,4.292773053700343e-93,1347,6735
ESM-2_650M,20,5,1.2915210440677454,0.9302698042650265,1.3883295342345663,7.864383272055887e-52,1347,6735
ESM-2_650M,20,6,1.121808043744003,0.9490493886742489,1.1820333663678821,4.557636516779245e-07,1347,6735
ESM-2_650M,20,7,1.8798737639385679,0.8248349652178282,2.279090779622949,6.757409629222838e-172,1347,6735
ESM-2_650M,20,8,1.9146486384781671,0.7704884289204521,2.484980392451607,3.933209914549761e-131,1347,6735
ESM-2_650M,20,9,1.468581477416584,0.9016838918146197,1.6287098957275314,7.357739836244632e-14,1347,6735
ESM-2_650M,20,10,1.1239273352984065,0.980735509056645,1.146004529171678,1.6435505595818184e-29,1347,6735
ESM-2_650M,20,11,2.0021847059760787,0.8056414377254053,2.485205715868978,6.795029320269493e-165,1347,6735
ESM-2_650M,20,12,1.7031592427135487,0.8560124678934116,1.9896430327760386,2.193169211649985e-135,1347,6735
ESM-2_650M,20,13,1.1623216451552947,0.962297684146726,1.2078607943299073,5.668419547927577e-57,1347,6735
ESM-2_650M,20,14,1.1199962167759339,0.9281553426852869,1.2066904808581114,3.220165748640131e-16,1347,6735
ESM-2_650M,20,15,1.145151170469826,0.9666432995761246,1.1846677786645576,8.444146058817354e-46,1347,6735
ESM-2_650M,20,16,1.71357383357213,0.9089527118605379,1.8852178019961134,1.0768565768039627e-104,1347,6735
ESM-2_650M,20,17,1.335598695782617,0.9284169235779076,1.4385764217174364,5.379672044786311e-40,1347,6735
ESM-2_650M,20,18,1.3704293129527312,0.9029358102400036,1.517748324311632,4.1953556417006495e-81,1347,6735
ESM-2_650M,20,19,1.2031397537481103,0.9575642500252483,1.2564585130620602,3.2588042506757934e-24,1347,6735
ESM-2_650M,21,0,1.3942542948940548,0.8962480170357732,1.5556567695461958,1.1468836795805373e-90,1347,6735
ESM-2_650M,21,1,1.4201457689681491,0.8598009242147273,1.6517146341348674,3.923643270304991e-44,1347,6735
ESM-2_650M,21,2,1.5381220302806577,0.9245772900564545,1.663594863104133,1.197908670357501e-30,1347,6735
ESM-2_650M,21,3,1.7650439316529916,0.8273797840366739,2.133293519744441,2.0181262076915773e-132,1347,6735
ESM-2_650M,21,4,1.3123970932998565,0.9284983272353808,1.4134619899720666,1.479767698328009e-42,1347,6735
ESM-2_650M,21,5,1.8375326378109196,0.797086655744023,2.305311002974595,1.4286513952175386e-163,1347,6735
ESM-2_650M,21,6,1.4727598990478954,0.9109540817190208,1.6167224326704985,7.734238111350832e-52,1347,6735
ESM-2_650M,21,7,2.354843895132885,0.7968797638685994,2.9550805553159765,4.473127282172004e-174,1347,6735
ESM-2_650M,21,8,1.0573204977779407,0.957240326360211,1.1045507263554935,0.9999999999999343,1347,6735
ESM-2_650M,21,9,1.20257507041152,0.9379424382026053,1.2821416554261418,1.4958741240822768e-28,1347,6735
ESM-2_650M,21,10,1.6919504979095727,0.8575431675117106,1.9730207901008874,3.2432575337069434e-126,1347,6735
ESM-2_650M,21,11,1.084745465790951,0.9449275564023452,1.147966802789559,7.219250479912355e-08,1347,6735
ESM-2_650M,21,12,1.1539711411862614,0.9112657304460483,1.266338788600569,2.374816375568625e-24,1347,6735
ESM-2_650M,21,13,1.2371742130432115,0.9546207253689136,1.295985075711723,5.461818124553835e-34,1347,6735
ESM-2_650M,21,14,1.3271929089038037,0.8835541221273768,1.502107087348827,4.546895542593631e-51,1347,6735
ESM-2_650M,21,15,1.3461048905284827,0.9242220673392062,1.4564734365236032,2.502381727409588e-48,1347,6735
ESM-2_650M,21,16,1.5816177514332617,0.8789470092015259,1.7994460813628261,6.16232100389897e-70,1347,6735
ESM-2_650M,21,17,1.9568591167100753,0.7773551856354985,2.5173294690384243,1.9864281616699617e-123,1347,6735
ESM-2_650M,21,18,1.4512925050660426,0.8746009570154422,1.6593767631109717,7.319022625792951e-98,1347,6735
ESM-2_650M,21,19,1.4073526652193813,0.924778500833198,1.5218267552191127,2.9947825562400587e-43,1347,6735
ESM-2_650M,22,0,1.2055899402999224,0.9444609067952447,1.2764847455579116,1.2336194404711167e-19,1347,6735
ESM-2_650M,22,1,1.20267276056581,0.9401523711587113,1.2792317473853199,4.751226430276016e-15,1347,6735
ESM-2_650M,22,2,2.2559287176614746,0.8116250055227443,2.7795209638822005,4.464348210675727e-137,1347,6735
ESM-2_650M,22,3,1.0943728500967478,0.9600709747542429,1.1398874446515617,1.1232581547195729e-26,1347,6735
ESM-2_650M,22,4,1.217499555307755,0.9741595160943451,1.2497948592536696,2.439227728737227e-19,1347,6735
ESM-2_650M,22,5,1.8242257752724726,0.8403950681974911,2.1706764405283057,4.1475763656363715e-170,1347,6735
ESM-2_650M,22,6,1.0355934160523002,0.9948252042776227,1.040980276333349,0.8084568390646789,1347,6735
ESM-2_650M,22,7,2.0992921111689022,0.8160286708987292,2.5725715113132694,5.278169645408188e-155,1347,6735
ESM-2_650M,22,8,1.4044540937002623,0.9199353353737811,1.526687843912002,1.2228207097558478e-44,1347,6735
ESM-2_650M,22,9,1.368329996609564,0.9201335542274566,1.4870993350073107,5.94298970821837e-27,1347,6735
ESM-2_650M,22,10,1.7558673246146221,0.8571025545796643,2.048608203572238,1.6592518514586713e-123,1347,6735
ESM-2_650M,22,11,1.3042187007571382,0.944964225933166,1.380177857494238,8.563050443336626e-23,1347,6735
ESM-2_650M,22,12,1.5164362111231886,0.9027118799658997,1.6798673472431453,3.4266554434809403e-99,1347,6735
ESM-2_650M,22,13,1.6248603975103024,0.8462716766230004,1.920022189557633,1.128721038716803e-91,1347,6735
ESM-2_650M,22,14,1.43689659172593,0.9065285855075919,1.5850538137430819,6.894705119776463e-75,1347,6735
ESM-2_650M,22,15,1.147306773700954,0.9403757417354658,1.2200514355927519,7.868277177907648e-11,1347,6735
ESM-2_650M,22,16,1.1993884487048554,0.9736566627582047,1.2318392042911621,4.688347262265127e-43,1347,6735
ESM-2_650M,22,17,2.0454692981650453,0.8149540778913251,2.5099197042582446,2.913138027290775e-31,1347,6735
ESM-2_650M,22,18,1.0006421210041025,0.9689561812288688,1.0327011070150234,0.3738097354645097,1347,6735
ESM-2_650M,22,19,1.212585456243425,0.9310688039430354,1.3023585916617322,1.2693381824843986e-17,1347,6735
ESM-2_650M,23,0,1.2918408210952812,0.9312212482670014,1.3872544505394302,5.2004532460179305e-49,1347,6735
ESM-2_650M,23,1,1.1891076252937494,0.9242742402394701,1.2865311760562141,2.846209825856146e-26,1347,6735
ESM-2_650M,23,2,1.3943177448349169,0.888593381214071,1.5691291138471937,7.275714166379733e-68,1347,6735
ESM-2_650M,23,3,1.3255093365177546,0.926404797998219,1.4308100944445918,6.500661933309202e-75,1347,6735
ESM-2_650M,23,4,1.444410748420243,0.8748810844547057,1.6509795149137472,8.996409476941766e-78,1347,6735
ESM-2_650M,23,5,1.4011807437728934,0.92310080542198,1.5179065336557334,1.5399064591553862e-58,1347,6735
ESM-2_650M,23,6,1.3859745825474228,0.9327192070456284,1.4859505112342146,2.1775943807958032e-13,1347,6735
ESM-2_650M,23,7,1.7945508986280065,0.8244415201750082,2.1766867081695116,5.779321363034849e-173,1347,6735
ESM-2_650M,23,8,1.5096441098912698,0.8959310670284404,1.6850002923755605,1.0783492731219971e-110,1347,6735
ESM-2_650M,23,9,1.5923171953561577,0.8802766426855666,1.8088827058937775,7.3248918406837e-130,1347,6735
ESM-2_650M,23,10,1.153760918812258,0.9551816282676341,1.2078968906728005,7.9693926818894635e-28,1347,6735
ESM-2_650M,23,11,1.1492605459694518,0.931174930195589,1.2342047758180679,2.4968424823016063e-15,1347,6735
ESM-2_650M,23,12,1.8517793334063637,0.7968304322265038,2.3239314897049317,2.1652878147438547e-134,1347,6735
ESM-2_650M,23,13,1.873980601390778,0.8817304670982168,2.125344049364729,5.9857263960496e-118,1347,6735
ESM-2_650M,23,14,1.389864306219348,0.893572175279315,1.5554024002424884,2.1011042952653223e-88,1347,6735
ESM-2_650M,23,15,1.3677173773160047,0.8959250492647389,1.5265979876759252,1.3739706331528096e-55,1347,6735
ESM-2_650M,23,16,0.94838408925574,0.9589769045854818,0.988954045421646,0.9860100071407288,1347,6735
ESM-2_650M,23,17,1.7395381268387649,0.8482913310047027,2.0506376326850866,2.6424576525827837e-137,1347,6735
ESM-2_650M,23,18,1.5241904687675707,0.9017937622472102,1.6901763269790082,2.528005363809567e-108,1347,6735
ESM-2_650M,23,19,1.666375686846668,0.8586323433171933,1.9407324914047415,3.900842451285129e-128,1347,6735
ESM-2_650M,24,0,1.5138002746885764,0.8940117434828744,1.6932666553026936,1.0048844906041147e-107,1347,6735
ESM-2_650M,24,1,1.2406296251699849,0.9255926011864486,1.34036251324796,4.779184678138176e-37,1347,6735
ESM-2_650M,24,2,1.1234965327831223,0.927224049013061,1.2116775163230227,2.0355626642071525e-09,1347,6735
ESM-2_650M,24,3,1.64121371593932,0.8369402103214549,1.960968890847002,7.921128536880076e-144,1347,6735
ESM-2_650M,24,4,1.3658411408198614,0.9054335521175938,1.508494066323789,1.2340240862562058e-38,1347,6735
ESM-2_650M,24,5,1.5658407210197463,0.87362683357003,1.792345038923565,4.565980651569299e-139,1347,6735
ESM-2_650M,24,6,1.270713679663942,0.9454647871781121,1.3440095251527941,4.095488654831016e-86,1347,6735
ESM-2_650M,24,7,1.18787780904115,0.9472731316529917,1.253997151770053,1.8186453452836947e-53,1347,6735
ESM-2_650M,24,8,1.3740237872735075,0.9097923392320706,1.510260889241254,1.8194328824790543e-69,1347,6735
ESM-2_650M,24,9,1.4011095645211764,0.9073179576781032,1.544232154411144,8.913333473694399e-40,1347,6735
ESM-2_650M,24,10,1.681099330153214,0.8672579023403509,1.938407624325659,1.431900169526645e-136,1347,6735
ESM-2_650M,24,11,1.2472708279898899,0.9736060805104357,1.2810836466181261,1.2470399247278485e-11,1347,6735
ESM-2_650M,24,12,1.096957978405993,0.9759707921575244,1.1239659908069677,0.565471169360202,1347,6735
ESM-2_650M,24,13,1.8946925650427495,0.8053441935067452,2.3526494389841037,1.3793376409353177e-141,1347,6735
ESM-2_650M,24,14,1.7876992916167003,0.797637074662797,2.241243979754144,4.423961358229578e-165,1347,6735
ESM-2_650M,24,15,1.3867476568864998,0.9194753769090995,1.5081944462158179,6.360158945709783e-55,1347,6735
ESM-2_650M,24,16,1.3490343788429906,0.9099916152562048,1.4824690208416647,2.1859175097606882e-75,1347,6735
ESM-2_650M,24,17,1.5091567024887271,0.9156775231649457,1.6481312081053179,2.0954521446241384e-68,1347,6735
ESM-2_650M,24,18,1.8260693505528067,0.8011511797562474,2.279306823349363,1.0765154730501786e-107,1347,6735
ESM-2_650M,24,19,1.7893943997803845,0.8209361776023683,2.179699772772229,4.3489823058688075e-156,1347,6735
ESM-2_650M,25,0,1.6737556012586567,0.8637335339783737,1.9378147720504788,3.8026625352997877e-103,1347,6735
ESM-2_650M,25,1,1.4182917450920423,0.8422033746611346,1.6840252458768645,2.4014419275316664e-48,1347,6735
ESM-2_650M,25,2,2.151280864658361,0.7927164884332537,2.7138086517037268,2.2445690285761534e-109,1347,6735
ESM-2_650M,25,3,1.9842740915544226,0.8278334338607927,2.3969484806868713,4.821849324665944e-171,1347,6735
ESM-2_650M,25,4,1.8281687762790153,0.8312698725492049,2.1992482064491052,1.7910195638184513e-125,1347,6735
ESM-2_650M,25,5,1.6932147594629259,0.8261932958052968,2.0494172103061388,6.82695883060819e-163,1347,6735
ESM-2_650M,25,6,1.4538880923255426,0.882365413360801,1.6477165472611797,3.2328375746991963e-91,1347,6735
ESM-2_650M,25,7,1.6443912444861624,0.8688774035896473,1.892546909026045,3.672605944042881e-45,1347,6735
ESM-2_650M,25,8,1.1115136557903746,0.9714506682249113,1.1441792075982553,0.029902099687396034,1347,6735
ESM-2_650M,25,9,1.5323494754831217,0.8853092441295219,1.7308635210172243,2.7129217894426283e-35,1347,6735
ESM-2_650M,25,10,1.5905826762927047,0.8692461941482496,1.829841403966425,4.0328357450574354e-108,1347,6735
ESM-2_650M,25,11,1.0482430694999523,0.9710874886050788,1.079452759715506,0.0006083405544903168,1347,6735
ESM-2_650M,25,12,1.7534030006663306,0.8653058796689611,2.0263389419440068,1.0135563361310527e-75,1347,6735
ESM-2_650M,25,13,1.656673553233113,0.8640915923561754,1.9172429958677786,1.759912336705154e-116,1347,6735
ESM-2_650M,25,14,1.5987515860937573,0.8678567601206042,1.8421837099841019,6.717464238005063e-65,1347,6735
ESM-2_650M,25,15,1.6886004889971606,0.8442748379921948,2.000060185392818,9.184024497845059e-172,1347,6735
ESM-2_650M,25,16,1.0379770322030089,0.9906670318668918,1.0477557027884157,0.0006353152777825771,1347,6735
ESM-2_650M,25,17,0.8567929680624448,0.9337840832371621,0.9175493386995726,0.9999627753345663,1347,6735
ESM-2_650M,25,18,1.7015683172241616,0.8658601672851163,1.965176805117838,5.194613601265211e-136,1347,6735
ESM-2_650M,25,19,2.1788894055990617,0.8073345171432851,2.6988681387102815,4.147897886109959e-191,1347,6735
ESM-2_650M,26,0,1.336671679177679,0.8796550910706952,1.519540661727671,7.319745452732308e-48,1347,6735
ESM-2_650M,26,1,1.4218750612031732,0.8743557030115202,1.626197503265372,1.176328617435792e-22,1347,6735
ESM-2_650M,26,2,1.480121997578461,0.9084355050511244,1.6293088384905912,6.499177839609214e-72,1347,6735
ESM-2_650M,26,3,1.3017456180401528,0.9297029854122718,1.4001736452022908,1.5086551197642772e-66,1347,6735
ESM-2_650M,26,4,1.0642455105269473,0.9707634248254294,1.0962974946427637,3.2008222700893094e-25,1347,6735
ESM-2_650M,26,5,1.3814012575299985,0.9428459967231432,1.465139866246505,1.9839703704214208e-72,1347,6735
ESM-2_650M,26,6,1.0395928656422404,0.9846492626904092,1.055800176807837,3.7147933880427573e-19,1347,6735
ESM-2_650M,26,7,1.2926891503472548,0.8934128988625477,1.4469112232351327,4.287699956754397e-64,1347,6735
ESM-2_650M,26,8,1.428670975229611,0.8399951777882105,1.7008085439150273,1.2930224783925219e-94,1347,6735
ESM-2_650M,26,9,1.5218459266198505,0.893525878608271,1.7031917743560285,5.0840477660410744e-14,1347,6735
ESM-2_650M,26,10,1.1969349303109256,0.9440495080377495,1.2678730512754677,2.543022361225685e-11,1347,6735
ESM-2_650M,26,11,1.1099217513682627,0.9550764941436853,1.1621286443275,1.9375658404232308e-05,1347,6735
ESM-2_650M,26,12,2.0787576763284323,0.7838348462475213,2.652035293251044,9.84456253003217e-171,1347,6735
ESM-2_650M,26,13,1.944943700986897,0.8101659637290235,2.4006731806341635,9.285572941523092e-82,1347,6735
ESM-2_650M,26,14,1.0571615305447808,0.9796650721046468,1.0791050540095768,3.965586364187805e-12,1347,6735
ESM-2_650M,26,15,1.2713027315431378,0.9082884801141005,1.3996684526742373,8.314780417035218e-74,1347,6735
ESM-2_650M,26,16,1.08360711964706,0.9376847980448557,1.1556198009250693,2.162183611876858e-18,1347,6735
ESM-2_650M,26,17,1.419246061568846,0.9047092030584015,1.5687317612897431,1.6788500730399613e-17,1347,6735
ESM-2_650M,26,18,1.0703270422500775,0.9365624786994151,1.1428250293951754,2.4586472182619748e-12,1347,6735
ESM-2_650M,26,19,1.8818864892357885,0.7828269303851687,2.403962378133641,1.1904845740946207e-143,1347,6735
ESM-2_650M,27,0,1.8386487396131115,0.8508690776680917,2.160906757420481,1.1934020111861477e-131,1347,6735
ESM-2_650M,27,1,1.3025629118516344,0.9099380927914014,1.4314851990158854,1.2687480866171622e-56,1347,6735
ESM-2_650M,27,2,1.1135183095478445,0.9823431979430634,1.1335328751493874,0.1913373962164952,1347,6735
ESM-2_650M,27,3,1.2155979342299563,0.9407374159643827,1.2921755992704984,2.7471431096152227e-51,1347,6735
ESM-2_650M,27,4,1.2314315705871972,0.9311778940321254,1.3224450220300368,8.862865558787338e-76,1347,6735
ESM-2_650M,27,5,1.3854128490101876,0.9254902740419132,1.4969501980389754,2.0267106997142631e-41,1347,6735
ESM-2_650M,27,6,1.6547540612103944,0.8260703010859318,2.0031637247279015,4.3503989510455165e-169,1347,6735
ESM-2_650M,27,7,1.0745730407829186,0.9927561957791514,1.0824138346873315,2.1835658597789586e-08,1347,6735
ESM-2_650M,27,8,1.2343769904499862,0.9259020749294236,1.333161490694441,1.536349110579634e-68,1347,6735
ESM-2_650M,27,9,1.4005239817418251,0.9167409824241995,1.5277204887669862,4.480919146535761e-31,1347,6735
ESM-2_650M,27,10,1.0571715582961405,0.9810329264645211,1.0776106792929063,2.109748866919281e-21,1347,6735
ESM-2_650M,27,11,1.2083398406217518,0.9384000722907965,1.2876595775104598,6.667563732430214e-18,1347,6735
ESM-2_650M,27,12,1.37614643845898,0.905835834770576,1.5192007046260443,1.4342014116490258e-67,1347,6735
ESM-2_650M,27,13,1.7396015310971138,0.8450772209506435,2.0585119181655407,2.607976442396062e-153,1347,6735
ESM-2_650M,27,14,1.7905644604351314,0.8332563211177576,2.1488759401587365,6.126391451845294e-141,1347,6735
ESM-2_650M,27,15,1.3395639932987509,0.883288226895582,1.5165649812935948,3.6875652091706407e-106,1347,6735
ESM-2_650M,27,16,2.1091094134788912,0.7533671430278218,2.7995771158830616,7.437870805646942e-197,1347,6735
ESM-2_650M,27,17,1.920118283245328,0.8030799985202977,2.3909427289724707,4.205773951324494e-155,1347,6735
ESM-2_650M,27,18,1.2191545736451193,0.9310524099343958,1.3094371064793484,2.902704739296109e-24,1347,6735
ESM-2_650M,27,19,1.6240702316928282,0.9023488408561627,1.7998252540025261,4.019328615840933e-121,1347,6735
ESM-2_650M,28,0,1.3754612480324113,0.910491161372543,1.5106805056283439,3.308982169360729e-48,1347,6735
ESM-2_650M,28,1,0.9442820427794101,0.9924324297432601,0.9514824530912332,1.0,1347,6735
ESM-2_650M,28,2,1.069645235913722,0.9715753690677722,1.1009390212722745,1.8984197896512897e-13,1347,6735
ESM-2_650M,28,3,1.3268100874306277,0.8916298515060342,1.4880727525996793,5.059749225781515e-85,1347,6735
ESM-2_650M,28,4,1.269416932417626,0.9300647493028694,1.3648694172842464,4.099720204335842e-68,1347,6735
ESM-2_650M,28,5,1.5759499635500385,0.8551546624150201,1.842882969379409,2.2480293177773476e-155,1347,6735
ESM-2_650M,28,6,1.42212337768777,0.893294040138578,1.5919991780837963,2.9681564368334416e-78,1347,6735
ESM-2_650M,28,7,1.1997400016510762,0.9005806480048317,1.332184967897111,4.1943472956732296e-17,1347,6735
ESM-2_650M,28,8,1.1390048423208126,0.9436862780814181,1.2069740429377558,2.0500497004973268e-11,1347,6735
ESM-2_650M,28,9,1.4057243850521892,0.8396216184000396,1.6742355773674573,1.9191252514236637e-100,1347,6735
ESM-2_650M,28,10,1.1343864766464644,0.960383696459184,1.1811804811231252,1.3222918558953757e-51,1347,6735
ESM-2_650M,28,11,1.1348805986649033,0.9534149699217316,1.1903322629369546,3.4372084607618496e-21,1347,6735
ESM-2_650M,28,12,1.2929397188818446,0.9337565565350415,1.3846646749979996,7.372784081742489e-53,1347,6735
ESM-2_650M,28,13,1.6178968229069033,0.8606524274936852,1.8798492529886859,3.502546794982393e-130,1347,6735
ESM-2_650M,28,14,1.5829992455021709,0.8282326598716008,1.911297781649398,1.5249150527707188e-78,1347,6735
ESM-2_650M,28,15,1.53251749059184,0.8479640169360944,1.8072907104351057,7.5681156191503e-156,1347,6735
ESM-2_650M,28,16,1.017200413579709,0.9965442490338748,1.0207277946421947,0.7699349969905407,1347,6735
ESM-2_650M,28,17,0.9410373152419648,0.9587427820554024,0.9815326204850484,0.9695248184644862,1347,6735
ESM-2_650M,28,18,1.0359021238955022,0.98867753382161,1.047765412339604,6.614453465459583e-35,1347,6735
ESM-2_650M,28,19,1.65550425669708,0.8789479533206248,1.8835065835726237,1.552968441368507e-143,1347,6735
ESM-2_650M,29,0,1.3057289580636848,0.9236488083799238,1.4136638798397065,6.254133348289782e-71,1347,6735
ESM-2_650M,29,1,0.46975755659447127,0.5489147544913852,0.8557932770995388,1.0,1347,6735
ESM-2_650M,29,2,1.187292379145279,0.9519332760382159,1.2472432774769546,1.7216204660948184e-34,1347,6735
ESM-2_650M,29,3,1.2443938905230787,0.9366275832776061,1.328589839483997,1.0916003307829601e-72,1347,6735
ESM-2_650M,29,4,1.0892140499821572,0.9840915919323718,1.10682182320384,1.9670087160442002e-14,1347,6735
ESM-2_650M,29,5,1.108934091654369,0.962341167422118,1.1523294744055672,4.398724538646901e-25,1347,6735
ESM-2_650M,29,6,1.644648857461738,0.8163993322730905,2.0145151918272184,3.610548598102933e-161,1347,6735
ESM-2_650M,29,7,1.1635924693758433,0.9314428377689126,1.2492365845691609,0.5597654538403267,1347,6735
ESM-2_650M,29,8,1.8538395289826721,0.7927930656347615,2.338364964757062,4.448519676109503e-192,1347,6735
ESM-2_650M,29,9,1.212697760166729,0.9470097645862773,1.2805546526719538,7.870708369015783e-39,1347,6735
ESM-2_650M,29,10,1.2334338391300652,0.9558877279803588,1.2903542989678483,1.9274302924716947e-50,1347,6735
ESM-2_650M,29,11,1.0898913936143286,0.9806252522763271,1.1114249720618166,8.194770004109907e-17,1347,6735
ESM-2_650M,29,12,1.3911879773085083,0.8306041786913174,1.6749108817396452,1.2127245019518364e-159,1347,6735
ESM-2_650M,29,13,1.1099610045032318,0.9428130156478797,1.177286467285872,1.1894838906281344e-27,1347,6735
ESM-2_650M,29,14,1.049937074018038,0.9420202799578375,1.1145588862110596,0.0343834454413959,1347,6735
ESM-2_650M,29,15,1.0013194196396344,0.9429528497986401,1.0618976546424967,0.08219128246523127,1347,6735
ESM-2_650M,29,16,1.1133118377916886,0.9573497521637786,1.1629102480837419,6.822742186874912e-19,1347,6735
ESM-2_650M,29,17,1.1068020896528417,0.9692254327475449,1.1419449513569786,1.828009225475779e-05,1347,6735
ESM-2_650M,29,18,1.1500869572118377,0.7664937845460998,1.5004517719512795,1.555317788147684e-135,1347,6735
ESM-2_650M,29,19,1.156867166100251,0.9571224832510452,1.2086929168884797,1.2660604390952574e-39,1347,6735
ESM-2_650M,30,0,1.3638198901169727,0.9150805123410317,1.4903823999354333,1.054523921267521e-87,1347,6735
ESM-2_650M,30,1,1.3872143979769949,0.916433787202074,1.5137093561469854,8.389468742837054e-89,1347,6735
ESM-2_650M,30,2,1.2175989299072278,0.9294461594503193,1.3100263178529072,1.3641963404370973e-62,1347,6735
ESM-2_650M,30,3,1.3783622439273127,0.9311773573900916,1.480235996921782,1.1164407553081404e-96,1347,6735
ESM-2_650M,30,4,0.789698700441992,0.9953507657969715,0.7933873440180507,1.0,1347,6735
ESM-2_650M,30,5,1.221369245701484,0.9561804462276792,1.2773417930893975,9.173425800820282e-14,1347,6735
ESM-2_650M,30,6,1.1869696749632856,0.9415587907379083,1.260643187275695,6.169903049571309e-88,1347,6735
ESM-2_650M,30,7,1.0035975894378395,1.0070436046500957,0.9965780873873346,0.9997304092904218,1347,6735
ESM-2_650M,30,8,1.5126789286843298,0.8543642231382833,1.7705316862729807,6.595334027382209e-167,1347,6735
ESM-2_650M,30,9,1.3118699340187097,0.9056517112079203,1.4485369130137153,1.1098492499070474e-61,1347,6735
ESM-2_650M,30,10,1.2128984374122083,0.9525333680870716,1.2733395784842854,1.4955154976291447e-31,1347,6735
ESM-2_650M,30,11,1.1748441223666326,0.9650082096070295,1.2174446918384791,7.737978179937443e-37,1347,6735
ESM-2_650M,30,12,1.0685693509904384,0.9715044342883004,1.099911964656389,5.861661322724488e-05,1347,6735
ESM-2_650M,30,13,1.1460061681352463,0.9058555670508475,1.265109151855462,3.043515840122982e-46,1347,6735
ESM-2_650M,30,14,1.1454854726835633,0.964810173044226,1.187265127055263,1.2747677373924786e-49,1347,6735
ESM-2_650M,30,15,1.0469828195919704,0.9970106978729953,1.0501219513748294,1.3964199416140783e-09,1347,6735
ESM-2_650M,30,16,1.4045542242598692,0.8961173320378564,1.5673775900146678,3.1139266421713795e-115,1347,6735
ESM-2_650M,30,17,1.0297840301904333,0.9783453719232732,1.0525771979337315,2.9528094837730853e-07,1347,6735
ESM-2_650M,30,18,0.9619457597367924,0.9470124889013054,1.0157688214363594,0.981144269900682,1347,6735
ESM-2_650M,30,19,1.0809697377610932,0.9773548282245927,1.1060156521912532,2.248536300743219e-09,1347,6735
ESM-2_650M,31,0,1.4063413347481972,0.9035839825791169,1.5564035683036905,2.436661243854008e-50,1347,6735
ESM-2_650M,31,1,0.9438098384857001,0.9992060783224452,0.9445597449429559,0.9999999999999606,1347,6735
ESM-2_650M,31,2,1.100670910381616,0.9507413495843642,1.1576975282107973,4.774096783175027e-09,1347,6735
ESM-2_650M,31,3,0.99389929612013,0.9911875630036804,1.0027358425566115,2.669955104805498e-10,1347,6735
ESM-2_650M,31,4,1.2323600124531795,0.8944869033610635,1.377728402531716,1.1788630407184123e-73,1347,6735
ESM-2_650M,31,5,1.065798202053863,0.9845446886540389,1.082529025179045,4.554401804228603e-27,1347,6735
ESM-2_650M,31,6,1.1880913692641983,0.9738640646443999,1.2199765987853983,8.36282663947245e-29,1347,6735
ESM-2_650M,31,7,0.9120642021547314,0.9974676785911776,0.9143797054586571,0.9999998241449098,1347,6735
ESM-2_650M,31,8,1.1101183369811056,0.9550521202523706,1.162364140595551,1.892734773427488e-35,1347,6735
ESM-2_650M,31,9,1.1329005497446216,0.9662641531944761,1.1724542879907573,1.6185835642463585e-15,1347,6735
ESM-2_650M,31,10,1.4869310587157827,0.8938899110004295,1.6634386857008259,7.569846345646483e-123,1347,6735
ESM-2_650M,31,11,1.0220052182187658,0.9801977995686294,1.0426520225494642,4.292481830984613e-09,1347,6735
ESM-2_650M,31,12,1.1938571434996263,0.9497483084444303,1.2570247642293946,1.4079487388245736e-60,1347,6735
ESM-2_650M,31,13,1.000746067411473,0.9972268456011685,1.0035290082951818,6.862287084398278e-05,1347,6735
ESM-2_650M,31,14,1.0313586811434807,0.9855237359923615,1.0465082102816796,0.005741872680421384,1347,6735
ESM-2_650M,31,15,1.1209430554418451,0.9813035630724035,1.142299995255534,7.0320636325797654e-06,1347,6735
ESM-2_650M,31,16,1.1990338889432555,0.9470981058504906,1.2660081163044112,4.5666080140977915e-59,1347,6735
ESM-2_650M,31,17,0.9074391524550113,0.7911955106364592,1.146921513400705,1.0427751212823313e-20,1347,6735
ESM-2_650M,31,18,1.224203750325205,0.9427958427775588,1.2984823381471369,1.4668620946877377e-42,1347,6735
ESM-2_650M,31,19,1.0923254858887719,0.9855294967691104,1.1083640717703263,0.9999999999211953,1347,6735
ESM-2_650M,32,0,0.9676536903968986,0.9104632973328023,1.0628146057415333,0.9999434434033297,1347,6735
ESM-2_650M,32,1,0.9980966792605768,0.9964724979393113,1.001629930905895,0.9802442852769344,1347,6735
ESM-2_650M,32,2,1.2236945268372386,0.8265018534886014,1.4805708198621905,1.1602342798751013e-79,1347,6735
ESM-2_650M,32,3,1.2428461582895642,0.9113508306703659,1.363740632545821,0.06839084000760808,1347,6735
ESM-2_650M,32,4,1.4342531355259678,0.9005681415979696,1.592609231080534,8.182370342217366e-22,1347,6735
ESM-2_650M,32,5,0.5996307189940698,0.9786862518635607,0.612689427129773,1.0,1347,6735
ESM-2_650M,32,6,0.8801071140597109,0.9961131681699884,0.8835412904706417,1.0,1347,6735
ESM-2_650M,32,7,1.5760838191322954,0.8458244097679742,1.8633699866437352,5.2906688506213355e-133,1347,6735
ESM-2_650M,32,8,0.6557518475272077,0.9417016706204715,0.6963477585158618,1.0,1347,6735
ESM-2_650M,32,9,0.9592955427350782,0.9982687098566656,0.960959241998897,0.9999999221279506,1347,6735
ESM-2_650M,32,10,1.1766317032537552,0.9291766798465272,1.2663164377393763,1.941893944390798e-68,1347,6735
ESM-2_650M,32,11,0.8189668565789416,1.0370536562218522,0.7897053847363745,1.0,1347,6735
ESM-2_650M,32,12,0.8454305112207033,1.0270231326575976,0.8231854612982354,1.0,1347,6735
ESM-2_650M,32,13,0.9925702471886197,0.8599857158787444,1.1541706203508262,1.1477752553830182e-23,1347,6735
ESM-2_650M,32,14,1.3272201227163862,0.9131537958703044,1.4534464278839747,2.166448798499658e-30,1347,6735
ESM-2_650M,32,15,1.0319274818357398,0.9808108962646395,1.0521166575185643,9.864615468773146e-05,1347,6735
ESM-2_650M,32,16,1.0692121605122629,0.9853835246876247,1.0850720899268258,9.497104853702865e-13,1347,6735
ESM-2_650M,32,17,1.2523324392796802,0.940965753091249,1.3309011886623219,6.187959589401366e-74,1347,6735
ESM-2_650M,32,18,0.9750744938496404,1.0010162515713714,0.9740845788657194,0.8829842670992121,1347,6735
ESM-2_650M,32,19,2.661226862050045,0.7304207064864054,3.6434165110837746,6.173080947433937e-242,1347,6735
SaProt,0,0,0.9883972370544892,0.9798796931902568,1.008692438391596,0.0003503648961687519,1347,6735
SaProt,0,1,1.0051104980392993,0.998271808999507,1.0068505280607356,0.5090884164453992,1347,6735
SaProt,0,2,0.9830110091674567,0.9947478544074868,0.9882011856692859,0.9946011505925462,1347,6735
SaProt,0,3,1.0781152809914076,0.9861753195413591,1.0932288200974316,1.0215089762198973e-20,1347,6735
SaProt,0,4,1.0999607162822505,0.9688093070021009,1.1353738122995398,3.2553899507195446e-80,1347,6735
SaProt,0,5,1.0404461920482633,0.9751382777623627,1.0669729778588548,2.3507501362619966e-15,1347,6735
SaProt,0,6,1.153922619891326,0.9763611083926319,1.1818604919556974,1.2310352043716258e-49,1347,6735
SaProt,0,7,1.0089470171760255,0.9960252734848368,1.0129733090466457,0.8168564396627465,1347,6735
SaProt,0,8,1.0617241172455998,0.986170923913419,1.076612675855787,4.451802818870289e-32,1347,6735
SaProt,0,9,1.0024795677587557,1.0046805765819975,0.9978092451725007,0.6833927934228754,1347,6735
SaProt,0,10,1.0583561441592138,0.9680879513267774,1.093243793302791,9.201916753711472e-27,1347,6735
SaProt,0,11,0.9808628293170518,0.9977060426405473,0.9831180602265193,0.9999560438033503,1347,6735
SaProt,0,12,1.017306249231963,0.9889147357137095,1.0287097688940423,0.0007220150207859404,1347,6735
SaProt,0,13,1.0235938159022937,0.9885403123933825,1.0354598624552216,1.4455402699266497e-09,1347,6735
SaProt,0,14,0.9941149231187485,0.9972348995844169,0.9968713725653118,0.8609852588650637,1347,6735
SaProt,0,15,1.0685219306059033,0.9809184373000328,1.0893076223003801,4.24439485207539e-27,1347,6735
SaProt,0,16,0.9950484878369057,0.9938132456168477,1.0012429319346527,0.024386777796334948,1347,6735
SaProt,0,17,0.9955003741456565,0.99089133702744,1.004651405200537,0.16561965261554445,1347,6735
SaProt,0,18,1.0377389046113936,0.9880687413254577,1.0502699470274763,4.879529032275916e-07,1347,6735
SaProt,0,19,1.0178734453058986,0.991236950630777,1.0268719751197446,0.00018731405850706112,1347,6735
SaProt,1,0,1.0367012707808323,0.9845887149960002,1.0529282481010802,9.175606386169559e-24,1347,6735
SaProt,1,1,1.0942851675158531,0.9830771230753033,1.1131224009085514,4.96457237952107e-11,1347,6735
SaProt,1,2,1.2010834284773915,0.9501421064735787,1.2641092530202385,6.7545602717106585e-105,1347,6735
SaProt,1,3,1.0337692671514211,0.9857014976115517,1.0487650365311834,4.229093314630917e-35,1347,6735
SaProt,1,4,1.1864394867639234,0.9597813389869027,1.2361560269720078,7.931319230017951e-20,1347,6735
SaProt,1,5,1.1748181681059517,0.9556295407398064,1.2293656882942936,1.103839630916028e-45,1347,6735
SaProt,1,6,1.0321052584965846,0.9392581550209453,1.0988515276437167,0.002591826564065046,1347,6735
SaProt,1,7,1.035102361803508,0.9903679216082838,1.0451695165192536,5.688211934107106e-31,1347,6735
SaProt,1,8,0.9371310913991999,0.9979320047914141,0.9390730900499351,0.9999941180781422,1347,6735
SaProt,1,9,0.9981325123384429,0.9942037624213637,1.0039516546462375,0.0024271544492852812,1347,6735
SaProt,1,10,1.1123776146402249,0.9783423970873124,1.1370023602697354,1.1718124443379272e-06,1347,6735
SaProt,1,11,1.00362914256923,0.9902957553321906,1.013464045630052,1.3684873860419365e-12,1347,6735
SaProt,1,12,0.9517174053829337,0.9927705623436257,0.9586478905420219,0.9999992746030021,1347,6735
SaProt,1,13,1.0325593546353717,0.9824176533339903,1.0510390882444116,2.112096806634447e-20,1347,6735
SaProt,1,14,1.0067374693435833,0.9997027714383452,1.007036789440042,0.2762917547972359,1347,6735
SaProt,1,15,0.999727763694662,0.9975093700696936,1.00222393261811,0.8791086125849121,1347,6735
SaProt,1,16,0.9783857318212478,0.9917311830251148,0.986543277621705,0.9992242560177571,1347,6735
SaProt,1,17,1.0813310290144034,0.976154396876018,1.1077458980618042,2.140372059347501e-46,1347,6735
SaProt,1,18,1.061009023479603,0.9945218289510224,1.0668534290481169,0.0004370702726931168,1347,6735
SaProt,1,19,0.9226817120400375,1.002914536952884,0.9200003370610074,0.9999999993001311,1347,6735
SaProt,2,0,1.0560186922594452,0.9873451049184481,1.0695537831695325,1.1120584516959289e-11,1347,6735
SaProt,2,1,1.113270107548858,0.9526919833934121,1.1685519842241976,7.7193991131810975e-16,1347,6735
SaProt,2,2,1.0109969616688528,1.0023726785457303,1.0086038689079544,0.8368007677215044,1347,6735
SaProt,2,3,1.11041518627668,0.9712160957240138,1.1433245301076866,5.8889243842575315e-19,1347,6735
SaProt,2,4,1.1554996110443594,0.9794160874467827,1.1797841855514186,0.0031570309027235703,1347,6735
SaProt,2,5,1.0586080741643376,0.9790983737023919,1.0812070600845605,4.781901975856067e-17,1347,6735
SaProt,2,6,1.5007078290295406,0.919795829318768,1.6315662467626275,2.7011677442997055e-152,1347,6735
SaProt,2,7,1.2999804720846742,0.9406238718681541,1.3820406976306152,1.191397237573502e-38,1347,6735
SaProt,2,8,1.0228236746416326,0.9846426237001186,1.0387765571208325,1.6381342957348143e-10,1347,6735
SaProt,2,9,1.020626515304945,0.9885590366681771,1.0324386075563554,8.133802539589908e-08,1347,6735
SaProt,2,10,1.0908367383807522,0.9771881082452663,1.1163016917383128,1.8099835974532602e-112,1347,6735
SaProt,2,11,1.150997070245771,0.9673795761857196,1.1898091489423797,4.283142016560339e-28,1347,6735
SaProt,2,12,1.050401285014156,0.9809742163487868,1.0707735917094525,4.953435397626894e-16,1347,6735
SaProt,2,13,1.1818556392754815,0.9748634479536157,1.2123294208602995,8.731121300395544e-36,1347,6735
SaProt,2,14,1.3150596265316719,0.9513566308846364,1.3822993227143847,1.2877667281205163e-47,1347,6735
SaProt,2,15,1.1275588731767516,0.9881259311657087,1.1411084737413495,3.206900367139291e-12,1347,6735
SaProt,2,16,1.0042104821959157,0.9907235755797396,1.0136131883288273,0.13417960065582746,1347,6735
SaProt,2,17,1.1655247413899692,0.9759056815237316,1.1943006004127117,4.519581368747006e-47,1347,6735
SaProt,2,18,1.0266078953266853,0.989066730235007,1.037956149917972,0.09333493527288594,1347,6735
SaProt,2,19,1.0460879949945472,0.9947237664602736,1.0516366756944526,0.024171569945257827,1347,6735
SaProt,3,0,1.0777376968283607,0.9700579437885625,1.111003423794722,6.591623424264373e-08,1347,6735
SaProt,3,1,1.0479148845585877,0.9821229890663711,1.0669894669248705,1.8500464448699644e-20,1347,6735
SaProt,3,2,1.1127420257066212,0.9592442398435909,1.1600195023199293,0.03017832807657759,1347,6735
SaProt,3,3,1.7305593181929724,0.8927272596045963,1.9385084297296642,2.522287905633167e-53,1347,6735
SaProt,3,4,1.2850249132228588,0.887841004420849,1.44735927584365,3.6721010098360096e-101,1347,6735
SaProt,3,5,1.0954222035965568,0.9748494676487837,1.1236834403147182,2.1708908023853167e-29,1347,6735
SaProt,3,6,1.036019237243253,0.9566165804475789,1.0830036384676958,7.937490235160812e-05,1347,6735
SaProt,3,7,1.1013201474258434,0.9767549023419375,1.1275296850676042,1.1696919016432467e-71,1347,6735
SaProt,3,8,1.1653375560231092,0.9682183377372838,1.203589635315616,2.939296891365304e-13,1347,6735
SaProt,3,9,1.174998321065039,0.9675061663677715,1.2144608085302837,1.0820879154636482e-29,1347,6735
SaProt,3,10,1.2337423243961603,0.9448280970631658,1.3057849657848175,4.493667828959473e-74,1347,6735
SaProt,3,11,1.4403249521828971,0.9288867589559215,1.5505926188482195,2.6788482596717356e-109,1347,6735
SaProt,3,12,1.2188111815294604,0.9333973345784409,1.3057795821539642,5.703392806554674e-24,1347,6735
SaProt,3,13,1.301827488316371,0.9261235891002678,1.405673609481323,4.899376761577765e-89,1347,6735
SaProt,3,14,1.0775298531310329,0.9814605443320101,1.0978840253475581,5.746165515011758e-28,1347,6735
SaProt,3,15,0.6239215456109712,1.0534438159999886,0.5922684590622515,1.0,1347,6735
SaProt,3,16,1.7149725938803546,0.9279383884511927,1.8481535145267438,1.0830212172545839e-35,1347,6735
SaProt,3,17,1.073509906054251,0.9751876818930209,1.1008238988113226,8.352406088854069e-48,1347,6735
SaProt,3,18,1.3115420797044646,0.9740915743173629,1.3464258538768132,0.028696222992220636,1347,6735
SaProt,3,19,1.0150381627574885,0.9920436399573296,1.0231789428146003,5.818687854897978e-06,1347,6735
SaProt,4,0,0.9150237998224756,0.9936054503422095,0.920912621309928,0.9999999999999997,1347,6735
SaProt,4,1,1.0385872471770625,0.9711148333797299,1.0694793359941905,0.003336901295260003,1347,6735
SaProt,4,2,1.095007977677259,0.9754204450776689,1.1226010108800495,2.7363006506097722e-33,1347,6735
SaProt,4,3,1.1967528404663825,0.9649125355389176,1.2402707980138103,4.691546777581622e-53,1347,6735
SaProt,4,4,1.2033866717858321,0.9730611151536482,1.236702045786523,1.6884101299022972e-27,1347,6735
SaProt,4,5,1.027575515614409,0.9843077941888247,1.0439575117468634,0.00015017981707296047,1347,6735
SaProt,4,6,1.2501067962350896,0.9482336033116293,1.318353190468248,2.6468269460774643e-36,1347,6735
SaProt,4,7,1.119560149747881,0.9891409135143582,1.1318510178394616,1.083617977994472e-24,1347,6735
SaProt,4,8,1.2863018667821806,0.9565054101021802,1.344793090762309,3.876196806895221e-33,1347,6735
SaProt,4,9,1.065092872582105,0.9825086219716089,1.0840544792826077,3.918885297497223e-53,1347,6735
SaProt,4,10,1.1233209964515725,0.961591522137855,1.1681893720882157,2.4010773053538763e-78,1347,6735
SaProt,4,11,1.349880207377004,0.9290908856398987,1.452904369465741,2.151899798793515e-70,1347,6735
SaProt,4,12,1.346280278910419,0.95127235361843,1.415241674783742,2.2822061257854676e-68,1347,6735
SaProt,4,13,1.0917979950318977,0.9702260813362614,1.1253026650532822,1.1149095246429091e-28,1347,6735
SaProt,4,14,1.4743168887024733,0.9033908956256193,1.6319811233889783,1.0509227044357195e-166,1347,6735
SaProt,4,15,1.0733720602795382,0.9841443644976209,1.0906652509537722,1.1486316959017579e-19,1347,6735
SaProt,4,16,1.1520048926827107,0.9470356683909849,1.2164324229096555,1.2081386762682167e-25,1347,6735
SaProt,4,17,1.7959244545955702,0.8588015498500802,2.0911984321745605,2.376355071355297e-99,1347,6735
SaProt,4,18,1.2148067039654002,0.9297680728264711,1.3065696053343916,5.6614087659621185e-55,1347,6735
SaProt,4,19,1.0413315976958144,0.984656977303929,1.0575577299488246,1.3806090375933574e-21,1347,6735
SaProt,5,0,1.1330338712303216,0.9598591748992867,1.1804167745223721,3.1381165796077046e-15,1347,6735
SaProt,5,1,1.1396614439901636,0.9748842811531373,1.1690222788720321,9.792668391428227e-67,1347,6735
SaProt,5,2,1.2858534398659478,0.9474121512863135,1.3572270928973502,2.2809434373980814e-106,1347,6735
SaProt,5,3,0.9540015111477532,0.9844844679458105,0.9690366300428671,0.7357697996940377,1347,6735
SaProt,5,4,1.030891420243622,0.9316558090575819,1.1065153141549366,7.306215771298286e-16,1347,6735
SaProt,5,5,1.0382093756218354,0.9835580590296518,1.055564911588545,2.823079111042402e-15,1347,6735
SaProt,5,6,1.0398636795608043,0.9821972734789186,1.0587116332319195,1.0200810931189837e-24,1347,6735
SaProt,5,7,1.142930484174266,0.9563824354794703,1.1950559125453535,1.0282348278406995e-42,1347,6735
SaProt,5,8,1.1244362508622292,0.9636786473509817,1.1668166083716265,4.704763307181131e-40,1347,6735
SaProt,5,9,1.1214810835934605,0.981515565222515,1.142601425112616,2.653945590326656e-09,1347,6735
SaProt,5,10,1.2370009459140305,0.9034315773754007,1.3692248277481036,3.1370458738439696e-91,1347,6735
SaProt,5,11,1.054951221149058,0.9765906099332379,1.080238956241016,3.8379386691369445e-23,1347,6735
SaProt,5,12,2.029048891927502,0.7950498090770701,2.5521028604269635,1.0292713562572173e-176,1347,6735
SaProt,5,13,1.263235373316027,0.9108717194522586,1.3868422373192768,1.2822781264148522e-47,1347,6735
SaProt,5,14,1.393756578719961,0.9027774011051115,1.5438540851973368,1.2883611421925735e-118,1347,6735
SaProt,5,15,1.062063200126866,0.9788910954283535,1.0849656362050337,3.025770994480571e-19,1347,6735
SaProt,5,16,1.0367630441142792,0.9875802203603559,1.0498013454906754,1.1821007055408872e-18,1347,6735
SaProt,5,17,1.2417290322786805,0.9268714180944934,1.339699345602313,3.500241516668583e-57,1347,6735
SaProt,5,18,1.2060351016770139,0.9498306062877311,1.2697370391028135,2.3579892757807135e-65,1347,6735
SaProt,5,19,1.4108807663720186,0.9048481305661517,1.5592459316783347,6.981669459147494e-119,1347,6735
SaProt,6,0,1.005207189572415,0.9922574808653762,1.0130507544228793,0.9667494107787348,1347,6735
SaProt,6,1,1.3887444190078075,0.8829198071933625,1.5728998349491867,1.7047878811939712e-139,1347,6735
SaProt,6,2,1.0610863160848087,0.9779631385027964,1.084996227679163,8.323893326421758e-20,1347,6735
SaProt,6,3,1.0530195101022544,0.9844307461644246,1.0696735287932317,2.65824583386843e-10,1347,6735
SaProt,6,4,1.1720078791634807,0.9082250748750628,1.2904377027078937,1.8523886488005605e-25,1347,6735
SaProt,6,5,1.1035092064160812,0.9715895709433021,1.1357771217580075,2.051571000637252e-36,1347,6735
SaProt,6,6,1.7083087259738996,0.8275460066247535,2.0643066515920285,2.5204988846375604e-136,1347,6735
SaProt,6,7,1.0593293569401272,0.9697140247293464,1.0924141859614673,2.7738961001723054e-34,1347,6735
SaProt,6,8,1.0370818122989085,0.9800952096138518,1.0581439457371788,2.5147000419065545e-19,1347,6735
SaProt,6,9,1.2519775636787316,0.9526315937240476,1.3142305713213587,7.616580963738793e-52,1347,6735
SaProt,6,10,1.3232667463393943,0.904974036397718,1.4622151499580094,1.9086688691420287e-70,1347,6735
SaProt,6,11,1.115184084808906,0.9659726928916789,1.154467505153336,5.885488354419685e-16,1347,6735
SaProt,6,12,1.1111426343498358,0.9762877591114709,1.138130253073231,3.471364352120162e-32,1347,6735
SaProt,6,13,1.2760166765343461,0.8885772646314228,1.4360221978711454,1.388977837733077e-55,1347,6735
SaProt,6,14,1.113922736858472,0.9620964281277561,1.157807787548043,2.516585820673545e-07,1347,6735
SaProt,6,15,1.2944295819193323,0.922943156193209,1.4025019560883514,1.242832483674128e-58,1347,6735
SaProt,6,16,0.6577241001920339,1.0039398371531685,0.6551429436818799,1.0,1347,6735
SaProt,6,17,1.0354828525669237,0.9872001325610663,1.0489087454644064,0.00046963465316967977,1347,6735
SaProt,6,18,1.282057362768326,0.9161671430364793,1.399370597944788,2.6912072948808098e-70,1347,6735
SaProt,6,19,1.0983402031434406,0.970789344859902,1.1313888115469026,1.8202691233566215e-26,1347,6735
SaProt,7,0,1.2469567561822197,0.9095663067780341,1.370935518268401,1.619570425353924e-61,1347,6735
SaProt,7,1,1.2347637118900274,0.9252774676594278,1.334479391369459,2.7429022047151833e-97,1347,6735
SaProt,7,2,1.0809046222310466,0.9816253907121193,1.1011375953171965,2.352906862785835e-53,1347,6735
SaProt,7,3,1.2649301025455053,0.936103754250005,1.3512712632575135,4.426752483339297e-65,1347,6735
SaProt,7,4,1.1152810338433796,0.9101435285423894,1.2253902806181804,3.065121900948407e-38,1347,6735
SaProt,7,5,1.066845622696342,0.9804581310453464,1.088109312285361,6.153628927575093e-35,1347,6735
SaProt,7,6,1.0956172306358858,0.9769700446036805,1.121444036782454,3.880542143813132e-62,1347,6735
SaProt,7,7,1.2287042528590009,0.9192548901041792,1.3366306408440773,2.444040731655462e-61,1347,6735
SaProt,7,8,1.5773564968050722,0.8387414604137806,1.8806230182384294,4.8732829431086215e-169,1347,6735
SaProt,7,9,0.9738964498175811,0.9852746148373166,0.9884517830375501,0.9989344473144857,1347,6735
SaProt,7,10,1.3951301151788402,0.8793349208040598,1.5865742189598697,9.992673446431667e-103,1347,6735
SaProt,7,11,1.080525765064122,0.9657392647988546,1.1188586862409238,1.4911775166996177e-37,1347,6735
SaProt,7,12,0.9767070427570151,0.8866810343750291,1.101531446926053,4.564536353745709e-12,1347,6735
SaProt,7,13,1.1699416599586971,0.9038691725413182,1.2943705743047853,5.4948906854818104e-43,1347,6735
SaProt,7,14,1.2561904412556686,0.8842505573518381,1.420627254132267,8.058382806190662e-108,1347,6735
SaProt,7,15,0.9549065807830119,0.7566371782856379,1.2620402594366376,6.266504017369373e-52,1347,6735
SaProt,7,16,0.8023003757707968,0.8940101524348957,0.8974175221452226,0.9999999999999759,1347,6735
SaProt,7,17,1.0309341424424823,0.9778773100400909,1.0542571464309936,1.5824787153363636e-08,1347,6735
SaProt,7,18,1.1964373337664955,0.8581219272208196,1.3942509750815604,1.0699401546823603e-73,1347,6735
SaProt,7,19,1.2290994211223802,0.9052537262063604,1.3577402506512262,4.707233425050314e-77,1347,6735
SaProt,8,0,1.0894956050223568,0.9727830132423902,1.1199780322961757,1.0480575332857894e-51,1347,6735
SaProt,8,1,1.0430467970165926,0.981602877281114,1.0625954967712286,1.6251092797008366e-05,1347,6735
SaProt,8,2,1.4369399282519872,0.8986989244807625,1.5989113696583113,4.8663101068240585e-129,1347,6735
SaProt,8,3,1.1453827825646623,0.9648044714639163,1.1871657070854482,1.562845768965674e-44,1347,6735
SaProt,8,4,1.1226594904748795,0.9541950445442441,1.17655137374047,4.3221335015298616e-34,1347,6735
SaProt,8,5,1.2022550485712913,0.9704004078373346,1.2389267758560358,5.9427266088612046e-40,1347,6735
SaProt,8,6,1.2470018478593032,0.9307925211361097,1.339720527983222,4.107955381692404e-31,1347,6735
SaProt,8,7,0.9744287283777218,0.8195494559444847,1.188980995972656,2.2075679350689268e-30,1347,6735
SaProt,8,8,1.0913162348265106,0.9766007889761869,1.117464011032169,2.8310856241093075e-21,1347,6735
SaProt,8,9,1.201820354994439,0.921026022496627,1.3048712258277593,4.272238257054783e-33,1347,6735
SaProt,8,10,1.138473636024779,0.9558134217183061,1.1911044667881905,2.2932517693220374e-29,1347,6735
SaProt,8,11,1.2551514986783554,0.9369382716831491,1.3396309411329272,4.776971836060236e-59,1347,6735
SaProt,8,12,1.4381435083055283,0.8830556518173519,1.628598951091917,4.415012182469061e-111,1347,6735
SaProt,8,13,1.245481035204047,0.9477157493476612,1.3141926110876028,4.431246946099052e-74,1347,6735
SaProt,8,14,1.0091100982829386,0.9856823904720518,1.0237680088813061,0.009538886320621165,1347,6735
SaProt,8,15,1.004453206878728,0.9867865011394688,1.0179032705847304,0.008868640241207714,1347,6735
SaProt,8,16,1.2562125130945785,0.8901196435647004,1.4112850133986148,2.110708385032181e-85,1347,6735
SaProt,8,17,1.2318132394494705,0.9151063817934186,1.3460874756827421,2.1545517689658988e-85,1347,6735
SaProt,8,18,1.2215399156699998,0.9230721711315928,1.3233417211273044,1.626065585515872e-69,1347,6735
SaProt,8,19,0.46118858181985556,0.5647851513239605,0.8165734894742621,1.0,1347,6735
SaProt,9,0,1.008216165266129,0.9899713545661549,1.0184296349746096,0.0026736950947585463,1347,6735
SaProt,9,1,1.044220059092344,0.9538296825204766,1.0947657409161482,4.360378911067949e-15,1347,6735
SaProt,9,2,1.6451897942851716,0.845966972852625,1.9447447088123833,6.336589707836256e-112,1347,6735
SaProt,9,3,0.9794360222135904,0.9872938802154664,0.992041014170815,0.8613066242891645,1347,6735
SaProt,9,4,1.0612065585436605,0.9574371996019713,1.1083824181730442,6.001453213591706e-18,1347,6735
SaProt,9,5,1.0444024851477933,0.9609389277978482,1.0868562558301347,8.438134103124514e-13,1347,6735
SaProt,9,6,1.0128664096019493,0.9889198781254562,1.0242148347972182,0.13316166046947686,1347,6735
SaProt,9,7,1.0303079758251519,0.9920021033189699,1.0386147089588025,8.545949417421694e-12,1347,6735
SaProt,9,8,1.0016746274524029,0.8368598835964555,1.1969442520624196,9.92438927040177e-34,1347,6735
SaProt,9,9,1.3135001048744388,0.8835722289708428,1.486579208588711,8.101059719432041e-76,1347,6735
SaProt,9,10,1.2806177481776622,0.8913033555183661,1.4367922439076624,3.347395796424199e-107,1347,6735
SaProt,9,11,1.1535971810862853,0.9658699012324823,1.1943608343258825,3.807786197593785e-39,1347,6735
SaProt,9,12,1.0596791514221084,0.9828168789103195,1.0782060973525491,3.099157689725786e-16,1347,6735
SaProt,9,13,1.2904260039064028,0.9376321644188301,1.3762603853359103,8.695143514772477e-96,1347,6735
SaProt,9,14,1.4190375355985665,0.8950193280809087,1.5854825600708002,7.02776120399979e-145,1347,6735
SaProt,9,15,1.1585985221018504,0.9621849151965681,1.2041329102162823,1.8442073533434486e-61,1347,6735
SaProt,9,16,1.163615831996037,0.9077162148161295,1.2819158818615393,1.0915579036281275e-69,1347,6735
SaProt,9,17,1.2373833973582975,0.9337954619591026,1.3251118127756452,4.9730272796205056e-55,1347,6735
SaProt,9,18,1.194422482293716,0.9192700819453223,1.2993161702446872,8.196001919315909e-50,1347,6735
SaProt,9,19,1.1778815509758354,0.9693630298244219,1.2151088031376458,9.855962157838622e-19,1347,6735
SaProt,10,0,1.0493098095380207,0.9641086242987921,1.0883730142972183,7.560294781514841e-11,1347,6735
SaProt,10,1,1.671846382613083,0.8391750979286349,1.992249754240515,2.694162469520094e-183,1347,6735
SaProt,10,2,1.1510753269295562,0.8779768778435726,1.3110542611973444,1.7514710032631593e-48,1347,6735
SaProt,10,3,1.192897349286274,0.9421617868350184,1.2661279261744902,3.7531481665534276e-61,1347,6735
SaProt,10,4,1.054518826643272,0.9293918490321351,1.1346331773206786,2.0677256529144234e-26,1347,6735
SaProt,10,5,1.2199305146379478,0.929649820499006,1.312247351355512,7.7053310425409755e-59,1347,6735
SaProt,10,6,1.166649809714238,0.9268516203254439,1.25872338584745,2.4452290563799496e-46,1347,6735
SaProt,10,7,1.0522610061285491,0.976277181631163,1.0778301756171669,2.989650465902892e-13,1347,6735
SaProt,10,8,0.9749654898089485,0.9936555627769422,0.9811905919232605,0.9539780627587433,1347,6735
SaProt,10,9,1.397642181086912,0.8782520335574192,1.5913907713093107,2.121750408433547e-112,1347,6735
SaProt,10,10,0.9957116496069571,0.8157377132538874,1.2206272107184717,1.6027995430187795e-30,1347,6735
SaProt,10,11,0.9595591525679265,0.8083125069217498,1.1871140732711913,7.465495634650317e-33,1347,6735
SaProt,10,12,1.2828207242882685,0.8827326415509051,1.4532381197940456,7.786457622234466e-109,1347,6735
SaProt,10,13,1.0612494801935126,0.9760919469192281,1.087243351963984,5.8680813251061056e-27,1347,6735
SaProt,10,14,1.0772231188509407,0.9730193479698768,1.1070932156677833,3.051708690048948e-13,1347,6735
SaProt,10,15,0.9945591252100804,0.9785231771905863,1.016387908220564,0.37474537265427565,1347,6735
SaProt,10,16,1.3371976069945624,0.885174609983994,1.510659695739287,6.591373088901487e-69,1347,6735
SaProt,10,17,1.0889530018381304,0.9140273242148985,1.1913790463249923,5.01670398731372e-41,1347,6735
SaProt,10,18,1.0029051002908744,0.9239660543174592,1.0854350066266538,1.000577347065129e-11,1347,6735
SaProt,10,19,1.2166672763155404,0.9131857120711979,1.3323327995967167,5.5692644964215115e-62,1347,6735
SaProt,11,0,1.1799609835668237,0.9250611931306836,1.2755491121333098,2.4574734073797016e-72,1347,6735
SaProt,11,1,1.0794812607251898,0.945220976151974,1.1420411607027532,1.689329319582043e-24,1347,6735
SaProt,11,2,1.1318757059225437,0.9537948859251245,1.1867076691491079,4.392165951346562e-55,1347,6735
SaProt,11,3,1.4160450096695,0.8654828487831129,1.636132953599819,5.130896496057397e-152,1347,6735
SaProt,11,4,1.27451347325719,0.9029402281743293,1.411514775273831,1.736991460478336e-122,1347,6735
SaProt,11,5,1.4978739975356312,0.842088533429057,1.7787607099174707,3.170194755372727e-175,1347,6735
SaProt,11,6,0.9948132779302646,0.9044887578235171,1.0998625127459811,2.4110481399901444e-09,1347,6735
SaProt,11,7,1.447906192842907,0.8866510600404732,1.6330056525019143,1.740139126393794e-184,1347,6735
SaProt,11,8,0.9871512080619489,0.9339708882145468,1.05694001870772,6.604604484953299e-07,1347,6735
SaProt,11,9,1.0887546226570317,0.892015131624345,1.220556226074806,1.851590551443361e-32,1347,6735
SaProt,11,10,0.1390540528229736,0.2507595878381022,0.5545313502140186,1.0,1347,6735
SaProt,11,11,1.3236543681104713,0.9057547017434127,1.4613828286650656,9.637453740547334e-90,1347,6735
SaProt,11,12,1.1492771419579662,0.9540027162169383,1.2046895909430753,1.0463224153355244e-60,1347,6735
SaProt,11,13,1.4722169010437411,0.8238732938168664,1.7869457744202484,1.1063768516313401e-162,1347,6735
SaProt,11,14,0.8653304145768915,0.9972817076418519,0.8676890470828256,1.0,1347,6735
SaProt,11,15,0.5878785225163811,0.6329437922888229,0.9288005185903178,0.9999051432399128,1347,6735
SaProt,11,16,1.008600619981797,0.8266886601336549,1.2200489357368607,3.020129953600587e-44,1347,6735
SaProt,11,17,1.3746207511770168,0.8657429976027898,1.587793092157015,3.584369405902551e-145,1347,6735
SaProt,11,18,0.8522353648431406,0.8741040397703692,0.9749816109613523,0.994839158660875,1347,6735
SaProt,11,19,1.0365349672950457,0.9824883148195838,1.0550099697474637,1.6871754404651154e-18,1347,6735
SaProt,12,0,1.3968854785717764,0.8702536666844629,1.6051474783136535,3.4531741112419334e-156,1347,6735
SaProt,12,1,1.6590527436781035,0.820236100992098,2.022652674847442,7.221679993054177e-164,1347,6735
SaProt,12,2,1.6773955142090917,0.8513184368632507,1.970350272677738,7.060413612411508e-222,1347,6735
SaProt,12,3,0.6820575443456681,0.6661700376346099,1.0238490262448166,0.04181812857044958,1347,6735
SaProt,12,4,1.1488371555373327,0.9563494083057444,1.2012734525267255,5.817301989663622e-56,1347,6735
SaProt,12,5,1.5546779877602301,0.8727174928886146,1.7814218237042427,1.3984560156156312e-132,1347,6735
SaProt,12,6,1.0912892541888917,0.9629438837302908,1.1332843716306826,4.924745961822639e-28,1347,6735
SaProt,12,7,1.0704527988023198,0.9222667085588996,1.1606759615935507,2.801337876719921e-22,1347,6735
SaProt,12,8,1.4987638174115772,0.8706032722391902,1.7215232990760063,7.051708521538255e-123,1347,6735
SaProt,12,9,0.14509318092300016,0.3505745084279403,0.4138725932288477,1.0,1347,6735
SaProt,12,10,1.480321489069846,0.8865743660603794,1.6697093281050603,1.2804491337639562e-166,1347,6735
SaProt,12,11,1.064491494173639,0.9875144636268163,1.0779502816233306,8.599613756273055e-13,1347,6735
SaProt,12,12,0.9884782225535194,0.9912282363100235,0.9972256503035654,0.7676481868828096,1347,6735
SaProt,12,13,1.5949900217116455,0.876565961293052,1.8195892746722928,1.0818650221540922e-79,1347,6735
SaProt,12,14,1.2745736810837132,0.9113405571195401,1.398570129603623,2.0807753608278795e-64,1347,6735
SaProt,12,15,1.2427498621018445,0.8210170670403493,1.5136711671314975,9.773158636606246e-152,1347,6735
SaProt,12,16,1.2315793814443179,0.8984136531529111,1.3708377840454542,1.360063422295008e-113,1347,6735
SaProt,12,17,1.1236844054287065,0.9264006314582088,1.212957296520795,1.4529786197159124e-34,1347,6735
SaProt,12,18,1.350876319337617,0.9286656246109193,1.4546423206992185,2.7288130471875306e-109,1347,6735
SaProt,12,19,0.8606619526588571,0.7418746607495664,1.1601177371245863,5.8405759768226645e-24,1347,6735
SaProt,13,0,1.1932132584392006,0.9215407877142728,1.2948024377724676,7.551023557330868e-74,1347,6735
SaProt,13,1,1.634611793797195,0.8600262335321155,1.9006534104010613,4.780746284015549e-171,1347,6735
SaProt,13,2,1.4118067039855782,0.9018299297482859,1.5654910725569224,1.1660021315929181e-107,1347,6735
SaProt,13,3,1.1335054565422962,0.9561218116269257,1.1855241066130857,5.571840465331267e-49,1347,6735
SaProt,13,4,1.071312331232922,0.9768969989411461,1.0966481956584084,3.32112799226359e-06,1347,6735
SaProt,13,5,0.9739958960853334,0.8046728184113435,1.2104247512775224,4.977014515096789e-28,1347,6735
SaProt,13,6,1.0298821486604595,0.8564275534332639,1.202532712232164,1.8756343232603188e-33,1347,6735
SaProt,13,7,1.346786358563123,0.8899075261003987,1.5134003467357793,5.477846615043564e-112,1347,6735
SaProt,13,8,1.1825621423893002,0.8890069034246488,1.3302058036150366,1.9646609441060226e-81,1347,6735
SaProt,13,9,0.9863202912814545,0.9928157474212321,0.9934575411835992,0.7090451546533418,1347,6735
SaProt,13,10,1.4048311857931155,0.889773981053031,1.578862964873983,1.8263231690353827e-92,1347,6735
SaProt,13,11,0.7280865072424135,0.7486719812846617,0.9725040143656436,0.025808667978271735,1347,6735
SaProt,13,12,1.7641595916099344,0.8301263227096379,2.1251700414118817,7.090272139117898e-192,1347,6735
SaProt,13,13,1.6182831801258375,0.8866582381588136,1.8251487557215693,1.6877249206629456e-160,1347,6735
SaProt,13,14,1.9585531991370626,0.8140479411097394,2.4059433114800246,6.596015801677226e-194,1347,6735
SaProt,13,15,0.9864557976623598,0.9824987111196929,1.0040275742836926,0.9057204042751238,1347,6735
SaProt,13,16,1.3788871488464083,0.8874117596333524,1.5538301514238626,3.560350794753583e-89,1347,6735
SaProt,13,17,1.2583105963472976,0.9059998495032722,1.3888640235836518,2.494787452585758e-92,1347,6735
SaProt,13,18,0.9757610620251831,0.99488568584965,0.9807770640421526,0.9908247685411352,1347,6735
SaProt,13,19,1.3458135537554268,0.8870604482197991,1.5171610417940267,5.0599218285477006e-71,1347,6735
SaProt,14,0,1.1606509393909372,0.9486764342411412,1.2234423640125067,5.2807172192692946e-80,1347,6735
SaProt,14,1,1.1173948870491963,0.9472173538863792,1.1796604891840172,4.030271025041547e-41,1347,6735
SaProt,14,2,1.1865999821874949,0.9526406593205934,1.2455903184247428,5.374315651258063e-50,1347,6735
SaProt,14,3,1.2523954458031374,0.9212033773627915,1.3595211183316307,1.8474296020735914e-76,1347,6735
SaProt,14,4,1.0847978574550852,0.9467551845208131,1.1458060913647286,4.999077483386094e-19,1347,6735
SaProt,14,5,1.3383943987229,0.9334314760182996,1.433843225891668,2.859106486868583e-99,1347,6735
SaProt,14,6,1.0691369963338309,0.9784510329487418,1.092683190401251,1.1411156406056204e-44,1347,6735
SaProt,14,7,1.7560387869498955,0.8062114765313084,2.178136677618607,2.1878791304156907e-176,1347,6735
SaProt,14,8,1.1075519157633043,0.9530891725861239,1.1620653634728209,2.6782543578515825e-24,1347,6735
SaProt,14,9,1.375142454315577,0.8936884559464171,1.5387268853767386,8.836033210328131e-98,1347,6735
SaProt,14,10,1.123719152939833,0.9685336545198249,1.1602272648924576,1.43815561147427e-18,1347,6735
SaProt,14,11,0.9754101685797982,0.9937082791270905,0.9815860339179563,0.8755981264191303,1347,6735
SaProt,14,12,1.4931525568123118,0.8895030341550165,1.6786368336907724,7.934774265607077e-121,1347,6735
SaProt,14,13,1.704210583997286,0.8459103899846806,2.0146467098342997,6.034216648064723e-138,1347,6735
SaProt,14,14,1.4689866465688548,0.900179159855878,1.6318825319218064,4.926977732547502e-93,1347,6735
SaProt,14,15,1.431110253578305,0.8819298174782603,1.6227031054130132,8.491513011086196e-69,1347,6735
SaProt,14,16,1.6504686341829096,0.8377362190703596,1.970153130080067,1.2201585057025078e-151,1347,6735
SaProt,14,17,1.111669153860081,0.9772595220237815,1.1375372956796101,2.575111255430778e-23,1347,6735
SaProt,14,18,1.6545413613717646,0.8508837090391713,1.944497636745324,1.8668346287582047e-210,1347,6735
SaProt,14,19,0.8884010371138807,1.0090568044204224,0.8804271803351612,1.0,1347,6735
SaProt,15,0,0.9893398766572509,0.9875131422223741,1.0018498330369212,0.9792113246669899,1347,6735
SaProt,15,1,1.21770646595123,0.9092843356735191,1.3391921736441863,1.8889229288304062e-54,1347,6735
SaProt,15,2,1.0479555146266728,0.9232825305487106,1.1350323221255672,6.831410394230584e-14,1347,6735
SaProt,15,3,2.403911131151358,0.7151928426052078,3.361206919234141,3.6089682270793715e-215,1347,6735
SaProt,15,4,1.4800953278076057,0.8610532687917496,1.7189358445668648,2.0145360929957133e-111,1347,6735
SaProt,15,5,1.2006204604615789,0.9430274745448041,1.273155335204962,8.12833975899178e-47,1347,6735
SaProt,15,6,1.3653111397755437,0.8785334114563315,1.5540799268092584,1.684316717558695e-65,1347,6735
SaProt,15,7,1.4762548452496262,0.8604498477394084,1.7156779667380655,3.093493130323751e-95,1347,6735
SaProt,15,8,1.0709706205036698,0.9109780987081655,1.1756271879888063,1.0978925166164415e-33,1347,6735
SaProt,15,9,1.014188989523989,0.9868323175439856,1.0277217025564063,0.020273194324675118,1347,6735
SaProt,15,10,1.395423929516085,0.920020586816399,1.5167312009231795,2.470538828147131e-89,1347,6735
SaProt,15,11,1.1972737234077502,0.9148143139342158,1.3087614668585588,2.420356772722469e-47,1347,6735
SaProt,15,12,1.0528366992494842,0.9727768449681108,1.0823003288940312,1.439504016546741e-17,1347,6735
SaProt,15,13,1.182041033527191,0.8832251760845903,1.3383235278315728,1.1928741380785013e-19,1347,6735
SaProt,15,14,1.1403566292019003,0.9098382512086749,1.253361932944667,1.067038677208479e-67,1347,6735
SaProt,15,15,1.4062074184107975,0.8520575491450146,1.6503667150438805,1.3347338035447994e-125,1347,6735
SaProt,15,16,1.81790601842122,0.8266826183433522,2.1990374275247864,2.6396157156241187e-151,1347,6735
SaProt,15,17,1.823754199142357,0.8506212518802818,2.144026139848944,4.210676117240507e-145,1347,6735
SaProt,15,18,1.0770153305711088,0.9670603794527656,1.1137001923091543,1.5709252116249665e-38,1347,6735
SaProt,15,19,1.0330110683030522,0.9945301637484927,1.0386925464477827,1.6578080907244532e-10,1347,6735
SaProt,16,0,1.3645415126879126,0.8648897665236823,1.5777056978862392,1.65111007191484e-120,1347,6735
SaProt,16,1,1.2956978511659853,0.8953016863700276,1.447219267975861,2.9869879366790196e-106,1347,6735
SaProt,16,2,1.2676248597983706,0.9374791088242308,1.3521633152851829,9.647634903115414e-82,1347,6735
SaProt,16,3,2.0753620530975776,0.7937184066736397,2.614733431463588,1.57133072060252e-76,1347,6735
SaProt,16,4,1.1826548002710056,0.9092214724224589,1.3007334693933617,9.916025467497889e-57,1347,6735
SaProt,16,5,1.5014350397793028,0.9217578506881251,1.6288822912204415,2.6300398586437784e-12,1347,6735
SaProt,16,6,0.9620386613470674,0.7987875674326462,1.2043736039096358,1.6388644268050457e-33,1347,6735
SaProt,16,7,1.6577105396707232,0.8271178891172919,2.0042010473740905,2.980692143367549e-203,1347,6735
SaProt,16,8,1.0805665725190814,0.9292984179018512,1.1627767267254796,7.881039398435138e-21,1347,6735
SaProt,16,9,1.033069560327792,0.8649328095643452,1.194392846362407,9.170006923948508e-41,1347,6735
SaProt,16,10,0.7759791980314317,0.6586893514606275,1.178065496748531,3.762183474168557e-31,1347,6735
SaProt,16,11,1.7158305893120451,0.8092055779213186,2.12038897917592,2.5390641439559407e-238,1347,6735
SaProt,16,12,1.3449722554565096,0.9016841843270689,1.4916223205803134,1.5472794737354576e-85,1347,6735
SaProt,16,13,3.045723241494599,0.718734042732558,4.2376220693749955,7.915574275140324e-222,1347,6735
SaProt,16,14,0.9183121234864416,0.9043801646510937,1.0154049805379388,0.06893914977720379,1347,6735
SaProt,16,15,1.6600756285008273,0.8242234775333291,2.0141086413468474,1.310467572967107e-194,1347,6735
SaProt,16,16,1.5282333232379437,0.8428796604176141,1.8131097415267603,6.635499220800436e-197,1347,6735
SaProt,16,17,1.0850181837566888,0.9368322515175709,1.1581776588061226,3.2625845180523333e-12,1347,6735
SaProt,16,18,1.0436289094958202,0.9694100481674418,1.0765608541696887,3.462197939311777e-23,1347,6735
SaProt,16,19,1.3557677039214213,0.8984252469665313,1.5090489815363874,1.467867060600086e-89,1347,6735
SaProt,17,0,1.1655678275278434,0.9377619198785504,1.2429250994525307,2.6835233168345014e-43,1347,6735
SaProt,17,1,1.523125901762963,0.8783941764918273,1.7339890706540158,1.6566450558260485e-157,1347,6735
SaProt,17,2,1.7457635522154233,0.8342764477222693,2.092548048050121,1.4068381963014823e-207,1347,6735
SaProt,17,3,0.9045857145563708,0.8604849039092273,1.0512511148618544,5.3107959280973e-05,1347,6735
SaProt,17,4,1.1476580962793157,0.9472114772865661,1.21161759944776,8.537691461978815e-57,1347,6735
SaProt,17,5,1.1770939191536454,0.9123519690658928,1.2901752383554423,1.0739084957873325e-79,1347,6735
SaProt,17,6,1.1379526730989118,0.9127120444165306,1.2467816986313254,1.5664520130567387e-42,1347,6735
SaProt,17,7,1.6306684716662037,0.8281276619713132,1.969102768267015,2.065218032470629e-174,1347,6735
SaProt,17,8,1.1009431071717737,0.9117492414861585,1.2075064689686252,2.0210129954334694e-37,1347,6735
SaProt,17,9,1.6952800044503669,0.8420033961523438,2.0133885589977356,1.0044391389535181e-184,1347,6735
SaProt,17,10,2.9621183081836326,0.7493549828976945,3.952890653678398,2.855464544593209e-162,1347,6735
SaProt,17,11,1.442557920857368,0.8843070549971985,1.63128622881103,2.5148141769454635e-166,1347,6735
SaProt,17,12,1.0716284676534473,0.951869278537758,1.1258147434904726,2.370962888068922e-21,1347,6735
SaProt,17,13,1.5632722611859187,0.8602746810838746,1.8171780427343573,2.3094742170561377e-179,1347,6735
SaProt,17,14,1.3666638218325513,0.8713426367632088,1.568457417519841,2.261614741589412e-111,1347,6735
SaProt,17,15,1.5263070137791042,0.8587051248143316,1.7774518512500095,6.6022422322131425e-43,1347,6735
SaProt,17,16,1.2535507198984568,0.8142563998367314,1.5395036749478537,5.113695697059338e-84,1347,6735
SaProt,17,17,1.0994196065882,0.7654535411969767,1.4362982825436856,2.7156470519580367e-46,1347,6735
SaProt,17,18,1.3827387249151157,0.9086052502150791,1.5218255943247112,2.314773224073244e-83,1347,6735
SaProt,17,19,1.379665011287001,0.885986093613689,1.5572084271207172,8.495629387164197e-128,1347,6735
SaProt,18,0,1.1280830597094278,0.8701162169188947,1.29647400861462,7.074515287809997e-45,1347,6735
SaProt,18,1,1.5758348422397395,0.8437804536790253,1.8675887019767208,4.089661947948087e-158,1347,6735
SaProt,18,2,1.5760971738085008,0.8272233818105263,1.9052860550906217,1.8933702635701914e-137,1347,6735
SaProt,18,3,0.9637130435829969,0.9469987834863912,1.0176497165445892,0.8969774315580947,1347,6735
SaProt,18,4,1.384270432465326,0.9050749951886441,1.5294538461719447,3.4365664516450396e-92,1347,6735
SaProt,18,5,1.002753303439509,0.9860602467588433,1.016929043367822,0.005383816363808738,1347,6735
SaProt,18,6,1.2632226591076599,0.9036907413312039,1.397848402482069,1.7116629356005148e-80,1347,6735
SaProt,18,7,1.2774128186631928,0.8757361550594845,1.4586731531901,3.643594849233092e-85,1347,6735
SaProt,18,8,0.14408270120911118,0.3099257815962501,0.46489420940401843,1.0,1347,6735
SaProt,18,9,1.702181824917871,0.8193458062525404,2.077488908746817,4.148128216920507e-167,1347,6735
SaProt,18,10,1.191865240451178,0.7551474543151452,1.5783212055347506,1.687008074071287e-121,1347,6735
SaProt,18,11,1.195180679925212,0.9120642450046964,1.3104128206660024,2.644387152130275e-42,1347,6735
SaProt,18,12,0.6580693254768627,0.5823189017131272,1.1300840888744723,7.432737871596249e-07,1347,6735
SaProt,18,13,2.138828402162483,0.7511207102827656,2.84751621527957,1.634320624676566e-219,1347,6735
SaProt,18,14,1.4968474111073797,0.8576588741101949,1.745271291759595,1.1055617686105917e-150,1347,6735
SaProt,18,15,1.547807875437124,0.8985641291595957,1.722534680841032,1.1565154365119475e-112,1347,6735
SaProt,18,16,1.403324388692179,0.8950174912799264,1.567929568265023,4.862632623415958e-118,1347,6735
SaProt,18,17,1.630565281346186,0.8677137806292543,1.879151072331388,1.2543903046362358e-158,1347,6735
SaProt,18,18,1.3401582841972288,0.8883604775049462,1.508574861368444,5.125369216087492e-92,1347,6735
SaProt,18,19,1.571250918801838,0.8420270743884241,1.866033725748141,4.873628124407357e-146,1347,6735
SaProt,19,0,1.0793082713417061,0.8894510874149971,1.2134543277455414,2.909801736490375e-35,1347,6735
SaProt,19,1,1.49645891430516,0.8366878344546713,1.7885510613172813,1.0935442518851295e-140,1347,6735
SaProt,19,2,1.9069454585656291,0.8118377465519669,2.348924359165114,5.238546999185001e-167,1347,6735
SaProt,19,3,1.2422903214194816,0.8779887407675175,1.4149273945512102,4.639233684815177e-56,1347,6735
SaProt,19,4,1.0553041477953848,0.9729595653308969,1.084633098227965,9.50425875903412e-08,1347,6735
SaProt,19,5,0.8975972675157637,0.8650107354069517,1.0376718239149731,0.00034282391956481743,1347,6735
SaProt,19,6,0.922198028865795,0.9291739885972532,0.9924922998092214,0.9361228459452156,1347,6735
SaProt,19,7,1.216661526436441,0.9052878397366871,1.3439499273405908,7.930717404997748e-79,1347,6735
SaProt,19,8,1.6307361723651865,0.8524359067834211,1.9130308324512058,4.333482787266621e-201,1347,6735
SaProt,19,9,1.6133514966293008,0.8475464646727311,1.9035552195386423,1.3962796424861205e-147,1347,6735
SaProt,19,10,1.1245334655953587,0.9746087789978022,1.1538306342281517,6.739621888206492e-06,1347,6735
SaProt,19,11,1.4376521352913616,0.8555878943516841,1.6803091123451819,1.0216219793025484e-80,1347,6735
SaProt,19,12,1.3395960459841032,0.9039398718672322,1.4819526029059362,3.0152661456020607e-71,1347,6735
SaProt,19,13,1.3321355455724415,0.9020685922827381,1.4767563763653422,9.528916544930518e-82,1347,6735
SaProt,19,14,1.5824612777544642,0.8471502152576479,1.8679819107089322,6.013826799133636e-136,1347,6735
SaProt,19,15,1.56730572690146,0.8635196715681838,1.8150202925373717,3.538141956580935e-202,1347,6735
SaProt,19,16,1.3896273650123883,0.8883381551462097,1.564299987524089,5.904976243638271e-116,1347,6735
SaProt,19,17,1.4873675904454526,0.8889365862631851,1.6731987561653714,3.6890801558110205e-136,1347,6735
SaProt,19,18,1.3703980259127146,0.8808457036990099,1.5557753419899605,3.202777000671297e-120,1347,6735
SaProt,19,19,1.0907518888900434,0.9460199087128076,1.1529904168445713,2.4268315622228933e-33,1347,6735
SaProt,20,0,1.228780652959876,0.8922631783415055,1.3771504672465276,5.939600069311452e-39,1347,6735
SaProt,20,1,1.83493618927094,0.820722827852967,2.2357562468089043,4.699827076625779e-227,1347,6735
SaProt,20,2,1.8164817923714518,0.8525871687760244,2.13055258030589,2.253490496893342e-211,1347,6735
SaProt,20,3,1.4832187787461653,0.8590769744651708,1.7265260539308038,1.0884040456162303e-145,1347,6735
SaProt,20,4,1.2034395433956815,0.890322670420741,1.3516892059223544,3.53317148692597e-44,1347,6735
SaProt,20,5,2.5030870151325075,0.7551519605612524,3.314679886776875,3.391054965489031e-166,1347,6735
SaProt,20,6,1.1596468804541038,0.9545141122079196,1.2149080517748287,5.811235220636517e-10,1347,6735
SaProt,20,7,1.046408962123732,0.9756951702685381,1.0724752914742126,1.3708166167730513e-17,1347,6735
SaProt,20,8,1.2216535341367956,0.9182031577650759,1.3304828281252308,4.883140694149696e-36,1347,6735
SaProt,20,9,1.903825771116113,0.8189530520724118,2.32470685138588,4.476023043114119e-211,1347,6735
SaProt,20,10,1.0386280759051718,0.9885805238970315,1.0506256706442592,0.007146380717582548,1347,6735
SaProt,20,11,1.2620064132883537,0.907714469860285,1.3903121027503298,3.392785503267736e-67,1347,6735
SaProt,20,12,1.5150083716745808,0.8865518473813334,1.7088773500947076,2.7732210127876754e-180,1347,6735
SaProt,20,13,0.8965747363273533,0.7764831957833893,1.1546608364432205,6.386583250504857e-22,1347,6735
SaProt,20,14,0.9540668654227221,0.9385993144205967,1.0164793972939066,0.0015571755188094544,1347,6735
SaProt,20,15,2.330395574066802,0.7038596922881575,3.3108808468502935,1.0737363828559955e-143,1347,6735
SaProt,20,16,1.5431142495620136,0.8593207163563373,1.795737284334392,4.040743984240608e-120,1347,6735
SaProt,20,17,1.4013092724278668,0.8757556514323599,1.6001144498878506,3.957784497278421e-134,1347,6735
SaProt,20,18,1.0400284479504263,0.9846859698505338,1.0562031752197028,0.0003847362222475765,1347,6735
SaProt,20,19,1.5877800699110463,0.851301666159451,1.8651203598298267,4.052218892930213e-150,1347,6735
SaProt,21,0,1.0198184712343996,0.9822486657076795,1.0382487722695477,4.3439142252051195e-06,1347,6735
SaProt,21,1,1.3932792225101742,0.9065018707013786,1.536984387502881,3.26619171498441e-30,1347,6735
SaProt,21,2,1.5373019117975377,0.854850838291884,1.7983276648231286,5.345140738013157e-153,1347,6735
SaProt,21,3,1.2318559963236762,0.9437820551843668,1.3052335436522307,3.0363146880850183e-32,1347,6735
SaProt,21,4,1.306711135170773,0.9142489705491968,1.4292727443661444,1.864153265238401e-82,1347,6735
SaProt,21,5,1.0642722036410193,0.9824088490310208,1.0833292113469284,2.3651224616502297e-13,1347,6735
SaProt,21,6,1.0441094825643031,0.9587105609105974,1.0890768550339036,1.3094306755069466e-08,1347,6735
SaProt,21,7,1.3723723876670988,0.8862517711784589,1.548512998560488,1.558800274032345e-150,1347,6735
SaProt,21,8,1.1838035535374303,0.9151621020611296,1.2935452100466858,5.908908863947042e-67,1347,6735
SaProt,21,9,1.6442892909072113,0.8546581614046249,1.9239145721194928,5.4240131623113204e-135,1347,6735
SaProt,21,10,1.662472372441798,0.7741674921195332,2.147432421749257,1.7715113485198297e-108,1347,6735
SaProt,21,11,1.1799551595442146,0.9456204791144698,1.2478104964998098,0.029725449535143496,1347,6735
SaProt,21,12,0.9308315280385167,0.9582332983712577,0.9714038633605023,0.9983560177533245,1347,6735
SaProt,21,13,1.137767894275116,0.9469246196919401,1.201540091591728,2.0458722800886965e-18,1347,6735
SaProt,21,14,1.3810017490904687,0.863495516805801,1.5993154824926024,1.9698436195021645e-101,1347,6735
SaProt,21,15,1.0739690516290614,0.981293524975412,1.0944422074485527,9.025207764840365e-36,1347,6735
SaProt,21,16,1.2955122238278123,0.892670345563046,1.4512773167239876,1.2878436732038345e-88,1347,6735
SaProt,21,17,1.3001876362138265,0.9227095038871369,1.4090974794737365,3.382557614673847e-64,1347,6735
SaProt,21,18,1.4753759343069222,0.887843525701748,1.6617522024962574,2.7927525945676666e-133,1347,6735
SaProt,21,19,1.0997675788252108,0.9558129869362736,1.1506095793386986,3.281339045930007e-13,1347,6735
SaProt,22,0,1.5015249491849694,0.8891048107614274,1.6888053365711369,2.1053650181569354e-99,1347,6735
SaProt,22,1,1.4229604247307548,0.8786416944254635,1.6195002283168645,9.212194382440177e-117,1347,6735
SaProt,22,2,1.6369746097300615,0.8285662473177325,1.9756713660848972,6.091808982721336e-182,1347,6735
SaProt,22,3,1.1034391502273817,0.9688224509590718,1.1389487817247093,2.730993753853905e-41,1347,6735
SaProt,22,4,1.010279316767641,0.9508614975917579,1.062488405857604,2.069060706612696e-05,1347,6735
SaProt,22,5,1.7011897390364008,0.8595284654274196,1.9792127980199545,1.5184957680186317e-104,1347,6735
SaProt,22,6,0.9356061958368389,1.0024709641225442,0.9333000449102966,0.9999999999999638,1347,6735
SaProt,22,7,1.49226797578418,0.8863187707866574,1.6836696062069278,2.948516437797522e-121,1347,6735
SaProt,22,8,1.1815264816516935,0.9690746374920552,1.2192316628051056,1.0662986761146567e-17,1347,6735
SaProt,22,9,2.2654234626134766,0.7728023522050185,2.931439657435822,1.4328668378351164e-204,1347,6735
SaProt,22,10,1.59784652968646,0.8396990774275421,1.9028799395392197,7.865290958174978e-149,1347,6735
SaProt,22,11,1.0244941879796734,0.8257517171541053,1.2406806630817795,7.793154233999829e-12,1347,6735
SaProt,22,12,1.424174349586346,0.8839185562236449,1.6112053984598191,3.3117787432452994e-96,1347,6735
SaProt,22,13,1.2927077660072974,0.8417112398054658,1.5358090813971603,9.929571583510197e-94,1347,6735
SaProt,22,14,0.8516001648078766,0.8689315173380165,0.9800544091400496,1.0,1347,6735
SaProt,22,15,1.0395090815396157,0.9781579064212202,1.0627211360411741,0.9999999978118524,1347,6735
SaProt,22,16,1.4795897213690974,0.8769567647350104,1.6871866218127463,8.080243057746078e-158,1347,6735
SaProt,22,17,1.9422838706039196,0.8217340040633921,2.363640619713339,1.2157396604196219e-191,1347,6735
SaProt,22,18,1.082493326601136,0.9209814184912949,1.1753693449911529,7.970857912532908e-07,1347,6735
SaProt,22,19,0.6398977679397521,0.5416472790443353,1.181392010440386,2.1099126625692498e-17,1347,6735
SaProt,23,0,1.5603510691509834,0.8215458911020135,1.899286559705075,3.180431248935287e-135,1347,6735
SaProt,23,1,1.0725127195617228,0.9756878460435932,1.0992375521646127,0.0034248042975287166,1347,6735
SaProt,23,2,1.4118715136380398,0.8421077576715502,1.6765924559843755,6.9472192661532096e-74,1347,6735
SaProt,23,3,1.2352566341160842,0.9342388936985663,1.3222063890166424,5.6644783157072595e-53,1347,6735
SaProt,23,4,0.8652167869669557,0.7974474885449112,1.084982772402609,0.003033473032443701,1347,6735
SaProt,23,5,1.5971323935385535,0.8244133182749451,1.9372957206471324,1.9353764116941185e-167,1347,6735
SaProt,23,6,1.3471436531413636,0.8449169814122015,1.594409489663394,3.1640750350353563e-84,1347,6735
SaProt,23,7,1.1606346992271073,0.9022792818949854,1.2863364176882335,1.1696718546451682e-33,1347,6735
SaProt,23,8,1.155665985039631,0.9762742778063705,1.1837513404904436,8.384584671485484e-36,1347,6735
SaProt,23,9,1.4282701474122852,0.8499850516163958,1.6803473716345703,2.2977004530153622e-132,1347,6735
SaProt,23,10,1.2224061720808879,0.8503233967585394,1.4375779576814423,1.0686116223027895e-08,1347,6735
SaProt,23,11,1.1843489176180952,0.9169799680942593,1.2915755619825626,1.8100229640865062e-38,1347,6735
SaProt,23,12,0.8000530617321276,0.7493632680224152,1.0676438195903089,0.16918705934052314,1347,6735
SaProt,23,13,1.5277630834499376,0.8766352106906258,1.742758064949666,3.458690182893831e-85,1347,6735
SaProt,23,14,1.5384945439004685,0.8641819117036278,1.780290148479869,2.8601286920316865e-88,1347,6735
SaProt,23,15,1.5794457599089247,0.8387803626087036,1.883026630471732,3.556615991965268e-170,1347,6735
SaProt,23,16,1.6481492647260936,0.8816963384582011,1.8692935343342452,1.5120095113595276e-136,1347,6735
SaProt,23,17,1.1016125230543155,0.954235935850593,1.154444599775372,7.701034680067158e-16,1347,6735
SaProt,23,18,0.7802580032682941,0.6800603956459802,1.1473363369839198,9.085761430907709e-11,1347,6735
SaProt,23,19,1.056146402246614,0.8519244595753678,1.2397183698341498,8.00705995120508e-46,1347,6735
SaProt,24,0,0.6956880098041465,0.5615303475456762,1.2389143576030102,6.260742274244495e-21,1347,6735
SaProt,24,1,1.3187191426953122,0.9066603026559553,1.4544798518610318,2.5485361761903546e-55,1347,6735
SaProt,24,2,1.024343146800818,0.724525763218325,1.4138119012507047,4.081452555344362e-68,1347,6735
SaProt,24,3,1.3985145053900252,0.8781740455276318,1.5925254367427337,9.111615388813191e-110,1347,6735
SaProt,24,4,1.122061589275056,0.9151566348649124,1.2260869303981883,0.08612860798570349,1347,6735
SaProt,24,5,0.7524543000190189,0.6540801591374693,1.1504007414187198,3.9964332278347675e-10,1347,6735
SaProt,24,6,1.4341265981561977,0.8942518687449567,1.6037166354138366,1.3762685539134769e-72,1347,6735
SaProt,24,7,1.1407368558817823,0.899991993799684,1.267496670793365,2.7217405399958343e-15,1347,6735
SaProt,24,8,1.1130137189547928,0.9298236097816901,1.1970159794244344,3.8302444209741785e-06,1347,6735
SaProt,24,9,1.0868529034107812,0.9723298836402656,1.1177820631633346,0.6918959156688519,1347,6735
SaProt,24,10,1.6164251620692507,0.8492242806517113,1.903413737568566,2.4435847888681365e-172,1347,6735
SaProt,24,11,1.396627303818552,0.8757831380755793,1.5947181934644925,5.026034414321466e-113,1347,6735
SaProt,24,12,0.9823708925188782,0.9680649187667509,1.0147779074262417,0.16793787314313258,1347,6735
SaProt,24,13,1.3508280190765725,0.8990854019344783,1.5024468378311133,1.3259512852046879e-95,1347,6735
SaProt,24,14,1.341079121188668,0.9029323648028048,1.4852487001964447,1.1675529096863046e-46,1347,6735
SaProt,24,15,0.677940294705193,0.5394139445261683,1.2568089898022732,2.2515209144043103e-27,1347,6735
SaProt,24,16,1.1342332610264476,0.9131204774557615,1.242150722746658,8.150653194389794e-21,1347,6735
SaProt,24,17,1.9982048782845647,0.7780252702777574,2.5683033117564413,5.565841112000334e-239,1347,6735
SaProt,24,18,0.71682512565117,0.6052884144139488,1.1842703553895262,2.5064182231775735e-10,1347,6735
SaProt,24,19,0.6616923347718422,0.6163037346434,1.0736464791255962,2.3842901810466797e-05,1347,6735
SaProt,25,0,1.2453417738190207,0.9246260394077436,1.346859942011483,2.3065470925044685e-54,1347,6735
SaProt,25,1,1.682299575510517,0.8491907929325422,1.981061958645323,2.5781080785703965e-141,1347,6735
SaProt,25,2,0.9704148802344854,0.9973919963772507,0.9729523434710202,0.9989966370212159,1347,6735
SaProt,25,3,1.1743981082658903,0.9643711108761358,1.2177864880242462,7.594863421110591e-40,1347,6735
SaProt,25,4,0.9777757525444031,0.994383555958248,0.9832983929447218,0.9632474288298865,1347,6735
SaProt,25,5,1.698625092937403,0.8457400982678158,2.0084480993823104,1.4129119332341109e-157,1347,6735
SaProt,25,6,0.9984332407508723,0.9620369228804739,1.0378325581947756,0.6810345725143456,1347,6735
SaProt,25,7,1.435276188227364,0.9157748097765419,1.5672807036236185,2.446430626622737e-86,1347,6735
SaProt,25,8,1.1866270028270434,0.9563625663098532,1.2407710680329855,2.386976594423384e-60,1347,6735
SaProt,25,9,1.5987733536480795,0.8608171038401508,1.857274148615155,7.877608205178127e-152,1347,6735
SaProt,25,10,1.7662679023913481,0.8436031311861036,2.093718997827782,1.5163570388589546e-135,1347,6735
SaProt,25,11,1.0784032156534697,0.981974127056781,1.0981992151725122,3.2443530920668277e-21,1347,6735
SaProt,25,12,1.5930697389096353,0.8924269892999925,1.7850981178406733,5.077087216633862e-100,1347,6735
SaProt,25,13,1.5151743544148089,0.8599258845670629,1.7619824936164545,8.898594232797685e-154,1347,6735
SaProt,25,14,1.1906021417525847,0.9535186348310115,1.2486406644413306,4.718384796064334e-05,1347,6735
SaProt,25,15,1.84002390716283,0.7843072307269132,2.346049908857088,7.9707848507370935e-249,1347,6735
SaProt,25,16,1.0583023407566343,0.975398138143349,1.0849952438612318,5.568841666470467e-15,1347,6735
SaProt,25,17,1.3201734719779992,0.9322280721192725,1.416148592239659,5.366689170341649e-38,1347,6735
SaProt,25,18,1.0163433281642558,0.9820382109308738,1.034932568663356,0.8107474235500824,1347,6735
SaProt,25,19,1.8077465994055393,0.8073183786685412,2.239199115455467,8.033461335720006e-181,1347,6735
SaProt,26,0,0.8667136441360338,0.9477858102943336,0.9144615109471591,1.0,1347,6735
SaProt,26,1,1.0906760267244062,0.9835786329367998,1.1088854415918243,0.6361919873259161,1347,6735
SaProt,26,2,1.0742144265447888,0.9559974423318592,1.1236582641105983,5.605497355048055e-08,1347,6735
SaProt,26,3,1.1995267575439383,0.944517070024033,1.2699894958101887,4.7138221652636054e-17,1347,6735
SaProt,26,4,1.142941168373217,0.8416873831105569,1.3579164798090955,1.6844106183381897e-70,1347,6735
SaProt,26,5,1.1510617799265968,0.9430077511178359,1.220628121626927,7.72525719912586e-51,1347,6735
SaProt,26,6,2.161168649151047,0.6599548964719022,3.2747217434169906,0.0,1347,6735
SaProt,26,7,1.6494409929250202,0.8380252988230501,1.9682472536826139,7.364880175310965e-212,1347,6735
SaProt,26,8,1.4074488281539925,0.9186933614451883,1.5320115364063884,2.4206789410869508e-77,1347,6735
SaProt,26,9,1.1086995772016253,0.9680154715610064,1.145332497024819,1.1607228291078483e-15,1347,6735
SaProt,26,10,1.2523608811603446,0.9469489501707626,1.3225220651382603,2.62523776945887e-22,1347,6735
SaProt,26,11,1.6773161321446997,0.8309626266603658,2.0185217461413685,2.974905424454273e-145,1347,6735
SaProt,26,12,1.7119002180158782,0.8265656281818525,2.071100176015598,6.3607765140248016e-198,1347,6735
SaProt,26,13,1.4454391650750447,0.8019604422223948,1.802382123823265,2.2947877380316324e-18,1347,6735
SaProt,26,14,1.6376459715471678,0.8275155494013094,1.978991177545813,3.3845812620083528e-127,1347,6735
SaProt,26,15,1.6311744055043527,0.860880537450579,1.8947744019570127,3.4339144497913994e-53,1347,6735
SaProt,26,16,1.259904371000655,0.9501360772026851,1.3260251886339955,3.4972511882117935e-46,1347,6735
SaProt,26,17,1.0329361696739328,0.7866142291191249,1.313141984261646,1.1392603245355997e-39,1347,6735
SaProt,26,18,1.0761835492356406,0.9866696659533642,1.0907232545715126,0.06226268796721894,1347,6735
SaProt,26,19,1.025739572228727,0.9876241560458429,1.0385930375938628,0.0006195135087884346,1347,6735
SaProt,27,0,1.0175102497903878,0.9910789737302281,1.0266691926281895,0.003955088438920996,1347,6735
SaProt,27,1,1.5008810098824363,0.8695847186618765,1.7259744538657527,3.9650742727524653e-66,1347,6735
SaProt,27,2,1.4569881205552804,0.8882053351802744,1.6403730791141478,1.5286669307853321e-89,1347,6735
SaProt,27,3,1.2086530908909034,0.9716917861477038,1.2438646782048437,0.06108483752565313,1347,6735
SaProt,27,4,1.471175391152335,0.8885638989037996,1.6556776535343036,1.3760860123793982e-129,1347,6735
SaProt,27,5,1.4862604412044873,0.8954088645173429,1.6598679107400107,2.539384061855088e-83,1347,6735
SaProt,27,6,0.9991986971699758,1.0073805999649659,0.9918780421270028,0.9997416613109996,1347,6735
SaProt,27,7,1.2460384286038506,0.9592317103078477,1.2989962854793005,1.8317414548221527e-34,1347,6735
SaProt,27,8,1.4271375093313172,0.8951914796806214,1.594225974805389,6.327207188729938e-120,1347,6735
SaProt,27,9,1.1226868442720896,0.9723540462691782,1.1546070575627496,3.3211109624637234e-11,1347,6735
SaProt,27,10,0.9709521996793521,0.9783734538728605,0.9924147020096145,0.9235438156167254,1347,6735
SaProt,27,11,0.8332486205638208,0.9995175382602233,0.8336508251913088,1.0,1347,6735
SaProt,27,12,1.4344279879694437,0.898054654623016,1.5972613477200734,2.456111198373361e-110,1347,6735
SaProt,27,13,1.446747847780884,0.8692804204019335,1.6643051123962322,3.795602220393836e-133,1347,6735
SaProt,27,14,0.8769581525267808,0.9095041912577289,0.9642156253442428,0.9996138437877943,1347,6735
SaProt,27,15,2.046653146478717,0.793656226604314,2.578765311569966,5.38317009688478e-176,1347,6735
SaProt,27,16,1.5932958475089374,0.869646677482699,1.8321185934050037,3.677333017152055e-98,1347,6735
SaProt,27,17,1.5769406219234976,0.8685877987928273,1.815522419397494,1.35770877877217e-183,1347,6735
SaProt,27,18,1.0102440555425778,0.9966615733387033,1.013627978209669,0.7238643817771788,1347,6735
SaProt,27,19,1.8473305426421835,0.82847109763332,2.2298068670342546,1.701014229977653e-221,1347,6735
SaProt,28,0,1.5780544413700313,0.8496084908655421,1.857390148917158,1.1715893000474917e-151,1347,6735
SaProt,28,1,1.3702953052281803,0.8701816369669475,1.5747233071987117,2.828916760228118e-106,1347,6735
SaProt,28,2,1.4696401230653482,0.8728610325585318,1.6837045855484425,5.735600951453366e-183,1347,6735
SaProt,28,3,1.4747737567780543,0.868852048791508,1.6973819177031657,6.701405120660587e-95,1347,6735
SaProt,28,4,0.9828056518538801,0.997118431115115,0.9856458582906462,0.8289442562657519,1347,6735
SaProt,28,5,1.1389674616240535,0.9747353757476488,1.168488894486295,8.375579232057549e-11,1347,6735
SaProt,28,6,1.9678147196017466,0.7911286094129838,2.4873512298611753,8.273746612796337e-169,1347,6735
SaProt,28,7,1.2427886850916197,0.960938086276065,1.2933077612812847,8.604934295720543e-45,1347,6735
SaProt,28,8,1.1400300924124855,0.9552851041534165,1.1933925143978792,9.41351705811739e-41,1347,6735
SaProt,28,9,1.1645428451260726,0.9466900513538539,1.2301205061367966,4.875042893928932e-73,1347,6735
SaProt,28,10,1.0528531953548623,0.983279902397834,1.0707563459675788,4.506041472626932e-06,1347,6735
SaProt,28,11,1.0386403576701149,0.9880848622932732,1.051165135006224,5.28454595233711e-09,1347,6735
SaProt,28,12,1.19062295081488,0.9559077929735803,1.2455416302352362,7.224833585170734e-40,1347,6735
SaProt,28,13,1.3157340107290676,0.9082508895604275,1.4486459918204457,3.872879767615744e-113,1347,6735
SaProt,28,14,1.4295313097896094,0.8772091559241592,1.6296356463397452,2.6518273253500765e-146,1347,6735
SaProt,28,15,1.3216074631558405,0.8980349448626361,1.471665964355089,1.278382132180905e-64,1347,6735
SaProt,28,16,1.1135199858621039,0.9733285811182828,1.1440329683761588,8.146793654299741e-07,1347,6735
SaProt,28,17,0.9569699500854049,0.9937144436279579,0.9630230859799095,0.9999999770681811,1347,6735
SaProt,28,18,1.2741918630272968,0.9352483301292814,1.3624101984241581,4.9909731539779204e-55,1347,6735
SaProt,28,19,1.3743260060537277,0.8704761443464687,1.5788209877773693,6.97207461349563e-76,1347,6735
SaProt,29,0,1.1837586360391017,0.9461502956299757,1.2511317086794538,2.7339623016108456e-72,1347,6735
SaProt,29,1,1.829606157706106,0.7550509177059842,2.4231559949160304,1.2403553201996086e-235,1347,6735
SaProt,29,2,0.8210631750853152,0.8763830450546679,0.9368770650213779,0.999998667384977,1347,6735
SaProt,29,3,1.3292801226416648,0.9351891152743241,1.4214024745697984,1.4152525654953467e-51,1347,6735
SaProt,29,4,0.9767020281180242,0.9972800437933486,0.979365860368516,0.9942388533919442,1347,6735
SaProt,29,5,1.438390339259404,0.880994082025979,1.6326901265347982,1.188833814155973e-115,1347,6735
SaProt,29,6,1.0730259753127582,0.9860414820595326,1.0882158558598796,0.21093442494429177,1347,6735
SaProt,29,7,1.253607838217559,0.948424528785874,1.3217792245655704,1.887331368651869e-26,1347,6735
SaProt,29,8,1.0043683087960737,0.8486396012378341,1.1835039365722413,2.4420593486036683e-22,1347,6735
SaProt,29,9,1.2413958998448156,0.9670092554238875,1.2837476920535273,0.00227227917503517,1347,6735
SaProt,29,10,0.9698598648863275,0.872035816453436,1.1121789341528898,2.3759942499712055e-14,1347,6735
SaProt,29,11,0.7164966258225215,0.6823109712570619,1.0501027478753235,0.2337683569455512,1347,6735
SaProt,29,12,0.7530837317108665,1.0374066741093053,0.7259291370546153,1.0,1347,6735
SaProt,29,13,0.8838969782304569,0.7618130647824177,1.1602544234167311,2.4902956788272507e-19,1347,6735
SaProt,29,14,1.0701484791685585,0.9753708878389623,1.097170822413601,8.258816020720613e-22,1347,6735
SaProt,29,15,1.0963578619831742,0.9899938768283385,1.1074390333560404,1.9869555084288504e-13,1347,6735
SaProt,29,16,1.206725803497728,0.9331942229489529,1.293113238190007,6.348964014441733e-63,1347,6735
SaProt,29,17,0.8737838554908899,0.9735692118239916,0.8975056368656597,1.0,1347,6735
SaProt,29,18,0.979769065378769,0.9978249971279853,0.9819047109451193,0.9835624319847291,1347,6735
SaProt,29,19,1.2637074722147201,0.9409362377616858,1.3430319946236184,6.517923541116931e-26,1347,6735
SaProt,30,0,1.2101790096552707,0.9546092172496923,1.2677218989587131,1.0097151992173484e-31,1347,6735
SaProt,30,1,1.0046500342482536,0.9931067389442289,1.0116234185625368,8.42843955207797e-05,1347,6735
SaProt,30,2,0.9416895309835119,0.9967309100435855,0.9447780955667697,0.9999993647885306,1347,6735
SaProt,30,3,0.943776865921909,0.9979435817701514,0.9457216651945779,0.9999968757269913,1347,6735
SaProt,30,4,1.4992959220031499,0.892387812568598,1.6800945742273892,1.376212756895979e-141,1347,6735
SaProt,30,5,1.0535273699459096,0.9809241371427033,1.0740151353749836,4.955505554005741e-10,1347,6735
SaProt,30,6,1.5345606637293088,0.8845759916998053,1.7347980028041343,1.181049887916325e-85,1347,6735
SaProt,30,7,1.1259515604202006,0.9705049611821649,1.1601708445144756,1.1416377509020431e-33,1347,6735
SaProt,30,8,1.0148446564884122,0.9937011140276303,1.0212775674318042,0.014935745590353431,1347,6735
SaProt,30,9,0.7550158575426098,1.004239591210804,0.7518284124133097,1.0,1347,6735
SaProt,30,10,1.0735005735908514,0.9018104956206695,1.1903837655515603,8.734156578044462e-22,1347,6735
SaProt,30,11,1.0939544363980305,0.9653467545530579,1.1332243375122923,1.555605151582805e-28,1347,6735
SaProt,30,12,2.195829372429901,0.8005020565958313,2.7430652480366606,1.9853235510014887e-173,1347,6735
SaProt,30,13,1.6529489674929698,0.8167964580031174,2.023697521331148,1.648771070347462e-206,1347,6735
SaProt,30,14,0.9233421313160866,1.0082265148250458,0.915808221405793,0.9999999999999997,1347,6735
SaProt,30,15,0.9367429482312936,1.0019833464930477,0.9348887399275685,0.9999999992094737,1347,6735
SaProt,30,16,1.2886514926098325,0.9557231776703926,1.3483522454179293,6.800459283854002e-09,1347,6735
SaProt,30,17,1.0295880153365904,0.9924569317270361,1.037413294645381,6.114986823093815e-16,1347,6735
SaProt,30,18,1.4767251082964976,0.9106435567107392,1.621628020551153,3.403636443888428e-106,1347,6735
SaProt,30,19,0.9872928673170546,0.9834753318216151,1.003881678952098,0.7988744210751182,1347,6735
SaProt,31,0,1.3426625235331173,0.9327747116331356,1.4394285209365671,1.1468112979050049e-93,1347,6735
SaProt,31,1,0.9403578355886268,0.8820084344061906,1.0661551510238332,0.00015194698942380544,1347,6735
SaProt,31,2,0.9663695424308402,0.9943678570047032,0.9718431017488827,0.999846016054294,1347,6735
SaProt,31,3,1.1034704375052418,0.9648742077256807,1.1436417604179185,1.744842793614626e-23,1347,6735
SaProt,31,4,1.0979839799443085,0.9755507544645488,1.1255016460388674,1.2934833141100877e-08,1347,6735
SaProt,31,5,1.818207786018174,0.840781374528462,2.1625214843012968,6.980183432945194e-238,1347,6735
SaProt,31,6,1.1630604608619133,0.9230587208080752,1.2600070121689906,9.426534136297305e-45,1347,6735
SaProt,31,7,0.8864689367783892,1.022611193104461,0.8668680166576617,1.0,1347,6735
SaProt,31,8,0.9495906845653331,0.9906944817815698,0.9585101179302831,0.9998919452205233,1347,6735
SaProt,31,9,1.6578471578253846,0.8313369720670897,1.9941939472548742,9.778666820417333e-159,1347,6735
SaProt,31,10,1.0209098905324936,0.9839501566283333,1.037562607877221,5.614563571329871e-10,1347,6735
SaProt,31,11,1.1098294481358533,0.9422640118319279,1.177832788050717,3.864772272464466e-28,1347,6735
SaProt,31,12,1.0658750479298338,0.9426220543356232,1.1307554740813714,5.180988786878627e-16,1347,6735
SaProt,31,13,0.8973625206845551,1.0135791586635947,0.8853403436863566,1.0,1347,6735
SaProt,31,14,1.0029611344882734,1.0003669192130886,1.0025932637568877,9.019734229876719e-05,1347,6735
SaProt,31,15,0.9072892036961022,1.0127624206560226,0.8958559136785511,1.0,1347,6735
SaProt,31,16,1.4209857087446833,0.9050313905146977,1.5700954946287098,1.9069336236160967e-117,1347,6735
SaProt,31,17,0.6365666907493637,1.0457426877074225,0.6087221055735099,1.0,1347,6735
SaProt,31,18,1.0499972967789097,0.8335250156405419,1.2597069998817187,1.4055741848542613e-25,1347,6735
SaProt,31,19,1.1479411393448258,0.9619081754063179,1.1933999197583762,3.714569855937527e-33,1347,6735
SaProt,32,0,0.996071084271826,0.9800859224325034,1.0163099596407308,0.37018094154236114,1347,6735
SaProt,32,1,1.0933894941330222,0.9734753933962664,1.123181439972919,1.838851720702892e-20,1347,6735
SaProt,32,2,1.0591470831597214,0.8663150716531516,1.2225887760888159,7.627905081476507e-49,1347,6735
SaProt,32,3,0.6635594634254862,0.994502634044568,0.6672274569317523,1.0,1347,6735
SaProt,32,4,1.0909478132624757,0.9851030724572534,1.107445346344522,8.814026608723334e-31,1347,6735
SaProt,32,5,0.9473334766465288,1.0030651454051158,0.9444386349043379,0.9999997724416102,1347,6735
SaProt,32,6,0.9496113840814158,0.9873878005972241,0.9617410540286612,0.9999999833661821,1347,6735
SaProt,32,7,0.9170483309048233,0.983318301831782,0.932605779020377,1.0,1347,6735
SaProt,32,8,0.5069113650263108,0.7311985317565108,0.6932609175357485,1.0,1347,6735
SaProt,32,9,1.0964358278288164,0.9806306041517165,1.1180926061116314,5.063050801263152e-16,1347,6735
SaProt,32,10,0.9002962841222971,1.0164149873572628,0.8857566007198684,1.0,1347,6735
SaProt,32,11,1.1015761521739613,0.9842445880440136,1.1192097630560716,1.1124560198443938e-06,1347,6735
SaProt,32,12,1.0507599839300426,0.9802987464596452,1.0718773105901325,3.1115289967787395e-09,1347,6735
SaProt,32,13,1.0129326255501157,0.9735672534352864,1.0404341579648724,0.11407351258395138,1347,6735
SaProt,32,14,0.9877748602217183,0.9074032338531086,1.0885732201188303,1.330437960928914e-08,1347,6735
SaProt,32,15,0.8811600179298772,1.0086274193230609,0.8736229067828304,1.0,1347,6735
SaProt,32,16,0.9056619893823098,0.954212486721802,0.949119826018744,0.9999998114351079,1347,6735
SaProt,32,17,1.0295358469907496,0.9823986462778574,1.0479817443677137,3.567578909203379e-08,1347,6735
SaProt,32,18,0.9161489299362292,1.0011966143768631,0.9150539632082486,0.9999999999999991,1347,6735
SaProt,32,19,0.944048956550973,1.009731479745798,0.9349505046516321,0.9999999999999813,1347,6735
ProtT5,0,0,0.8395965961323195,1.0087917698872204,0.832279387277499,0.99999999895076,1347,6735
ProtT5,0,1,0.943828874459157,0.9910938650922768,0.952310278271454,0.6714274370095327,1347,6735
ProtT5,0,2,1.035400390625,0.9880420393118968,1.0479315144789638,3.839825909374849e-10,1347,6735
ProtT5,0,3,1.0904094240093727,0.9308914830265173,1.1713604043988353,1.2016024004784954e-06,1347,6735
ProtT5,0,4,0.936840847499652,0.9938462107997518,0.9426416656011323,0.9947806559487725,1347,6735
ProtT5,0,5,0.9996019800946548,0.9971158781667595,1.0024932928883512,0.403156244503275,1347,6735
ProtT5,0,6,1.0491478459075725,0.9517534263061432,1.10233156709446,0.0064458591777085536,1347,6735
ProtT5,0,7,0.9108101010057071,0.9959907288186711,0.9144764852239183,1.0,1347,6735
ProtT5,0,8,0.9875983087416481,0.9908566254726939,0.9967116163456127,0.8373240218273408,1347,6735
ProtT5,0,9,0.9882005551344568,0.80923488818015,1.2211541661986105,0.0006153676699021283,1347,6735
ProtT5,0,10,1.0313490971690562,1.005700685859346,1.0255030265667904,0.29016580216185334,1347,6735
ProtT5,0,11,1.1099339678452116,0.9977158986114978,1.112474973476804,1.5128630090101487e-10,1347,6735
ProtT5,0,12,0.9552410666643467,0.9737263000533594,0.9810159863320939,0.09623033574990097,1347,6735
ProtT5,0,13,0.9937747312459401,0.9918892297553591,1.0019009194111785,0.4793224850019241,1347,6735
ProtT5,0,14,0.9375152701170425,1.0041508664001602,0.9336398558097115,0.853149878526252,1347,6735
ProtT5,0,15,1.0019908245174463,0.9891863374773803,1.0129444641064493,0.00040024804732570956,1347,6735
ProtT5,0,16,0.9726726529150427,0.9943793735065192,0.9781705844169603,0.40916220619143406,1347,6735
ProtT5,0,17,0.9913839384105884,0.9928402952379709,0.9985331408944945,0.5205067487294369,1347,6735
ProtT5,0,18,1.102379745789254,0.9733424537165924,1.1325713181213333,0.6611554766986139,1347,6735
ProtT5,0,19,1.0000927081883353,1.0013282192487936,0.9987661277923585,0.46107178922730496,1347,6735
ProtT5,0,20,0.9637289861439774,1.0112643167542454,0.9529941580823919,0.007930123553261266,1347,6735
ProtT5,0,21,1.13659649843982,0.9818264219967985,1.157634865975858,6.223631585009181e-32,1347,6735
ProtT5,0,22,1.036322669444831,1.0002151681833473,1.036099733747354,0.02646105500854894,1347,6735
ProtT5,0,23,0.9599495188961581,0.9973430811960607,0.9625068213687726,0.9999999999997238,1347,6735
ProtT5,0,24,1.089831787653118,0.9679124182210468,1.1259611584033091,1.7798274488821798e-19,1347,6735
ProtT5,0,25,0.9152003191273215,0.9770026543269621,0.9367429198621625,0.997101812434979,1347,6735
ProtT5,0,26,1.1127893437963994,0.9939153703832591,1.1196017054925933,1.73529695645889e-09,1347,6735
ProtT5,0,27,1.0564582898338901,1.007141629837138,1.0489669561218782,0.00011795355725916102,1347,6735
ProtT5,0,28,1.003851150705271,0.9999103186479213,1.0039411855081948,0.36617591633251195,1347,6735
ProtT5,0,29,0.944329503207359,1.0012297066035054,0.9431696812221341,0.9992284094594258,1347,6735
ProtT5,0,30,1.0434715310644023,0.9796411459058324,1.0651569050823693,1.3659176995094583e-07,1347,6735
ProtT5,0,31,0.948434900511789,1.0067183414564012,0.942105513980907,0.2878444769463908,1347,6735
ProtT5,1,0,0.8007085073764181,0.9771008056096881,0.8194737971552429,0.9999506245432732,1347,6735
ProtT5,1,1,1.114044348044845,0.9422135849395503,1.182369226947963,3.707713440356785e-26,1347,6735
ProtT5,1,2,1.0183521297655906,1.0017615466978078,1.016561409371793,0.004820687823299534,1347,6735
ProtT5,1,3,1.105095742274499,0.9453276976179705,1.1690081069867209,1.6128459243264723e-32,1347,6735
ProtT5,1,4,0.747094616681094,1.0073944669523855,0.7416108001280152,1.0,1347,6735
ProtT5,1,5,0.9823612023391101,0.9214930612950655,1.066053824603411,2.694983994865731e-15,1347,6735
ProtT5,1,6,1.0551616439309577,0.9776873140398803,1.0792424416053303,0.0026992207148934778,1347,6735
ProtT5,1,7,1.030066543273246,0.999158027495998,1.0309345618277304,5.5982951605688754e-06,1347,6735
ProtT5,1,8,1.0679830141924183,0.9780801774487287,1.0919176554402692,6.477433566087661e-28,1347,6735
ProtT5,1,9,1.1656736793036628,0.9956800844550753,1.1707311389497392,5.0084780155365114e-15,1347,6735
ProtT5,1,10,1.0298049122471233,0.95311297421643,1.0804646879282522,1.0910857220605589e-12,1347,6735
ProtT5,1,11,1.111797964298557,0.9018535339310156,1.232792158004229,4.02549510833945e-23,1347,6735
ProtT5,1,12,1.0849134506078322,0.9589366977977681,1.1313712918687688,3.2867872918239387e-08,1347,6735
ProtT5,1,13,1.0393514994258073,0.9821295315544961,1.0582631577942079,1.5019933722006428e-17,1347,6735
ProtT5,1,14,1.059795603366277,0.9785853147329714,1.0829874385101166,5.208428989894278e-24,1347,6735
ProtT5,1,15,0.9929472902746845,0.9835240058927246,1.0095811432415487,0.010685109172630278,1347,6735
ProtT5,1,16,1.0324357223227543,0.9678058808347253,1.0667797569408095,2.5650474623281498e-21,1347,6735
ProtT5,1,17,1.115091040653039,0.9798019131644178,1.1380780397250752,2.490814787310741e-10,1347,6735
ProtT5,1,18,0.9923819334487518,0.9349188857726372,1.0614631371240575,0.00015936449072765353,1347,6735
ProtT5,1,19,0.9901161108887806,0.978448876010637,1.0119242151165972,0.7165012402792592,1347,6735
ProtT5,1,20,0.8973951445921492,0.8383767675273757,1.070396007321191,1.535432172941753e-13,1347,6735
ProtT5,1,21,1.0189713323744651,0.9684057508297292,1.0522152842456907,0.0033463717315863127,1347,6735
ProtT5,1,22,1.0591590615140125,0.9397130341731625,1.1271090460567554,3.7902101238344314e-23,1347,6735
ProtT5,1,23,1.010901685458426,0.9860855068555122,1.0251663556865867,1.5761059795016515e-06,1347,6735
ProtT5,1,24,1.0013767800334656,0.9811725412551439,1.0205919325386705,0.07009486297288567,1347,6735
ProtT5,1,25,1.0997966654493618,0.9715374848890411,1.1320167081097947,1.0375476333672101e-10,1347,6735
ProtT5,1,26,1.0545607172478193,0.9874381582915739,1.067976468594629,2.805355047412836e-23,1347,6735
ProtT5,1,27,0.9486363558921446,1.0310900806407177,0.9200324721411959,0.9999999636546507,1347,6735
ProtT5,1,28,1.0244180499489606,0.9931472427152932,1.0314865771042894,3.687027573669809e-09,1347,6735
ProtT5,1,29,1.0826694627293145,0.957779037430274,1.1303958642007055,3.382656388627862e-14,1347,6735
ProtT5,1,30,1.1446245019313752,0.9612360670377169,1.1907839719943243,3.795345130278592e-11,1347,6735
ProtT5,1,31,1.0198107710925401,0.9842601920554792,1.0361190865220495,0.008866329267372502,1347,6735
ProtT5,2,0,0.9944209995850334,0.9949738385682647,0.9994443683222598,0.060089043082677075,1347,6735
ProtT5,2,1,0.8791575385803811,0.9362026585590955,0.9390675518199103,0.9999987187861193,1347,6735
ProtT5,2,2,0.8143740556995871,0.9145532416872564,0.890461067304459,0.9999995843815297,1347,6735
ProtT5,2,3,1.0649318001229584,0.9693934473888735,1.0985547746288402,1.7222536670995848e-06,1347,6735
ProtT5,2,4,0.8097275561904058,1.0215044023022444,0.7926814161206349,1.0,1347,6735
ProtT5,2,5,1.2367278214463855,0.9909649118991277,1.248003644323054,1.4034716051722456e-10,1347,6735
ProtT5,2,6,1.1251703841472078,0.9383219497329497,1.199130409842204,1.0805901540506299e-18,1347,6735
ProtT5,2,7,1.2798509944697707,0.9543722717692964,1.3410395841625555,5.105369904974098e-51,1347,6735
ProtT5,2,8,1.0986727776134466,0.8234339917245934,1.3342572551715959,6.295104023246255e-89,1347,6735
ProtT5,2,9,1.1123752608154116,0.9979838529160576,1.1146225037259954,5.068576335435935e-06,1347,6735
ProtT5,2,10,1.1814744208774128,0.9870833206459957,1.1969348444710808,4.602673199435211e-20,1347,6735
ProtT5,2,11,1.5334510038584006,0.9099483090678939,1.6852067184224915,3.1376642159039516e-101,1347,6735
ProtT5,2,12,1.2369015926596139,0.9747053275218077,1.2690005458413172,1.0355035501844814e-21,1347,6735
ProtT5,2,13,1.0422944180064495,0.9795026817406737,1.0641057318538307,6.135955966651013e-21,1347,6735
ProtT5,2,14,1.1581404133027098,0.9577840984885393,1.2091873472636985,7.211661514992608e-87,1347,6735
ProtT5,2,15,1.0247582518443763,0.9632121946339087,1.0638966756788826,3.640454934051502e-18,1347,6735
ProtT5,2,16,1.0145599886321455,0.9297060053881311,1.091269694669327,2.5030366409081488e-20,1347,6735
ProtT5,2,17,1.1283649538035914,0.961310186010869,1.1737782145905957,3.473359465233786e-27,1347,6735
ProtT5,2,18,1.0741669698034115,0.9594802618557733,1.1195300336098812,2.3375631201369445e-09,1347,6735
ProtT5,2,19,0.9521143176242344,1.0184594033290124,0.9348574076807405,0.9928650466785288,1347,6735
ProtT5,2,20,1.0585890375603193,0.9678936409613957,1.0937038872461617,3.602640233427397e-34,1347,6735
ProtT5,2,21,1.1816542185760022,0.9732311223291342,1.214155806842747,1.5161884272446332e-21,1347,6735
ProtT5,2,22,1.2875467256519117,0.942804062693935,1.365656743112584,6.10558896188781e-68,1347,6735
ProtT5,2,23,1.0107942055841685,0.9939702521807721,1.0169260129933313,0.0017902260965121058,1347,6735
ProtT5,2,24,1.1029560057959382,0.9126389693930668,1.2085348563730938,1.1237323258950487e-15,1347,6735
ProtT5,2,25,1.0596723351198918,0.9963645517339331,1.063538775316511,0.08927252838542737,1347,6735
ProtT5,2,26,1.1839020664637054,0.9518457632199339,1.2437961192985345,7.427261115125589e-25,1347,6735
ProtT5,2,27,0.9575126438381588,0.9192655771506125,1.0416061121380158,2.382524313313924e-06,1347,6735
ProtT5,2,28,0.9677709906563196,0.9874383248128799,0.9800824682794368,0.20750581010049657,1347,6735
ProtT5,2,29,0.9916998701088501,1.0095925159072026,0.9822773589181428,0.8176866642947509,1347,6735
ProtT5,2,30,1.0413134149382888,1.0104410433468327,1.0305533626080736,0.00546545102418871,1347,6735
ProtT5,2,31,1.2078254037020202,0.9335066044162447,1.293858445122964,4.7110274468107784e-23,1347,6735
ProtT5,3,0,1.209443044910275,0.9088904728425726,1.3306807377215855,2.5304182207431697e-10,1347,6735
ProtT5,3,1,1.0771071470128932,0.8741244111489436,1.232212638470021,1.5321308164334464e-20,1347,6735
ProtT5,3,2,1.350499833524006,0.8938140959764465,1.510940406515578,4.94280012485094e-108,1347,6735
ProtT5,3,3,1.3106657734780995,0.9234396976281204,1.4193301163514842,1.2155880208246294e-96,1347,6735
ProtT5,3,4,1.1907827126687778,0.8444912894177454,1.4100592008353232,1.6658959309118184e-30,1347,6735
ProtT5,3,5,1.0575972502551967,0.9975912545819413,1.060150883839095,5.694284232432825e-09,1347,6735
ProtT5,3,6,1.0998784824929242,0.9870323447359873,1.1143287130951327,3.9095810291271917e-05,1347,6735
ProtT5,3,7,1.4214739895079342,0.7548128384347306,1.8832138473633693,3.014200161228331e-116,1347,6735
ProtT5,3,8,1.1529581796353006,0.975146194378712,1.1823439257432335,6.367431821889096e-45,1347,6735
ProtT5,3,9,1.3781899591685227,0.961620880783976,1.4331947097955406,6.127456752311269e-50,1347,6735
ProtT5,3,10,1.162042313358389,0.9782486109177803,1.1878803612797117,5.840821802737105e-17,1347,6735
ProtT5,3,11,1.4082987104952556,0.9478056343378805,1.4858518028108865,3.235807563139464e-42,1347,6735
ProtT5,3,12,1.2915454572806468,0.877655418979387,1.4715860340525972,1.1198370500172117e-47,1347,6735
ProtT5,3,13,1.1016747829377784,0.983899306401378,1.1197027742271366,4.3062498928765104e-13,1347,6735
ProtT5,3,14,1.109587784776355,0.9717867323798255,1.1418017429184961,2.2767226944745067e-52,1347,6735
ProtT5,3,15,1.0214519316652746,0.9628430656087602,1.0608706321413435,7.539678871127902e-14,1347,6735
ProtT5,3,16,1.125798396030531,0.9754006298719377,1.1541907617778955,6.515872538930138e-34,1347,6735
ProtT5,3,17,1.1258523172153396,0.9764931863559646,1.1529546062853209,2.5046340652554208e-28,1347,6735
ProtT5,3,18,1.0924823990377923,0.930951050076559,1.1735121829960333,1.7299835335677206e-15,1347,6735
ProtT5,3,19,1.0329255441780345,0.982421979217416,1.0514072018226313,0.0023808670565899654,1347,6735
ProtT5,3,20,1.1719391616787305,0.9631851524800482,1.2167330016053237,1.997617555216887e-60,1347,6735
ProtT5,3,21,1.1502859544647828,0.971899314376276,1.1835443625176214,6.57655456595764e-23,1347,6735
ProtT5,3,22,1.3681189318276725,0.8072590171627053,1.6947707027618426,1.9000654715801886e-69,1347,6735
ProtT5,3,23,1.0408291211372493,0.9875161310435226,1.0539869561800375,5.237677486999438e-14,1347,6735
ProtT5,3,24,1.0289657354885857,0.9218431729073868,1.1162047577391572,1.1772180676625958e-14,1347,6735
ProtT5,3,25,1.4904530729819159,0.8903466398130104,1.6740143741037077,8.581322557550426e-107,1347,6735
ProtT5,3,26,1.1734888293429844,0.9712860719132795,1.2081804354832326,1.7292444221267723e-54,1347,6735
ProtT5,3,27,1.0062703541144673,0.9672765651099666,1.040312967780903,1.8089624204833973e-07,1347,6735
ProtT5,3,28,1.057672105547049,0.9736478560574424,1.0862983972766531,1.4199879231521938e-26,1347,6735
ProtT5,3,29,0.9745332962863076,0.9979461919137435,0.9765389198163706,0.2998316172530021,1347,6735
ProtT5,3,30,1.0239585870800854,0.9788062012806236,1.0461300569411867,0.00866489084365853,1347,6735
ProtT5,3,31,1.7797596456390359,0.9253938036311885,1.9232456913536358,3.873682822898891e-39,1347,6735
ProtT5,4,0,1.2903753675702951,0.8370098824844417,1.5416489035232872,3.4905333189915904e-48,1347,6735
ProtT5,4,1,1.1736114887104445,0.919799961013624,1.275942094427922,1.968289637157677e-06,1347,6735
ProtT5,4,2,1.0247649353525774,0.9229328430221093,1.1103353219038372,5.931019807540273e-19,1347,6735
ProtT5,4,3,1.2319743744780067,0.8746426475428615,1.4085459678178274,3.5819932518375274e-74,1347,6735
ProtT5,4,4,1.1794569529510022,0.9846088095072383,1.1978939671901558,6.833203932590585e-28,1347,6735
ProtT5,4,5,1.3329983876206384,0.9742078456864502,1.3682895221207911,8.565916313699072e-35,1347,6735
ProtT5,4,6,1.6568625718465804,0.9003382421548755,1.8402667956001009,1.34424778035747e-44,1347,6735
ProtT5,4,7,1.1222939268252365,0.5934658180808879,1.891084360097502,3.443857440372519e-98,1347,6735
ProtT5,4,8,1.0810953776041667,0.9388990553733412,1.1514500642183338,9.282903159968488e-36,1347,6735
ProtT5,4,9,1.4938368538882703,0.9234408417541006,1.6176854935836358,1.4348781341690792e-33,1347,6735
ProtT5,4,10,1.2127189381350918,0.9435471204093587,1.2852764974884907,2.3574378516054077e-57,1347,6735
ProtT5,4,11,1.1725414024075491,0.9800685234041504,1.1963871651901106,2.72126818194642e-12,1347,6735
ProtT5,4,12,1.4632487477597786,0.8497099969151645,1.7220566464700193,3.5280073635372527e-34,1347,6735
ProtT5,4,13,1.10046495467358,0.9829747982350826,1.1195250953019849,4.903503169018837e-09,1347,6735
ProtT5,4,14,1.2617625213147272,0.9422875487193764,1.3390419124496933,6.178169949175596e-101,1347,6735
ProtT5,4,15,1.0804881072522272,0.9715779713019673,1.1120961355312682,9.770620444818705e-22,1347,6735
ProtT5,4,16,1.0897176922385394,0.9154497334934113,1.1903632197041678,3.1522072293864932e-43,1347,6735
ProtT5,4,17,1.340338692102241,0.941412476990607,1.4237528446477286,3.742803985604692e-36,1347,6735
ProtT5,4,18,1.1448703190974157,0.9416970301842637,1.2157522880510696,7.524726180687109e-29,1347,6735
ProtT5,4,19,1.1561843883398293,0.9499769679510602,1.2170657051123288,2.84352303558912e-16,1347,6735
ProtT5,4,20,1.008244594469191,0.9442862937604398,1.0677318956458104,2.146975406433758e-15,1347,6735
ProtT5,4,21,1.3503835291533268,0.9524263128494456,1.4178351762597599,4.3472946785784804e-32,1347,6735
ProtT5,4,22,1.3647322056465176,0.7491772386172832,1.8216413090249934,1.5894079066338468e-122,1347,6735
ProtT5,4,23,1.0558516538488307,0.9894788984201002,1.0670784950893928,8.173742398122183e-06,1347,6735
ProtT5,4,24,1.4140040023112703,0.8200117194749907,1.7243704799933601,5.764590002390083e-103,1347,6735
ProtT5,4,25,1.0228404248300622,0.897399444693358,1.1397827699565466,1.3914042577468009e-09,1347,6735
ProtT5,4,26,1.132848930783686,0.9695845821298488,1.1683858754181102,8.770732487452665e-21,1347,6735
ProtT5,4,27,1.1517117393397365,0.9963767727835584,1.1558998270525935,3.1685182078499914e-29,1347,6735
ProtT5,4,28,1.0869840241044915,0.9834951875115998,1.105225564809051,3.24754191438134e-27,1347,6735
ProtT5,4,29,0.9899618238011554,0.9854417694703508,1.004586830466131,0.01773318350244619,1347,6735
ProtT5,4,30,1.1876552329739554,0.9091229331873927,1.3063747372536585,1.1333252772567208e-29,1347,6735
ProtT5,4,31,1.0401273867600744,0.9302642878905525,1.1180988029957004,0.8608322236596191,1347,6735
ProtT5,5,0,1.2229734617600019,0.8064406640634062,1.5165076815420184,1.750285417265967e-18,1347,6735
ProtT5,5,1,1.1493620104318916,0.8923614807808585,1.288000474231749,3.685524997661295e-12,1347,6735
ProtT5,5,2,1.7519868823804055,0.7419708365232925,2.361261111811105,5.538724327679773e-67,1347,6735
ProtT5,5,3,1.3314435770534636,0.9096992702243412,1.4636084919856163,2.7120746019920643e-76,1347,6735
ProtT5,5,4,1.1609520632510903,0.9785024664184299,1.1864579835965798,0.0010475210139899438,1347,6735
ProtT5,5,5,1.1284207780890405,0.9581531097026958,1.1777040294104737,2.5064143203183566e-09,1347,6735
ProtT5,5,6,1.4838404439516923,0.9081048627030699,1.6339968046585334,2.878061180787784e-47,1347,6735
ProtT5,5,7,0.9830437018062419,0.5496683552606777,1.788430591642915,1.1331424173862883e-74,1347,6735
ProtT5,5,8,1.0628960714927849,0.9540980587557855,1.1140323174736149,4.291715231348627e-28,1347,6735
ProtT5,5,9,1.7578296109137928,0.7618425466966523,2.30733977583129,9.842982051986114e-70,1347,6735
ProtT5,5,10,1.135882654452023,0.7086377659990952,1.6029101311733833,4.2094251612071007e-44,1347,6735
ProtT5,5,11,1.2827345884191432,0.9517205434457939,1.3478059260703585,7.91165036081551e-22,1347,6735
ProtT5,5,12,1.114715734763595,0.8712782918566142,1.2794026262128464,1.5022827866039904e-11,1347,6735
ProtT5,5,13,1.2284033647181816,0.7122935826812041,1.7245745217782886,1.4204482478903001e-95,1347,6735
ProtT5,5,14,1.0367898353401077,0.9731714646552524,1.065372211368109,6.423312301862987e-06,1347,6735
ProtT5,5,15,1.0429823435760022,0.9457931507226708,1.1027594593797494,2.904608258517663e-14,1347,6735
ProtT5,5,16,1.0861537284822755,0.9838474967520415,1.1039858637319053,3.276639624064765e-17,1347,6735
ProtT5,5,17,1.3423898494411772,0.9178409669871851,1.4625516813087727,1.942315332551142e-22,1347,6735
ProtT5,5,18,0.69927980781221,1.0759375851864097,0.64992599704662,1.0,1347,6735
ProtT5,5,19,0.7081716830587068,0.8589031851017307,0.8245069937362371,0.9999999999995131,1347,6735
ProtT5,5,20,1.0588416515143606,0.9409374166260672,1.1253050764109949,6.409273624194777e-14,1347,6735
ProtT5,5,21,1.5831951319773108,0.8522617943302826,1.8576394512925505,5.281395495274734e-40,1347,6735
ProtT5,5,22,1.3019432798525803,0.6119475655672545,2.1275405820852042,2.5972929435681747e-92,1347,6735
ProtT5,5,23,1.026018648211303,0.9891576912815516,1.0372649955155222,2.7292776962566923e-06,1347,6735
ProtT5,5,24,1.2766308122506032,0.8281825733255614,1.5414847563434,3.651489882263614e-68,1347,6735
ProtT5,5,25,1.016791685652361,0.4983522538352915,2.0403071879924055,1.1455613028382008e-88,1347,6735
ProtT5,5,26,1.420378528529835,0.958239673594678,1.4822789826698777,4.1775236846034695e-72,1347,6735
ProtT5,5,27,1.0403832065324563,0.9666594847273455,1.0762664857376383,8.546283839590923e-07,1347,6735
ProtT5,5,28,1.047906661794729,0.9903843393304566,1.0580808078035242,0.0007088893830674169,1347,6735
ProtT5,5,29,1.6841154941029255,0.8764969925572452,1.9214161695973344,6.074318677064163e-42,1347,6735
ProtT5,5,30,1.7483898295945561,0.8490163212629628,2.059312389888714,1.439725683946525e-57,1347,6735
ProtT5,5,31,1.4607222683799648,0.7560859028816931,1.9319527884499232,4.114040848377407e-43,1347,6735
ProtT5,6,0,0.6938466763797299,0.5006046484909681,1.3860172462866138,1.7593045481874221e-22,1347,6735
ProtT5,6,1,1.305340897886507,0.8045875634276256,1.6223727002759287,2.4980083565999552e-39,1347,6735
ProtT5,6,2,0.7926890763337292,0.40282595846152075,1.9678202451529683,7.313325148414467e-95,1347,6735
ProtT5,6,3,1.4023264408465572,0.9019821654095328,1.5547163731445288,2.0549830871076435e-33,1347,6735
ProtT5,6,4,4.424782651392902,0.6714372498951935,6.590016642781702,2.906027706678634e-26,1347,6735
ProtT5,6,5,1.3049720135457266,0.8693248927194982,1.5011326886814422,1.7134914109635667e-09,1347,6735
ProtT5,6,6,1.7343399285739143,0.83546152773307,2.075906395450487,9.210327564502016e-35,1347,6735
ProtT5,6,7,1.2569852629323846,0.8041723102663035,1.563079512792639,4.072804364589476e-48,1347,6735
ProtT5,6,8,1.2682356689271876,0.9204511250224747,1.3778414023843157,7.535799863305491e-66,1347,6735
ProtT5,6,9,1.0467378861300576,0.8199255237423586,1.2766255663715247,6.084969722009603e-25,1347,6735
ProtT5,6,10,0.9663615633844886,0.5910519858334095,1.6349857314528367,1.6311067986138164e-85,1347,6735
ProtT5,6,11,1.5202362128514755,0.9419401467598715,1.613941414516467,4.276364009216226e-44,1347,6735
ProtT5,6,12,1.056573699294149,0.9701287057900659,1.0891067267550678,0.9174919319234351,1347,6735
ProtT5,6,13,1.2601714838675064,0.9578400088666366,1.3156388041867277,5.757105695190494e-11,1347,6735
ProtT5,6,14,1.1060405184626136,0.6732663093006159,1.6427979585248522,1.1111565944040605e-100,1347,6735
ProtT5,6,15,1.129236120777654,0.9804681518826559,1.1517315668125883,1.8372559529248634e-27,1347,6735
ProtT5,6,16,1.2134428866810505,0.9516303138194832,1.275120043003623,4.0386965174667164e-51,1347,6735
ProtT5,6,17,1.2863353794383932,0.8848886038164961,1.453669279828523,1.5946059075147782e-17,1347,6735
ProtT5,6,18,1.2082412141999583,0.9283781871498294,1.301453686572843,2.5311984829615556e-24,1347,6735
ProtT5,6,19,0.7670949639969609,1.0490158341598228,0.7312520354960534,1.0,1347,6735
ProtT5,6,20,0.8710105120029463,0.7412872773236315,1.174997249578695,1.528760877072371e-25,1347,6735
ProtT5,6,21,1.1569918467543616,0.8717088140021808,1.3272687257140285,1.0325583802857945e-05,1347,6735
ProtT5,6,22,1.0028793459568717,0.6415726212102922,1.5631579540676062,2.3314533889748143e-64,1347,6735
ProtT5,6,23,1.0615406560296028,0.9894825596232368,1.072824018680838,2.4115222162890004e-10,1347,6735
ProtT5,6,24,1.250318486157752,0.6596490969017159,1.8954296944092424,9.230692129818454e-52,1347,6735
ProtT5,6,25,1.1315947251578304,0.6761997254052335,1.6734622666101904,1.973881309168918e-58,1347,6735
ProtT5,6,26,1.3422558847496753,0.9632693420274221,1.3934377709193866,1.495924931307677e-20,1347,6735
ProtT5,6,27,0.6174645823908455,0.708868236017829,0.8710569200554719,0.999999999999961,1347,6735
ProtT5,6,28,1.018719804136507,1.0042777714945248,1.0143805160802177,0.03205056824338546,1347,6735
ProtT5,6,29,1.068365673356881,0.889263676995247,1.2014048262567134,3.682906286795718e-20,1347,6735
ProtT5,6,30,0.9418207181323079,0.8435160522914057,1.1165415472223181,0.0005384577195495641,1347,6735
ProtT5,6,31,2.0043106135741464,0.6779587075191688,2.9563903986253854,6.0571494457879195e-77,1347,6735
ProtT5,7,0,0.8491407364673232,0.5326284248561618,1.5942460012280357,4.45407479641034e-15,1347,6735
ProtT5,7,1,1.481220350145143,0.8110688332017475,1.826257266350537,5.805778115102718e-22,1347,6735
ProtT5,7,2,1.0353342352217891,0.6785194719820087,1.5258725474708876,5.243068983351605e-58,1347,6735
ProtT5,7,3,0.8884757650102079,0.6117727184791253,1.4522971328616447,1.0016352516967048e-09,1347,6735
ProtT5,7,4,1.313874401157665,0.9483265129831339,1.3854662747165358,5.804641850753078e-22,1347,6735
ProtT5,7,5,1.1484964054960096,0.9712054891947383,1.1825472758069662,6.757816251775697e-05,1347,6735
ProtT5,7,6,0.7894071877754965,0.9052212087154035,0.8720599784617747,0.9999999446895036,1347,6735
ProtT5,7,7,1.2634316765120406,0.7701986945817093,1.640397062991912,8.434352073163057e-38,1347,6735
ProtT5,7,8,1.1029631820712695,0.9641366574882841,1.1439905053964534,3.916923737086126e-15,1347,6735
ProtT5,7,9,1.4783652234095153,0.6513950747211685,2.269536999557962,8.004583918458554e-16,1347,6735
ProtT5,7,10,1.0519553724712323,0.7185623338865013,1.4639723276079641,4.250371265868124e-07,1347,6735
ProtT5,7,11,2.6265779762862786,0.888653041100449,2.955684451418406,1.9613204879030478e-21,1347,6735
ProtT5,7,12,1.3082357405200213,0.9268669825088739,1.4114600748630035,3.805056390395678e-15,1347,6735
ProtT5,7,13,1.2407142282328787,0.9368435752772365,1.324355806000718,1.7174192310272177e-10,1347,6735
ProtT5,7,14,1.085645328739792,0.9832934225941908,1.1040909089736097,0.09113895519613796,1347,6735
ProtT5,7,15,1.0565780945503898,0.8683432802060134,1.21677465425853,6.297069416679115e-31,1347,6735
ProtT5,7,16,1.0411600794009837,0.9429563526586859,1.1041445094095927,0.06409496587112587,1347,6735
ProtT5,7,17,1.5223962320782294,0.9002633528790831,1.6910565416325536,3.492249814318265e-26,1347,6735
ProtT5,7,18,0.9826322582445944,0.9703631043522642,1.0126438792213972,0.9912956279378875,1347,6735
ProtT5,7,19,0.6944095806979921,0.809472870915221,0.8578540500225363,0.9998262941571078,1347,6735
ProtT5,7,20,0.9315396700422235,0.8988356649034892,1.0363848547801513,0.2984234430747479,1347,6735
ProtT5,7,21,1.1527185702023015,0.8369975089318856,1.3772066916582772,2.492601041189068e-36,1347,6735
ProtT5,7,22,0.9698290354070968,0.5258879097285055,1.844174428554138,1.9925479760125428e-28,1347,6735
ProtT5,7,23,1.0457382145508538,0.9924606040042687,1.0536823429883528,2.0930274807693432e-11,1347,6735
ProtT5,7,24,1.0648350308537926,0.5028480507129196,2.117607952032644,1.1436520052106173e-22,1347,6735
ProtT5,7,25,3.15814128555717,0.8111219013896622,3.893547049027347,1.933663779998013e-28,1347,6735
ProtT5,7,26,1.5247345990221326,0.755407880232258,2.0184255935393964,2.167342712902615e-50,1347,6735
ProtT5,7,27,0.7679700731080642,0.7890025704545982,0.973342929244938,0.996858629602265,1347,6735
ProtT5,7,28,0.8686619272210816,0.8425957014937708,1.030935626280908,0.9789420331505367,1347,6735
ProtT5,7,29,1.7618950700087288,0.774096625313196,2.276066078050494,1.6622919787214574e-57,1347,6735
ProtT5,7,30,0.6279310355296203,0.7621950383175721,0.8238456090132535,0.5703219432954227,1347,6735
ProtT5,7,31,2.50433295235071,0.628882008122796,3.982198441049552,4.094130811159225e-54,1347,6735
ProtT5,8,0,0.9128867462996474,0.9119352469554015,1.0010433847659936,0.12542965251958132,1347,6735
ProtT5,8,1,1.5029071901317164,0.8186086177471928,1.8359288645991902,5.421759281858896e-30,1347,6735
ProtT5,8,2,0.7606580659205062,0.5514293192047142,1.379429855158132,0.2821357526632032,1347,6735
ProtT5,8,3,1.2983944219576489,0.6669647080861115,1.9467213275548814,1.0110982075020763e-59,1347,6735
ProtT5,8,4,2.5317663746404047,0.8191585141460189,3.090691643826466,2.1336522119965734e-67,1347,6735
ProtT5,8,5,1.1908437931369478,0.8086662875871439,1.4726022481908145,0.007332278119533376,1347,6735
ProtT5,8,6,0.6728346158419172,0.622766160858766,1.0803968778812725,6.801063399614756e-07,1347,6735
ProtT5,8,7,0.8548376625701066,0.3422334332597105,2.4978204333455536,1.6967952711510232e-107,1347,6735
ProtT5,8,8,1.7120962050904498,0.8728327671155809,1.9615397927238143,1.2357258912807528e-36,1347,6735
ProtT5,8,9,1.2022696270620548,0.34147978898057607,3.5207636465139136,7.058806498227855e-105,1347,6735
ProtT5,8,10,1.1146206363714795,0.6024200575388885,1.850238255553977,7.462647710573118e-25,1347,6735
ProtT5,8,11,1.3238432048069784,0.8838426347830248,1.497826822002052,1.8341556929926056e-61,1347,6735
ProtT5,8,12,1.6421105512974434,0.640765274376363,2.562733370493054,7.427378987104217e-44,1347,6735
ProtT5,8,13,1.5534978355402052,0.9386263274580086,1.6550759232882313,4.146090662898634e-06,1347,6735
ProtT5,8,14,1.038982637740987,0.4860294979239891,2.137694609440094,1.0284766761437063e-121,1347,6735
ProtT5,8,15,0.7989354689384975,0.6009603544262133,1.3294312396053272,2.281090719388753e-43,1347,6735
ProtT5,8,16,1.038641438983331,0.5192442692202289,2.0002944674634593,1.41442425493716e-94,1347,6735
ProtT5,8,17,2.298151459442569,0.877978456719504,2.617548804135158,2.383758605598751e-05,1347,6735
ProtT5,8,18,1.3153598618312685,0.686334319139465,1.9165002028173153,7.8774939942400525e-59,1347,6735
ProtT5,8,19,3.900561456602418,0.7271905470000609,5.363878109656025,6.284287314995663e-30,1347,6735
ProtT5,8,20,0.853814400472549,0.5034116601979369,1.696056066990655,2.5170125296257507e-83,1347,6735
ProtT5,8,21,1.1439227109143002,0.7418598155224864,1.54196613292586,5.9608675237737206e-55,1347,6735
ProtT5,8,22,0.7650049290306584,0.28788785417609153,2.6573018553354117,6.718186373621557e-49,1347,6735
ProtT5,8,23,0.9556651862356161,1.007708223678487,0.9483550533577115,0.09253182866586629,1347,6735
ProtT5,8,24,1.2248861288794253,0.5403270945163152,2.266934494513748,0.00018537617138917033,1347,6735
ProtT5,8,25,1.1646804384771063,0.48925771621216996,2.380504997435819,7.164237959480283e-25,1347,6735
ProtT5,8,26,1.0535893203067002,0.9101982360250789,1.157538301664727,0.02203148457192153,1347,6735
ProtT5,8,27,0.37847077979276866,0.4518656820567697,0.8375736304427294,0.9999999999999996,1347,6735
ProtT5,8,28,0.9320795615691119,1.0142906908291573,0.9189471716507228,0.999999146381019,1347,6735
ProtT5,8,29,1.1042064505324332,0.7841022222415553,1.4082429805845704,0.0002577474741263045,1347,6735
ProtT5,8,30,0.8990880545635266,1.066162236248376,0.8432938477799101,0.03141959288041062,1347,6735
ProtT5,8,31,1.9918610389443265,0.5979233637684438,3.3312982225523293,2.8158175288495116e-37,1347,6735
ProtT5,9,0,1.321521269098068,0.4186928157905516,3.156302709906421,1.3273021329529532e-52,1347,6735
ProtT5,9,1,1.275396787421121,0.9239781482359526,1.3803321970937217,0.027221289186479907,1347,6735
ProtT5,9,2,1.509966583365233,0.7757472026233064,1.9464673262875491,8.574578743893978e-18,1347,6735
ProtT5,9,3,1.7417322964516053,0.7868230263215131,2.21362649310659,7.969958880201593e-100,1347,6735
ProtT5,9,4,1.1075540951825817,0.7325787765854097,1.511856650208941,1.9362077708553684e-21,1347,6735
ProtT5,9,5,1.5214281429072707,0.9359980276627459,1.6254608428036816,3.923935969064203e-06,1347,6735
ProtT5,9,6,5.683748093727525,0.6509613473236605,8.731314258666027,2.767136142238808e-20,1347,6735
ProtT5,9,7,1.1191717089771251,0.9864704497407433,1.1345212715406299,0.8168022382583536,1347,6735
ProtT5,9,8,1.7679346844985384,0.9093365075239537,1.9442029104412346,0.02699527658916364,1347,6735
ProtT5,9,9,0.885650782029365,0.40665072276137365,2.177915179924746,1.7954933189813306e-28,1347,6735
ProtT5,9,10,1.050934574209325,0.5103622028716157,2.059193585058048,0.0002528413295819833,1347,6735
ProtT5,9,11,1.5016328603493876,0.9225282710131311,1.6277364147336941,2.3986373595368123e-32,1347,6735
ProtT5,9,12,0.6474089647277514,0.5892861007316607,1.0986326742204255,0.004775669024306683,1347,6735
ProtT5,9,13,1.4400377393919357,0.9496034028889431,1.5164622778424788,1.8956010179367047e-05,1347,6735
ProtT5,9,14,1.1813684816084353,0.961224052582127,1.2290250940297807,6.577524821696298e-08,1347,6735
ProtT5,9,15,1.0479708234734595,0.8807758016947383,1.1898269928136243,7.469243276582156e-37,1347,6735
ProtT5,9,16,0.916821452185412,0.6304050278468936,1.4543371510166323,1.8444911775558513e-64,1347,6735
ProtT5,9,17,3.002709822736144,0.7573437368595431,3.964791252103569,0.019704572171657206,1347,6735
ProtT5,9,18,1.416369873590618,0.9596910687668198,1.4758602217801398,5.614333591082495e-43,1347,6735
ProtT5,9,19,1.2869600269116555,0.8903223299679264,1.4454989879429598,3.721629442478959e-52,1347,6735
ProtT5,9,20,1.044542931412978,0.8235281057152468,1.2683755711115365,0.029570247070462078,1347,6735
ProtT5,9,21,1.3244719530090014,0.9486580240522922,1.396153217943997,7.818211923200791e-11,1347,6735
ProtT5,9,22,1.2238035931265079,0.6371634071990129,1.9207060218765242,1.341478747795606e-50,1347,6735
ProtT5,9,23,1.0711514955108574,0.8930884459678916,1.1993789644764563,3.07010102979601e-39,1347,6735
ProtT5,9,24,1.5710704324859641,0.6450111009672826,2.435726191580158,2.4206573143527306e-110,1347,6735
ProtT5,9,25,1.3885645763734225,0.7328810297478192,1.8946657370176723,4.2999950099419487e-16,1347,6735
ProtT5,9,26,1.5402690431499977,0.4776135779524522,3.224927251342373,1.6664603783692893e-94,1347,6735
ProtT5,9,27,1.7207840974010533,0.9307707176973135,1.8487733495293006,9.154591390513805e-65,1347,6735
ProtT5,9,28,0.9319908861416574,0.9686678766761786,0.9621366709708882,0.9999617982108513,1347,6735
ProtT5,9,29,1.4703515498126625,0.6943194938042293,2.1176872649167526,3.0196186136509377e-89,1347,6735
ProtT5,9,30,1.2444794675378155,0.9952608942543035,1.250405270338928,1.0,1347,6735
ProtT5,9,31,2.540178838445243,0.5775841252044474,4.397937421749769,8.997462386416694e-56,1347,6735
ProtT5,10,0,2.6875880353965846,0.5780969122735854,4.64902679522474,3.1734562285150557e-100,1347,6735
ProtT5,10,1,1.3230831879726939,0.9347072066071305,1.4155054958603768,0.3398750132105175,1347,6735
ProtT5,10,2,1.6638871881814912,0.6407354013603,2.59683979478738,1.0707094865547618e-145,1347,6735
ProtT5,10,3,1.2968954809878435,0.8521031810870946,1.5219934742331236,2.4994193297939913e-81,1347,6735
ProtT5,10,4,1.0761183630384688,0.9812089338068972,1.0967270333172994,2.5216390632958998e-15,1347,6735
ProtT5,10,5,1.8162235523385302,0.9092949021190029,1.9973977068452036,1.2751906308727715e-30,1347,6735
ProtT5,10,6,0.9582964947423673,1.0147335559417339,0.9443823840564831,0.006156744997079656,1347,6735
ProtT5,10,7,1.5510166001125185,0.7289394002006774,2.1277716634407784,8.032755695014294e-111,1347,6735
ProtT5,10,8,1.467821921254408,0.929528962654278,1.5791029437781365,6.75949445855237e-29,1347,6735
ProtT5,10,9,1.2630305300842148,0.6452885011079671,1.9573113853967306,1.8576795722544846e-28,1347,6735
ProtT5,10,10,1.378820837030786,0.7527912845059334,1.831611052638214,9.751895278416948e-15,1347,6735
ProtT5,10,11,1.9967409628094261,0.8369810425801549,2.385646581258386,6.110434665946062e-53,1347,6735
ProtT5,10,12,2.479057419627529,0.8676910694918105,2.8570737982580177,2.6704600967029522e-71,1347,6735
ProtT5,10,13,1.3958224584725316,0.8190099227667386,1.7042802775297687,6.175735539087909e-47,1347,6735
ProtT5,10,14,1.1352391119081175,0.5574611898873945,2.036445105958735,1.305378932027075e-159,1347,6735
ProtT5,10,15,1.1949174706813752,0.8987355980593449,1.3295539569831003,1.2697341858680291e-67,1347,6735
ProtT5,10,16,1.119190105616648,0.8803993049513966,1.271230110385462,9.159074623272788e-23,1347,6735
ProtT5,10,17,1.878759983122216,0.8671902266447864,2.1664911865891945,2.3523857217594417e-18,1347,6735
ProtT5,10,18,3.352614144351452,0.785925080002726,4.265819006997236,1.9769491654673295e-84,1347,6735
ProtT5,10,19,0.8124064988530647,0.6407699868160438,1.267859786769781,2.3388948308418277e-15,1347,6735
ProtT5,10,20,0.9611353771546725,0.6478747259535078,1.4835204070356722,3.745301156740791e-79,1347,6735
ProtT5,10,21,1.9966248963263271,0.8828200670906412,2.261644213532959,1.9889204279248046e-33,1347,6735
ProtT5,10,22,3.1617573240375023,0.6763273186743834,4.6748922256084775,1.664160972206661e-151,1347,6735
ProtT5,10,23,1.2076352578936989,0.9484102040993875,1.273325880166454,1.9609343251997464e-73,1347,6735
ProtT5,10,24,1.0192245336134698,0.3804175135464516,2.6792261063685636,3.2116389805008153e-40,1347,6735
ProtT5,10,25,1.4070528819106116,0.5903447774930981,2.383442583985698,5.868724127832665e-81,1347,6735
ProtT5,10,26,2.1522315463580814,0.8869556452489908,2.426537964876356,0.644442511898586,1347,6735
ProtT5,10,27,0.663989275937268,0.6849439455299973,0.9694067379827485,0.9999999999999998,1347,6735
ProtT5,10,28,3.3163067563516435,0.8502582054449703,3.900352545984666,0.9999900843642775,1347,6735
ProtT5,10,29,0.8201733131097172,0.9915056943716433,0.827199801035428,0.999999999999948,1347,6735
ProtT5,10,30,2.684808381327719,0.8353003056560876,3.2141834058338254,1.5918687063490112e-110,1347,6735
ProtT5,10,31,2.5075635563114793,0.6460226578631043,3.8815411902206773,1.1722976589830573e-42,1347,6735
ProtT5,11,0,2.193980963918662,0.7730152586078148,2.8382117163766964,7.020369673348175e-131,1347,6735
ProtT5,11,1,1.18682761641901,0.8847464252066949,1.3414325083503362,0.0022321221025243844,1347,6735
ProtT5,11,2,2.4416430954058788,0.825836118203937,2.9565709728415204,0.09362226683186264,1347,6735
ProtT5,11,3,1.3911708727003294,0.9354828447258375,1.4871153228983482,2.972583117180772e-78,1347,6735
ProtT5,11,4,0.9330901753132487,0.9984416359162985,0.9345465390742895,0.9999804633380113,1347,6735
ProtT5,11,5,2.3489660703436748,0.8009691789226348,2.932654753960964,1.885921967325788e-32,1347,6735
ProtT5,11,6,3.0642294540348636,0.8032535589794451,3.8147723340660304,9.04092722615852e-96,1347,6735
ProtT5,11,7,2.2422705567493737,0.6667534389934808,3.3629681162713845,4.919744554312183e-185,1347,6735
ProtT5,11,8,1.5132366086964086,0.9461871106799833,1.5992995377086796,3.6887417203641145e-33,1347,6735
ProtT5,11,9,2.1138461310507726,0.5675635708112936,3.7244217912526927,7.385314226735634e-133,1347,6735
ProtT5,11,10,1.4438117918653142,0.4231768545081373,3.411840171512856,9.574119524809994e-142,1347,6735
ProtT5,11,11,1.128826591644627,0.9748967431966871,1.1578934892563122,1.1895018278852731e-24,1347,6735
ProtT5,11,12,2.4103671769876347,0.8697517604587162,2.7713277357626525,7.908781742213838e-46,1347,6735
ProtT5,11,13,1.4441914944269962,0.5882828851939133,2.4549269250812107,3.445300936012596e-139,1347,6735
ProtT5,11,14,0.9432450416978413,0.5714833079042838,1.6505207215182964,2.6920371386669835e-107,1347,6735
ProtT5,11,15,0.935070692032642,0.6677341724557175,1.4003636935245418,1.2367503267742477e-45,1347,6735
ProtT5,11,16,1.1353930138444228,0.7481978633798487,1.517503683738804,1.0894045028643493e-75,1347,6735
ProtT5,11,17,1.6249011973584238,0.912145547505742,1.7814056120777095,0.11602068328707005,1347,6735
ProtT5,11,18,1.2780390614125139,0.9048449000165298,1.4124399235594591,9.470521294980536e-59,1347,6735
ProtT5,11,19,1.2392888058532852,0.9683916257590652,1.2797392840751587,4.8303771275571273e-29,1347,6735
ProtT5,11,20,1.152191411324935,0.7052880641877785,1.6336465478851083,6.124627422709961e-99,1347,6735
ProtT5,11,21,2.023638866172513,0.8324121669211384,2.431053925674094,4.589063470157246e-79,1347,6735
ProtT5,11,22,1.7439933386040158,0.5804213084197523,3.004702469232548,5.481960420625917e-149,1347,6735
ProtT5,11,23,1.0584524674334168,0.8092052887348042,1.3080147672889182,5.361721807132749e-63,1347,6735
ProtT5,11,24,1.2566864987878155,0.7570903322124977,1.6598897718259236,3.852174174906001e-110,1347,6735
ProtT5,11,25,1.9692778838680864,0.6889602814060543,2.8583329649266793,3.347050509371976e-124,1347,6735
ProtT5,11,26,2.4845808067406736,0.8992728524324889,2.762877584951002,2.864218926485867e-88,1347,6735
ProtT5,11,27,0.6864979722009559,0.6240804897384813,1.1000151158204456,0.0772141948112448,1347,6735
ProtT5,11,28,2.598069857205828,0.7856124572074228,3.307062958804213,9.270376433817258e-128,1347,6735
ProtT5,11,29,1.5003683859096604,0.8667984246676642,1.7309311406338916,5.817354880005381e-122,1347,6735
ProtT5,11,30,0.7070275797344794,0.8868743964452255,0.7972127536530438,1.0,1347,6735
ProtT5,11,31,1.725190319126415,0.8819287997488632,1.956156006718091,1.5665842911648225e-124,1347,6735
ProtT5,12,0,1.7382213235697928,0.5770247281703935,3.01238619197703,1.638593157441773e-113,1347,6735
ProtT5,12,1,1.9572464136521552,0.8643334947343924,2.2644574409945926,7.966769961511884e-41,1347,6735
ProtT5,12,2,3.4104945261388155,0.8258068433052181,4.129893756376026,8.003858566028899e-126,1347,6735
ProtT5,12,3,2.3927872168548743,0.8105048640533651,2.9522182074126686,1.923427408164704e-05,1347,6735
ProtT5,12,4,0.9553031429327588,0.9735512017672736,0.9812561899144191,0.4194865063379416,1347,6735
ProtT5,12,5,2.611951973850672,0.7797629324524333,3.3496744525106097,3.768597240353839e-13,1347,6735
ProtT5,12,6,2.0789022806758073,0.8465051958272434,2.455864761283845,7.264898543007357e-51,1347,6735
ProtT5,12,7,2.959792716996972,0.8692858621644018,3.40485546334263,6.9370269128233e-132,1347,6735
ProtT5,12,8,1.9313764111944367,0.8513968849323729,2.2684795368353354,2.763883178463361e-29,1347,6735
ProtT5,12,9,1.5775363528471835,0.8155117043408094,1.9344128900299846,1.153601928457263e-74,1347,6735
ProtT5,12,10,1.3046133696988678,0.7735980401325863,1.6864227958427496,1.5769198540030045e-26,1347,6735
ProtT5,12,11,1.4946156298574378,0.9289517794172235,1.6089270325689915,4.1358447118819944e-88,1347,6735
ProtT5,12,12,1.4474158340148247,0.7546421110497286,1.9180162527657358,1.1567647607175169e-77,1347,6735
ProtT5,12,13,1.425811608986405,0.9365411227423789,1.5224228540134412,5.685767466180612e-25,1347,6735
ProtT5,12,14,1.4465312094005196,0.9597862373924114,1.5071389368225552,2.629488230319485e-75,1347,6735
ProtT5,12,15,1.297717869680018,0.6923549366068115,1.8743534581266261,1.019435295876435e-93,1347,6735
ProtT5,12,16,1.159966325087289,0.7089601807003121,1.6361515874438424,3.0895988355340214e-112,1347,6735
ProtT5,12,17,1.8511277774394488,0.8650921091647527,2.1398042564816766,2.7558143923712085e-46,1347,6735
ProtT5,12,18,1.3934528263038233,0.9069103804533802,1.5364834898098885,3.2645913645183506e-95,1347,6735
ProtT5,12,19,1.2427057324291249,0.9422805163093912,1.3188277916393754,7.449321444353227e-48,1347,6735
ProtT5,12,20,1.052294350944808,0.5899542793664742,1.7836879699810304,1.802862688018117e-56,1347,6735
ProtT5,12,21,1.910576744617669,0.8704038307059669,2.1950463419583515,2.580711110802999e-16,1347,6735
ProtT5,12,22,1.5557053020111968,0.543603092524947,2.8618404188710582,1.1660610345284978e-172,1347,6735
ProtT5,12,23,1.2351845880747727,0.8702627293870638,1.4193237816179116,5.485322598142645e-78,1347,6735
ProtT5,12,24,1.8758401736207777,0.7551014130612879,2.4842228357325626,4.4458153396326995e-90,1347,6735
ProtT5,12,25,1.8592067568410124,0.8300446734750545,2.2398875822638327,2.195592671378446e-112,1347,6735
ProtT5,12,26,3.215215806175181,0.6150807041544868,5.227307220757215,6.849557453922494e-81,1347,6735
ProtT5,12,27,2.282457981803458,0.793890307227505,2.8750294102650815,2.0606333991583272e-104,1347,6735
ProtT5,12,28,0.7831571334011924,0.9792165505594028,0.7997793061747104,1.0,1347,6735
ProtT5,12,29,1.7200832579342984,0.8921915961975687,1.9279303518046136,1.2630274306344201e-77,1347,6735
ProtT5,12,30,1.9243210960337207,0.8351458327895903,2.3041737388618944,2.2737420723948434e-07,1347,6735
ProtT5,12,31,1.512701248361521,0.684674568431149,2.2093726247605447,1.3946523490887988e-38,1347,6735
ProtT5,13,0,2.1233678363213824,0.5985480084097111,3.5475313700616633,5.621419324026909e-84,1347,6735
ProtT5,13,1,1.3451826496308348,0.9191486134914973,1.4635094150019936,0.0032796358573840357,1347,6735
ProtT5,13,2,1.3018105102629687,0.801904156408048,1.6233991305072422,6.792455077998255e-44,1347,6735
ProtT5,13,3,1.694012818198427,0.8921525214633502,1.8987928380450332,1.9784552903355651e-115,1347,6735
ProtT5,13,4,3.6431794141784986,0.6160733455893015,5.913548184256594,9.12074141369319e-101,1347,6735
ProtT5,13,5,2.4749435504100545,0.8008521744827917,3.090387501299386,0.5157782336312821,1347,6735
ProtT5,13,6,2.2996431958170938,0.858655326633694,2.6781912654437314,5.946091614525363e-150,1347,6735
ProtT5,13,7,1.4077257639227219,0.7322080579614675,1.9225761702786444,6.620736939795089e-115,1347,6735
ProtT5,13,8,1.8616257280266189,0.784716818398162,2.372353547648877,1.634590266947025e-95,1347,6735
ProtT5,13,9,1.655859230001856,0.81641820781569,2.028199780639475,7.20806215319244e-88,1347,6735
ProtT5,13,10,1.1204812234653396,0.49047445794256334,2.284484350450218,2.0650350968795982e-144,1347,6735
ProtT5,13,11,1.5723244851840896,0.9513137058408152,1.6527928437595634,9.581110923437083e-19,1347,6735
ProtT5,13,12,1.1800444673058186,0.5184860897843008,2.27594238409894,2.9035506471628794e-45,1347,6735
ProtT5,13,13,1.4704059241166714,0.9425368095913372,1.5600514581008313,2.861812858996415e-15,1347,6735
ProtT5,13,14,1.5171777941867344,0.6726957551974585,2.2553699536001863,7.967879020374392e-165,1347,6735
ProtT5,13,15,1.4642269641448589,0.8662296014798511,1.6903451020877143,2.2917866816644334e-104,1347,6735
ProtT5,13,16,1.2767192158065377,0.8271983531110801,1.5434257225063572,3.464589583096642e-43,1347,6735
ProtT5,13,17,1.7719741968552802,0.8884676048998136,1.9944162140330302,2.117140117596782e-49,1347,6735
ProtT5,13,18,3.3621145586836487,0.7615240299533541,4.414981571743166,8.359170332279124e-148,1347,6735
ProtT5,13,19,1.131005641877784,0.8761889122819227,1.2908239604769975,1.148463939646337e-47,1347,6735
ProtT5,13,20,0.9817361130746276,0.5493964995998051,1.7869355079432616,1.9920590139820867e-102,1347,6735
ProtT5,13,21,2.035418877888363,0.8639025307976058,2.356074678944561,7.857673698453706e-85,1347,6735
ProtT5,13,22,1.588813221003271,0.8073812641916933,1.967859908904259,2.538083949626528e-65,1347,6735
ProtT5,13,23,1.1046428043221046,0.9908595163731905,1.1148329163405437,5.242527681567812e-10,1347,6735
ProtT5,13,24,1.2160310582399545,0.7375470496321397,1.648750488319985,4.2213622889465203e-78,1347,6735
ProtT5,13,25,1.550817952655206,0.7950649785393684,1.9505549791719516,1.1289904924540029e-41,1347,6735
ProtT5,13,26,2.951563211397144,0.6627445235107241,4.453545984449593,1.867360489034265e-102,1347,6735
ProtT5,13,27,2.692530574671144,0.7964192396813883,3.380795491264507,6.387167465585912e-89,1347,6735
ProtT5,13,28,2.914861485085491,0.794848823122564,3.6671897853914612,1.9626870419764324e-117,1347,6735
ProtT5,13,29,3.760021609028092,0.6824540209752503,5.509560341742718,1.1677154145714906e-87,1347,6735
ProtT5,13,30,2.2755782616607507,0.8215964579989313,2.769703106076086,3.9645449495304004e-09,1347,6735
ProtT5,13,31,1.9532378719927386,0.7749092198338611,2.520602184100363,6.114721303486515e-52,1347,6735
ProtT5,14,0,1.8858869024445237,0.6323253845761418,2.98246274536118,4.001435023245812e-120,1347,6735
ProtT5,14,1,1.393175721257018,0.8606860992726169,1.6186804021052725,1.4700503611778074e-08,1347,6735
ProtT5,14,2,2.073234575097439,0.8362231463437269,2.4792838899071112,3.017925968314177e-85,1347,6735
ProtT5,14,3,1.2850860618359086,0.9199871921326908,1.3968521223179802,1.8734962857878475e-11,1347,6735
ProtT5,14,4,1.0310202685655623,0.9716017079512632,1.061155265710257,1.045601644167648e-05,1347,6735
ProtT5,14,5,1.9676974040982276,0.8000686113092752,2.4594108258767733,9.811429056647596e-92,1347,6735
ProtT5,14,6,2.4176650695121102,0.8135035094988284,2.971917196769748,2.5084488945983725e-133,1347,6735
ProtT5,14,7,3.3261986090328044,0.6466680066534211,5.143595438169661,3.999621723640113e-108,1347,6735
ProtT5,14,8,1.499598423108934,0.9301136495452859,1.6122743966203035,1.120710108042987e-19,1347,6735
ProtT5,14,9,1.9094344311142817,0.7688920381428492,2.483358308308475,1.3934140099345897e-93,1347,6735
ProtT5,14,10,1.2073664902401748,0.4462439493860416,2.705619856361779,2.1230377820656576e-97,1347,6735
ProtT5,14,11,2.1103408235749583,0.8722669662328322,2.419374922208908,4.181204541003164e-53,1347,6735
ProtT5,14,12,1.6481895984856394,0.8193894599399127,2.0114849885993213,1.1341038601721046e-53,1347,6735
ProtT5,14,13,1.3241716142752122,0.5178715615955741,2.556949854893382,2.464877695097098e-172,1347,6735
ProtT5,14,14,1.7013338651140266,0.6640029465435342,2.5622384267574656,1.7895841987746661e-140,1347,6735
ProtT5,14,15,1.3963044413656505,0.8481617452484108,1.6462714207379145,9.988424212615348e-48,1347,6735
ProtT5,14,16,1.3882178948734456,0.813055515076907,1.7074084968750676,2.321315168658729e-52,1347,6735
ProtT5,14,17,2.8673322376004835,0.8022804676557171,3.573977372251,7.568801221946914e-11,1347,6735
ProtT5,14,18,1.9700540544018537,0.7803126560995645,2.52469832316866,6.944995197347602e-115,1347,6735
ProtT5,14,19,1.7402492373097624,0.8886002685728123,1.9584162855417433,3.504913215589058e-103,1347,6735
ProtT5,14,20,1.3780174113771344,0.9275242364397736,1.4856942355129634,5.863417564557022e-54,1347,6735
ProtT5,14,21,1.761651099303429,0.8919327745104862,1.9750940313526035,8.005248203056656e-96,1347,6735
ProtT5,14,22,2.1568527165039786,0.4431134422885637,4.867495568097427,7.435562144753243e-181,1347,6735
ProtT5,14,23,1.104357157978378,0.7842030231388039,1.4082541451550956,1.3086147108158133e-66,1347,6735
ProtT5,14,24,1.634650306163581,0.7446367202906052,2.1952319320562586,1.8335927912769722e-105,1347,6735
ProtT5,14,25,1.6402610093465804,0.6625102797170525,2.4758272581779557,6.289166148152201e-152,1347,6735
ProtT5,14,26,2.693623543493643,0.8122947970406604,3.316066474027668,8.348062362660252e-166,1347,6735
ProtT5,14,27,1.9840435433051458,0.8406697670441693,2.360074813063788,1.3981961637393353e-17,1347,6735
ProtT5,14,28,2.73584183747448,0.7228613747962777,3.7847392776319198,1.9937505056836537e-153,1347,6735
ProtT5,14,29,1.867450127888363,0.8727611380324332,2.139703575824163,1.0351538286423096e-110,1347,6735
ProtT5,14,30,2.491102279515822,0.8018638355960294,3.106640016586075,2.3871622059909043e-84,1347,6735
ProtT5,14,31,1.7264293735790182,0.8596173100234317,2.0083697169057224,1.3008628203168283e-29,1347,6735
ProtT5,15,0,1.4107686179429404,0.7393166500281296,1.9082062035113956,4.1992773999521328e-78,1347,6735
ProtT5,15,1,1.8935384884885973,0.9133964804781749,2.0730739924652495,1.7315904933350335e-51,1347,6735
ProtT5,15,2,1.6399928534039765,0.8503091768237867,1.928701815885305,6.816246290692113e-38,1347,6735
ProtT5,15,3,2.251843073674282,0.7744454251454331,2.9076846483422742,5.029063860112694e-36,1347,6735
ProtT5,15,4,1.4791899116816305,0.8899494491158013,1.6621055422319346,5.195655323255516e-56,1347,6735
ProtT5,15,5,1.6848259623526818,0.8985530521928069,1.8750433914180957,3.8709529253527213e-44,1347,6735
ProtT5,15,6,2.38830734060354,0.7192830970044833,3.32039964591112,6.748241765209623e-121,1347,6735
ProtT5,15,7,3.5495343339292758,0.7368838153773976,4.816952496251217,4.533659339415548e-101,1347,6735
ProtT5,15,8,2.0544629567804034,0.824530465424105,2.491676224144939,4.339586065730221e-61,1347,6735
ProtT5,15,9,1.7457845867697894,0.7856913226041957,2.2219725947632183,7.651818236804403e-52,1347,6735
ProtT5,15,10,1.2735430088057373,0.6421643920535942,1.9832040277615535,2.492486679527939e-122,1347,6735
ProtT5,15,11,2.2376964770163443,0.816565340151146,2.7403765099828354,1.0764458696601162e-86,1347,6735
ProtT5,15,12,1.427282479221766,0.9015151399812082,1.583204114854374,2.1810765532064765e-24,1347,6735
ProtT5,15,13,1.4033283327098414,0.9453825250411795,1.4844026576953222,1.9937038430065452e-23,1347,6735
ProtT5,15,14,1.514294823276262,0.9395435857171028,1.6117345126894593,8.727802693229841e-48,1347,6735
ProtT5,15,15,1.2830109571472486,0.6456397381551016,1.9871932926765294,6.412088628382438e-109,1347,6735
ProtT5,15,16,1.2477752413675356,0.5950088693552222,2.097069986065384,5.028690401045142e-143,1347,6735
ProtT5,15,17,1.3672897690034567,0.9318877018374164,1.4672258967551044,7.64566254806848e-58,1347,6735
ProtT5,15,18,2.5465061609711395,0.7453712808882297,3.4164264525144676,1.7676905495608535e-64,1347,6735
ProtT5,15,19,2.837733086782114,0.8328860480429601,3.4071084435259316,5.408631017019088e-16,1347,6735
ProtT5,15,20,1.0244219241181214,0.6575519315384013,1.5579331076123448,3.221157269396494e-35,1347,6735
ProtT5,15,21,1.1258749731753435,0.9401848762585839,1.1975038118627301,6.2560845219183805e-22,1347,6735
ProtT5,15,22,1.4788345076370522,0.5580862967102459,2.649831247164364,1.1876594643362117e-168,1347,6735
ProtT5,15,23,1.6832140361103378,0.8210247761953647,2.0501379311722663,7.958992517859882e-55,1347,6735
ProtT5,15,24,1.1497454285710142,0.7252953510241944,1.5852099795586048,1.2468875417688804e-67,1347,6735
ProtT5,15,25,1.9089342781412397,0.8530493506167496,2.237777072054614,1.4771305922605495e-90,1347,6735
ProtT5,15,26,3.091534632262957,0.7518041711253596,4.112154136675386,3.547789059090113e-20,1347,6735
ProtT5,15,27,2.1722446546434204,0.7689013803279569,2.825127786500917,1.0917030842655578e-83,1347,6735
ProtT5,15,28,1.3020618554832497,0.8821695601046307,1.4759768579283299,2.4374306016233675e-50,1347,6735
ProtT5,15,29,2.49603484450399,0.8074762515696049,3.091155733251717,1.584680766564159e-181,1347,6735
ProtT5,15,30,1.5482285123625417,0.8480272209546967,1.825682565495443,2.7768360729953176e-99,1347,6735
ProtT5,15,31,2.25372416404945,0.7614446060871671,2.959800550207657,1.2184148902898527e-21,1347,6735
ProtT5,16,0,2.1143363154014128,0.5995879626398009,3.5263154818729885,5.3392039737492264e-160,1347,6735
ProtT5,16,1,1.6041349709786215,0.8660313572986266,1.8522827810557911,4.29595924523482e-14,1347,6735
ProtT5,16,2,1.3347152562697198,0.8270795112728807,1.6137689763534153,6.004409863039603e-68,1347,6735
ProtT5,16,3,2.566388079920077,0.8198215589402955,3.130422775460309,1.082611734275056e-78,1347,6735
ProtT5,16,4,1.1172940169959575,0.8716283230402776,1.2818468462552792,1.3093382177632209e-20,1347,6735
ProtT5,16,5,2.340375190853807,0.7733147636022759,3.026419901712218,5.040124372899621e-72,1347,6735
ProtT5,16,6,1.7873006819262713,0.8528287461357995,2.0957322205948157,1.0074935923420423e-132,1347,6735
ProtT5,16,7,2.0470393463338667,0.7987037811619137,2.5629518660296537,3.915214431551795e-168,1347,6735
ProtT5,16,8,1.7472361088153072,0.8852798246682443,1.973654047148401,1.4115430803957284e-71,1347,6735
ProtT5,16,9,2.6671839758654214,0.721600063128567,3.696208068915054,6.614543039612388e-167,1347,6735
ProtT5,16,10,1.6052466989360037,0.7616247900698746,2.1076607797767872,1.0079736117592118e-90,1347,6735
ProtT5,16,11,1.6114846776836256,0.9050816389393965,1.7804854372827787,2.9157957395860596e-47,1347,6735
ProtT5,16,12,2.28570522656685,0.8191704323137788,2.7902682230739044,1.2637324946365252e-52,1347,6735
ProtT5,16,13,2.0269192679333705,0.8636751691765845,2.346853701798335,4.619374080843769e-156,1347,6735
ProtT5,16,14,1.2953338169927675,0.6310618954936752,2.052625623956327,2.8142350620658942e-170,1347,6735
ProtT5,16,15,1.3035448240012528,0.9464384196507285,1.3773160481823108,1.6141502928550768e-73,1347,6735
ProtT5,16,16,1.3792823389360616,0.9370195214626252,1.4719889045460797,7.751715828200271e-54,1347,6735
ProtT5,16,17,1.7764574941565747,0.8902297463873713,1.9955045328080663,2.117350756831448e-86,1347,6735
ProtT5,16,18,1.4629416009100082,0.8575665287734316,1.7059219918511024,3.456599623648662e-106,1347,6735
ProtT5,16,19,2.349645941719446,0.7496444566212678,3.1343471174449364,1.4737819286679398e-38,1347,6735
ProtT5,16,20,1.129023381313219,0.5551996515694599,2.0335448304437005,9.651854678007707e-109,1347,6735
ProtT5,16,21,2.220500399469887,0.8292217659613957,2.677812487104037,1.5407603981499816e-60,1347,6735
ProtT5,16,22,1.135382682726661,0.8786674080376459,1.2921643301443775,2.4495527337735095e-12,1347,6735
ProtT5,16,23,1.5393027437998794,0.7009790773115604,2.195932508718393,2.6084860149773184e-98,1347,6735
ProtT5,16,24,1.365874666413645,0.7324237016367753,1.8648695602849452,1.2703526255335895e-42,1347,6735
ProtT5,16,25,1.4603836070898293,0.8641559796237733,1.6899537138256393,1.1337045359674628e-32,1347,6735
ProtT5,16,26,3.5114891998132425,0.7663740128345107,4.581952337900459,1.751904720972599e-92,1347,6735
ProtT5,16,27,1.994666175304206,0.8055497054090832,2.4761553035281074,3.681448320697709e-86,1347,6735
ProtT5,16,28,0.9488764184443439,0.9367198057677362,1.0129778537848297,0.9046907685443977,1347,6735
ProtT5,16,29,2.511608687346302,0.7488407489009141,3.3539957474705155,1.971550109860827e-176,1347,6735
ProtT5,16,30,1.3228141711036099,0.856396305392916,1.5446285356131944,7.443278653815259e-39,1347,6735
ProtT5,16,31,1.9340545042585955,0.7601055572894917,2.5444551558804047,2.403516915934041e-62,1347,6735
ProtT5,17,0,1.308074911523945,0.7668255687733447,1.7058311104785038,1.1976268769790488e-97,1347,6735
ProtT5,17,1,1.5119176466728725,0.8842897456225061,1.7097536798965598,2.1565307342614887e-05,1347,6735
ProtT5,17,2,2.0134679713599666,0.6648163124996375,3.0286079530593115,5.564444106914321e-167,1347,6735
ProtT5,17,3,1.727502835619954,0.732958594126089,2.356890074642847,1.6842047053861833e-89,1347,6735
ProtT5,17,4,1.149524532960978,0.7919539668954737,1.4515042300592433,7.440323527884909e-07,1347,6735
ProtT5,17,5,1.9628507788303435,0.8320946096577464,2.3589274056680827,8.324847497849623e-35,1347,6735
ProtT5,17,6,1.3214746148124303,0.9349642633949286,1.4133958553817365,1.2411046486573308e-37,1347,6735
ProtT5,17,7,2.549366056786348,0.736507985852078,3.4614235089887657,2.9242460167799555e-189,1347,6735
ProtT5,17,8,1.4761460664631618,0.8794658714696577,1.6784574755543429,7.422657490973308e-78,1347,6735
ProtT5,17,9,2.2152539134999074,0.7866116099651425,2.8161978356740414,9.894440091237537e-116,1347,6735
ProtT5,17,10,1.3520788859683845,0.5746647858141791,2.352813186652412,1.2830071610113776e-164,1347,6735
ProtT5,17,11,1.5901722614200537,0.9225785734747283,1.7236171607920099,5.153261834486508e-63,1347,6735
ProtT5,17,12,2.864823308093688,0.6535787051398398,4.383287407567432,1.0358682845656585e-119,1347,6735
ProtT5,17,13,1.6031466953472995,0.926043841638827,1.7311779672441838,1.4945129384109764e-76,1347,6735
ProtT5,17,14,1.76208459844214,0.7237679326454621,2.434598880336548,3.3058756539306353e-163,1347,6735
ProtT5,17,15,1.3497171267457777,0.7961993902103053,1.6951999001019935,1.2049623544182942e-82,1347,6735
ProtT5,17,16,1.4026751840388942,0.8472585200909428,1.6555456814861351,8.939010295297417e-107,1347,6735
ProtT5,17,17,1.9383175629726939,0.8587112064262452,2.2572403253470013,4.2868785588037674e-97,1347,6735
ProtT5,17,18,2.2138376214721953,0.823142931597624,2.6894935696956006,5.912322912963568e-43,1347,6735
ProtT5,17,19,1.275103415395033,0.7146347872840978,1.7842728035126072,5.766261604727833e-79,1347,6735
ProtT5,17,20,1.2927880007510903,0.6727196844224144,1.9217335699951401,1.0983546282878317e-121,1347,6735
ProtT5,17,21,1.6633325249686803,0.869774910318648,1.9123712413816434,1.0111819006765651e-68,1347,6735
ProtT5,17,22,1.8737402379999537,0.7752146108467312,2.4170600138113416,3.3884442646784053e-127,1347,6735
ProtT5,17,23,1.267590268594562,0.8567544122935227,1.4795258132388673,4.1054385474569636e-86,1347,6735
ProtT5,17,24,1.8328361482910518,0.7379871110696659,2.4835611907021944,1.0038320624640256e-107,1347,6735
ProtT5,17,25,1.9959876294833425,0.7940080423220582,2.513812862204925,9.42607925727794e-80,1347,6735
ProtT5,17,26,2.040960027274151,0.7594101847058857,2.6875594617744043,6.534639341595952e-148,1347,6735
ProtT5,17,27,0.9759794488693044,0.6812536838590966,1.4326226367550416,3.1307077077760064e-29,1347,6735
ProtT5,17,28,1.4696336504080247,0.770178508121346,1.9081727611340662,2.4436004353670686e-102,1347,6735
ProtT5,17,29,1.8101576909190562,0.9020073633682489,2.0068103259818404,2.6264245005870612e-73,1347,6735
ProtT5,17,30,3.0366062654241777,0.7130230604142017,4.258777077504597,3.8257066376270833e-85,1347,6735
ProtT5,17,31,1.7581930974721023,0.8476204977623162,2.074269206695285,1.7337290600353988e-83,1347,6735
ProtT5,18,0,1.4335494122862726,0.725311413533438,1.9764605734005642,9.145055658617035e-48,1347,6735
ProtT5,18,1,1.4963522998155623,0.863923452585471,1.7320426888949665,2.4680677971160986e-29,1347,6735
ProtT5,18,2,1.988726756797513,0.8430683342721963,2.3589152574617103,4.3951831985482585e-69,1347,6735
ProtT5,18,3,1.2241796367506497,0.9585736836162247,1.277084545167592,8.15053356999369e-24,1347,6735
ProtT5,18,4,2.122645671932274,0.8738270397795158,2.4291370892663844,2.9864908275087525e-129,1347,6735
ProtT5,18,5,0.7826928221568764,1.0283309585356057,0.7611292995316117,1.0,1347,6735
ProtT5,18,6,1.9628386975396714,0.8550098716548928,2.295691269318971,8.644433738958632e-131,1347,6735
ProtT5,18,7,2.8231294740989816,0.7361485731185766,3.8349995872969522,1.1315173423309663e-153,1347,6735
ProtT5,18,8,1.7382235905817907,0.8725043763385141,1.9922233489260976,2.5683045003896628e-85,1347,6735
ProtT5,18,9,2.2262920331494755,0.826965211954662,2.692122958700143,1.2129695374929731e-99,1347,6735
ProtT5,18,10,1.073889694836906,0.8892717141970583,1.2076058168639077,2.001133245484316e-09,1347,6735
ProtT5,18,11,1.9460877869513271,0.8870141474689124,2.1939760402970716,1.3308588186386378e-33,1347,6735
ProtT5,18,12,0.9017190798707777,0.8999180058151506,1.0020013757297763,0.9998960476118964,1347,6735
ProtT5,18,13,1.5689477502812963,0.9170886429841199,1.7107918217982598,6.495654495796371e-97,1347,6735
ProtT5,18,14,1.2072950333423231,0.5819542480559374,2.0745531755724516,1.2004028844436147e-178,1347,6735
ProtT5,18,15,1.2721813176416341,0.7508810630973923,1.6942514336343397,3.2940372018289366e-113,1347,6735
ProtT5,18,16,1.2536054241630707,0.78093252656366,1.6052672689653675,8.235327973795084e-94,1347,6735
ProtT5,18,17,1.6521356323514058,0.8681235445811294,1.9031111904107647,2.3145007679967985e-79,1347,6735
ProtT5,18,18,1.1830180620563058,0.9242077935777422,1.2800347176003262,6.669233813402065e-34,1347,6735
ProtT5,18,19,2.4465015980607947,0.7688319811576725,3.1821017569755137,1.0697184903890227e-172,1347,6735
ProtT5,18,20,1.0130679350741811,0.9581761599472035,1.0572877696414429,1.0388939599794133e-09,1347,6735
ProtT5,18,21,1.5198265477826884,0.9067711958286934,1.6760860454921345,7.483147099354673e-59,1347,6735
ProtT5,18,22,1.6061176053665263,0.9178978051268444,1.7497782393592027,5.054622622457468e-112,1347,6735
ProtT5,18,23,1.2923873074424648,0.9701605600698311,1.3321375457165978,1.2835834195000859e-43,1347,6735
ProtT5,18,24,1.532880096322267,0.8466162111640596,1.810596201807458,4.4733068572502385e-93,1347,6735
ProtT5,18,25,2.056615318292676,0.8053621633369655,2.553652768800591,4.999119053349564e-95,1347,6735
ProtT5,18,26,2.105084051799137,0.7810636207450294,2.6951505560983247,1.7523965079756586e-234,1347,6735
ProtT5,18,27,1.325036539532294,0.8639582191472949,1.533681270883761,2.8492853858383044e-119,1347,6735
ProtT5,18,28,1.2797686173991973,0.8144253397306515,1.571376226852722,1.5961367368312164e-92,1347,6735
ProtT5,18,29,1.7112899814257378,0.8570328676355443,1.996761204908035,2.6453833115979615e-81,1347,6735
ProtT5,18,30,1.1469378566954342,0.8878810596536865,1.2917697074682408,1.7274622715246964e-31,1347,6735
ProtT5,18,31,1.9439899809907433,1.0344958378282758,1.8791665562152233,2.0241215487511534e-05,1347,6735
ProtT5,19,0,1.2170820682245267,0.8408118912796666,1.4475081535445447,2.6841992747392035e-65,1347,6735
ProtT5,19,1,1.3353687674360268,0.9263054279194289,1.4416074085146986,1.3830411059016763e-20,1347,6735
ProtT5,19,2,1.8973968664451095,0.8432031123126624,2.250225169640442,4.698009199821973e-55,1347,6735
ProtT5,19,3,1.495146866807605,0.6825588772893394,2.19050241166786,7.284828219088067e-159,1347,6735
ProtT5,19,4,1.4189418234821594,0.8790543905256762,1.6141684050217067,1.1199222903305646e-56,1347,6735
ProtT5,19,5,1.3292927788024314,0.9256757457254547,1.4360242071165652,2.515446513856094e-105,1347,6735
ProtT5,19,6,1.6705010066496149,0.8563206118305435,1.950789206251395,4.242488648307272e-102,1347,6735
ProtT5,19,7,1.7540057663043163,0.9026154476355515,1.9432481140213436,1.9327396774280748e-75,1347,6735
ProtT5,19,8,1.3451614209963112,0.9523250248490569,1.4125024397101384,3.352713698369826e-45,1347,6735
ProtT5,19,9,0.7221839865137226,0.43650665566402624,1.6544627146981665,7.792242662155557e-79,1347,6735
ProtT5,19,10,1.3563573620632656,0.883318894690023,1.535523999562177,6.882868471673596e-85,1347,6735
ProtT5,19,11,1.2277310491050715,0.984295719999159,1.247319300652979,3.0048811509111333e-06,1347,6735
ProtT5,19,12,1.029503859850594,0.9584785217874211,1.074102169687351,0.3255607195995136,1347,6735
ProtT5,19,13,1.221776994848216,0.5934162148388563,2.058887108738666,4.523570987142251e-188,1347,6735
ProtT5,19,14,1.503522458037537,0.8567147190515961,1.7549861401960885,5.015096991467005e-158,1347,6735
ProtT5,19,15,1.242607813369989,0.9515431518101568,1.305886980539063,7.658436237511978e-34,1347,6735
ProtT5,19,16,1.319304536339435,0.7323461044073636,1.8014768268714363,7.25188872990965e-146,1347,6735
ProtT5,19,17,1.126379385468866,0.9235370049763363,1.2196364405535944,1.4417752179553425e-31,1347,6735
ProtT5,19,18,0.8756035094625789,0.9952641340565841,0.8797699821591259,0.9999999998863519,1347,6735
ProtT5,19,19,0.8748306806829123,0.8650923810362727,1.0112569476510407,1.0,1347,6735
ProtT5,19,20,1.1227804409103563,0.6495735332712741,1.7284885904387088,1.1492848738723565e-144,1347,6735
ProtT5,19,21,1.475945442273339,0.9021992729430564,1.635941733203431,1.733545701494957e-98,1347,6735
ProtT5,19,22,1.8392781892704273,0.7201166063746259,2.5541393893554796,1.9350285038287181e-165,1347,6735
ProtT5,19,23,1.1135413404208425,0.7654939579273385,1.4546703195879973,9.819321005395595e-88,1347,6735
ProtT5,19,24,1.7253913228035682,0.8326786259323381,2.072097528469249,4.1916810932173584e-39,1347,6735
ProtT5,19,25,1.8295927890248005,0.807732970783599,2.2650960839816574,4.8860858925720927e-126,1347,6735
ProtT5,19,26,1.9141374006037724,0.8278983588385068,2.3120439606731384,4.842855597306671e-163,1347,6735
ProtT5,19,27,1.3890426624414207,0.7794609222751949,1.7820555498624575,5.769375788061382e-104,1347,6735
ProtT5,19,28,1.0123677073183464,1.000982018055169,1.0113745192798758,0.9986341298879561,1347,6735
ProtT5,19,29,1.6974373118649082,0.7989357226852496,2.1246231250741485,1.1907843303995392e-95,1347,6735
ProtT5,19,30,2.3966286934652237,0.6985575505336656,3.4308249787498686,1.3225049737467131e-204,1347,6735
ProtT5,19,31,1.6126544048986173,0.7876846353124493,2.0473351041802776,3.2268188669433903e-95,1347,6735
ProtT5,20,0,0.6228815204759129,0.4011527862208989,1.5527288900167748,2.2093158252726922e-71,1347,6735
ProtT5,20,1,1.4358179535614444,0.9287335934600037,1.5459954971719008,2.0851131608869645e-27,1347,6735
ProtT5,20,2,0.5354897174113047,1.0094997505125685,0.5304505693432935,1.0,1347,6735
ProtT5,20,3,1.5733113334899314,0.8982686496612844,1.7514930907175592,4.7395763246415886e-46,1347,6735
ProtT5,20,4,1.6655744681468077,0.8850794780139314,1.88183604921477,4.309265704031465e-138,1347,6735
ProtT5,20,5,1.372674954760579,0.9375017309153443,1.4641839150743186,7.612689931766574e-95,1347,6735
ProtT5,20,6,1.1463262363991742,0.874352746409846,1.311056940240733,8.70911503866825e-10,1347,6735
ProtT5,20,7,1.2262357104329065,0.9464117853041482,1.2956682592861324,2.8328935544695572e-58,1347,6735
ProtT5,20,8,1.1917690172315794,0.90689687070443,1.314117465534836,3.20230370541535e-65,1347,6735
ProtT5,20,9,1.8176230223159393,0.8347454249460607,2.177457902729314,1.4586444318578486e-84,1347,6735
ProtT5,20,10,1.049274311476313,0.5476590706670205,1.9159261074565077,8.005461477487838e-131,1347,6735
ProtT5,20,11,1.5235375487193763,0.9367023017730373,1.6264906639340457,9.532389268085714e-22,1347,6735
ProtT5,20,12,0.2647847130994223,0.4504129586789727,0.5878709926020245,1.0,1347,6735
ProtT5,20,13,1.5007487341662027,0.9191530767156181,1.632751684331823,1.3667053438017234e-95,1347,6735
ProtT5,20,14,1.1697356430087695,0.7501242905965804,1.5593891008095053,3.271993290001715e-131,1347,6735
ProtT5,20,15,1.2456570337149684,0.7863518503213159,1.5840962709071937,4.7278005093767364e-133,1347,6735
ProtT5,20,16,1.3229342476916295,0.7640882734201002,1.731389282772401,2.52501689392291e-147,1347,6735
ProtT5,20,17,1.8134267193879918,0.869354419099373,2.0859463983246918,2.670778149409124e-93,1347,6735
ProtT5,20,18,1.2465166914613492,0.827301324449297,1.506726333710523,7.485975950358348e-81,1347,6735
ProtT5,20,19,1.5805803509933822,0.8577854737053116,1.8426289549598782,2.282882000371632e-120,1347,6735
ProtT5,20,20,0.9829945723569739,0.5663022319564309,1.735812640117939,2.3288335067006286e-178,1347,6735
ProtT5,20,21,1.2666234028454435,0.9429843373004826,1.343207254609822,2.1965065513542773e-43,1347,6735
ProtT5,20,22,1.7082427094933186,0.743499561018119,2.297570569045284,1.2799227181665161e-194,1347,6735
ProtT5,20,23,1.2771878769951746,0.9019801852786284,1.4159821887890383,2.145748554384606e-145,1347,6735
ProtT5,20,24,1.6719629504367344,0.8445788365783918,1.9796410684528758,7.84799576802944e-125,1347,6735
ProtT5,20,25,1.7844232843819599,0.80429679570414,2.218612947251326,5.648658193147241e-160,1347,6735
ProtT5,20,26,2.581156027609097,0.6809373115024128,3.7905927374049484,1.801104857682163e-169,1347,6735
ProtT5,20,27,1.4430855097554751,0.8092927860523386,1.7831439185251157,2.568444002334459e-181,1347,6735
ProtT5,20,28,1.0964817650334076,0.7385666697841268,1.4846077001469544,1.75087083742382e-107,1347,6735
ProtT5,20,29,1.513067549922861,0.8571738602058394,1.7651816278666232,3.5945261088297918e-68,1347,6735
ProtT5,20,30,1.056159049914161,0.9214894748565968,1.1461433675935602,8.701682458681085e-14,1347,6735
ProtT5,20,31,0.9624674116671307,0.9162257862161864,1.05046968350663,0.9999921722259503,1347,6735
ProtT5,21,0,1.737297754776239,0.6976237290686117,2.4903077151571127,1.2575844978161906e-205,1347,6735
ProtT5,21,1,1.8527115196675483,0.8714431683399453,2.126026787491913,3.977496477170656e-66,1347,6735
ProtT5,21,2,1.122576446646483,0.9184260016471789,1.2222829543514275,9.179171050342778e-10,1347,6735
ProtT5,21,3,1.3390815128816351,0.9151730317226939,1.4632003637180924,1.3900686857057151e-46,1347,6735
ProtT5,21,4,1.0028230232403026,0.9579726685748422,1.0468179898411751,0.789647335316424,1347,6735
ProtT5,21,5,1.5989106425375255,0.8915211632947349,1.793463473854663,2.138534412946233e-99,1347,6735
ProtT5,21,6,1.5845855735546586,0.8909688585673603,1.7784971475912235,1.060952065395342e-109,1347,6735
ProtT5,21,7,1.905547212120685,0.832317929455503,2.289446309738013,9.72004871411376e-124,1347,6735
ProtT5,21,8,1.763476150161528,0.7905289749791202,2.230754603533799,1.3989295764299055e-113,1347,6735
ProtT5,21,9,1.7460341195132703,0.9086594115032828,1.9215495898783879,4.2014620301135e-123,1347,6735
ProtT5,21,10,1.1456889922121496,0.6589978031874942,1.7385323390618115,1.1002178550784348e-177,1347,6735
ProtT5,21,11,1.2571314618422884,0.9741146685197429,1.290537451563701,4.0808077749791896e-11,1347,6735
ProtT5,21,12,1.7138557235842382,0.8084499526218565,2.1199280401045124,8.460220723967502e-107,1347,6735
ProtT5,21,13,1.5193876112135765,0.9363147851707498,1.6227316232505025,2.5092243323130236e-111,1347,6735
ProtT5,21,14,1.4138962505654928,0.7987591149458287,1.7701159512419238,1.5786980137756173e-191,1347,6735
ProtT5,21,15,0.9853216566327951,0.7132167892625975,1.3815177537415093,2.6429385120362293e-106,1347,6735
ProtT5,21,16,0.9859980320877381,0.9480646175991276,1.0400114230448476,1.4275202134417023e-06,1347,6735
ProtT5,21,17,1.4297628084110523,0.9364464298919474,1.5267961548809863,1.114233977323717e-57,1347,6735
ProtT5,21,18,1.1558155266550088,0.9362890026882655,1.2344644904900521,3.3618343835471445e-25,1347,6735
ProtT5,21,19,0.795415956175761,0.9247399412975014,0.860150968562809,1.0,1347,6735
ProtT5,21,20,1.1477127811514012,0.8774588241520509,1.3079961698037688,6.94282887135075e-142,1347,6735
ProtT5,21,21,1.2680022898831895,0.9328716501803777,1.3592462474746787,2.7462212411806495e-51,1347,6735
ProtT5,21,22,3.034151027710595,0.740570290387783,4.0970466505236525,5.576036885275157e-184,1347,6735
ProtT5,21,23,1.056207171173209,0.958642270003944,1.101774044627579,5.706690782974857e-17,1347,6735
ProtT5,21,24,1.393926743675181,0.8946085747914927,1.5581414966876044,2.1554869413399578e-16,1347,6735
ProtT5,21,25,1.067436869620569,0.9773241480634048,1.0922035148069604,5.6485597352808646e-09,1347,6735
ProtT5,21,26,0.5761834861795019,0.520349204920802,1.1073015596654903,0.27973548800626646,1347,6735
ProtT5,21,27,0.9054184356440238,0.6952679810385927,1.3022582088297925,1.537171146695233e-60,1347,6735
ProtT5,21,28,1.1076868591082034,0.9757868324285449,1.1351729930105583,1.0303030845961003e-31,1347,6735
ProtT5,21,29,1.547936839533454,0.9160507417380057,1.6897937734285142,1.1269145762011446e-62,1347,6735
ProtT5,21,30,1.0354506868562083,0.9342323354198566,1.1083438750713577,4.497199086497173e-21,1347,6735
ProtT5,21,31,1.4006853790396483,0.9024256422330295,1.5521338418240063,1.4743161609281315e-52,1347,6735
ProtT5,22,0,0.7098413593431004,0.7410683771372727,0.9578621639277047,0.9999999989836768,1347,6735
ProtT5,22,1,1.4098126610385637,0.8760093094245893,1.6093580808685761,3.243681986457554e-36,1347,6735
ProtT5,22,2,1.6740308505301131,0.8705401289613492,1.9229795328647483,1.7027196369514397e-54,1347,6735
ProtT5,22,3,1.491992432184368,0.7311952008967411,2.0404844429429816,3.9630251125418617e-172,1347,6735
ProtT5,22,4,1.393762533277074,0.8602543299164521,1.6201749701305614,1.0807312821429713e-68,1347,6735
ProtT5,22,5,1.4378142834771714,0.9069475860708983,1.5853333815089663,6.548700445872509e-129,1347,6735
ProtT5,22,6,1.0992699887191444,0.9674818371699843,1.1362177009282761,0.002344032125880125,1347,6735
ProtT5,22,7,1.7908804595426178,0.79034424960923,2.2659498825076327,6.486501920592992e-139,1347,6735
ProtT5,22,8,1.5685023794195434,0.8858233128287832,1.77067182213877,5.973587390340535e-58,1347,6735
ProtT5,22,9,1.3802604420413418,0.8177845298580179,1.6878045397618122,6.362024173333998e-92,1347,6735
ProtT5,22,10,1.3124430882284708,0.9536984585972299,1.3761614862615055,1.6169435836263245e-97,1347,6735
ProtT5,22,11,1.2434155436560412,0.9562333614629732,1.3003264618938817,8.654106180487162e-44,1347,6735
ProtT5,22,12,0.9461649078391796,0.9804938890532201,0.9649880722385847,0.9606497774077094,1347,6735
ProtT5,22,13,1.212988951866416,0.9584870313659986,1.2655246364029686,9.731101850697426e-38,1347,6735
ProtT5,22,14,0.9644416520218542,0.6717534688993481,1.435707736056903,7.624058613536767e-75,1347,6735
ProtT5,22,15,1.1494010126670378,0.9694252926062547,1.1856519748694887,1.336455724182226e-24,1347,6735
ProtT5,22,16,1.2406898504199146,0.9656137082695342,1.2848718279314213,1.060639107657192e-63,1347,6735
ProtT5,22,17,1.2504593042771552,0.9403891990338774,1.3297252941248505,1.2379955517957503e-45,1347,6735
ProtT5,22,18,1.0058399814982368,0.9560639900371776,1.052063451797953,0.8527406171488834,1347,6735
ProtT5,22,19,1.7699379924499465,0.8331835026730408,2.1243075346206277,2.315221763391226e-171,1347,6735
ProtT5,22,20,1.0899436174716963,0.814636312030206,1.3379511830934467,2.2075739945600297e-119,1347,6735
ProtT5,22,21,0.9728986234601197,0.7930553184231742,1.226772711636972,3.36778344997638e-37,1347,6735
ProtT5,22,22,1.3080356430812685,0.8836054948496659,1.4803389642838447,4.870576294445522e-76,1347,6735
ProtT5,22,23,1.044543157972578,0.7021564486474573,1.487621683151454,6.351858901571184e-150,1347,6735
ProtT5,22,24,0.9654314456024963,0.9687650979317465,0.9965588641288096,0.9999995736425216,1347,6735
ProtT5,22,25,1.4905047965386042,0.945690618910078,1.5761019161387393,1.277741862117983e-64,1347,6735
ProtT5,22,26,2.4251003477780486,0.7619123995525358,3.1829122996321995,2.19964985357534e-121,1347,6735
ProtT5,22,27,1.7361591115383723,0.8147993261936247,2.130781231311181,3.235201125758559e-103,1347,6735
ProtT5,22,28,1.0917354320364698,0.8529901698508259,1.2798921612747267,9.081807798170468e-117,1347,6735
ProtT5,22,29,1.4813168985186989,0.9287764902546748,1.5949121387778828,5.785197673734496e-150,1347,6735
ProtT5,22,30,0.9011931444152514,0.632452895540437,1.424917414039465,3.408164311883915e-17,1347,6735
ProtT5,22,31,1.0096545201721419,0.9245309581912351,1.0920721596467073,0.9999999999380466,1347,6735
ProtT5,23,0,1.5923972579400985,0.8019729127154672,1.9855998035498073,2.9955856019968394e-91,1347,6735
ProtT5,23,1,1.266655868836129,0.9310561918557443,1.3604505076234772,4.733914772894491e-27,1347,6735
ProtT5,23,2,1.5945387899034893,0.8977816575354085,1.7760875113898178,1.509616861689517e-110,1347,6735
ProtT5,23,3,2.1889683101118806,0.7820804859322801,2.798904140284894,6.158632448262524e-180,1347,6735
ProtT5,23,4,1.7858043917037862,0.8397168607648072,2.126674448429308,1.4111430984956614e-148,1347,6735
ProtT5,23,5,1.891711489217938,0.8892158808492251,2.1273928299743172,7.4431024864504065e-34,1347,6735
ProtT5,23,6,1.535497901876856,0.9129838134946873,1.6818457010747334,1.6739081734010028e-106,1347,6735
ProtT5,23,7,1.8574413138136832,0.7752000204084888,2.3960800630976653,8.130155866949322e-68,1347,6735
ProtT5,23,8,1.069159039764291,0.9642083001650079,1.108846542371936,9.576949385956506e-13,1347,6735
ProtT5,23,9,1.2006873546393606,0.9461376481881032,1.269040881037481,1.9762179883155802e-09,1347,6735
ProtT5,23,10,1.1891402008804288,0.8948850364090339,1.3288189571837883,5.5311480005049066e-104,1347,6735
ProtT5,23,11,1.1085892913070712,0.9913779934866833,1.118230683543978,9.74992249262384e-09,1347,6735
ProtT5,23,12,0.9937618173487379,0.9656755409155763,1.029084589226038,0.9974443121097681,1347,6735
ProtT5,23,13,1.1797811144267354,0.9733060229329065,1.2121378956144218,1.1917778011326132e-43,1347,6735
ProtT5,23,14,1.0460370919752227,0.9870688480187454,1.0597407608140395,0.14416730805596828,1347,6735
ProtT5,23,15,1.0032480490499722,0.8154780443810319,1.2302575844472459,2.656157364384021e-42,1347,6735
ProtT5,23,16,0.896563489612333,0.7205296709702116,1.2443116858811483,7.41238755200886e-25,1347,6735
ProtT5,23,17,1.2492029180151494,0.9479231372088437,1.3178314453779691,2.3419769115358148e-88,1347,6735
ProtT5,23,18,1.2268454276285263,0.9218668801039347,1.3308271010779855,1.797118250467797e-35,1347,6735
ProtT5,23,19,1.1176527627946362,0.8969107057929658,1.2461137497589692,3.448508578307936e-22,1347,6735
ProtT5,23,20,1.0043112705969863,0.9723074416717779,1.0329153388666668,3.980039330854138e-14,1347,6735
ProtT5,23,21,0.649639806485477,0.5258158388541376,1.2354892311748875,6.264736189505137e-38,1347,6735
ProtT5,23,22,1.9069837359206803,0.8695562349926921,2.193053950026253,1.831733146732983e-87,1347,6735
ProtT5,23,23,1.0146683747448033,0.9479599304878897,1.0703705316136944,0.08437289827104927,1347,6735
ProtT5,23,24,1.043670541017075,1.0016341653326837,1.0419677933713747,0.9999977152941741,1347,6735
ProtT5,23,25,0.8849161965101847,1.0016573287861916,0.8834520260362155,0.9999999999999999,1347,6735
ProtT5,23,26,1.507061987340937,0.8067514330347821,1.8680623617509728,3.7406230506595505e-76,1347,6735
ProtT5,23,27,1.3822826677193532,0.7627037495795054,1.812345446684161,4.767653798264475e-65,1347,6735
ProtT5,23,28,1.23901258438892,0.9767297916086675,1.268531578573307,6.37886574735192e-46,1347,6735
ProtT5,23,29,1.7318496760741462,0.8325341352818184,2.0802146154498558,4.782387793010134e-178,1347,6735
ProtT5,23,30,1.548748466644627,0.9052929193600072,1.710770551192986,2.4838180363125797e-58,1347,6735
ProtT5,23,31,1.0496481801282944,1.009606643597462,1.039660531935641,0.02488932933733875,1347,6735
