variant_id,target_gene,position,label,llr,score
K1444E,NF1,1444,1,0.48714256286621094,-0.48714256286621094
L2164M,NF1,2164,1,-1.7011396884918213,1.7011396884918213
Y2192N,NF1,2192,1,0.8082833290100098,-0.8082833290100098
R1412S,NF1,1412,1,0.8026723861694336,-0.8026723861694336
R1276P,NF1,1276,1,0.37172651290893555,-0.37172651290893555
Y489C,NF1,489,1,0.03489851951599121,-0.03489851951599121
L508P,NF1,508,1,-0.49091482162475586,0.49091482162475586
L316M,NF1,316,1,-1.4269657135009766,1.4269657135009766
L357P,NF1,357,1,-2.1228110790252686,2.1228110790252686
L1243P,NF1,1243,1,-1.542165756225586,1.542165756225586
L844R,NF1,844,1,-2.286344051361084,2.286344051361084
R414C,APC,414,0,-1.154313564300537,1.154313564300537
S1395C,APC,1395,1,-3.825366973876953,3.825366973876953
E1317Q,APC,1317,0,-0.1495051383972168,0.1495051383972168
R167Q,VHL,167,1,-0.6604862213134766,0.6604862213134766
R167W,VHL,167,1,-2.0305252075195312,2.0305252075195312
R167G,VHL,167,1,-0.7982926368713379,0.7982926368713379
W88S,VHL,88,1,0.8847999572753906,-0.8847999572753906
L135F,VHL,135,1,-0.570293664932251,0.570293664932251
Y112H,VHL,112,1,-0.2695808410644531,0.2695808410644531
Y98H,VHL,98,1,-0.13834142684936523,0.13834142684936523
V166F,VHL,166,1,-0.5379457473754883,0.5379457473754883
R64P,VHL,64,1,-0.04451417922973633,0.04451417922973633
Y112N,VHL,112,1,-0.502859354019165,0.502859354019165
V130L,VHL,130,1,0.04724287986755371,-0.04724287986755371
D126Y,VHL,126,1,-0.04990744590759277,0.04990744590759277
L163P,VHL,163,1,-0.8951072692871094,0.8951072692871094
P81S,VHL,81,0,0.25700902938842773,-0.25700902938842773
H191D,VHL,191,1,1.5151556730270386,-1.5151556730270386
V84L,VHL,84,1,0.03314399719238281,-0.03314399719238281
G93S,VHL,93,1,-1.1951954364776611,1.1951954364776611
Q164R,VHL,164,1,0.40252113342285156,-0.40252113342285156
F2827C,ATM,2827,1,-3.467900276184082,3.467900276184082
V2424G,ATM,2424,1,-1.2046246528625488,1.2046246528625488
M1040V,ATM,1040,0,0.6868295669555664,-0.6868295669555664
L2656P,ATM,2656,1,-1.2913907766342163,1.2913907766342163
Y2677C,ATM,2677,1,-0.07415914535522461,0.07415914535522461
S49C,ATM,49,0,-1.9656920433044434,1.9656920433044434
R467W,WT1,467,1,-17.385160446166992,17.385160446166992
R439H,WT1,439,1,-15.432861328125,15.432861328125
D469G,WT1,469,1,-19.0008487701416,19.0008487701416
D469N,WT1,469,1,-17.121076583862305,17.121076583862305
R467P,WT1,467,1,-21.21467399597168,21.21467399597168
C403Y,WT1,403,1,-15.173625946044922,15.173625946044922
H450Y,WT1,450,1,-14.282783508300781,14.282783508300781
C433G,WT1,433,1,-16.327402114868164,16.327402114868164
H446Q,WT1,446,1,-15.42894458770752,15.42894458770752
S346G,WT1,346,1,-0.5470397472381592,0.5470397472381592
F456L,WT1,456,1,-11.937524795532227,11.937524795532227
F465L,WT1,465,1,-16.27849578857422,16.27849578857422
R439C,WT1,439,1,-15.346540451049805,15.346540451049805
K587R,TSC1,587,0,0.15430307388305664,-0.15430307388305664
M224R,TSC1,224,1,-0.5729553699493408,0.5729553699493408
L180P,TSC1,180,1,-5.992278099060059,5.992278099060059
R243W,TP63,243,1,-11.807779312133789,11.807779312133789
R243Q,TP63,243,1,-9.190390586853027,9.190390586853027
C345R,TP63,345,1,-15.730992317199707,15.730992317199707
K233E,TP63,233,1,-14.538318634033203,14.538318634033203
R319C,TP63,319,1,-11.811216354370117,11.811216354370117
R318H,TP63,318,1,-12.524633407592773,12.524633407592773
R343Q,TP63,343,1,-9.994829177856445,9.994829177856445
L553F,TP63,553,1,-4.074921607971191,4.074921607971191
C561G,TP63,561,1,-5.66764497756958,5.66764497756958
R337Q,TP63,337,1,-7.171750068664551,7.171750068664551
D351G,TP63,351,1,-13.981343269348145,13.981343269348145
I549T,TP63,549,1,-4.610972881317139,4.610972881317139
S580P,TP63,580,1,-5.674127578735352,5.674127578735352
R337G,TP63,337,1,-9.480030059814453,9.480030059814453
R266Q,TP63,266,1,-10.290639877319336,10.290639877319336
L67P,STK11,67,1,-14.871827125549316,14.871827125549316
G163D,STK11,163,1,-12.189132690429688,12.189132690429688
D194Y,STK11,194,1,-12.863936424255371,12.863936424255371
Y49D,STK11,49,1,-15.7882719039917,15.7882719039917
G135R,STK11,135,1,-7.089435577392578,7.089435577392578
W239C,STK11,239,1,-14.464018821716309,14.464018821716309
F354L,STK11,354,0,-5.825929641723633,5.825929641723633
G129E,PTEN,129,1,-7.525336265563965,7.525336265563965
S170R,PTEN,170,1,-13.641439437866211,13.641439437866211
H123R,PTEN,123,1,-12.817963600158691,12.817963600158691
C124R,PTEN,124,1,-11.649222373962402,11.649222373962402
M35R,PTEN,35,1,-14.732400894165039,14.732400894165039
L70P,PTEN,70,1,-11.46347427368164,11.46347427368164
R130Q,PTEN,130,1,-10.477150917053223,10.477150917053223
L112P,PTEN,112,1,-13.66503620147705,13.66503620147705
H61D,PTEN,61,1,-12.303788185119629,12.303788185119629
H93R,PTEN,93,1,-11.78187084197998,11.78187084197998
D252G,PTEN,252,1,-12.686678886413574,12.686678886413574
F241S,PTEN,241,1,-8.253033638000488,8.253033638000488
G132V,PTEN,132,1,-10.91726016998291,10.91726016998291
A938P,BRCA2,938,1,-0.04808306694030762,0.04808306694030762
N372H,BRCA2,372,0,-0.918243408203125,0.918243408203125
T2722R,BRCA2,2722,1,-0.9774584770202637,0.9774584770202637
L2510P,BRCA2,2510,1,-0.000518798828125,0.000518798828125
G101W,CDKN2A,101,1,-9.88366413116455,9.88366413116455
M53I,CDKN2A,53,1,0.7654721736907959,-0.7654721736907959
R24P,CDKN2A,24,1,-4.2131123542785645,4.2131123542785645
V126D,CDKN2A,126,1,-5.751956939697266,5.751956939697266
V59G,CDKN2A,59,1,-3.9069628715515137,3.9069628715515137
S56I,CDKN2A,56,1,-4.92417573928833,4.92417573928833
G89D,CDKN2A,89,1,-5.18447732925415,5.18447732925415
R248W,TP53,248,1,-9.0288667678833,9.0288667678833
E258K,TP53,258,1,-8.163615226745605,8.163615226745605
G245C,TP53,245,1,-9.289130210876465,9.289130210876465
P72R,TP53,72,0,-2.8931593894958496,2.8931593894958496
R249S,TP53,249,1,-7.999472141265869,7.999472141265869
V157F,TP53,157,1,-5.92017936706543,5.92017936706543
C242Y,TP53,242,1,-11.57441520690918,11.57441520690918
G245D,TP53,245,1,-8.50029468536377,8.50029468536377
R248Q,TP53,248,1,-5.894238471984863,5.894238471984863
M133T,TP53,133,1,-2.3590917587280273,2.3590917587280273
V272L,TP53,272,1,-6.183372497558594,6.183372497558594
S241F,TP53,241,1,-11.029921531677246,11.029921531677246
R282W,TP53,282,1,-7.7595624923706055,7.7595624923706055
G245S,TP53,245,1,-7.120767116546631,7.120767116546631
R273H,TP53,273,1,-6.164275646209717,6.164275646209717
R280T,TP53,280,1,-9.722321510314941,9.722321510314941
P151T,TP53,151,1,-4.590363025665283,4.590363025665283
P151S,TP53,151,1,-4.64716911315918,4.64716911315918
R175H,TP53,175,1,-6.3581061363220215,6.3581061363220215
L344P,TP53,344,1,-9.248834609985352,9.248834609985352
A138P,TP53,138,1,-7.417252540588379,7.417252540588379
R337H,TP53,337,1,1.485490322113037,-1.485490322113037
Y220S,TP53,220,1,-8.082060813903809,8.082060813903809
E285V,TP53,285,1,-5.614859580993652,5.614859580993652
P1675L,TSC2,1675,1,0.7759466171264648,-0.7759466171264648
R611Q,TSC2,611,1,0.17542505264282227,-0.17542505264282227
L717R,TSC2,717,1,-2.511239528656006,2.511239528656006
Q1503P,TSC2,1503,1,0.5403752326965332,-0.5403752326965332
R905Q,TSC2,905,1,-0.09145355224609375,0.09145355224609375
R905W,TSC2,905,1,-0.49382686614990234,0.49382686614990234
R905G,TSC2,905,1,-0.3700394630432129,0.3700394630432129
G12V,HRAS,12,1,-14.472244262695312,14.472244262695312
Q61K,HRAS,61,1,-11.966646194458008,11.966646194458008
G12S,HRAS,12,1,-11.194622993469238,11.194622993469238
G12A,HRAS,12,1,-10.361772537231445,10.361772537231445
G13D,HRAS,13,1,-11.775810241699219,11.775810241699219
K117R,HRAS,117,1,-9.246054649353027,9.246054649353027
G13C,HRAS,13,1,-11.296984672546387,11.296984672546387
A146T,HRAS,146,1,-10.953052520751953,10.953052520751953
E63K,HRAS,63,1,-11.973085403442383,11.973085403442383
Q22K,HRAS,22,1,-15.063671112060547,15.063671112060547
T58I,HRAS,58,1,-11.27508544921875,11.27508544921875
A146V,HRAS,146,1,-10.747663497924805,10.747663497924805
G12D,HRAS,12,1,-14.273109436035156,14.273109436035156
G12C,HRAS,12,1,-13.42431640625,13.42431640625
S567L,RB1,567,1,-8.246014595031738,8.246014595031738
R661W,RB1,661,1,-11.89297866821289,11.89297866821289
C712R,RB1,712,1,-11.553235054016113,11.553235054016113
G664R,KIT,664,1,-6.679200649261475,6.679200649261475
E583K,KIT,583,1,-10.931509017944336,10.931509017944336
V559D,KIT,559,1,-9.057454109191895,9.057454109191895
R796G,KIT,796,1,-12.275254249572754,12.275254249572754
T847P,KIT,847,1,-10.482330322265625,10.482330322265625
E839K,KIT,839,1,-11.614181518554688,11.614181518554688
D816H,KIT,816,1,-10.985928535461426,10.985928535461426
F584C,KIT,584,1,-11.238967895507812,11.238967895507812
V559A,KIT,559,1,-6.814132213592529,6.814132213592529
K642E,KIT,642,1,-9.668593406677246,9.668593406677246
I655V,ERBB2,655,0,0.09684181213378906,-0.09684181213378906
I654V,ERBB2,654,0,0.2301621437072754,-0.2301621437072754
L755P,ERBB2,755,1,-6.572422504425049,6.572422504425049
E914K,ERBB2,914,1,-12.833829879760742,12.833829879760742
G776S,ERBB2,776,1,4.811117172241211,-4.811117172241211
N857S,ERBB2,857,1,-2.0417113304138184,2.0417113304138184
M1131T,MET,1131,1,-6.258759498596191,6.258759498596191
V1188L,MET,1188,1,-5.297963619232178,5.297963619232178
V1220I,MET,1220,1,-0.5087099075317383,0.5087099075317383
D1228N,MET,1228,1,-1.2663769721984863,1.2663769721984863
H1094R,MET,1094,1,0.8634243011474609,-0.8634243011474609
M1250I,MET,1250,1,-2.8287014961242676,2.8287014961242676
K1244R,MET,1244,1,-0.3265228271484375,0.3265228271484375
R393H,MYCN,393,1,-11.909499168395996,11.909499168395996
R393S,MYCN,393,1,-12.638326644897461,12.638326644897461
R394H,MYCN,394,1,-12.32919692993164,12.32919692993164
C618G,RET,618,1,-0.21299433708190918,0.21299433708190918
C634G,RET,634,1,0.8082351684570312,-0.8082351684570312
C634Y,RET,634,1,0.08755016326904297,-0.08755016326904297
C634S,RET,634,1,1.8837604522705078,-1.8837604522705078
C634F,RET,634,1,0.8172330856323242,-0.8172330856323242
C611W,RET,611,1,-1.4395813941955566,1.4395813941955566
C618S,RET,618,1,-0.6404845714569092,0.6404845714569092
C620R,RET,620,1,-0.8733892440795898,0.8733892440795898
C620Y,RET,620,1,-1.10978364944458,1.10978364944458
C634R,RET,634,1,0.9224967956542969,-0.9224967956542969
C634W,RET,634,1,-0.5554337501525879,0.5554337501525879
M918T,RET,918,1,-7.849270343780518,7.849270343780518
R972G,RET,972,1,-4.654444694519043,4.654444694519043
S32L,RET,32,1,-0.5313853025436401,0.5313853025436401
C620F,RET,620,1,-1.2032110691070557,1.2032110691070557
C618R,RET,618,1,-0.6867868900299072,0.6867868900299072
E768D,RET,768,1,-1.0213031768798828,1.0213031768798828
C609Y,RET,609,1,-1.1257336139678955,1.1257336139678955
C620W,RET,620,1,-0.6634571552276611,0.6634571552276611
L790F,RET,790,1,-2.3862621784210205,2.3862621784210205
A640G,RET,640,1,-0.7518483400344849,0.7518483400344849
C620S,RET,620,1,-0.7833023071289062,0.7833023071289062
C609R,RET,609,1,-0.4946727752685547,0.4946727752685547
V804M,RET,804,1,-2.693035840988159,2.693035840988159
V804L,RET,804,1,-0.4103437066078186,0.4103437066078186
R114H,RET,114,0,-1.2200517654418945,1.2200517654418945
G533C,RET,533,1,-0.8021128177642822,0.8021128177642822
S891A,RET,891,1,3.0865888595581055,-3.0865888595581055
R462I,BRAF,462,1,-15.018655776977539,15.018655776977539
I463S,BRAF,463,1,-12.694999694824219,12.694999694824219
G464E,BRAF,464,1,-11.40450668334961,11.40450668334961
A246P,BRAF,246,1,-13.296374320983887,13.296374320983887
K601E,BRAF,601,1,-13.142239570617676,13.142239570617676
G466V,BRAF,466,1,-13.019867897033691,13.019867897033691
L597R,BRAF,597,1,-11.597545623779297,11.597545623779297
L597V,BRAF,597,1,-11.009410858154297,11.009410858154297
G469R,BRAF,469,1,-11.685900688171387,11.685900688171387
G469A,BRAF,469,1,-6.936251640319824,6.936251640319824
Q257R,BRAF,257,1,-8.098477363586426,8.098477363586426
G469E,BRAF,469,1,-14.508452415466309,14.508452415466309
L485F,BRAF,485,1,-10.669220924377441,10.669220924377441
K499E,BRAF,499,1,-9.91427993774414,9.91427993774414
E501K,BRAF,501,1,-11.087928771972656,11.087928771972656
E501G,BRAF,501,1,-14.795328140258789,14.795328140258789
N581D,BRAF,581,1,-13.00968074798584,13.00968074798584
G534R,BRAF,534,1,-11.457927703857422,11.457927703857422
D638E,BRAF,638,1,-14.138195991516113,14.138195991516113
G719C,EGFR,719,1,-10.077463150024414,10.077463150024414
C64G,BRCA1,64,1,-11.476236343383789,11.476236343383789
C61G,BRCA1,61,1,-13.097663879394531,13.097663879394531
S1040N,BRCA1,1040,0,-0.9379675388336182,0.9379675388336182
R1443G,BRCA1,1443,0,0.261383056640625,-0.261383056640625
R841W,BRCA1,841,0,-2.5629427433013916,2.5629427433013916
R71G,BRCA1,71,1,-2.8738484382629395,2.8738484382629395
M1775R,BRCA1,1775,1,-1.2234292030334473,1.2234292030334473
M1775K,BRCA1,1775,1,-1.0598416328430176,1.0598416328430176
R1275Q,ALK,1275,1,-9.968910217285156,9.968910217285156
G1128A,ALK,1128,1,-6.4360246658325195,6.4360246658325195
R1192P,ALK,1192,1,-11.084314346313477,11.084314346313477
V1822D,APC,1822,0,0.5202629566192627,-0.5202629566192627
C609G,RET,609,1,-0.17522120475769043,0.17522120475769043
C609W,RET,609,1,-1.3077161312103271,1.3077161312103271
C611R,RET,611,1,-0.16926169395446777,0.16926169395446777
C611G,RET,611,1,-0.25826478004455566,0.25826478004455566
C611Y,RET,611,1,-0.5912938117980957,0.5912938117980957
C611F,RET,611,1,-0.7709379196166992,0.7709379196166992
C618Y,RET,618,1,-0.9883406162261963,0.9883406162261963
C618F,RET,618,1,-1.1790287494659424,1.1790287494659424
C620G,RET,620,1,-0.7881143093109131,0.7881143093109131
C630R,RET,630,1,-0.15734505653381348,0.15734505653381348
C630Y,RET,630,1,-0.9211874008178711,0.9211874008178711
C630S,RET,630,1,0.50663161277771,-0.50663161277771
D631Y,RET,631,1,-1.1085572242736816,1.1085572242736816
K666E,RET,666,1,-2.208735942840576,2.208735942840576
K666N,RET,666,1,-2.1104936599731445,2.1104936599731445
T241M,BRAF,241,1,-10.956539154052734,10.956539154052734
T241R,BRAF,241,1,-12.506624221801758,12.506624221801758
T241P,BRAF,241,1,-12.795997619628906,12.795997619628906
W531C,BRAF,531,1,-17.639158248901367,17.639158248901367
R266P,TP63,266,1,-14.014869689941406,14.014869689941406
L1411F,NF1,1411,1,-1.1129705905914307,1.1129705905914307
V620A,KIT,620,1,-8.002655029296875,8.002655029296875
G13R,HRAS,13,1,-11.629579544067383,11.629579544067383
P81L,VHL,81,1,0.30645084381103516,-0.30645084381103516
R107P,VHL,107,1,-0.035368919372558594,0.035368919372558594
T124I,VHL,124,1,-0.4112527370452881,0.4112527370452881
L153Q,VHL,153,1,-0.7961676120758057,0.7961676120758057
Y175C,VHL,175,1,-1.1197667121887207,1.1197667121887207
P346S,BRCA1,346,0,1.2404448986053467,-1.2404448986053467
D369N,BRCA1,369,0,0.5434885025024414,-0.5434885025024414
C39Y,BRCA1,39,1,-9.668367385864258,9.668367385864258
C39F,BRCA1,39,1,-10.630685806274414,10.630685806274414
R496C,BRCA1,496,0,-1.0819129943847656,1.0819129943847656
L512F,BRCA1,512,0,-0.803459882736206,0.803459882736206
N550H,BRCA1,550,0,-1.099025011062622,1.099025011062622
L668F,BRCA1,668,0,-1.1620569229125977,1.1620569229125977
K719E,BRCA1,719,0,-0.28792738914489746,0.28792738914489746
N723D,BRCA1,723,0,-0.38141822814941406,0.38141822814941406
E736A,BRCA1,736,0,-0.9596273899078369,0.9596273899078369
S784L,BRCA1,784,0,-1.2926199436187744,1.2926199436187744
T826K,BRCA1,826,0,0.06510591506958008,-0.06510591506958008
K862E,BRCA1,862,0,-0.0025186538696289062,0.0025186538696289062
G890V,BRCA1,890,0,0.14997434616088867,-0.14997434616088867
K912R,BRCA1,912,0,-1.2296416759490967,1.2296416759490967
V920I,BRCA1,920,0,-0.3421483039855957,0.3421483039855957
I925L,BRCA1,925,0,0.3520698547363281,-0.3520698547363281
A102G,BRCA1,102,0,0.45525407791137695,-0.45525407791137695
R1028C,BRCA1,1028,0,-0.5904886722564697,0.5904886722564697
R1028H,BRCA1,1028,0,-0.5252954959869385,0.5252954959869385
I1044V,BRCA1,1044,0,-0.3638017177581787,0.3638017177581787
K1109N,BRCA1,1109,0,-0.3787262439727783,0.3787262439727783
E1219D,BRCA1,1219,0,-0.13376736640930176,0.13376736640930176
P1238L,BRCA1,1238,0,-0.1575624942779541,0.1575624942779541
I1275V,BRCA1,1275,0,0.39349961280822754,-0.39349961280822754
E1346K,BRCA1,1346,0,-0.34107112884521484,0.34107112884521484
I1405V,BRCA1,1405,0,0.09053707122802734,-0.09053707122802734
E143K,BRCA1,143,0,-0.1110234260559082,0.1110234260559082
R1495K,BRCA1,1495,1,0.5200486183166504,-0.5200486183166504
R1495M,BRCA1,1495,1,-0.5606989860534668,0.5606989860534668
S153R,BRCA1,153,0,-1.215307354927063,1.215307354927063
E1559K,BRCA1,1559,1,-0.355435848236084,0.355435848236084
E1559Q,BRCA1,1559,1,-0.2647378444671631,0.2647378444671631
K1606E,BRCA1,1606,0,0.7893280982971191,-0.7893280982971191
S1613C,BRCA1,1613,0,-1.935556411743164,1.935556411743164
A1623G,BRCA1,1623,1,-0.408294677734375,0.408294677734375
M1652T,BRCA1,1652,0,-3.5398011207580566,3.5398011207580566
L1664P,BRCA1,1664,0,-1.486687421798706,1.486687421798706
M1689R,BRCA1,1689,1,-6.083259105682373,6.083259105682373
T1691K,BRCA1,1691,1,1.5151771306991577,-1.5151771306991577
T1691I,BRCA1,1691,1,-2.518237590789795,2.518237590789795
D1692N,BRCA1,1692,1,-0.6321545839309692,0.6321545839309692
D1692H,BRCA1,1692,1,-2.65339994430542,2.65339994430542
C1697Y,BRCA1,1697,1,-1.0576026439666748,1.0576026439666748
R1699Q,BRCA1,1699,1,-3.6729507446289062,3.6729507446289062
L1705P,BRCA1,1705,1,-7.957149982452393,7.957149982452393
G1706E,BRCA1,1706,1,-9.220966339111328,9.220966339111328
V1736A,BRCA1,1736,1,-1.660163164138794,1.660163164138794
G1748C,BRCA1,1748,1,-1.3525385856628418,1.3525385856628418
I1766S,BRCA1,1766,1,-8.697376251220703,8.697376251220703
G1788V,BRCA1,1788,1,-9.249770164489746,9.249770164489746
Y179C,BRCA1,179,0,0.819000244140625,-0.819000244140625
M18T,BRCA1,18,1,-1.0680136680603027,1.0680136680603027
G1803A,BRCA1,1803,1,-0.3538331985473633,0.3538331985473633
P1812A,BRCA1,1812,1,-0.4549384117126465,0.4549384117126465
D1818G,BRCA1,1818,1,-0.26914238929748535,0.26914238929748535
W1837R,BRCA1,1837,1,-6.856093406677246,6.856093406677246
W1837C,BRCA1,1837,1,-6.380844593048096,6.380844593048096
S1841R,BRCA1,1841,1,-6.6836676597595215,6.6836676597595215
V191I,BRCA1,191,0,-0.623382568359375,0.623382568359375
D214G,BRCA1,214,0,-0.15285587310791016,0.15285587310791016
T276R,BRCA1,276,0,-0.4079427719116211,0.4079427719116211
S316G,BRCA1,316,0,-0.8927836418151855,0.8927836418151855
T3349A,BRCA2,3349,0,0.35389208793640137,-0.35389208793640137
T3371A,BRCA2,3371,0,-0.529355525970459,0.529355525970459
R3385C,BRCA2,3385,0,-1.3701915740966797,1.3701915740966797
Y42C,BRCA2,42,0,0.7120585441589355,-0.7120585441589355
E462G,BRCA2,462,0,-1.155766487121582,1.155766487121582
I505V,BRCA2,505,0,-0.03571176528930664,0.03571176528930664
N56T,BRCA2,56,0,0.0015513896942138672,-0.0015513896942138672
T582P,BRCA2,582,0,0.53371262550354,-0.53371262550354
K604E,BRCA2,604,0,0.4235711097717285,-0.4235711097717285
A622V,BRCA2,622,0,-0.01171255111694336,0.01171255111694336
T630I,BRCA2,630,0,-0.44570255279541016,0.44570255279541016
P655R,BRCA2,655,0,0.3934760093688965,-0.3934760093688965
D935H,BRCA2,935,0,-0.8418099880218506,0.8418099880218506
L1019V,BRCA2,1019,0,0.03283119201660156,-0.03283119201660156
N1102Y,BRCA2,1102,0,-0.7743265628814697,0.7743265628814697
N1228D,BRCA2,1228,0,-1.0974822044372559,1.0974822044372559
C1290Y,BRCA2,1290,0,0.3012275695800781,-0.3012275695800781
V1306I,BRCA2,1306,0,0.17874956130981445,-0.17874956130981445
M1I,BRCA2,1,1,-4.883174419403076,4.883174419403076
C1365Y,BRCA2,1365,0,-0.1120157241821289,0.1120157241821289
Q1396R,BRCA2,1396,0,-0.35689401626586914,0.35689401626586914
G1529R,BRCA2,1529,0,-4.4603447914123535,4.4603447914123535
T1557S,BRCA2,1557,0,0.8406625986099243,-0.8406625986099243
K1690N,BRCA2,1690,0,-1.15475332736969,1.15475332736969
D1699N,BRCA2,1699,0,0.1441495418548584,-0.1441495418548584
G173V,BRCA2,173,1,0.41719651222229004,-0.41719651222229004
S1733F,BRCA2,1733,0,-0.8942444324493408,0.8942444324493408
G1771D,BRCA2,1771,0,0.5417547225952148,-0.5417547225952148
A1825V,BRCA2,1825,0,0.029443025588989258,-0.029443025588989258
I1851S,BRCA2,1851,0,2.4371225833892822,-2.4371225833892822
N1878K,BRCA2,1878,0,0.22129464149475098,-0.22129464149475098
L1904V,BRCA2,1904,0,-0.7086315155029297,0.7086315155029297
D1923A,BRCA2,1923,0,-1.2732748985290527,1.2732748985290527
I1929V,BRCA2,1929,0,-0.41140174865722656,0.41140174865722656
C1960Y,BRCA2,1960,0,0.14381742477416992,-0.14381742477416992
N2048I,BRCA2,2048,0,-2.1661882400512695,2.1661882400512695
H2074N,BRCA2,2074,0,-0.07491683959960938,0.07491683959960938
T2097M,BRCA2,2097,0,-1.5476980209350586,1.5476980209350586
V211L,BRCA2,211,1,0.5907566547393799,-0.5907566547393799
R2108H,BRCA2,2108,0,0.07043218612670898,-0.07043218612670898
N2113S,BRCA2,2113,0,0.9072057008743286,-0.9072057008743286
F221L,BRCA2,221,0,1.0009088516235352,-1.0009088516235352
T2250A,BRCA2,2250,0,-0.3337552547454834,0.3337552547454834
I2285V,BRCA2,2285,0,0.23656201362609863,-0.23656201362609863
R2336H,BRCA2,2336,1,-0.5376114845275879,0.5376114845275879
A2351G,BRCA2,2351,0,-0.45860910415649414,0.45860910415649414
Q2384K,BRCA2,2384,0,0.3282480239868164,-0.3282480239868164
T2515I,BRCA2,2515,0,-0.056611061096191406,0.056611061096191406
H2623R,BRCA2,2623,1,0.8792977333068848,-0.8792977333068848
W2626C,BRCA2,2626,1,0.48606109619140625,-0.48606109619140625
R2659G,BRCA2,2659,1,-0.30965232849121094,0.30965232849121094
R2659K,BRCA2,2659,1,0.10913920402526855,-0.10913920402526855
D2665G,BRCA2,2665,0,-0.37304258346557617,0.37304258346557617
I2672V,BRCA2,2672,0,-0.2454080581665039,0.2454080581665039
M2676T,BRCA2,2676,0,0.5305523872375488,-0.5305523872375488
L2688P,BRCA2,2688,1,-1.582735538482666,1.582735538482666
D2723G,BRCA2,2723,1,-3.9090735912323,3.9090735912323
K2729N,BRCA2,2729,0,-1.6301854848861694,1.6301854848861694
N277K,BRCA2,277,0,0.17659568786621094,-0.17659568786621094
R2784W,BRCA2,2784,1,-1.555342435836792,1.555342435836792
G2793E,BRCA2,2793,1,-0.08297395706176758,0.08297395706176758
Q2829R,BRCA2,2829,1,0.0056917667388916016,-0.0056917667388916016
G2901D,BRCA2,2901,0,2.6009998321533203,-2.6009998321533203
S2922G,BRCA2,2922,0,-2.240140438079834,2.240140438079834
R2973C,BRCA2,2973,0,-0.9069700241088867,0.9069700241088867
R2991H,BRCA2,2991,0,-0.33670568466186523,0.33670568466186523
E3002K,BRCA2,3002,1,-1.1754270792007446,1.1754270792007446
Y3006D,BRCA2,3006,1,-5.957427024841309,5.957427024841309
T3013I,BRCA2,3013,0,0.4821152687072754,-0.4821152687072754
V3079I,BRCA2,3079,0,-0.6687350273132324,0.6687350273132324
Y3098H,BRCA2,3098,0,1.0734949111938477,-1.0734949111938477
L3101R,BRCA2,3101,1,-1.631790041923523,1.631790041923523
N3124I,BRCA2,3124,1,-2.9134533405303955,2.9134533405303955
C315S,BRCA2,315,0,2.1254076957702637,-2.1254076957702637
N3174K,BRCA2,3174,0,0.9102758169174194,-0.9102758169174194
C3198R,BRCA2,3198,0,0.6753044128417969,-0.6753044128417969
P3202L,BRCA2,3202,0,0.579857587814331,-0.579857587814331
G3212R,BRCA2,3212,0,0.009805440902709961,-0.009805440902709961
K322Q,BRCA2,322,0,-1.2441558837890625,1.2441558837890625
C609F,RET,609,1,-1.1281793117523193,1.1281793117523193
C609S,RET,609,1,-0.5927002429962158,0.5927002429962158
C611S,RET,611,1,-0.009494781494140625,0.009494781494140625
M918V,RET,918,1,-7.510025501251221,7.510025501251221
A883F,RET,883,1,-5.282458782196045,5.282458782196045
G173D,TP63,173,1,-9.913442611694336,9.913442611694336
T167N,PTEN,167,1,-10.611055374145508,10.611055374145508
T131I,PTEN,131,1,-10.181353569030762,10.181353569030762
A2067D,ATM,2067,1,-1.4948933124542236,1.4948933124542236
D22N,BRAF,22,0,-10.54175853729248,10.54175853729248
E26D,BRAF,26,0,-3.562574625015259,3.562574625015259
T244P,BRAF,244,1,-10.393386840820312,10.393386840820312
L245F,BRAF,245,1,-7.727388381958008,7.727388381958008
F247S,BRAF,247,1,-15.044242858886719,15.044242858886719
Q257K,BRAF,257,1,-9.15149211883545,9.15149211883545
Q262K,BRAF,262,1,-12.025642395019531,12.025642395019531
G464V,BRAF,464,1,-11.107168197631836,11.107168197631836
G464A,BRAF,464,1,-8.868156433105469,8.868156433105469
F468S,BRAF,468,1,-10.845785140991211,10.845785140991211
V471F,BRAF,471,1,-18.887056350708008,18.887056350708008
V471I,BRAF,471,1,-14.576579093933105,14.576579093933105
K483Q,BRAF,483,1,-16.014076232910156,16.014076232910156
L485S,BRAF,485,1,-11.528191566467285,11.528191566467285
K499N,BRAF,499,1,-12.721364974975586,12.721364974975586
E501A,BRAF,501,1,-14.720744132995605,14.720744132995605
E501V,BRAF,501,1,-14.777336120605469,14.777336120605469
L505F,BRAF,505,1,-12.676348686218262,12.676348686218262
W531L,BRAF,531,1,-15.95332145690918,15.95332145690918
C532Y,BRAF,532,1,-12.153024673461914,12.153024673461914
D565E,BRAF,565,1,-11.225987434387207,11.225987434387207
F583L,BRAF,583,1,-12.341924667358398,12.341924667358398
G596V,BRAF,596,1,-13.923568725585938,13.923568725585938
T599I,BRAF,599,1,-13.511479377746582,13.511479377746582
V600G,BRAF,600,1,-12.265071868896484,12.265071868896484
K601I,BRAF,601,1,-15.829530715942383,15.829530715942383
Q709R,BRAF,709,1,-9.327133178710938,9.327133178710938
A59T,HRAS,59,1,-13.593341827392578,13.593341827392578
G60D,HRAS,60,1,-11.87778377532959,11.87778377532959
N86T,HRAS,86,0,-7.012449264526367,7.012449264526367
S89C,HRAS,89,1,-9.439746856689453,9.439746856689453
P174S,HRAS,174,0,-0.5866734981536865,0.5866734981536865
K601Q,BRAF,601,1,-13.692054748535156,13.692054748535156
P870S,APC,870,0,1.3547706604003906,-1.3547706604003906
L1129S,APC,1129,0,0.09957122802734375,-0.09957122802734375
A2274V,APC,2274,0,-0.0890507698059082,0.0890507698059082
G2502S,APC,2502,0,0.7975049018859863,-0.7975049018859863
S2621C,APC,2621,0,-3.900531768798828,3.900531768798828
A735V,APC,735,0,-0.4389774799346924,0.4389774799346924
D1083E,APC,1083,0,0.06312799453735352,-0.06312799453735352
N1118D,APC,1118,0,-0.716045618057251,0.716045618057251
E140D,APC,140,0,-2.1327338218688965,2.1327338218688965
I3412V,BRCA2,3412,0,-0.1206521987915039,0.1206521987915039
S384F,BRCA2,384,0,-1.3299119472503662,1.3299119472503662
I505T,BRCA2,505,0,0.01983189582824707,-0.01983189582824707
T598A,BRCA2,598,0,-0.5538578033447266,0.5538578033447266
M784V,BRCA2,784,0,0.9947147369384766,-0.9947147369384766
N991D,BRCA2,991,0,-0.48912739753723145,0.48912739753723145
S1172L,BRCA2,1172,0,-0.5022315979003906,0.5022315979003906
G1194D,BRCA2,1194,0,0.8797686100006104,-0.8797686100006104
D1420Y,BRCA2,1420,0,-1.0583999156951904,1.0583999156951904
K1531N,BRCA2,1531,0,0.561011552810669,-0.561011552810669
E1593D,BRCA2,1593,0,-0.6065430641174316,0.6065430641174316
D1911V,BRCA2,1911,0,0.6250584125518799,-0.6250584125518799
T1915M,BRCA2,1915,0,-1.245016098022461,1.245016098022461
R2034C,BRCA2,2034,0,0.12225556373596191,-0.12225556373596191
R2108C,BRCA2,2108,0,0.24614691734313965,-0.24614691734313965
H2116R,BRCA2,2116,0,0.1486518383026123,-0.1486518383026123
H2440R,BRCA2,2440,0,0.27674436569213867,-0.27674436569213867
A2717S,BRCA2,2717,0,-0.5674102306365967,0.5674102306365967
V2728I,BRCA2,2728,0,0.19083833694458008,-0.19083833694458008
N289H,BRCA2,289,0,-1.085561990737915,1.085561990737915
I2944F,BRCA2,2944,0,-0.9135284423828125,0.9135284423828125
A2951T,BRCA2,2951,0,-0.8010969161987305,0.8010969161987305
V3244I,BRCA2,3244,0,-0.11492395401000977,0.11492395401000977
A127S,CDKN2A,127,0,-4.005249977111816,4.005249977111816
R144C,CDKN2A,144,0,-2.5873892307281494,2.5873892307281494
A148T,CDKN2A,148,0,-1.1601532697677612,1.1601532697677612
N400S,KIT,400,0,-0.9079551696777344,0.9079551696777344
M541L,KIT,541,0,0.5600271224975586,-0.5600271224975586
V37A,MET,37,0,-0.6873757839202881,0.6873757839202881
N375S,MET,375,0,0.42762207984924316,-0.42762207984924316
I316M,MET,316,0,-1.9247018098831177,1.9247018098831177
I1679V,NF1,1679,0,0.3805406093597412,-0.3805406093597412
A2532V,NF1,2532,0,-0.02947711944580078,0.02947711944580078
A79T,PTEN,79,0,-1.612838625907898,1.612838625907898
E137D,RB1,137,0,-0.5156211853027344,0.5156211853027344
D210Y,RB1,210,0,-2.496446132659912,2.496446132659912
S334L,TSC1,334,0,-0.726590633392334,0.726590633392334
T360N,TSC1,360,0,-1.1654469966888428,1.1654469966888428
Q550E,TSC1,550,0,0.6954634189605713,-0.6954634189605713
T899S,TSC1,899,0,0.09505772590637207,-0.09505772590637207
M322T,TSC1,322,0,2.125699996948242,-2.125699996948242
R367Q,TSC2,367,0,-0.19995808601379395,0.19995808601379395
A583T,TSC2,583,0,-0.7035801410675049,0.7035801410675049
A607T,TSC2,607,0,-0.2111973762512207,0.2111973762512207
A1257V,TSC2,1257,0,-0.4957108497619629,0.4957108497619629
S1276F,TSC2,1276,0,-2.3511123657226562,2.3511123657226562
P1305L,TSC2,1305,0,-0.15430521965026855,0.15430521965026855
R1329H,TSC2,1329,0,-1.4029245376586914,1.4029245376586914
A1429S,TSC2,1429,0,0.4261918067932129,-0.4261918067932129
S1774T,TSC2,1774,0,-0.7021901607513428,0.7021901607513428
R1795C,TSC2,1795,0,-2.02561092376709,2.02561092376709
Q356R,BRCA1,356,0,0.13066911697387695,-0.13066911697387695
D411E,BRCA1,411,0,0.22748374938964844,-0.22748374938964844
R496H,BRCA1,496,0,-0.6547880172729492,0.6547880172729492
E597K,BRCA1,597,0,-0.39933204650878906,0.39933204650878906
D693N,BRCA1,693,0,0.5188617706298828,-0.5188617706298828
V772A,BRCA1,772,0,-0.2497713565826416,0.2497713565826416
K820E,BRCA1,820,0,0.2091515064239502,-0.2091515064239502
R866C,BRCA1,866,0,-1.0644159317016602,1.0644159317016602
P871L,BRCA1,871,0,0.40763187408447266,-0.40763187408447266
M1008I,BRCA1,1008,0,1.144568681716919,-1.144568681716919
E1038G,BRCA1,1038,0,-0.9917452335357666,0.9917452335357666
P1099L,BRCA1,1099,0,0.168959379196167,-0.168959379196167
S1140G,BRCA1,1140,0,-1.1754934787750244,1.1754934787750244
K1183R,BRCA1,1183,0,-0.5494177341461182,0.5494177341461182
L1261F,BRCA1,1261,0,-1.0894784927368164,1.0894784927368164
R1347G,BRCA1,1347,0,0.24534225463867188,-0.24534225463867188
P142H,BRCA1,142,0,-0.9397470951080322,0.9397470951080322
R1507T,BRCA1,1507,0,0.7776832580566406,-0.7776832580566406
S1512I,BRCA1,1512,0,-2.0057897567749023,2.0057897567749023
S1613G,BRCA1,1613,0,-1.2740294933319092,1.2740294933319092
M1628T,BRCA1,1628,0,1.3215515613555908,-1.3215515613555908
M1652I,BRCA1,1652,0,0.6675084829330444,-0.6675084829330444
H1860P,BRCA1,1860,0,0.8088600635528564,-0.8088600635528564
L246V,BRCA1,246,0,-0.380828857421875,0.380828857421875
R67H,RET,67,0,-1.1070711612701416,1.1070711612701416
T278N,RET,278,0,0.05817055702209473,-0.05817055702209473
A347D,TP53,347,1,-6.395444869995117,6.395444869995117
P47S,TP53,47,0,-0.23461222648620605,0.23461222648620605
R273C,TP53,273,1,-7.706510543823242,7.706510543823242
S65W,VHL,65,1,-0.7246880531311035,0.7246880531311035
E70K,VHL,70,1,-0.5515356063842773,0.5515356063842773
R107G,VHL,107,1,0.07944202423095703,-0.07944202423095703
Y156C,VHL,156,1,-1.156961441040039,1.156961441040039
C162F,VHL,162,1,0.9023489952087402,-0.9023489952087402
V166A,VHL,166,1,-0.12605690956115723,0.12605690956115723
G466R,BRAF,466,1,-10.78061580657959,10.78061580657959
G469V,BRAF,469,1,-15.782508850097656,15.782508850097656
T470R,BRAF,470,1,-13.712837219238281,13.712837219238281
A481E,BRAF,481,1,-17.810991287231445,17.810991287231445
V487G,BRAF,487,1,-13.469887733459473,13.469887733459473
E501Q,BRAF,501,1,-13.167783737182617,13.167783737182617
H574Y,BRAF,574,1,-14.450024604797363,14.450024604797363
N581K,BRAF,581,1,-11.549341201782227,11.549341201782227
D594N,BRAF,594,1,-13.084197998046875,13.084197998046875
V600M,BRAF,600,1,-8.189987182617188,8.189987182617188
V600L,BRAF,600,1,-9.025156021118164,9.025156021118164
K601T,BRAF,601,1,-11.3992338180542,11.3992338180542
T241K,BRAF,241,1,-9.939292907714844,9.939292907714844
F247V,BRAF,247,1,-14.023276329040527,14.023276329040527
Q262P,BRAF,262,1,-14.556992530822754,14.556992530822754
G265R,BRAF,265,1,-6.561499118804932,6.561499118804932
A31G,BRAF,31,0,-2.958322525024414,2.958322525024414
S323L,BRAF,323,0,-7.539216995239258,7.539216995239258
G815R,ERBB2,815,0,-3.2177722454071045,3.2177722454071045
G719R,EGFR,719,1,-10.03033447265625,10.03033447265625
G719A,EGFR,719,1,-7.144405364990234,7.144405364990234
S768I,EGFR,768,1,-8.320734024047852,8.320734024047852
V834L,EGFR,834,1,-5.2818403244018555,5.2818403244018555
R336W,TSC1,336,0,-2.668944835662842,2.668944835662842
S403L,TSC1,403,0,-0.6389527320861816,0.6389527320861816
P448S,TSC1,448,0,0.5559523105621338,-0.5559523105621338
R509Q,TSC1,509,0,-0.1971421241760254,0.1971421241760254
A523P,TSC1,523,0,0.12707042694091797,-0.12707042694091797
L61P,TSC1,61,1,-1.6131058931350708,1.6131058931350708
A659V,TSC1,659,0,0.1100606918334961,-0.1100606918334961
G681S,TSC1,681,1,0.8706023693084717,-0.8706023693084717
L72P,TSC1,72,1,-4.213591575622559,4.213591575622559
E809Q,TSC1,809,0,-0.3573329448699951,0.3573329448699951
S829R,TSC1,829,0,-0.6680774688720703,0.6680774688720703
A84T,TSC1,84,0,-0.03624987602233887,0.03624987602233887
A883T,TSC1,883,0,-0.12243175506591797,0.12243175506591797
R885W,TSC1,885,0,-3.288449764251709,3.288449764251709
R1097H,TSC1,1097,0,-1.346839189529419,1.346839189529419
R190P,TSC1,190,1,-1.8009474277496338,1.8009474277496338
L191H,TSC1,191,1,-2.2580907344818115,2.2580907344818115
L191R,TSC1,191,1,-2.6498796939849854,2.6498796939849854
F216S,TSC1,216,1,-3.301429271697998,3.301429271697998
L362P,TSC2,362,1,1.2588229179382324,-1.2588229179382324
L493V,TSC2,493,1,-1.236009120941162,1.236009120941162
Y598H,TSC2,598,1,-0.1374342441558838,0.1374342441558838
R611G,TSC2,611,1,0.315767765045166,-0.315767765045166
K7R,TSC2,7,0,-0.456470251083374,0.456470251083374
E814K,TSC2,814,1,0.592383861541748,-0.592383861541748
P91L,TSC2,91,0,-0.9680867195129395,0.9680867195129395
R1032P,TSC2,1032,1,-0.7797162532806396,0.7797162532806396
T1071R,TSC2,1071,1,0.1245884895324707,-0.1245884895324707
A1141T,TSC2,1141,0,-0.02594900131225586,0.02594900131225586
L160V,TSC2,160,1,-0.4323517084121704,0.4323517084121704
L1597P,TSC2,1597,1,-2.774813652038574,2.774813652038574
H1620Y,TSC2,1620,1,-2.455599546432495,2.455599546432495
H1640Y,TSC2,1640,1,-2.143040657043457,2.143040657043457
N1651S,TSC2,1651,1,0.4918525218963623,-0.4918525218963623
N1681K,TSC2,1681,1,0.36266469955444336,-0.36266469955444336
S1684P,TSC2,1684,1,-1.5437746047973633,1.5437746047973633
D1690Y,TSC2,1690,1,-0.683873176574707,0.683873176574707
P1709R,TSC2,1709,1,1.054220199584961,-1.054220199584961
L1717P,TSC2,1717,1,-2.102825403213501,2.102825403213501
L1750F,TSC2,1750,0,-1.6121313571929932,1.6121313571929932
P1771L,TSC2,1771,0,-0.17718505859375,0.17718505859375
R261W,TSC2,261,0,-1.2821617126464844,1.2821617126464844
G294R,TSC2,294,1,0.4176959991455078,-0.4176959991455078
D1690H,TSC2,1690,1,-0.48812150955200195,0.48812150955200195
S1698R,TSC2,1698,0,-0.31958460807800293,0.31958460807800293
I1648T,TSC2,1648,1,-4.5827813148498535,4.5827813148498535
G1595R,TSC2,1595,1,-3.8152647018432617,3.8152647018432617
R1743W,TSC2,1743,1,-2.32810378074646,2.32810378074646
Y1549C,TSC2,1549,1,-1.9878182411193848,1.9878182411193848
Q1554H,TSC2,1554,1,-0.7125246524810791,0.7125246524810791
P1497T,TSC2,1497,1,-0.30220842361450195,0.30220842361450195
P1497R,TSC2,1497,1,-0.1735849380493164,0.1735849380493164
V1673L,TSC2,1673,0,-0.8625035285949707,0.8625035285949707
Q1503H,TSC2,1503,1,-0.4750807285308838,0.4750807285308838
Y1571C,TSC2,1571,1,-1.1253247261047363,1.1253247261047363
G1204R,TSC2,1204,1,-0.26620960235595703,0.26620960235595703
L1235F,TSC2,1235,0,-1.3708853721618652,1.3708853721618652
D1028N,TSC2,1028,1,-0.4106128215789795,0.4106128215789795
A1141V,TSC2,1141,0,-0.45262861251831055,0.45262861251831055
A889V,TSC2,889,1,-0.2782466411590576,0.2782466411590576
L808S,TSC2,808,1,-1.8629276752471924,1.8629276752471924
F897S,TSC2,897,1,1.2733373641967773,-1.2733373641967773
L737P,TSC2,737,1,-4.658834934234619,4.658834934234619
P579A,TSC2,579,0,-1.5736331939697266,1.5736331939697266
H597R,TSC2,597,1,-0.5041317939758301,0.5041317939758301
R611W,TSC2,611,1,0.05756378173828125,-0.05756378173828125
A460T,TSC2,460,0,-0.46819186210632324,0.46819186210632324
P543L,TSC2,543,0,-0.19085431098937988,0.19085431098937988
I463V,TSC2,463,0,0.4341142177581787,-0.4341142177581787
N525S,TSC2,525,0,0.9628324508666992,-0.9628324508666992
A614D,TSC2,614,1,-2.7215328216552734,2.7215328216552734
C804R,TSC2,804,1,-1.593371868133545,1.593371868133545
T5A,TSC2,5,0,0.4233686923980713,-0.4233686923980713
L826P,TSC2,826,1,-4.131732940673828,4.131732940673828
R1159W,TSC2,1159,0,-2.509122371673584,2.509122371673584
Y1186C,TSC2,1186,0,0.12079286575317383,-0.12079286575317383
R1200W,TSC2,1200,1,-2.542788505554199,2.542788505554199
T993M,TSC2,993,0,-1.4656567573547363,1.4656567573547363
E1558K,TSC2,1558,1,-0.2940216064453125,0.2940216064453125
R1743G,TSC2,1743,1,-0.9359195232391357,0.9359195232391357
L1027P,TSC2,1027,1,-1.189502239227295,1.189502239227295
C244R,TSC2,244,1,-0.795924186706543,0.795924186706543
N1643H,TSC2,1643,1,-3.218510389328003,3.218510389328003
L264P,TSC2,264,1,-1.7451671361923218,1.7451671361923218
P1709L,TSC2,1709,1,0.5327215194702148,-0.5327215194702148
R1713H,TSC2,1713,1,-1.0672130584716797,1.0672130584716797
R1713P,TSC2,1713,1,-1.3185133934020996,1.3185133934020996
R1793Q,TSC2,1793,0,-0.8352539539337158,0.8352539539337158
A196T,TSC2,196,0,0.07649779319763184,-0.07649779319763184
G1579S,TSC2,1579,1,0.8431622982025146,-0.8431622982025146
R1743Q,TSC2,1743,1,-0.5912315845489502,0.5912315845489502
R1743P,TSC2,1743,1,-0.9579799175262451,0.9579799175262451
L1744P,TSC2,1744,1,-1.001978874206543,1.001978874206543
G1642D,TSC2,1642,1,-5.959272384643555,5.959272384643555
M286V,TSC2,286,0,0.9315166473388672,-0.9315166473388672
M286T,TSC2,286,0,1.2208616733551025,-1.2208616733551025
P1265S,TSC2,1265,0,-0.5918368101119995,0.5918368101119995
L1562P,TSC2,1562,1,-0.46198534965515137,0.46198534965515137
S1095N,TSC2,1095,1,-2.4522643089294434,2.4522643089294434
G1399R,TSC2,1399,0,0.10356831550598145,-0.10356831550598145
G1134A,TSC2,1134,1,-0.15977001190185547,0.15977001190185547
L850P,TSC2,850,1,-3.6961498260498047,3.6961498260498047
L1578P,TSC2,1578,1,-1.2031137943267822,1.2031137943267822
L1584R,TSC2,1584,1,-0.14378666877746582,0.14378666877746582
C696R,TSC2,696,1,-0.5582067966461182,0.5582067966461182
C696Y,TSC2,696,1,-0.3537468910217285,0.3537468910217285
E92V,TSC2,92,0,-1.7787561416625977,1.7787561416625977
L733P,TSC2,733,1,-3.3961374759674072,3.3961374759674072
G1204E,TSC2,1204,1,-0.12131786346435547,0.12131786346435547
Y598C,TSC2,598,1,-0.020876646041870117,0.020876646041870117
D1013N,TSC2,1013,0,-0.35593461990356445,0.35593461990356445
P419S,TSC2,419,1,1.9359521865844727,-1.9359521865844727
M649T,TSC2,649,0,0.7759270668029785,-0.7759270668029785
L466P,TSC2,466,1,-6.567885398864746,6.567885398864746
L466R,TSC2,466,1,-5.509884834289551,5.509884834289551
T3374I,BRCA2,3374,0,-0.07081294059753418,0.07081294059753418
Q347R,BRCA2,347,0,-0.28943824768066406,0.28943824768066406
P375S,BRCA2,375,0,1.244121789932251,-1.244121789932251
E394A,BRCA2,394,0,-0.6197006702423096,0.6197006702423096
P41S,BRCA2,41,0,0.8815720081329346,-0.8815720081329346
L452I,BRCA2,452,0,-0.565305233001709,0.565305233001709
Q499R,BRCA2,499,0,-0.28926897048950195,0.28926897048950195
C554W,BRCA2,554,0,-2.3398847579956055,2.3398847579956055
N560D,BRCA2,560,0,-0.13653182983398438,0.13653182983398438
D596H,BRCA2,596,0,-1.2361600399017334,1.2361600399017334
Y600H,BRCA2,600,0,0.2149791717529297,-0.2149791717529297
G602R,BRCA2,602,0,0.25196361541748047,-0.25196361541748047
A618P,BRCA2,618,0,0.14122676849365234,-0.14122676849365234
D707Y,BRCA2,707,0,-1.2337608337402344,1.2337608337402344
Q713L,BRCA2,713,0,0.46423912048339844,-0.46423912048339844
A737S,BRCA2,737,0,1.0854214429855347,-1.0854214429855347
V741L,BRCA2,741,0,0.3772091865539551,-0.3772091865539551
A75P,BRCA2,75,0,0.5323057174682617,-0.5323057174682617
L759F,BRCA2,759,0,-0.6635005474090576,0.6635005474090576
D806H,BRCA2,806,0,-0.7834463119506836,0.7834463119506836
Y828C,BRCA2,828,0,0.16315650939941406,-0.16315650939941406
P835S,BRCA2,835,0,1.6098047494888306,-1.6098047494888306
V894I,BRCA2,894,0,0.08892345428466797,-0.08892345428466797
N900D,BRCA2,900,0,-0.4512028694152832,0.4512028694152832
L929S,BRCA2,929,0,0.4782501459121704,-0.4782501459121704
D935N,BRCA2,935,0,0.5662927627563477,-0.5662927627563477
S958G,BRCA2,958,0,-1.4048957824707031,1.4048957824707031
N987I,BRCA2,987,0,0.11822342872619629,-0.11822342872619629
Y989D,BRCA2,989,0,0.9088826179504395,-0.9088826179504395
L996R,BRCA2,996,0,-1.4010820388793945,1.4010820388793945
M1T,BRCA2,1,1,-5.133354187011719,5.133354187011719
M1R,BRCA2,1,1,-5.376415252685547,5.376415252685547
S1041N,BRCA2,1041,0,-0.6795508861541748,0.6795508861541748
C1044W,BRCA2,1044,0,-2.996764659881592,2.996764659881592
N108H,BRCA2,108,0,-1.2008240222930908,1.2008240222930908
Y1135H,BRCA2,1135,0,0.7059686183929443,-0.7059686183929443
M1149V,BRCA2,1149,0,0.7562463283538818,-0.7562463283538818
R1190W,BRCA2,1190,0,-3.5062661170959473,3.5062661170959473
F1192C,BRCA2,1192,0,-0.6605653762817383,0.6605653762817383
D1280V,BRCA2,1280,0,-0.23453712463378906,0.23453712463378906
V1283G,BRCA2,1283,0,-1.2167444229125977,1.2167444229125977
T1302N,BRCA2,1302,0,0.11376476287841797,-0.11376476287841797
R1315K,BRCA2,1315,0,1.424945592880249,-1.424945592880249
I1349T,BRCA2,1349,0,-0.5773921012878418,0.5773921012878418
T1354M,BRCA2,1354,0,-1.5895023345947266,1.5895023345947266
I1364L,BRCA2,1364,0,-0.019837379455566406,0.019837379455566406
T1388N,BRCA2,1388,0,0.41672277450561523,-0.41672277450561523
T1414M,BRCA2,1414,0,-1.308152675628662,1.308152675628662
S1424C,BRCA2,1424,0,-1.7027230262756348,1.7027230262756348
Q147R,BRCA2,147,0,-0.16387295722961426,0.16387295722961426
S1479T,BRCA2,1479,0,-0.6267130374908447,0.6267130374908447
L1522F,BRCA2,1522,0,-0.5053629875183105,0.5053629875183105
F1524V,BRCA2,1524,0,-3.328336000442505,3.328336000442505
C1573Y,BRCA2,1573,0,-0.41596484184265137,0.41596484184265137
V159M,BRCA2,159,1,-1.486854076385498,1.486854076385498
A1668G,BRCA2,1668,0,-0.2656993865966797,0.2656993865966797
P168T,BRCA2,168,0,-1.370389699935913,1.370389699935913
R18H,BRCA2,18,0,-0.7479934692382812,0.7479934692382812
P1819S,BRCA2,1819,0,1.0465328693389893,-1.0465328693389893
K1823Q,BRCA2,1823,0,-0.6524679660797119,0.6524679660797119
N1880K,BRCA2,1880,0,-0.19222021102905273,0.19222021102905273
E1895Q,BRCA2,1895,0,-0.7327849864959717,0.7327849864959717
H1918Y,BRCA2,1918,0,-0.7812328338623047,0.7812328338623047
H1918R,BRCA2,1918,0,1.0485587120056152,-1.0485587120056152
S2006R,BRCA2,2006,0,-0.44263267517089844,0.44263267517089844
V211I,BRCA2,211,1,-0.22116613388061523,0.22116613388061523
K2128N,BRCA2,2128,0,-0.16722583770751953,0.16722583770751953
S2152Y,BRCA2,2152,0,-2.1892151832580566,2.1892151832580566
H2178Y,BRCA2,2178,0,-0.8521997928619385,0.8521997928619385
D23Y,BRCA2,23,1,-1.2953879833221436,1.2953879833221436
D2312V,BRCA2,2312,0,0.47882533073425293,-0.47882533073425293
R2318Q,BRCA2,2318,0,-0.04294610023498535,0.04294610023498535
R2336P,BRCA2,2336,1,0.27191162109375,-0.27191162109375
R2336L,BRCA2,2336,1,0.6503012180328369,-0.6503012180328369
K2339N,BRCA2,2339,0,-0.34853672981262207,0.34853672981262207
G2353R,BRCA2,2353,0,0.315295934677124,-0.315295934677124
K2411T,BRCA2,2411,0,-0.1824970245361328,0.1824970245361328
N2436I,BRCA2,2436,0,-0.2599191665649414,0.2599191665649414
K2472T,BRCA2,2472,0,-0.15839028358459473,0.15839028358459473
R2502H,BRCA2,2502,0,-0.5646123886108398,0.5646123886108398
L2512F,BRCA2,2512,0,-0.7873661518096924,0.7873661518096924
T2542R,BRCA2,2542,0,0.03748464584350586,-0.03748464584350586
G2585R,BRCA2,2585,1,0.8955323696136475,-0.8955323696136475
R2602T,BRCA2,2602,1,-0.7271721363067627,0.7271721363067627
G2609D,BRCA2,2609,1,0.1340315341949463,-0.1340315341949463
I2627F,BRCA2,2627,1,-0.1875748634338379,0.1875748634338379
L2647P,BRCA2,2647,1,-0.5458083152770996,0.5458083152770996
L2653P,BRCA2,2653,1,0.13170504570007324,-0.13170504570007324
Q2655R,BRCA2,2655,1,0.13087081909179688,-0.13087081909179688
R2659T,BRCA2,2659,1,-0.21726369857788086,0.21726369857788086
Y2660D,BRCA2,2660,1,0.6712021827697754,-0.6712021827697754
E2663K,BRCA2,2663,1,-0.1931455135345459,0.1931455135345459
E2663V,BRCA2,2663,1,-0.27331089973449707,0.27331089973449707
S2670L,BRCA2,2670,1,0.2354588508605957,-0.2354588508605957
I2675V,BRCA2,2675,1,-0.338315486907959,0.338315486907959
L2686P,BRCA2,2686,1,-1.3471657037734985,1.3471657037734985
L2721H,BRCA2,2721,1,-3.1503686904907227,3.1503686904907227
D2723H,BRCA2,2723,1,-4.56639289855957,4.56639289855957
D2723A,BRCA2,2723,1,-4.4250922203063965,4.4250922203063965
G2724V,BRCA2,2724,1,-3.3083505630493164,3.3083505630493164
Y2726C,BRCA2,2726,1,-0.3618812561035156,0.3618812561035156
G2748D,BRCA2,2748,1,-2.686152458190918,2.686152458190918
A2770T,BRCA2,2770,0,0.4108564853668213,-0.4108564853668213
W2788R,BRCA2,2788,1,1.721717357635498,-1.721717357635498
L2792P,BRCA2,2792,1,-0.15791058540344238,0.15791058540344238
G2793R,BRCA2,2793,1,0.17497873306274414,-0.17497873306274414
S2835P,BRCA2,2835,0,-0.39592766761779785,0.39592766761779785
R2842H,BRCA2,2842,0,-0.7980284690856934,0.7980284690856934
S286P,BRCA2,286,0,-1.378450632095337,1.378450632095337
V2969M,BRCA2,2969,0,-1.5056021213531494,1.5056021213531494
R3052W,BRCA2,3052,1,-1.5675346851348877,1.5675346851348877
K3059E,BRCA2,3059,0,0.5366125106811523,-0.5366125106811523
P3063S,BRCA2,3063,0,0.4899444580078125,-0.4899444580078125
W31R,BRCA2,31,1,2.4300949573516846,-2.4300949573516846
G3076E,BRCA2,3076,1,-5.845036506652832,5.845036506652832
D3095E,BRCA2,3095,1,-3.5470645427703857,3.5470645427703857
L3125H,BRCA2,3125,1,-4.797951698303223,4.797951698303223
D3170G,BRCA2,3170,0,-0.4006922245025635,0.4006922245025635
L3180F,BRCA2,3180,0,-1.1577844619750977,1.1577844619750977
S326R,BRCA2,326,0,-0.06789779663085938,0.06789779663085938
P3292L,BRCA2,3292,0,-2.0889129638671875,2.0889129638671875
P334L,BRCA1,334,0,0.6083853244781494,-0.6083853244781494
K355R,BRCA1,355,0,-0.8880600929260254,0.8880600929260254
T37K,BRCA1,37,1,-6.675116539001465,6.675116539001465
T37R,BRCA1,37,1,-6.570268630981445,6.570268630981445
N376S,BRCA1,376,0,0.49264204502105713,-0.49264204502105713
S377N,BRCA1,377,0,-0.5253486633300781,0.5253486633300781
I379M,BRCA1,379,0,-1.3076157569885254,1.3076157569885254
C39S,BRCA1,39,1,-9.582804679870605,9.582804679870605
C39R,BRCA1,39,1,-10.943209648132324,10.943209648132324
C39G,BRCA1,39,1,-11.757996559143066,11.757996559143066
S403F,BRCA1,403,0,-1.4437909126281738,1.4437909126281738
H41R,BRCA1,41,1,-8.152532577514648,8.152532577514648
E421K,BRCA1,421,0,-0.15336298942565918,0.15336298942565918
C44S,BRCA1,44,1,-7.968282699584961,7.968282699584961
C44R,BRCA1,44,1,-11.173856735229492,11.173856735229492
C44Y,BRCA1,44,1,-10.600797653198242,10.600797653198242
C44F,BRCA1,44,1,-10.367952346801758,10.367952346801758
F461L,BRCA1,461,0,1.255302906036377,-1.255302906036377
Y465D,BRCA1,465,0,0.5601849555969238,-0.5601849555969238
C47G,BRCA1,47,1,-8.534734725952148,8.534734725952148
C47Y,BRCA1,47,1,-7.566455841064453,7.566455841064453
C47F,BRCA1,47,1,-8.344130516052246,8.344130516052246
N473S,BRCA1,473,0,0.5647671222686768,-0.5647671222686768
N473I,BRCA1,473,0,-0.9353671073913574,0.9353671073913574
H476R,BRCA1,476,0,0.38278889656066895,-0.38278889656066895
F486L,BRCA1,486,0,1.206862449645996,-1.206862449645996
R504H,BRCA1,504,0,-2.525644063949585,2.525644063949585
D522N,BRCA1,522,0,0.862144947052002,-0.862144947052002
T539M,BRCA1,539,0,-1.4962711334228516,1.4962711334228516
G552V,BRCA1,552,0,0.650111198425293,-0.650111198425293
P568L,BRCA1,568,0,1.1062142848968506,-1.1062142848968506
T582A,BRCA1,582,0,-0.3759305477142334,0.3759305477142334
I600M,BRCA1,600,0,-1.3011810779571533,1.3011810779571533
C61S,BRCA1,61,1,-11.232366561889648,11.232366561889648
C61R,BRCA1,61,1,-11.896710395812988,11.896710395812988
C61Y,BRCA1,61,1,-10.2322998046875,10.2322998046875
R612G,BRCA1,612,0,-1.6461875438690186,1.6461875438690186
A622V,BRCA1,622,0,-0.769890546798706,0.769890546798706
P633T,BRCA1,633,0,0.2617006301879883,-0.2617006301879883
P634R,BRCA1,634,0,-0.0981130599975586,0.0981130599975586
C64R,BRCA1,64,1,-9.14659595489502,9.14659595489502
C64Y,BRCA1,64,1,-7.996799468994141,7.996799468994141
D642H,BRCA1,642,0,-1.3594095706939697,1.3594095706939697
S643G,BRCA1,643,0,-1.529002070426941,1.529002070426941
C644W,BRCA1,644,0,-2.5091400146484375,2.5091400146484375
K654E,BRCA1,654,0,-0.24262475967407227,0.24262475967407227
Y655D,BRCA1,655,0,1.0769376754760742,-1.0769376754760742
D67Y,BRCA1,67,0,0.3562808036804199,-0.3562808036804199
M1V,BRCA1,1,1,-6.559875011444092,6.559875011444092
D695Y,BRCA1,695,0,-0.9326484203338623,0.9326484203338623
R71K,BRCA1,71,1,1.3331043720245361,-1.3331043720245361
P727L,BRCA1,727,0,0.529271125793457,-0.529271125793457
R762S,BRCA1,762,0,1.3098344802856445,-1.3098344802856445
I783V,BRCA1,783,0,0.3098876476287842,-0.3098876476287842
Q804H,BRCA1,804,0,-0.44093966484069824,0.44093966484069824
C805R,BRCA1,805,0,0.4533982276916504,-0.4533982276916504
N810Y,BRCA1,810,0,-1.921861171722412,1.921861171722412
D825V,BRCA1,825,0,0.32304883003234863,-0.32304883003234863
R841Q,BRCA1,841,0,0.3432600498199463,-0.3432600498199463
Y856H,BRCA1,856,0,0.5223977565765381,-0.5223977565765381
R866H,BRCA1,866,0,-0.9296844005584717,0.9296844005584717
E879K,BRCA1,879,0,0.08756160736083984,-0.08756160736083984
L892S,BRCA1,892,0,0.22986841201782227,-0.22986841201782227
D96N,BRCA1,96,1,-0.02192854881286621,0.02192854881286621
G960D,BRCA1,960,0,0.23691606521606445,-0.23691606521606445
E962K,BRCA1,962,0,0.37873387336730957,-0.37873387336730957
T967S,BRCA1,967,0,0.8280864953994751,-0.8280864953994751
H971N,BRCA1,971,0,1.046750545501709,-1.046750545501709
R979C,BRCA1,979,0,-1.0296111106872559,1.0296111106872559
M1T,BRCA1,1,1,-7.598544597625732,7.598544597625732
M1R,BRCA1,1,1,-7.326334476470947,7.326334476470947
M1008V,BRCA1,1008,0,1.3877999782562256,-1.3877999782562256
S1024R,BRCA1,1024,0,-1.1661393642425537,1.1661393642425537
V1047A,BRCA1,1047,0,-2.911881923675537,2.911881923675537
G1048V,BRCA1,1048,0,-4.014390468597412,4.014390468597412
Y105C,BRCA1,105,0,0.6563336849212646,-0.6563336849212646
R1076S,BRCA1,1076,0,0.951568603515625,-0.951568603515625
S1101N,BRCA1,1101,0,-0.63362717628479,0.63362717628479
S1139I,BRCA1,1139,0,-0.914750337600708,0.914750337600708
Q1144H,BRCA1,1144,0,-0.7650730609893799,0.7650730609893799
P1150S,BRCA1,1150,0,1.2506592273712158,-1.2506592273712158
D1155H,BRCA1,1155,0,-0.7517082691192627,0.7517082691192627
V1176D,BRCA1,1176,0,0.07984662055969238,-0.07984662055969238
V1181I,BRCA1,1181,0,-0.27953386306762695,0.27953386306762695
V1181A,BRCA1,1181,0,-0.1781153678894043,0.1781153678894043
Q1200H,BRCA1,1200,0,-0.7004785537719727,0.7004785537719727
G1201S,BRCA1,1201,0,0.8470554351806641,-0.8470554351806641
R1203Q,BRCA1,1203,0,0.36757659912109375,-0.36757659912109375
G1205R,BRCA1,1205,0,0.7285783290863037,-0.7285783290863037
E1214K,BRCA1,1214,0,-1.303983211517334,1.303983211517334
S1218C,BRCA1,1218,0,-2.772897720336914,2.772897720336914
K1233R,BRCA1,1233,0,-0.8007996082305908,0.8007996082305908
N1236K,BRCA1,1236,0,0.12007355690002441,-0.12007355690002441
I124V,BRCA1,124,0,0.39167118072509766,-0.39167118072509766
S1241C,BRCA1,1241,0,-2.024404764175415,2.024404764175415
T1242A,BRCA1,1242,0,-0.2124781608581543,0.2124781608581543
V1247I,BRCA1,1247,0,-0.6758501529693604,0.6758501529693604
E1250K,BRCA1,1250,0,-0.8225367069244385,0.8225367069244385
S1253Y,BRCA1,1253,0,-2.6095333099365234,2.6095333099365234
S1266T,BRCA1,1266,0,-0.7935959100723267,0.7935959100723267
A1277P,BRCA1,1277,0,0.7610125541687012,-0.7610125541687012
H1283R,BRCA1,1283,0,0.26475071907043457,-0.26475071907043457
H1284R,BRCA1,1284,0,0.059076547622680664,-0.059076547622680664
N132K,BRCA1,132,0,0.5658683776855469,-0.5658683776855469
R133C,BRCA1,133,0,-2.6616768836975098,2.6616768836975098
M1I,BRCA1,1,1,-7.124811172485352,7.124811172485352
D1337E,BRCA1,1337,0,0.5568945407867432,-0.5568945407867432
T1349M,BRCA1,1349,0,-1.1098418235778809,1.1098418235778809
M1361L,BRCA1,1361,0,1.529604434967041,-1.529604434967041
V1378I,BRCA1,1378,0,-0.4539666175842285,0.4539666175842285
H1402Y,BRCA1,1402,0,-0.8616151809692383,0.8616151809692383
M1411T,BRCA1,1411,1,-1.53564453125,1.53564453125
E1419Q,BRCA1,1419,0,0.5779252052307129,-0.5779252052307129
I1432L,BRCA1,1432,0,0.7309615612030029,-0.7309615612030029
N1468H,BRCA1,1468,0,-0.8271501064300537,0.8271501064300537
V1534M,BRCA1,1534,0,-0.8132896423339844,0.8132896423339844
D1546N,BRCA1,1546,0,0.17616701126098633,-0.17616701126098633
D1546Y,BRCA1,1546,0,-0.9231305122375488,0.9231305122375488
Q155E,BRCA1,155,0,0.5832352638244629,-0.5832352638244629
T1561I,BRCA1,1561,0,-0.054010868072509766,0.054010868072509766
L1564P,BRCA1,1564,0,-0.0695192813873291,0.0695192813873291
S1577P,BRCA1,1577,0,-0.7259175777435303,0.7259175777435303
A1584S,BRCA1,1584,0,1.181942343711853,-1.181942343711853
R1589H,BRCA1,1589,0,-0.1428227424621582,0.1428227424621582
I1593L,BRCA1,1593,0,0.6114757061004639,-0.6114757061004639
P1614S,BRCA1,1614,0,0.668403148651123,-0.668403148651123
P1637L,BRCA1,1637,0,-0.03425240516662598,0.03425240516662598
A1641T,BRCA1,1641,0,0.22685027122497559,-0.22685027122497559
S1655F,BRCA1,1655,1,-4.168750762939453,4.168750762939453
F1662S,BRCA1,1662,0,1.3978524208068848,-1.3978524208068848
E1682K,BRCA1,1682,0,-0.15610289573669434,0.15610289573669434
E1682V,BRCA1,1682,1,-1.9514634609222412,1.9514634609222412
T1685A,BRCA1,1685,1,-7.316844940185547,7.316844940185547
T1685I,BRCA1,1685,1,-8.25847339630127,8.25847339630127
H1686Q,BRCA1,1686,1,-6.364534378051758,6.364534378051758
T1691R,BRCA1,1691,1,1.6261335611343384,-1.6261335611343384
D1692Y,BRCA1,1692,1,-3.8081560134887695,3.8081560134887695
D1692V,BRCA1,1692,1,-2.327005386352539,2.327005386352539
C1697R,BRCA1,1697,1,-2.9718925952911377,2.9718925952911377
R170W,BRCA1,170,0,-3.517813205718994,3.517813205718994
R1699W,BRCA1,1699,1,-7.322338581085205,7.322338581085205
R1699L,BRCA1,1699,1,-6.296136856079102,6.296136856079102
T1700A,BRCA1,1700,1,-5.052386283874512,5.052386283874512
G1706A,BRCA1,1706,0,-0.5895224213600159,0.5895224213600159
A1708E,BRCA1,1708,1,-8.374422073364258,8.374422073364258
V1713A,BRCA1,1713,1,-4.890499114990234,4.890499114990234
V1714G,BRCA1,1714,1,-8.362152099609375,8.362152099609375
S1715R,BRCA1,1715,1,-1.6952804327011108,1.6952804327011108
S1715C,BRCA1,1715,1,-4.271079063415527,4.271079063415527
S1715N,BRCA1,1715,1,0.07158041000366211,-0.07158041000366211
W1718C,BRCA1,1718,1,-8.48561954498291,8.48561954498291
T1720A,BRCA1,1720,0,-0.42110204696655273,0.42110204696655273
D1733G,BRCA1,1733,0,-3.1458940505981445,3.1458940505981445
F1734S,BRCA1,1734,1,-6.636183738708496,6.636183738708496
V1736G,BRCA1,1736,1,-5.429771423339844,5.429771423339844
G1738R,BRCA1,1738,1,0.27465057373046875,-0.27465057373046875
G1738E,BRCA1,1738,1,1.5721975564956665,-1.5721975564956665
D1739Y,BRCA1,1739,1,-1.2987546920776367,1.2987546920776367
D1739G,BRCA1,1739,1,-0.5148258209228516,0.5148258209228516
D1739V,BRCA1,1739,1,-0.6149392127990723,0.6149392127990723
D1739E,BRCA1,1739,1,0.43510913848876953,-0.43510913848876953
G1748D,BRCA1,1748,1,-0.8499393463134766,0.8499393463134766
P1749R,BRCA1,1749,1,0.37546682357788086,-0.37546682357788086
R1751Q,BRCA1,1751,0,-0.43743276596069336,0.43743276596069336
R1751P,BRCA1,1751,1,-0.11937236785888672,0.11937236785888672
A1752P,BRCA1,1752,1,0.7505159378051758,-0.7505159378051758
F1761S,BRCA1,1761,1,-7.967064380645752,7.967064380645752
L1764P,BRCA1,1764,1,-8.006776809692383,8.006776809692383
D1778N,BRCA1,1778,1,-0.7770030498504639,0.7770030498504639
L1780P,BRCA1,1780,1,-8.103839874267578,8.103839874267578
G1788C,BRCA1,1788,1,-6.232274055480957,6.232274055480957
A1789T,BRCA1,1789,1,-6.760529041290283,6.760529041290283
M18K,BRCA1,18,1,-2.5143303871154785,2.5143303871154785
V1804D,BRCA1,1804,0,0.8501324653625488,-0.8501324653625488
V1809F,BRCA1,1809,1,-1.2785032987594604,1.2785032987594604
Q1811R,BRCA1,1811,1,-0.16727590560913086,0.16727590560913086
N1819S,BRCA1,1819,0,1.2213311195373535,-1.2213311195373535
A1823T,BRCA1,1823,1,-0.372485876083374,0.372485876083374
V1833M,BRCA1,1833,1,-4.008639335632324,4.008639335632324
W1837G,BRCA1,1837,1,-8.849236488342285,8.849236488342285
V1838E,BRCA1,1838,1,-11.65700626373291,11.65700626373291
A1843P,BRCA1,1843,1,-5.654216766357422,5.654216766357422
L1844R,BRCA1,1844,0,0.016111373901367188,-0.016111373901367188
Y1853C,BRCA1,1853,1,-3.5159406661987305,3.5159406661987305
L1854P,BRCA1,1854,1,-1.3445048332214355,1.3445048332214355
P1856S,BRCA1,1856,0,0.9544122219085693,-0.9544122219085693
P1859R,BRCA1,1859,0,0.0001919269561767578,-0.0001919269561767578
S186Y,BRCA1,186,0,-3.1261587142944336,3.1261587142944336
H1862L,BRCA1,1862,0,1.182610034942627,-1.182610034942627
L22S,BRCA1,22,1,-3.469710111618042,3.469710111618042
C24R,BRCA1,24,1,-9.648502349853516,9.648502349853516
H239R,BRCA1,239,0,0.2554502487182617,-0.2554502487182617
C24Y,BRCA1,24,1,-8.060455322265625,8.060455322265625
T248N,BRCA1,248,0,-0.06455540657043457,0.06455540657043457
G263C,BRCA1,263,0,-0.5669727325439453,0.5669727325439453
G263A,BRCA1,263,0,0.12456321716308594,-0.12456321716308594
S264C,BRCA1,264,0,-1.6615806818008423,1.6615806818008423
V271M,BRCA1,271,0,-1.1399149894714355,1.1399149894714355
G275S,BRCA1,275,0,1.0938305854797363,-1.0938305854797363
G275D,BRCA1,275,0,0.16324210166931152,-0.16324210166931152
A280G,BRCA1,280,0,-0.04449152946472168,0.04449152946472168
M297I,BRCA1,297,0,1.0870845317840576,-1.0870845317840576
F247L,BRAF,247,1,-11.824421882629395,11.824421882629395
G132D,TSC1,132,1,-2.908008098602295,2.908008098602295
L61R,TSC1,61,1,-2.1310386657714844,2.1310386657714844
V126I,TSC1,126,0,-0.650651216506958,0.650651216506958
H181P,TSC1,181,1,-1.2240209579467773,1.2240209579467773
A567V,TSC1,567,0,-0.22254371643066406,0.22254371643066406
V384I,TSC2,384,0,-0.24710321426391602,0.24710321426391602
S1094L,TSC2,1094,0,-0.6674976348876953,0.6674976348876953
R622W,TSC2,622,1,-1.5440340042114258,1.5440340042114258
L1061P,TSC2,1061,1,0.04257917404174805,-0.04257917404174805
L528P,TSC2,528,1,-0.9960006475448608,0.9960006475448608
R1122C,TSC2,1122,0,-2.5090408325195312,2.5090408325195312
L844P,TSC2,844,1,-2.7718772888183594,2.7718772888183594
S235N,TSC2,235,0,-0.7469027042388916,0.7469027042388916
R537C,TSC2,537,0,-0.24348163604736328,0.24348163604736328
V1008M,TSC2,1008,0,-1.346048355102539,1.346048355102539
V1711M,TSC2,1711,0,-0.9267868995666504,0.9267868995666504
R988P,TSC2,988,0,0.0755617618560791,-0.0755617618560791
G1596V,TSC2,1596,1,-1.5892257690429688,1.5892257690429688
R1268H,TSC2,1268,0,-2.505600929260254,2.505600929260254
A889P,TSC2,889,1,-1.6596693992614746,1.6596693992614746
A1323V,TSC2,1323,0,-0.3571016788482666,0.3571016788482666
L1548P,TSC2,1548,1,-3.1491174697875977,3.1491174697875977
N1522S,TSC2,1522,0,1.1954345703125,-1.1954345703125
G1439D,TSC2,1439,0,-0.853877067565918,0.853877067565918
N958S,TSC2,958,0,1.4903860092163086,-1.4903860092163086
E456K,TSC2,456,0,-0.8862886428833008,0.8862886428833008
S1433L,TSC2,1433,0,-0.419389009475708,0.419389009475708
S1653P,TSC2,1653,1,0.3091282844543457,-0.3091282844543457
P1145L,TSC2,1145,0,0.11735033988952637,-0.11735033988952637
L733V,TSC2,733,1,-0.43844127655029297,0.43844127655029297
E254K,TSC2,254,0,-0.7777340412139893,0.7777340412139893
N1643S,TSC2,1643,1,-2.810253143310547,2.810253143310547
H1620R,TSC2,1620,1,-3.945174217224121,3.945174217224121
M1I,TSC2,1,1,-7.357053756713867,7.357053756713867
R1743L,TSC2,1743,1,-0.4783289432525635,0.4783289432525635
T1623I,TSC2,1623,1,-3.4366981983184814,3.4366981983184814
S1498T,TSC2,1498,1,-0.6806566715240479,0.6806566715240479
K658T,TSC2,658,0,0.12884068489074707,-0.12884068489074707
R1044K,TSC2,1044,1,-0.014970541000366211,0.014970541000366211
G1567V,TSC2,1567,1,0.6786813735961914,-0.6786813735961914
A1479V,TSC2,1479,0,0.08903789520263672,-0.08903789520263672
H597Y,TSC2,597,1,0.37973451614379883,-0.37973451614379883
D1028G,TSC2,1028,1,-0.4676346778869629,0.4676346778869629
A1722P,TSC2,1722,1,-0.37989234924316406,0.37989234924316406
L1708P,TSC2,1708,1,-0.5101120471954346,0.5101120471954346
T1068I,TSC2,1068,1,-1.8534626960754395,1.8534626960754395
F1174V,ALK,1174,1,-9.55894947052002,9.55894947052002
D338G,NF1,338,1,-0.5731019973754883,0.5731019973754883
L549P,NF1,549,1,-5.107272148132324,5.107272148132324
L578R,NF1,578,1,-3.5656540393829346,3.5656540393829346
K583R,NF1,583,1,-0.16106367111206055,0.16106367111206055
G629R,NF1,629,1,-0.5362801551818848,0.5362801551818848
L695P,NF1,695,1,-3.132760763168335,3.132760763168335
L763P,NF1,763,1,-4.096262454986572,4.096262454986572
W777S,NF1,777,1,1.9463255405426025,-1.9463255405426025
T780K,NF1,780,1,-0.2490696907043457,0.2490696907043457
H781P,NF1,781,1,0.1405329704284668,-0.1405329704284668
W784R,NF1,784,1,0.39731407165527344,-0.39731407165527344
W784C,NF1,784,1,-0.11476707458496094,0.11476707458496094
S82F,NF1,82,1,-0.5594847202301025,0.5594847202301025
L844F,NF1,844,1,-1.38864266872406,1.38864266872406
L844P,NF1,844,1,-2.014660358428955,2.014660358428955
L847P,NF1,847,1,-1.550608515739441,1.550608515739441
G848E,NF1,848,1,0.40798401832580566,-0.40798401832580566
L898P,NF1,898,1,-5.153967380523682,5.153967380523682
C93Y,NF1,93,1,-0.16797232627868652,0.16797232627868652
M968R,NF1,968,1,-3.7153124809265137,3.7153124809265137
F1193C,NF1,1193,1,-0.7795648574829102,0.7795648574829102
L1196R,NF1,1196,1,-0.8669779300689697,0.8669779300689697
R1204G,NF1,1204,1,-0.29653429985046387,0.29653429985046387
R1204W,NF1,1204,1,-0.8093981742858887,0.8093981742858887
R1276G,NF1,1276,1,0.2461998462677002,-0.2461998462677002
R1276Q,NF1,1276,1,0.19353842735290527,-0.19353842735290527
K1440Q,NF1,1440,1,0.19720745086669922,-0.19720745086669922
K1444R,NF1,1444,1,-0.1342761516571045,0.1342761516571045
K1444N,NF1,1444,1,-0.013289690017700195,0.013289690017700195
L1446P,NF1,1446,1,-3.712587594985962,3.712587594985962
L145P,NF1,145,1,-2.195662021636963,2.195662021636963
S1489G,NF1,1489,1,-0.8051314353942871,0.8051314353942871
R160T,NF1,160,1,0.719470739364624,-0.719470739364624
L194R,NF1,194,1,-1.5740385055541992,1.5740385055541992
W1952R,NF1,1952,1,-0.9523711204528809,0.9523711204528809
G2001R,NF1,2001,1,-0.11269736289978027,0.11269736289978027
C324R,NF1,324,1,-3.424955129623413,3.424955129623413
S304F,WT1,304,1,-4.129950523376465,4.129950523376465
P1851S,NF1,1851,1,-0.027315616607666016,0.027315616607666016
H365Y,TP53,365,0,-1.3624067306518555,1.3624067306518555
E842G,BRCA1,842,0,-0.7891886234283447,0.7891886234283447
N916Y,BRCA1,916,0,-1.4378576278686523,1.4378576278686523
S1266R,BRCA1,1266,0,-1.694240689277649,1.694240689277649
G1515E,BRCA1,1515,0,0.525291919708252,-0.525291919708252
L1786P,BRCA1,1786,1,-4.632675647735596,4.632675647735596
L1839S,BRCA1,1839,1,-4.68363618850708,4.68363618850708
E2878K,BRCA2,2878,1,0.818036675453186,-0.818036675453186
R2888C,BRCA2,2888,0,-1.2320353984832764,1.2320353984832764
D381N,BRCA2,381,0,0.1370863914489746,-0.1370863914489746
S1134T,BRCA2,1134,0,-0.8285808563232422,0.8285808563232422
P96S,PTEN,96,1,-9.426362991333008,9.426362991333008
W111R,PTEN,111,1,-13.812125205993652,13.812125205993652
G132D,PTEN,132,1,-10.72633171081543,10.72633171081543
R15I,PTEN,15,1,-10.681330680847168,10.681330680847168
Y155N,PTEN,155,1,-14.513276100158691,14.513276100158691
N78S,VHL,78,1,0.4739258289337158,-0.4739258289337158
P86A,VHL,86,1,-0.8834354877471924,0.8834354877471924
P25L,VHL,25,0,-1.679474115371704,1.679474115371704
M362T,MET,362,0,-1.0950946807861328,1.0950946807861328
S3389F,BRCA2,3389,0,-1.9641973972320557,1.9641973972320557
P389Q,BRCA2,389,0,-0.27124929428100586,0.27124929428100586
E919K,BRCA2,919,0,0.3888585567474365,-0.3888585567474365
I1724V,BRCA2,1724,0,-0.0045282840728759766,0.0045282840728759766
I2490T,BRCA2,2490,0,-0.42513012886047363,0.42513012886047363
R2520Q,BRCA2,2520,0,-0.045677900314331055,0.045677900314331055
L2604P,BRCA2,2604,1,-1.9213755130767822,1.9213755130767822
P334H,BRCA1,334,0,-0.49013757705688477,0.49013757705688477
Q1273R,BRCA1,1273,0,-0.7139370441436768,0.7139370441436768
L1780R,BRCA1,1780,1,-7.381618499755859,7.381618499755859
V654M,RB1,654,1,-5.640753269195557,5.640753269195557
M246V,TP53,246,1,-6.527608394622803,6.527608394622803
H296R,TP53,296,1,0.3306448459625244,-0.3306448459625244
D693Y,BRCA1,693,0,-0.6230850219726562,0.6230850219726562
D749H,BRCA1,749,0,-0.8988282680511475,0.8988282680511475
S1320P,BRCA1,1320,0,-1.1635912656784058,1.1635912656784058
S1722P,BRCA1,1722,1,-10.374429702758789,10.374429702758789
Q321H,BRCA2,321,0,-0.6605863571166992,0.6605863571166992
K513R,BRCA2,513,0,-1.110682487487793,1.110682487487793
S646R,BRCA2,646,0,-1.2853436470031738,1.2853436470031738
K1132N,BRCA2,1132,0,-0.28159093856811523,0.28159093856811523
A2730P,BRCA2,2730,1,-3.6740617752075195,3.6740617752075195
A3028P,BRCA2,3028,1,-2.555753231048584,2.555753231048584
G3076V,BRCA2,3076,1,-0.6842377781867981,0.6842377781867981
K643E,RB1,643,1,-7.104802131652832,7.104802131652832
D701N,RB1,701,1,-7.730989456176758,7.730989456176758
H733Y,RB1,733,1,-2.430659770965576,2.430659770965576
G449V,RB1,449,1,-8.821694374084473,8.821694374084473
V609I,APC,609,0,-0.7572083473205566,0.7572083473205566
A1446T,APC,1446,0,0.013368368148803711,-0.013368368148803711
R2505Q,APC,2505,0,-1.2299261093139648,1.2299261093139648
A2690T,APC,2690,0,0.3670823574066162,-0.3670823574066162
N358S,ATM,358,0,0.7985777854919434,-0.7985777854919434
P604S,ATM,604,0,0.24057841300964355,-0.24057841300964355
S788R,ATM,788,0,-0.5884265899658203,0.5884265899658203
S978P,ATM,978,0,-1.1874568462371826,1.1874568462371826
I124V,ATM,124,0,-0.4539525508880615,0.4539525508880615
A1309T,ATM,1309,0,-0.2706894874572754,0.2706894874572754
N1650S,ATM,1650,0,0.6197900772094727,-0.6197900772094727
T1743I,ATM,1743,1,-0.32241201400756836,0.32241201400756836
V1941L,ATM,1941,0,0.6351368427276611,-0.6351368427276611
S2394L,ATM,2394,1,1.0322766304016113,-1.0322766304016113
R2832C,ATM,2832,1,-3.3682236671447754,3.3682236671447754
S294R,PTEN,294,0,-1.243842601776123,1.243842601776123
Q298E,PTEN,298,0,-0.5968165397644043,0.5968165397644043
V10I,TP53,10,0,-1.0524981021881104,1.0524981021881104
R110H,TP53,110,0,-2.3909831047058105,2.3909831047058105
Y163C,TP53,163,1,-6.54617977142334,6.54617977142334
H179Y,TP53,179,1,-3.2516942024230957,3.2516942024230957
P191R,TP53,191,0,-5.842319488525391,5.842319488525391
L194F,TP53,194,1,-5.779864311218262,5.779864311218262
Y220C,TP53,220,1,-7.953269004821777,7.953269004821777
Y234C,TP53,234,1,-8.033260345458984,8.033260345458984
N235S,TP53,235,0,-2.563528060913086,2.563528060913086
R283C,TP53,283,0,-5.8800835609436035,5.8800835609436035
R290H,TP53,290,0,-1.0681992769241333,1.0681992769241333
G293W,TP53,293,0,-3.449658155441284,3.449658155441284
A149S,VHL,149,1,-0.01898813247680664,0.01898813247680664
S707P,ATM,707,0,-1.2585713863372803,1.2585713863372803
D126E,ATM,126,0,0.5020880699157715,-0.5020880699157715
L1420F,ATM,1420,0,-1.2874970436096191,1.2874970436096191
D1853N,ATM,1853,0,-0.031340599060058594,0.031340599060058594
V182L,ATM,182,0,0.20563888549804688,-0.20563888549804688
P1054R,ATM,1054,0,-0.8314383029937744,0.8314383029937744
F858L,ATM,858,0,1.3758654594421387,-1.3758654594421387
H296Y,TP53,296,0,-1.2157068252563477,1.2157068252563477
P36S,ALK,36,0,0.16078782081604004,-0.16078782081604004
V163L,ALK,163,0,0.48928046226501465,-0.48928046226501465
V198M,ALK,198,0,-0.854851245880127,0.854851245880127
T648I,ALK,648,0,-0.534142017364502,0.534142017364502
T680I,ALK,680,0,-1.0581309795379639,1.0581309795379639
N709K,ALK,709,0,-0.45720338821411133,0.45720338821411133
T1012M,ALK,1012,0,0.38589954376220703,-0.38589954376220703
A1047T,ALK,1047,0,-0.5861196517944336,0.5861196517944336
R259H,ALK,259,0,-0.0670475959777832,0.0670475959777832
I1461V,ALK,1461,0,1.0381040573120117,-1.0381040573120117
K1491R,ALK,1491,0,0.03142595291137695,-0.03142595291137695
K1525E,ALK,1525,0,0.011419296264648438,-0.011419296264648438
D1529E,ALK,1529,0,0.3853275775909424,-0.3853275775909424
E1419K,ALK,1419,0,0.24153375625610352,-0.24153375625610352
A371T,ALK,371,0,0.46356678009033203,-0.46356678009033203
E405D,ALK,405,0,-1.6837611198425293,1.6837611198425293
V476A,ALK,476,0,0.8721494674682617,-0.8721494674682617
N1217T,APC,1217,0,0.2937912940979004,-0.2937912940979004
I2515V,APC,2515,0,0.26464223861694336,-0.26464223861694336
N862K,APC,862,0,-0.1762862205505371,0.1762862205505371
R1171C,APC,1171,0,-1.04917311668396,1.04917311668396
A1474T,APC,1474,0,-0.2683906555175781,0.2683906555175781
R1640Q,APC,1640,0,1.8028275966644287,-1.8028275966644287
M1211R,APC,1211,0,2.3024351596832275,-2.3024351596832275
G514D,ATM,514,0,-0.9490208625793457,0.9490208625793457
L546V,ATM,546,0,-0.9675626754760742,0.9675626754760742
D814E,ATM,814,0,0.17580699920654297,-0.17580699920654297
P872S,ATM,872,0,1.3377635478973389,-1.3377635478973389
Q1128R,ATM,1128,0,-0.23973584175109863,0.23973584175109863
H1380Y,ATM,1380,0,0.010778427124023438,-0.010778427124023438
R1898Q,ATM,1898,0,-0.2103865146636963,0.2103865146636963
I2030V,ATM,2030,0,-0.13388681411743164,0.13388681411743164
V2079I,ATM,2079,0,-0.2988929748535156,0.2988929748535156
L2332P,ATM,2332,0,-1.7230849266052246,1.7230849266052246
L824S,BRCA2,824,0,0.19550323486328125,-0.19550323486328125
V2466A,BRCA2,2466,0,0.426908016204834,-0.426908016204834
R521K,EGFR,521,0,0.2849140167236328,-0.2849140167236328
H988P,EGFR,988,0,-3.5924391746520996,3.5924391746520996
S1162N,EGFR,1162,0,-0.6644067764282227,0.6644067764282227
L15F,ERBB2,15,0,-4.156639099121094,4.156639099121094
A386D,ERBB2,386,0,-0.27918481826782227,0.27918481826782227
W452C,ERBB2,452,0,-1.970693588256836,1.970693588256836
R47H,ERBB2,47,0,-1.7326174974441528,1.7326174974441528
M31I,ERBB2,31,0,0.7402167320251465,-0.7402167320251465
E930D,ERBB2,930,0,-1.431424617767334,1.431424617767334
P1170A,ERBB2,1170,0,-0.27152013778686523,0.27152013778686523
A1216D,ERBB2,1216,0,-0.36230897903442383,0.36230897903442383
R1161Q,ERBB2,1161,0,-0.5420651435852051,0.5420651435852051
E79A,ERBB2,79,0,-5.9194512367248535,5.9194512367248535
L145F,ERBB2,145,0,-2.287571668624878,2.287571668624878
R143Q,ERBB2,143,0,-0.40425825119018555,0.40425825119018555
H888Y,MET,888,0,-0.8217678070068359,0.8217678070068359
A1363T,MET,1363,0,0.160081148147583,-0.160081148147583
L575I,MET,575,0,-0.1853858232498169,0.1853858232498169
M645V,NF1,645,0,0.6686458587646484,-0.6686458587646484
V2511L,NF1,2511,0,0.41577839851379395,-0.41577839851379395
A525G,RB1,525,0,-3.4702773094177246,3.4702773094177246
T633I,RB1,633,0,-0.6400091648101807,0.6400091648101807
T58I,RB1,58,0,-0.17722177505493164,0.17722177505493164
T307I,RB1,307,0,-1.1114881038665771,1.1114881038665771
G446R,RET,446,0,-0.41760683059692383,0.41760683059692383
D489N,RET,489,0,-0.8946366310119629,0.8946366310119629
R213Q,TP53,213,1,-1.7281482219696045,1.7281482219696045
S366A,TP53,366,0,-1.1589233875274658,1.1589233875274658
G1057S,TSC1,1057,0,1.403964638710022,-1.403964638710022
T783I,TSC2,783,0,-0.7826924324035645,0.7826924324035645
L921V,TSC2,921,0,-0.37885355949401855,0.37885355949401855
R1138Q,TSC2,1138,0,-0.3157224655151367,0.3157224655151367
P40L,VHL,40,0,-2.335728168487549,2.335728168487549
R99W,APC,99,0,-3.5451154708862305,3.5451154708862305
P2681L,APC,2681,0,-0.18082523345947266,0.18082523345947266
D49H,TP53,49,0,-2.1946237087249756,2.1946237087249756
G127R,PTEN,127,1,-11.703069686889648,11.703069686889648
S360G,PTEN,360,0,-1.5354174375534058,1.5354174375534058
D7E,TP53,7,0,0.2814052104949951,-0.2814052104949951
Y107H,TP53,107,0,3.485518455505371,-3.485518455505371
S1983N,ATM,1983,0,-0.6694250106811523,0.6694250106811523
C141Y,TP53,141,1,-7.436368942260742,7.436368942260742
R282G,TP53,282,1,-10.218818664550781,10.218818664550781
D2016G,ATM,2016,1,-0.0954141616821289,0.0954141616821289
A84T,TP53,84,0,-2.0588467121124268,2.0588467121124268
D2723V,BRCA2,2723,1,-4.994015693664551,4.994015693664551
F3057V,BRCA2,3057,0,-0.253338098526001,0.253338098526001
D48E,TP53,48,0,0.7380887269973755,-0.7380887269973755
V122M,TP53,122,0,-4.406245708465576,4.406245708465576
T312S,TP53,312,0,1.0975837707519531,-1.0975837707519531
K3015E,BRCA2,3015,0,-0.5449504852294922,0.5449504852294922
I323V,ATM,323,1,-0.4373013973236084,0.4373013973236084
D281G,TP53,281,1,-8.412904739379883,8.412904739379883
R335C,TP53,335,0,-4.794561862945557,4.794561862945557
I232T,TP53,232,1,-4.977192401885986,4.977192401885986
G262S,TP53,262,0,-5.82952880859375,5.82952880859375
L2587F,BRCA2,2587,0,-0.7721445560455322,0.7721445560455322
S185N,TP53,185,0,-0.12188172340393066,0.12188172340393066
E388A,TP53,388,0,-0.5171585083007812,0.5171585083007812
W837R,NF1,837,1,1.780099868774414,-1.780099868774414
P1092L,TSC2,1092,0,-0.13711214065551758,0.13711214065551758
E298K,TP53,298,0,-1.0792872905731201,1.0792872905731201
T3030I,BRCA2,3030,0,-0.8381316661834717,0.8381316661834717
R1095K,ATM,1095,1,0.49704599380493164,-0.49704599380493164
A74V,TP53,74,0,-2.021902322769165,2.021902322769165
R1676T,APC,1676,0,0.8389277458190918,-0.8389277458190918
R2336G,BRCA2,2336,0,-0.03848552703857422,0.03848552703857422
E171K,TP53,171,0,-7.317801475524902,7.317801475524902
P36Q,TP53,36,0,-0.41871166229248047,0.41871166229248047
R3008H,ATM,3008,1,-1.528691291809082,1.528691291809082
A742S,NF1,742,0,0.24796152114868164,-0.24796152114868164
M646V,TSC1,646,0,0.6631176471710205,-0.6631176471710205
L2396F,BRCA2,2396,0,-0.6021618843078613,0.6021618843078613
D2708E,ATM,2708,1,-3.109333038330078,3.109333038330078
R267W,TP53,267,1,-7.604702949523926,7.604702949523926
S229T,PTEN,229,0,2.2418572902679443,-2.2418572902679443
E339Q,TP53,339,0,-2.455061912536621,2.455061912536621
R158H,TP53,158,1,-5.599918842315674,5.599918842315674
G360A,TP53,360,0,-0.2347114086151123,0.2347114086151123
L826V,APC,826,0,-0.12242650985717773,0.12242650985717773
R130P,PTEN,130,1,-12.972278594970703,12.972278594970703
R3008C,ATM,3008,1,-3.165508270263672,3.165508270263672
Y174N,PTEN,174,1,-15.96381950378418,15.96381950378418
C105Y,PTEN,105,1,-9.331270217895508,9.331270217895508
P246L,PTEN,246,1,-5.908979415893555,5.908979415893555
R333H,TP53,333,0,-3.722299098968506,3.722299098968506
I135V,PTEN,135,1,-1.9882067441940308,1.9882067441940308
R181H,TP53,181,1,-0.5316288471221924,0.5316288471221924
S303G,TP53,303,0,-0.7541121244430542,0.7541121244430542
V73M,TP53,73,0,-2.2841367721557617,2.2841367721557617
F266L,BRCA2,266,0,0.6711053848266602,-0.6711053848266602
G108S,TP53,108,0,0.6975852251052856,-0.6975852251052856
F200V,PTEN,200,1,-6.21771240234375,6.21771240234375
R337C,TP53,337,1,-0.2971839904785156,0.2971839904785156
L35F,TP53,35,0,-1.0419516563415527,1.0419516563415527
R181C,TP53,181,1,-2.7123851776123047,2.7123851776123047
N3187K,BRCA2,3187,0,0.2954256534576416,-0.2954256534576416
V143M,TP53,143,1,-3.732534885406494,3.732534885406494
D1911G,BRCA2,1911,0,-0.268479585647583,0.268479585647583
V2716A,ATM,2716,1,-2.569715976715088,2.569715976715088
M237I,TP53,237,1,-5.45402717590332,5.45402717590332
P152L,TP53,152,1,-4.93067741394043,4.93067741394043
F2562C,BRCA2,2562,1,-0.9967443943023682,0.9967443943023682
D2708N,ATM,2708,1,-2.1431922912597656,2.1431922912597656
R337L,TP53,337,1,-1.2176117897033691,1.2176117897033691
P72A,TP53,72,0,0.40001368522644043,-0.40001368522644043
D84A,CDKN2A,84,1,0.628556489944458,-0.628556489944458
I190K,ATM,190,0,-3.0225443840026855,3.0225443840026855
H1805Y,BRCA1,1805,0,-0.7367970943450928,0.7367970943450928
A2825S,BRCA2,2825,0,0.21450567245483398,-0.21450567245483398
R189K,ATM,189,0,0.21171212196350098,-0.21171212196350098
P354Q,PTEN,354,0,-1.4893417358398438,1.4893417358398438
K556Q,BRCA1,556,0,-0.45764803886413574,0.45764803886413574
Q713P,BRCA2,713,0,-0.24654245376586914,0.24654245376586914
G428D,EGFR,428,1,-6.497880935668945,6.497880935668945
Q61R,HRAS,61,1,-9.819844245910645,9.819844245910645
E52K,VHL,52,0,-3.5260345935821533,3.5260345935821533
N56S,TSC2,56,0,0.5188858509063721,-0.5188858509063721
E75K,TSC2,75,0,-0.4666316509246826,0.4666316509246826
G266E,TP53,266,1,-7.0250139236450195,7.0250139236450195
C238W,TP53,238,1,-14.70728874206543,14.70728874206543
A161T,TP53,161,1,-1.0284936428070068,1.0284936428070068
P86S,VHL,86,1,-0.6240284442901611,0.6240284442901611
F595L,BRAF,595,1,-11.840744018554688,11.840744018554688
A712D,BRAF,712,1,-11.456714630126953,11.456714630126953
N581S,BRAF,581,1,-9.917814254760742,9.917814254760742
L861Q,EGFR,861,1,-8.351449966430664,8.351449966430664
A59L,HRAS,59,1,-19.51534652709961,19.51534652709961
G12E,HRAS,12,1,-14.97761058807373,14.97761058807373
S241C,TP53,241,1,-8.956851959228516,8.956851959228516
R337P,TP53,337,1,-2.2634124755859375,2.2634124755859375
W117C,VHL,117,1,-0.11794447898864746,0.11794447898864746
Q262R,BRAF,262,1,-11.996780395507812,11.996780395507812
H574Q,BRAF,574,1,-16.356342315673828,16.356342315673828
G13V,HRAS,13,1,-13.379348754882812,13.379348754882812
S65L,VHL,65,1,0.8803324699401855,-0.8803324699401855
P86L,VHL,86,1,-1.452580213546753,1.452580213546753
L89P,VHL,89,1,-1.084740400314331,1.084740400314331
L158P,VHL,158,1,0.17084646224975586,-0.17084646224975586
R161Q,VHL,161,1,-0.5312061309814453,0.5312061309814453
D108Y,CDKN2A,108,1,-9.038610458374023,9.038610458374023
M1V,ATM,1,1,-5.761685371398926,5.761685371398926
E26Q,ATM,26,0,-0.550886869430542,0.550886869430542
E699G,ATM,699,0,-1.4454410076141357,1.4454410076141357
L1283P,ATM,1283,1,0.047490596771240234,-0.047490596771240234
L1465P,ATM,1465,1,-1.8234460353851318,1.8234460353851318
A1942V,ATM,1942,1,-0.0667119026184082,0.0667119026184082
R2032K,ATM,2032,1,0.349102258682251,-0.349102258682251
R2227C,ATM,2227,1,-0.46166038513183594,0.46166038513183594
T2666N,ATM,2666,1,0.26543378829956055,-0.26543378829956055
V2716F,ATM,2716,1,0.6861283779144287,-0.6861283779144287
G173R,BRCA2,173,1,1.331005334854126,-1.331005334854126
M384V,TP53,384,0,1.776590347290039,-1.776590347290039
D281V,TP53,281,1,-8.967663764953613,8.967663764953613
I251L,TP53,251,1,-4.162558555603027,4.162558555603027
C238Y,TP53,238,1,-13.58770751953125,13.58770751953125
V216M,TP53,216,1,-5.5955424308776855,5.5955424308776855
R175L,TP53,175,1,-7.047446250915527,7.047446250915527
S127F,TP53,127,1,-7.127941608428955,7.127941608428955
C124S,TP53,124,0,-3.8944272994995117,3.8944272994995117
H115R,TP53,115,0,0.43655920028686523,-0.43655920028686523
P82L,TP53,82,0,-3.1618926525115967,3.1618926525115967
A63V,TP53,63,0,-0.9271752834320068,0.9271752834320068
G163R,STK11,163,1,-13.679886817932129,13.679886817932129
D176N,STK11,176,1,-10.788357734680176,10.788357734680176
N181K,STK11,181,1,-13.303695678710938,13.303695678710938
S240W,STK11,240,1,-11.636317253112793,11.636317253112793
R297G,STK11,297,1,-11.734345436096191,11.734345436096191
R297S,STK11,297,1,-12.24698543548584,12.24698543548584
D1636Y,APC,1636,0,-2.5476293563842773,2.5476293563842773
H1686R,BRCA1,1686,1,-7.623483657836914,7.623483657836914
F841V,MET,841,1,0.3569430112838745,-0.3569430112838745
S80G,VHL,80,1,0.4979593753814697,-0.4979593753814697
R332Q,APC,332,0,-0.8378803730010986,0.8378803730010986
I983T,APC,983,0,0.5385229587554932,-0.5385229587554932
A1247T,APC,1247,0,-0.013963460922241211,0.013963460922241211
V1092I,MET,1092,1,-4.768476486206055,4.768476486206055
A60E,CDKN2A,60,1,-5.014804840087891,5.014804840087891
Q50P,CDKN2A,50,1,-0.43097472190856934,0.43097472190856934
D24N,PTEN,24,1,-6.938742160797119,6.938742160797119
D24H,PTEN,24,1,-10.993465423583984,10.993465423583984
L57W,PTEN,57,1,-11.581899642944336,11.581899642944336
C124G,PTEN,124,1,-12.160595893859863,12.160595893859863
C136R,PTEN,136,1,-10.74159049987793,10.74159049987793
R159G,PTEN,159,1,-12.937023162841797,12.937023162841797
R173P,PTEN,173,1,-13.841195106506348,13.841195106506348
T277I,PTEN,277,1,-8.420597076416016,8.420597076416016
M1L,ATM,1,1,-4.85191535949707,4.85191535949707
M1T,ATM,1,1,-6.3644914627075195,6.3644914627075195
L615P,ATM,615,1,-0.44528961181640625,0.44528961181640625
L950R,ATM,950,1,-2.6276299953460693,2.6276299953460693
L1046P,ATM,1046,1,-5.497315406799316,5.497315406799316
A2524P,ATM,2524,1,-3.5607399940490723,3.5607399940490723
G2765S,ATM,2765,1,-6.459641456604004,6.459641456604004
E2904G,ATM,2904,1,-6.797720909118652,6.797720909118652
Y2601C,BRCA2,2601,1,-0.9751520156860352,0.9751520156860352
P2785T,BRCA2,2785,0,0.051952362060546875,-0.051952362060546875
P2785L,BRCA2,2785,0,0.9450585842132568,-0.9450585842132568
A210T,TSC2,210,0,-0.45638203620910645,0.45638203620910645
A678T,TSC2,678,0,-1.1682697534561157,1.1682697534561157
A1759T,TSC2,1759,0,-0.4185810089111328,0.4185810089111328
R1870Q,NF1,1870,1,-0.6181710958480835,0.6181710958480835
I1858L,BRCA1,1858,0,0.6415627002716064,-0.6415627002716064
A744T,BRCA1,744,0,0.5735428333282471,-0.5735428333282471
T333A,BRCA1,333,0,-0.4613056182861328,0.4613056182861328
R71M,BRCA1,71,1,-4.025352954864502,4.025352954864502
K45Q,BRCA1,45,0,-2.5022823810577393,2.5022823810577393
P34L,BRCA1,34,1,-4.2555670738220215,4.2555670738220215
R379S,TP53,379,0,1.1915373802185059,-1.1915373802185059
R333C,TP53,333,0,-4.3809003829956055,4.3809003829956055
S315T,TP53,315,0,-0.9845576286315918,0.9845576286315918
E286K,TP53,286,1,-6.6863532066345215,6.6863532066345215
A276G,TP53,276,1,-6.0918684005737305,6.0918684005737305
V272M,TP53,272,1,-5.997613430023193,5.997613430023193
N247I,TP53,247,1,-10.639575958251953,10.639575958251953
H193R,TP53,193,1,-5.150716781616211,5.150716781616211
C176Y,TP53,176,1,-6.985770225524902,6.985770225524902
T170M,TP53,170,0,-4.764944553375244,4.764944553375244
V157I,TP53,157,0,-1.197526454925537,1.197526454925537
A138V,TP53,138,1,-4.173901557922363,4.173901557922363
P72H,TP53,72,0,-3.9341797828674316,3.9341797828674316
D49N,TP53,49,0,-1.6313445568084717,1.6313445568084717
D194E,STK11,194,1,-12.713068962097168,12.713068962097168
R304W,STK11,304,1,-7.293755531311035,7.293755531311035
R1022Q,MET,1022,0,0.10773539543151855,-0.10773539543151855
P48T,CDKN2A,48,1,-5.053352355957031,5.053352355957031
I88V,RET,88,0,0.9907047748565674,-0.9907047748565674
A373V,RET,373,0,0.07488012313842773,-0.07488012313842773
I1165K,NF1,1165,1,-0.15497231483459473,0.15497231483459473
Q1447R,NF1,1447,1,-0.43944525718688965,0.43944525718688965
V197M,TP53,197,1,-7.481724739074707,7.481724739074707
D194N,STK11,194,1,-11.818066596984863,11.818066596984863
M1I,ATM,1,1,-5.862131118774414,5.862131118774414
D24Y,PTEN,24,1,-12.343689918518066,12.343689918518066
T26I,PTEN,26,1,-9.294453620910645,9.294453620910645
Y27N,PTEN,27,1,-14.301271438598633,14.301271438598633
G36R,PTEN,36,1,-10.686361312866211,10.686361312866211
R47G,PTEN,47,1,-10.487598419189453,10.487598419189453
H61R,PTEN,61,1,-9.606518745422363,9.606518745422363
Y68H,PTEN,68,1,-9.512664794921875,9.512664794921875
H93D,PTEN,93,1,-14.328374862670898,14.328374862670898
P95L,PTEN,95,1,-10.281478881835938,10.281478881835938
D107G,PTEN,107,1,-7.6247735023498535,7.6247735023498535
H123Y,PTEN,123,1,-13.13569450378418,13.13569450378418
G129R,PTEN,129,1,-8.012221336364746,8.012221336364746
C136Y,PTEN,136,1,-9.207566261291504,9.207566261291504
G165V,PTEN,165,1,-12.445479393005371,12.445479393005371
Q171R,PTEN,171,1,-13.564624786376953,13.564624786376953
R173C,PTEN,173,1,-9.323381423950195,9.323381423950195
F200S,PTEN,200,1,-11.045154571533203,11.045154571533203
P204A,PTEN,204,1,-6.80372428894043,6.80372428894043
R82P,VHL,82,1,0.07639145851135254,-0.07639145851135254
Q471H,RB1,471,1,-1.7716370820999146,1.7716370820999146
H1640P,TSC2,1640,1,-4.106654167175293,4.106654167175293
T946I,RET,946,1,-9.655898094177246,9.655898094177246
T1065M,TSC1,1065,0,-1.3119053840637207,1.3119053840637207
A1011E,TSC1,1011,0,0.08440518379211426,-0.08440518379211426
P603L,TSC1,603,0,-0.27804136276245117,0.27804136276245117
F239C,TSC2,239,0,-0.778456449508667,0.778456449508667
A289V,TSC2,289,0,0.07841324806213379,-0.07841324806213379
A431V,TSC2,431,0,0.2743794918060303,-0.2743794918060303
A673V,TSC2,673,0,-1.127976655960083,1.127976655960083
T783S,TSC2,783,0,0.2656278610229492,-0.2656278610229492
S1292C,TSC2,1292,0,-4.269351959228516,4.269351959228516
A1349T,TSC2,1349,0,-0.4721860885620117,0.4721860885620117
P1786R,TSC2,1786,0,-1.010888695716858,1.010888695716858
H247R,TP63,247,1,-13.75110149383545,13.75110149383545
A346G,TP63,346,1,-8.75780963897705,8.75780963897705
D24G,PTEN,24,1,-9.725409507751465,9.725409507751465
R1830S,NF1,1830,1,0.4079456329345703,-0.4079456329345703
R1830G,NF1,1830,1,-0.4186439514160156,0.4186439514160156
R1830C,NF1,1830,1,-0.8583450317382812,0.8583450317382812
R1830P,NF1,1830,1,-1.089707851409912,1.089707851409912
R1830L,NF1,1830,1,1.0256441831588745,-1.0256441831588745
C1265S,BRCA2,1265,0,1.7239911556243896,-1.7239911556243896
E1537K,BRCA2,1537,0,-2.1703543663024902,2.1703543663024902
R141S,APC,141,1,-3.0152244567871094,3.0152244567871094
G265E,APC,265,1,-0.26036596298217773,0.26036596298217773
D153Y,CDKN2A,153,1,-2.200754404067993,2.200754404067993
H141P,PTEN,141,1,-10.360014915466309,10.360014915466309
V2662D,ATM,2662,1,-1.2726187705993652,1.2726187705993652
M1V,BRCA2,1,1,-4.550586700439453,4.550586700439453
L3101P,BRCA2,3101,1,-2.787214756011963,2.787214756011963
L763R,NF1,763,1,-2.3869004249572754,2.3869004249572754
I766S,NF1,766,1,-0.36923837661743164,0.36923837661743164
Q950H,NF1,950,1,-0.8611969947814941,0.8611969947814941
R1325T,NF1,1325,1,0.38481616973876953,-0.38481616973876953
R379L,TP53,379,0,0.0593113899230957,-0.0593113899230957
R342P,TP53,342,1,-5.8549394607543945,5.8549394607543945
R290C,TP53,290,0,-2.336447238922119,2.336447238922119
T284I,TP53,284,0,-2.197254180908203,2.197254180908203
C275Y,TP53,275,1,-12.069737434387207,12.069737434387207
Y236H,TP53,236,1,-4.887851238250732,4.887851238250732
I195T,TP53,195,1,-3.7739803791046143,3.7739803791046143
T125K,TP53,125,1,-6.391493320465088,6.391493320465088
I50T,TP53,50,0,-1.1622278690338135,1.1622278690338135
Y1278S,ALK,1278,1,-11.23145866394043,11.23145866394043
F1245L,ALK,1245,1,-8.592544555664062,8.592544555664062
F1245C,ALK,1245,1,-8.554428100585938,8.554428100585938
F1245I,ALK,1245,1,-12.111713409423828,12.111713409423828
L1240V,ALK,1240,1,-8.053328514099121,8.053328514099121
F1174L,ALK,1174,1,-8.058088302612305,8.058088302612305
F1174I,ALK,1174,1,-7.8744659423828125,7.8744659423828125
Y98S,VHL,98,1,0.6708455085754395,-0.6708455085754395
E160V,VHL,160,1,-1.2940711975097656,1.2940711975097656
V170A,VHL,170,1,0.26195716857910156,-0.26195716857910156
A239P,APC,239,0,-0.591315507888794,0.591315507888794
L16R,CDKN2A,16,1,-6.880792617797852,6.880792617797852
R749T,RET,749,0,-0.8930020332336426,0.8930020332336426
Y174C,PTEN,174,1,-12.451799392700195,12.451799392700195
D96G,BRCA1,96,1,-0.9668247699737549,0.9668247699737549
Y234D,TP53,234,1,-12.227750778198242,12.227750778198242
S127C,TP53,127,1,-5.0625152587890625,5.0625152587890625
W308L,STK11,308,1,-10.924304008483887,10.924304008483887
L525P,BRAF,525,1,-10.800217628479004,10.800217628479004
G422V,WT1,422,1,-16.642911911010742,16.642911911010742
S467A,BRAF,467,1,-14.153630256652832,14.153630256652832
L247S,PTEN,247,1,-12.16774845123291,12.16774845123291
S65A,VHL,65,1,0.30951738357543945,-0.30951738357543945
S72P,VHL,72,1,0.30902981758117676,-0.30902981758117676
N78Y,VHL,78,1,-0.2177743911743164,0.2177743911743164
N78T,VHL,78,1,0.22079110145568848,-0.22079110145568848
N78I,VHL,78,1,-0.10144233703613281,0.10144233703613281
P86R,VHL,86,1,-0.5063440799713135,0.5063440799713135
W88C,VHL,88,1,-0.5995454788208008,0.5995454788208008
N90I,VHL,90,1,-0.3161633014678955,0.3161633014678955
G93R,VHL,93,1,-1.0717990398406982,1.0717990398406982
G93C,VHL,93,1,-2.8537333011627197,2.8537333011627197
Y98C,VHL,98,1,-0.6038022041320801,0.6038022041320801
R107H,VHL,107,1,-0.781646728515625,0.781646728515625
S111N,VHL,111,1,-0.5232141017913818,0.5232141017913818
S111R,VHL,111,1,0.44329309463500977,-0.44329309463500977
Y112C,VHL,112,1,-1.2589516639709473,1.2589516639709473
G114R,VHL,114,1,-0.40430545806884766,0.40430545806884766
R120G,VHL,120,1,-0.3638181686401367,0.3638181686401367
D121G,VHL,121,1,-0.1176297664642334,0.1176297664642334
H125P,VHL,125,1,1.5845022201538086,-1.5845022201538086
L128F,VHL,128,1,-0.5306863784790039,0.5306863784790039
A149T,VHL,149,1,-0.16057109832763672,0.16057109832763672
A149P,VHL,149,1,0.11042165756225586,-0.11042165756225586
I151S,VHL,151,1,0.6399693489074707,-0.6399693489074707
V155M,VHL,155,1,-1.3575029373168945,1.3575029373168945
T157I,VHL,157,1,-0.736508846282959,0.736508846282959
C162Y,VHL,162,1,0.754915714263916,-0.754915714263916
C162W,VHL,162,1,-0.1179819107055664,0.1179819107055664
L198P,VHL,198,1,-3.161564350128174,3.161564350128174
S1387P,BRCA1,1387,0,-1.359818696975708,1.359818696975708
C64W,BRCA1,64,1,-9.433355331420898,9.433355331420898
C136W,PTEN,136,1,-11.211264610290527,11.211264610290527
D162E,PTEN,162,1,-8.120795249938965,8.120795249938965
F1734L,BRCA1,1734,1,-5.041600227355957,5.041600227355957
L23V,PTEN,23,1,-9.104487419128418,9.104487419128418
T26P,PTEN,26,1,-12.336858749389648,12.336858749389648
F81C,PTEN,81,1,-9.706929206848145,9.706929206848145
V173M,TP53,173,1,-5.344407558441162,5.344407558441162
I151L,VHL,151,1,0.7547206878662109,-0.7547206878662109
S1028R,APC,1028,1,-4.4337968826293945,4.4337968826293945
R112G,CDKN2A,112,1,-3.728245973587036,3.728245973587036
D84N,CDKN2A,84,1,-1.7355475425720215,1.7355475425720215
A68L,CDKN2A,68,1,-7.786251068115234,7.786251068115234
Q50R,CDKN2A,50,1,-0.37493348121643066,0.37493348121643066
D22H,PTEN,22,1,-7.900348663330078,7.900348663330078
M35V,PTEN,35,1,-7.233076572418213,7.233076572418213
P38T,PTEN,38,1,-11.272047996520996,11.272047996520996
N48K,PTEN,48,1,-10.825228691101074,10.825228691101074
Y68C,PTEN,68,1,-10.651664733886719,10.651664733886719
C124Y,PTEN,124,1,-10.51542854309082,10.51542854309082
S170I,PTEN,170,1,-15.114764213562012,15.114764213562012
P292L,ATM,292,1,0.6699154376983643,-0.6699154376983643
P862T,ATM,862,0,0.43270373344421387,-0.43270373344421387
W1026C,ATM,1026,1,1.7980749607086182,-1.7980749607086182
Y2470D,ATM,2470,1,-0.7730450630187988,0.7730450630187988
I2702R,ATM,2702,1,-7.5463643074035645,7.5463643074035645
S2855R,ATM,2855,1,-9.577213287353516,9.577213287353516
D2913Y,ATM,2913,1,-6.787481307983398,6.787481307983398
L3035F,ATM,3035,1,-3.0168747901916504,3.0168747901916504
L2396S,BRCA2,2396,0,0.40033578872680664,-0.40033578872680664
G2609V,BRCA2,2609,1,-0.09697341918945312,0.09697341918945312
I2627N,BRCA2,2627,1,0.13177967071533203,-0.13177967071533203
T2722K,BRCA2,2722,1,-0.7999215126037598,0.7999215126037598
A2738T,BRCA2,2738,0,0.010222911834716797,-0.010222911834716797
L2776I,BRCA2,2776,0,-0.46924662590026855,0.46924662590026855
P2804H,BRCA2,2804,0,-1.433361530303955,1.433361530303955
K2833N,BRCA2,2833,0,-0.24265623092651367,0.24265623092651367
P2886T,BRCA2,2886,0,-0.1655445098876953,0.1655445098876953
Q2957H,BRCA2,2957,0,-1.50886869430542,1.50886869430542
Y3035F,BRCA2,3035,0,1.2367281913757324,-1.2367281913757324
I634T,NF1,634,0,0.7481715679168701,-0.7481715679168701
W777R,NF1,777,1,0.6911036968231201,-0.6911036968231201
Q1447H,NF1,1447,1,-0.6748499870300293,0.6748499870300293
P1749T,BRCA1,1749,0,-0.4514613151550293,0.4514613151550293
F1734I,BRCA1,1734,1,-6.157642364501953,6.157642364501953
Y1703C,BRCA1,1703,1,-3.1566414833068848,3.1566414833068848
Q1395H,BRCA1,1395,1,-1.052095890045166,1.052095890045166
G933A,BRCA1,933,0,0.17249011993408203,-0.17249011993408203
S387T,BRCA1,387,0,-1.0147387981414795,1.0147387981414795
N247D,BRCA1,247,0,-0.591421365737915,0.591421365737915
H41L,BRCA1,41,1,-9.660865783691406,9.660865783691406
P25L,BRCA1,25,1,-4.973465919494629,4.973465919494629
G374R,TP53,374,0,0.406522274017334,-0.406522274017334
G356R,TP53,356,0,-0.29410243034362793,0.29410243034362793
Q354K,TP53,354,0,-0.22731399536132812,0.22731399536132812
R342Q,TP53,342,0,-0.17161273956298828,0.17161273956298828
Q317K,TP53,317,0,0.13337111473083496,-0.13337111473083496
P316T,TP53,316,0,-0.34302663803100586,0.34302663803100586
P278L,TP53,278,1,-6.5577898025512695,6.5577898025512695
R273P,TP53,273,1,-10.951603889465332,10.951603889465332
S260Y,TP53,260,0,-3.130464553833008,3.130464553833008
R248L,TP53,248,1,-9.632761001586914,9.632761001586914
R213P,TP53,213,1,-3.267887830734253,3.267887830734253
R196P,TP53,196,1,-6.889270305633545,6.889270305633545
H193Y,TP53,193,1,-5.977138519287109,5.977138519287109
D186E,TP53,186,0,0.28997015953063965,-0.28997015953063965
M160I,TP53,160,0,-2.944007635116577,2.944007635116577
F134C,TP53,134,1,-4.574294090270996,4.574294090270996
R110P,TP53,110,1,-3.3467857837677,3.3467857837677
A63G,TP53,63,0,-0.6222448348999023,0.6222448348999023
A63T,TP53,63,0,-1.1577765941619873,1.1577765941619873
V10L,TP53,10,0,1.5368387699127197,-1.5368387699127197
P8L,TP53,8,0,-0.36856865882873535,0.36856865882873535
P671S,ALK,671,0,0.5666873455047607,-0.5666873455047607
R412C,ALK,412,0,-2.6841607093811035,2.6841607093811035
T84M,KIT,84,0,0.9536609649658203,-0.9536609649658203
V374I,KIT,374,0,-0.7163819670677185,0.7163819670677185
N2752T,APC,2752,0,0.5662946701049805,-0.5662946701049805
K261R,TSC1,261,0,0.017329931259155273,-0.017329931259155273
N198S,TSC1,198,0,0.748016357421875,-0.748016357421875
R87P,CDKN2A,87,1,-4.940460205078125,4.940460205078125
L32P,CDKN2A,32,1,-10.025246620178223,10.025246620178223
E208D,RET,208,0,-1.00729238986969,1.00729238986969
I852V,RET,852,0,1.049763560295105,-1.049763560295105
L1048F,RET,1048,0,-1.4146919250488281,1.4146919250488281
E2596D,ATM,2596,1,-0.6052625179290771,0.6052625179290771
Q72H,WT1,72,0,-1.3725285530090332,1.3725285530090332
H166Q,HRAS,166,0,-5.626339912414551,5.626339912414551
A18S,RB1,18,0,-2.117835521697998,2.117835521697998
T377S,RB1,377,0,0.03829479217529297,-0.03829479217529297
Q436K,RB1,436,0,-0.5964813232421875,0.5964813232421875
R621G,RB1,621,0,0.46761536598205566,-0.46761536598205566
A272T,TSC2,272,0,-0.20200872421264648,0.20200872421264648
A614P,TSC2,614,1,-2.588332176208496,2.588332176208496
G661S,TSC2,661,0,0.6848214864730835,-0.6848214864730835
V766M,TSC2,766,0,-1.6768783330917358,1.6768783330917358
E1490G,TSC2,1490,0,-0.028345346450805664,0.028345346450805664
L532R,NF1,532,1,-1.2712476253509521,1.2712476253509521
C1016R,NF1,1016,1,-0.7773559093475342,0.7773559093475342
G1168R,NF1,1168,1,-0.24991822242736816,0.24991822242736816
G1219V,NF1,1219,1,0.14191150665283203,-0.14191150665283203
K1440E,NF1,1440,1,0.7319931983947754,-0.7319931983947754
K1457E,NF1,1457,1,0.1006612777709961,-0.1006612777709961
L1854R,NF1,1854,1,-2.9171910285949707,2.9171910285949707
G1748R,BRCA1,1748,1,0.8612525463104248,-0.8612525463104248
T1675I,BRCA1,1675,0,-1.5383620262145996,1.5383620262145996
R337G,TP53,337,1,-0.3944697380065918,0.3944697380065918
R248P,TP53,248,1,-9.649039268493652,9.649039268493652
P4L,TP53,4,0,-0.40247535705566406,0.40247535705566406
K516N,APC,516,1,-3.7211554050445557,3.7211554050445557
I1557V,APC,1557,0,0.5260286331176758,-0.5260286331176758
R2549C,APC,2549,0,-3.589951515197754,3.589951515197754
R1495T,BRCA1,1495,1,0.8383409976959229,-0.8383409976959229
V11G,BRCA1,11,1,-1.820692539215088,1.820692539215088
R379H,TP53,379,0,-0.3267803192138672,0.3267803192138672
L265P,TP53,265,1,-10.687590599060059,10.687590599060059
E180K,TP53,180,1,-1.2880339622497559,1.2880339622497559
K164E,TP53,164,1,-6.8684797286987305,6.8684797286987305
R158P,TP53,158,1,-7.8315839767456055,7.8315839767456055
T1410N,BRCA2,1410,1,0.09321212768554688,-0.09321212768554688
Y1703D,BRCA1,1703,1,-7.488799571990967,7.488799571990967
I26N,BRCA1,26,1,-7.106659889221191,7.106659889221191
C326F,EGFR,326,1,-11.386007308959961,11.386007308959961
N181D,STK11,181,1,-15.136979103088379,15.136979103088379
V1838G,BRCA1,1838,1,-10.110139846801758,10.110139846801758
N181S,STK11,181,1,-13.464642524719238,13.464642524719238
N935D,NF1,935,0,0.7390944957733154,-0.7390944957733154
R319H,TP63,319,1,-10.44680404663086,10.44680404663086
Y126D,TP53,126,1,-6.8146772384643555,6.8146772384643555
V1665S,BRCA1,1665,1,-4.974266052246094,4.974266052246094
N1766K,BRCA2,1766,0,0.018460988998413086,-0.018460988998413086
G1706R,BRCA1,1706,1,-9.557592391967773,9.557592391967773
I1766N,BRCA1,1766,1,-10.766263961791992,10.766263961791992
R71T,BRCA1,71,1,-2.135221004486084,2.135221004486084
C47S,BRCA1,47,1,-7.368986129760742,7.368986129760742
C39W,BRCA1,39,1,-12.883660316467285,12.883660316467285
R343W,TP63,343,1,-12.16944408416748,12.16944408416748
F498Y,BRAF,498,1,-10.421379089355469,10.421379089355469
G464R,BRAF,464,1,-9.552019119262695,9.552019119262695
T599R,BRAF,599,1,-14.453420639038086,14.453420639038086
C211W,PTEN,211,1,-9.170226097106934,9.170226097106934
Y27S,PTEN,27,1,-13.701150894165039,13.701150894165039
F1499V,TSC2,1499,1,0.4953494071960449,-0.4953494071960449
M1T,NF1,1,1,-6.285533428192139,6.285533428192139
P511T,TP63,511,0,-0.876063346862793,0.876063346862793
S737L,ALK,737,0,0.20873785018920898,-0.20873785018920898
P1029A,ALK,1029,0,-0.7052607536315918,0.7052607536315918
S2594C,APC,2594,0,-3.173241376876831,3.173241376876831
V1047M,EGFR,1047,0,-1.1391336917877197,1.1391336917877197
E884D,RB1,884,0,-0.056764841079711914,0.056764841079711914
D1644N,TSC2,1644,0,-3.7671146392822266,3.7671146392822266
L550P,NF1,550,1,-2.1415798664093018,2.1415798664093018
S581R,TSC2,581,0,-0.7549891471862793,0.7549891471862793
R398W,MYCN,398,1,-10.441380500793457,10.441380500793457
Y202C,TP63,202,1,-12.414042472839355,12.414042472839355
R350G,TP63,350,1,-14.970242500305176,14.970242500305176
C561Y,TP63,561,1,-1.8885983228683472,1.8885983228683472
I576T,TP63,576,1,-5.985012054443359,5.985012054443359
T589P,BRAF,589,1,-12.442567825317383,12.442567825317383
L525R,BRAF,525,1,-12.652693748474121,12.652693748474121
R47K,PTEN,47,1,-7.421941757202148,7.421941757202148
D107V,PTEN,107,1,-8.956332206726074,8.956332206726074
G244D,TP53,244,1,-8.291566848754883,8.291566848754883
S1655P,BRCA1,1655,1,-4.245725631713867,4.245725631713867
F1174C,ALK,1174,1,-10.840370178222656,10.840370178222656
W557R,KIT,557,1,-10.710840225219727,10.710840225219727
V560D,KIT,560,1,-11.486808776855469,11.486808776855469
L576P,KIT,576,1,-10.297063827514648,10.297063827514648
N655K,KIT,655,1,-9.47293758392334,9.47293758392334
D820Y,KIT,820,1,-8.969260215759277,8.969260215759277
N822I,KIT,822,1,-8.154105186462402,8.154105186462402
N822K,KIT,822,1,-6.858790397644043,6.858790397644043
A829P,KIT,829,1,-8.794771194458008,8.794771194458008
D594E,BRAF,594,1,-15.146764755249023,15.146764755249023
D594V,BRAF,594,1,-15.444396018981934,15.444396018981934
R130G,PTEN,130,1,-12.219854354858398,12.219854354858398
R159S,PTEN,159,1,-12.84052848815918,12.84052848815918
G12R,HRAS,12,1,-11.013203620910645,11.013203620910645
R249T,TP53,249,1,-9.106361389160156,9.106361389160156
V173A,TP53,173,1,-4.5380964279174805,4.5380964279174805
R173H,PTEN,173,1,-10.333551406860352,10.333551406860352
M1250T,MET,1250,1,-5.430941581726074,5.430941581726074
L1196M,ALK,1196,1,-2.4200682640075684,2.4200682640075684
G309E,ERBB2,309,1,-0.35400986671447754,0.35400986671447754
S310Y,ERBB2,310,1,-5.102541923522949,5.102541923522949
Q61H,HRAS,61,1,-9.990361213684082,9.990361213684082
G13S,HRAS,13,1,-8.469006538391113,8.469006538391113
R130L,PTEN,130,1,-12.433842658996582,12.433842658996582
C135F,TP53,135,1,-7.759502410888672,7.759502410888672
C135R,TP53,135,1,-10.183722496032715,10.183722496032715
C135G,TP53,135,1,-7.606301307678223,7.606301307678223
C141W,TP53,141,1,-9.237370491027832,9.237370491027832
C176F,TP53,176,1,-7.95747184753418,7.95747184753418
C238F,TP53,238,1,-14.39179801940918,14.39179801940918
C238S,TP53,238,1,-9.786362648010254,9.786362648010254
C238R,TP53,238,1,-12.719253540039062,12.719253540039062
C238G,TP53,238,1,-11.25123405456543,11.25123405456543
C242W,TP53,242,1,-12.918261528015137,12.918261528015137
C275F,TP53,275,1,-12.57387924194336,12.57387924194336
D281Y,TP53,281,1,-9.644193649291992,9.644193649291992
D281N,TP53,281,1,-6.22734260559082,6.22734260559082
D281E,TP53,281,1,-5.31217622756958,5.31217622756958
D281H,TP53,281,1,-8.509984016418457,8.509984016418457
D281A,TP53,281,1,-9.347793579101562,9.347793579101562
E286A,TP53,286,1,-3.3720030784606934,3.3720030784606934
F270S,TP53,270,1,-8.783143043518066,8.783143043518066
F270V,TP53,270,1,-6.66651725769043,6.66651725769043
G244S,TP53,244,1,-6.389284133911133,6.389284133911133
G244V,TP53,244,1,-9.289422988891602,9.289422988891602
G245V,TP53,245,1,-9.977526664733887,9.977526664733887
G266R,TP53,266,1,-7.802150726318359,7.802150726318359
H179R,TP53,179,1,-1.1654589176177979,1.1654589176177979
H179Q,TP53,179,1,0.22671079635620117,-0.22671079635620117
H179D,TP53,179,1,-1.6864776611328125,1.6864776611328125
H193P,TP53,193,1,-6.093564033508301,6.093564033508301
H193N,TP53,193,1,-4.710693359375,4.710693359375
H214R,TP53,214,1,-1.877819299697876,1.877819299697876
H214L,TP53,214,1,-4.598721504211426,4.598721504211426
K132N,TP53,132,1,-5.887490272521973,5.887490272521973
K132R,TP53,132,1,-0.580500602722168,0.580500602722168
L111P,TP53,111,1,-6.74642276763916,6.74642276763916
L111R,TP53,111,1,-8.187098503112793,8.187098503112793
L111Q,TP53,111,1,-7.608240127563477,7.608240127563477
L194R,TP53,194,1,-6.705328464508057,6.705328464508057
M237K,TP53,237,1,-8.983073234558105,8.983073234558105
N239S,TP53,239,1,-4.47064208984375,4.47064208984375
P151R,TP53,151,1,-5.6306962966918945,5.6306962966918945
P151A,TP53,151,1,-2.9694862365722656,2.9694862365722656
P278S,TP53,278,1,-6.5916900634765625,6.5916900634765625
P278T,TP53,278,1,-7.8697190284729,7.8697190284729
R175G,TP53,175,1,-8.576376914978027,8.576376914978027
R248G,TP53,248,1,-9.483516693115234,9.483516693115234
R273L,TP53,273,1,-9.098459243774414,9.098459243774414
R273S,TP53,273,1,-8.635641098022461,8.635641098022461
R282P,TP53,282,1,-9.344076156616211,9.344076156616211
S241Y,TP53,241,1,-12.218362808227539,12.218362808227539
S241A,TP53,241,1,-7.176476955413818,7.176476955413818
T125R,TP53,125,1,-6.384248733520508,6.384248733520508
V173L,TP53,173,1,-4.253363609313965,4.253363609313965
Y163H,TP53,163,1,-2.6605677604675293,2.6605677604675293
Y205C,TP53,205,1,-7.499729633331299,7.499729633331299
Y205H,TP53,205,1,-6.01876974105835,6.01876974105835
Y205D,TP53,205,1,-9.22007942199707,9.22007942199707
Y220H,TP53,220,1,-6.073596954345703,6.073596954345703
Y234H,TP53,234,1,-6.661115646362305,6.661115646362305
Y234N,TP53,234,1,-9.917461395263672,9.917461395263672
Y236C,TP53,236,1,-3.8671698570251465,3.8671698570251465
I177N,STK11,177,1,-15.42166519165039,15.42166519165039
S399F,MYCN,399,0,-9.21618366241455,9.21618366241455
M1V,TP63,1,1,-5.019779205322266,5.019779205322266
G173R,TP63,173,1,-11.374907493591309,11.374907493591309
C312Y,TP63,312,1,-15.329316139221191,15.329316139221191
L602P,TP63,602,1,-8.238380432128906,8.238380432128906
P333S,TSC1,333,0,0.015578746795654297,-0.015578746795654297
G599R,TSC1,599,0,-0.2266712188720703,0.2266712188720703
I3412S,BRCA2,3412,0,0.7845103740692139,-0.7845103740692139
Q373H,TSC2,373,1,-1.0107595920562744,1.0107595920562744
G60V,HRAS,60,1,-16.534509658813477,16.534509658813477
V1298M,TSC2,1298,0,-1.6847751140594482,1.6847751140594482
V241I,TSC2,241,0,-0.6899218559265137,0.6899218559265137
G2181R,BRCA2,2181,0,-0.25073885917663574,0.25073885917663574
G2724W,BRCA2,2724,1,-4.666745662689209,4.666745662689209
Y1948D,NF1,1948,1,0.1441042423248291,-0.1441042423248291
C414G,TSC2,414,1,-0.9986495971679688,0.9986495971679688
A623V,TSC2,623,0,-0.5341289043426514,0.5341289043426514
R1204L,NF1,1204,1,0.5303492546081543,-0.5303492546081543
L667R,KIT,667,1,-10.987624168395996,10.987624168395996
G1494R,ALK,1494,0,-0.33323216438293457,0.33323216438293457
S426T,ALK,426,0,-0.6066004037857056,0.6066004037857056
L163R,VHL,163,1,0.12998390197753906,-0.12998390197753906
R653M,APC,653,1,-2.495689630508423,2.495689630508423
P1467S,APC,1467,0,0.7537410259246826,-0.7537410259246826
T2813K,APC,2813,0,-0.00025153160095214844,0.00025153160095214844
I326V,BRAF,326,0,-0.6849164962768555,0.6849164962768555
M209V,TSC1,209,0,0.840177059173584,-0.840177059173584
D510N,TSC1,510,0,-0.5069873332977295,0.5069873332977295
P591L,TSC1,591,0,-0.43379783630371094,0.43379783630371094
G544E,TSC1,544,0,0.38196229934692383,-0.38196229934692383
K121M,TSC1,121,1,-0.4321451187133789,0.4321451187133789
P1140L,TSC1,1140,0,-0.1856238842010498,0.1856238842010498
R87W,CDKN2A,87,1,-1.4595314264297485,1.4595314264297485
L98R,PTEN,98,1,-11.61489200592041,11.61489200592041
R15K,PTEN,15,1,-7.087547779083252,7.087547779083252
Y27C,PTEN,27,1,-10.83177375793457,10.83177375793457
Y155C,PTEN,155,1,-12.048626899719238,12.048626899719238
G1746R,ATM,1746,1,-0.10172700881958008,0.10172700881958008
D2708H,ATM,2708,1,-5.026889324188232,5.026889324188232
A2233V,BRCA2,2233,0,0.050475120544433594,-0.050475120544433594
L2656Q,BRCA2,2656,1,-0.15464019775390625,0.15464019775390625
R656Q,RB1,656,0,-3.9070048332214355,3.9070048332214355
G38D,RB1,38,0,0.7482483386993408,-0.7482483386993408
V654L,RB1,654,1,-4.2123003005981445,4.2123003005981445
Y828H,BRCA2,828,0,-0.0568995475769043,0.0568995475769043
W2626R,BRCA2,2626,1,1.8780229091644287,-1.8780229091644287
N248I,TSC2,248,0,-2.2813940048217773,2.2813940048217773
S802G,TSC2,802,0,-0.707080602645874,0.707080602645874
H798Y,TSC2,798,0,-0.6416990756988525,0.6416990756988525
S1364V,TSC2,1364,0,-0.2412571907043457,0.2412571907043457
I39T,TSC2,39,0,0.6119182109832764,-0.6119182109832764
P330L,TSC2,330,0,-1.372769832611084,1.372769832611084
S491L,TSC2,491,0,-0.48290514945983887,0.48290514945983887
T1068P,TSC2,1068,1,0.3153824806213379,-0.3153824806213379
R1174W,TSC2,1174,0,-1.9052536487579346,1.9052536487579346
M1V,NF1,1,1,-5.942915439605713,5.942915439605713
L1504F,TSC2,1504,0,-0.5873658657073975,0.5873658657073975
I1648V,TSC2,1648,0,-0.6336126327514648,0.6336126327514648
C845R,NF1,845,1,0.8310973644256592,-0.8310973644256592
C845Y,NF1,845,1,-0.01291513442993164,0.01291513442993164
T1923R,NF1,1923,1,0.20760202407836914,-0.20760202407836914
C379R,NF1,379,1,-1.9626586437225342,1.9626586437225342
I1845S,NF1,1845,1,0.08968567848205566,-0.08968567848205566
W2229R,NF1,2229,1,-2.221129894256592,2.221129894256592
K2273M,NF1,2273,1,-1.4367623329162598,1.4367623329162598
G848R,NF1,848,1,-0.49749135971069336,0.49749135971069336
N1154I,NF1,1154,1,-0.4946727752685547,0.4946727752685547
F1884L,NF1,1884,1,0.5649857521057129,-0.5649857521057129
I254V,TP53,254,0,-2.8611817359924316,2.8611817359924316
D186N,TP53,186,0,-1.1256027221679688,1.1256027221679688
T155N,TP53,155,1,-3.6831507682800293,3.6831507682800293
R110L,TP53,110,1,-4.172297477722168,4.172297477722168
H41N,BRCA1,41,1,-8.280281066894531,8.280281066894531
G105R,TP53,105,1,-5.254200458526611,5.254200458526611
R1753S,BRCA1,1753,1,-0.6463868618011475,0.6463868618011475
M384T,TP53,384,0,1.4907166957855225,-1.4907166957855225
K292R,TP53,292,0,1.0390377044677734,-1.0390377044677734
E377Q,BRCA2,377,0,-0.40524864196777344,0.40524864196777344
G1770V,BRCA1,1770,1,-3.1313328742980957,3.1313328742980957
G30E,VHL,30,0,-0.19033288955688477,0.19033288955688477
I75S,VHL,75,1,-0.20246386528015137,0.20246386528015137
N131K,VHL,131,1,-0.5467188358306885,0.5467188358306885
L184P,VHL,184,1,-2.0137338638305664,2.0137338638305664
C347F,TP63,347,1,-16.19485092163086,16.19485092163086
A641V,TP63,641,1,-6.811405658721924,6.811405658721924
R1171H,APC,1171,0,0.41582632064819336,-0.41582632064819336
L191P,TSC1,191,1,-2.3145194053649902,2.3145194053649902
N71S,CDKN2A,71,1,-2.990111827850342,2.990111827850342
G23D,CDKN2A,23,1,-2.2329883575439453,2.2329883575439453
R15S,PTEN,15,1,-10.068942070007324,10.068942070007324
Y16D,PTEN,16,1,-10.3814697265625,10.3814697265625
P38R,PTEN,38,1,-12.688318252563477,12.688318252563477
L108P,PTEN,108,1,-11.040873527526855,11.040873527526855
L316P,PTEN,316,1,-6.679652214050293,6.679652214050293
Y2080D,ATM,2080,1,-1.0009703636169434,1.0009703636169434
R467Q,WT1,467,1,-16.502225875854492,16.502225875854492
G2596E,BRCA2,2596,1,0.4913651943206787,-0.4913651943206787
R2625I,BRCA2,2625,1,-0.8290615081787109,0.8290615081787109
H1620L,TSC2,1620,1,-2.398376941680908,2.398376941680908
V1646M,TSC2,1646,1,-4.11618709564209,4.11618709564209
H553R,NF1,553,1,0.1038665771484375,-0.1038665771484375
M1149I,NF1,1149,1,0.778876781463623,-0.778876781463623
P34S,BRCA1,34,1,-3.974020481109619,3.974020481109619
E285K,TP53,285,1,-6.702198028564453,6.702198028564453
P250L,TP53,250,1,-8.02696704864502,8.02696704864502
P190L,TP53,190,1,-2.959545135498047,2.959545135498047
T118I,TP53,118,0,-4.1570000648498535,4.1570000648498535
D176G,STK11,176,1,-11.651384353637695,11.651384353637695
M1R,NF1,1,1,-6.555169105529785,6.555169105529785
R997S,NF1,997,1,0.6617894172668457,-0.6617894172668457
N12T,PTEN,12,1,-8.32354736328125,8.32354736328125
G44D,PTEN,44,1,-8.399799346923828,8.399799346923828
H123Q,PTEN,123,1,-11.614150047302246,11.614150047302246
M134T,PTEN,134,1,-9.662229537963867,9.662229537963867
T202I,PTEN,202,1,-0.5378105640411377,0.5378105640411377
W274L,PTEN,274,1,-14.877201080322266,14.877201080322266
K581N,APC,581,1,1.2021325826644897,-1.2021325826644897
R653G,APC,653,1,-3.9045917987823486,3.9045917987823486
R653K,APC,653,1,-1.0489304065704346,1.0489304065704346
S970T,APC,970,0,-0.3800225257873535,0.3800225257873535
S1028N,APC,1028,1,-2.852705478668213,2.852705478668213
R15T,PTEN,15,1,-11.521200180053711,11.521200180053711
G20V,PTEN,20,1,-9.716302871704102,9.716302871704102
M35T,PTEN,35,1,-10.975479125976562,10.975479125976562
D92A,PTEN,92,1,-13.080259323120117,13.080259323120117
V119L,PTEN,119,1,-6.250150203704834,6.250150203704834
V119F,PTEN,119,1,-9.427591323852539,9.427591323852539
H123D,PTEN,123,1,-15.89275074005127,15.89275074005127
A126V,PTEN,126,1,-11.591635704040527,11.591635704040527
K128N,PTEN,128,1,-13.339285850524902,13.339285850524902
M134I,PTEN,134,1,-7.1357622146606445,7.1357622146606445
I135K,PTEN,135,1,-13.400351524353027,13.400351524353027
Y155H,PTEN,155,1,-10.895079612731934,10.895079612731934
G165R,PTEN,165,1,-11.52308464050293,11.52308464050293
R173L,PTEN,173,1,-12.568256378173828,12.568256378173828
G251V,PTEN,251,1,-10.310750007629395,10.310750007629395
K254T,PTEN,254,1,-9.036673545837402,9.036673545837402
H272P,PTEN,272,1,-12.888569831848145,12.888569831848145
T277R,PTEN,277,1,-12.44704818725586,12.44704818725586
V84M,VHL,84,1,-1.5129857063293457,1.5129857063293457
L118P,VHL,118,1,-1.0530328750610352,1.0530328750610352
L118R,VHL,118,1,-0.2930769920349121,0.2930769920349121
T133P,VHL,133,1,0.7470612525939941,-0.7470612525939941
I151T,VHL,151,1,0.5785393714904785,-0.5785393714904785
R167P,VHL,167,1,-1.1619629859924316,1.1619629859924316
L178P,VHL,178,1,-0.7292828559875488,0.7292828559875488
S127N,RB1,127,1,-1.7676653861999512,1.7676653861999512
S127T,RB1,127,1,-0.608217716217041,0.608217716217041
D286G,RB1,286,1,-2.7263808250427246,2.7263808250427246
D394N,RB1,394,0,-0.3803718090057373,0.3803718090057373
G449R,RB1,449,1,-10.562810897827148,10.562810897827148
Q702R,RB1,702,1,-9.052936553955078,9.052936553955078
G334W,TP53,334,1,-10.846637725830078,10.846637725830078
N310K,TP53,310,0,-0.7577037811279297,0.7577037811279297
P295S,TP53,295,0,0.2886228561401367,-0.2886228561401367
R267P,TP53,267,1,-9.002035140991211,9.002035140991211
N131I,TP53,131,1,-8.879433631896973,8.879433631896973
L130P,TP53,130,1,-7.584672927856445,7.584672927856445
G105S,TP53,105,1,-2.6062121391296387,2.6062121391296387
D237H,STK11,237,1,-14.25197696685791,14.25197696685791
R304P,STK11,304,1,-9.890602111816406,9.890602111816406
K615N,NF1,615,1,-0.3711364269256592,0.3711364269256592
L691P,NF1,691,1,-3.2713727951049805,3.2713727951049805
C709R,NF1,709,1,-2.0426955223083496,2.0426955223083496
L1015P,NF1,1015,1,-5.307528018951416,5.307528018951416
Q1447P,NF1,1447,1,-0.9441049098968506,0.9441049098968506
D1644Y,NF1,1644,1,-5.050053119659424,5.050053119659424
K1771E,NF1,1771,1,-0.37366771697998047,0.37366771697998047
P2101R,NF1,2101,1,-1.1989222764968872,1.1989222764968872
G23C,CDKN2A,23,1,-4.558968544006348,4.558968544006348
G23S,CDKN2A,23,1,-3.692030191421509,3.692030191421509
G173V,TP63,173,1,-10.72510814666748,10.72510814666748
I49S,CDKN2A,49,1,-3.1572835445404053,3.1572835445404053
R2832L,ATM,2832,1,-3.1110711097717285,3.1110711097717285
V1001E,NF1,1001,1,0.4855015277862549,-0.4855015277862549
L869R,ERBB2,869,1,-8.410929679870605,8.410929679870605
Q1562R,BRCA2,1562,0,-0.723841667175293,0.723841667175293
I171V,BRCA1,171,0,-0.1370983123779297,0.1370983123779297
M1K,BRCA2,1,1,-4.776643753051758,4.776643753051758
G1696V,BRCA2,1696,1,0.020252227783203125,-0.020252227783203125
A521P,BRCA1,521,0,0.0821371078491211,-0.0821371078491211
K354R,NF1,354,1,-0.10679125785827637,0.10679125785827637
V630E,NF1,630,0,0.45578980445861816,-0.45578980445861816
K798Q,NF1,798,1,-0.23188090324401855,0.23188090324401855
G922S,NF1,922,1,0.7425806522369385,-0.7425806522369385
N957I,NF1,957,1,0.2509129047393799,-0.2509129047393799
F1193S,NF1,1193,1,0.9313817024230957,-0.9313817024230957
D1217E,NF1,1217,1,0.18431711196899414,-0.18431711196899414
N1278K,NF1,1278,1,0.07703447341918945,-0.07703447341918945
K1444Q,NF1,1444,1,0.029572486877441406,-0.029572486877441406
E1458K,NF1,1458,1,-0.601797342300415,0.601797342300415
V1468G,NF1,1468,1,-2.534278392791748,2.534278392791748
S1500G,NF1,1500,1,-0.546882152557373,0.546882152557373
L1511R,NF1,1511,1,-1.6442116498947144,1.6442116498947144
Q1515R,NF1,1515,1,0.18823838233947754,-0.18823838233947754
K2273N,NF1,2273,1,-0.2368624210357666,0.2368624210357666
L2394R,NF1,2394,1,-6.602629661560059,6.602629661560059
G2397R,NF1,2397,1,-1.2502989768981934,1.2502989768981934
M134R,PTEN,134,1,-14.414885520935059,14.414885520935059
T160I,PTEN,160,1,-9.20649528503418,9.20649528503418
S574N,NF1,574,1,-1.5693213939666748,1.5693213939666748
S574I,NF1,574,1,0.03370356559753418,-0.03370356559753418
L1080P,NF1,1080,1,-3.008740186691284,3.008740186691284
H2658Y,NF1,2658,1,-0.01891493797302246,0.01891493797302246
C207Y,APC,207,0,1.019801139831543,-1.019801139831543
G2503E,APC,2503,0,-0.7680990695953369,0.7680990695953369
A487S,BRCA2,487,0,1.145103931427002,-1.145103931427002
V1497F,BRCA2,1497,0,-0.47620630264282227,0.47620630264282227
T1586I,BRCA2,1586,0,-0.7285633087158203,0.7285633087158203
N1805D,BRCA2,1805,0,-0.5141189098358154,0.5141189098358154
G2168A,BRCA2,2168,0,-0.571547269821167,0.571547269821167
L3125F,BRCA2,3125,1,-1.3613650798797607,1.3613650798797607
A3399S,BRCA2,3399,0,1.2978215217590332,-1.2978215217590332
Y1853N,BRCA1,1853,1,-3.3815555572509766,3.3815555572509766
R1751G,BRCA1,1751,1,-0.5381605625152588,0.5381605625152588
V1687G,BRCA1,1687,1,-10.406721115112305,10.406721115112305
S1125Y,BRCA1,1125,0,-2.5764729976654053,2.5764729976654053
E1013K,BRCA1,1013,0,0.08211135864257812,-0.08211135864257812
S976T,BRCA2,976,0,-0.683607816696167,0.683607816696167
S976F,BRCA2,976,0,-1.2876367568969727,1.2876367568969727
G171V,WT1,171,1,-1.8378607034683228,1.8378607034683228
W2619C,BRCA2,2619,1,0.7756576538085938,-0.7756576538085938
G129V,PTEN,129,1,-7.228828430175781,7.228828430175781
A3122P,BRCA2,3122,1,-3.151998996734619,3.151998996734619
F1761C,BRCA1,1761,1,-6.082193374633789,6.082193374633789
F241L,PTEN,241,1,-2.2716355323791504,2.2716355323791504
Q1189R,NF1,1189,1,0.5879197120666504,-0.5879197120666504
N1223K,ATM,1223,1,0.5195059776306152,-0.5195059776306152
K172N,BRCA2,172,1,-0.4431800842285156,0.4431800842285156
D427E,BRCA2,427,0,0.257016658782959,-0.257016658782959
L2732V,BRCA2,2732,0,-0.06609153747558594,0.06609153747558594
A2951S,BRCA2,2951,0,-0.4459817409515381,0.4459817409515381
D1757Y,BRCA1,1757,0,-0.12023448944091797,0.12023448944091797
I90V,BRCA1,90,0,0.14284276962280273,-0.14284276962280273
Y1234C,MET,1234,1,-6.096017360687256,6.096017360687256
L916P,TSC2,916,1,-1.2544455528259277,1.2544455528259277
V1673G,TSC2,1673,1,-3.0319035053253174,3.0319035053253174
R384G,BRAF,384,0,-10.680585861206055,10.680585861206055
P96L,PTEN,96,1,-8.286115646362305,8.286115646362305
A2622V,ATM,2622,1,-0.7730209827423096,0.7730209827423096
T451P,WT1,451,1,-19.140031814575195,19.140031814575195
C93R,NF1,93,1,-1.053762435913086,1.053762435913086
R1066K,NF1,1066,1,0.4517214298248291,-0.4517214298248291
W1236R,NF1,1236,1,2.1635308265686035,-2.1635308265686035
G199V,TP53,199,1,-10.044943809509277,10.044943809509277
W88R,VHL,88,1,1.3633184432983398,-1.3633184432983398
Q164H,VHL,164,1,-0.8584918975830078,0.8584918975830078
H247Y,TP63,247,1,-9.782112121582031,9.782112121582031
T718A,KIT,718,0,-1.1794438362121582,1.1794438362121582
S1028I,APC,1028,1,-6.28438663482666,6.28438663482666
S1015A,MET,1015,0,-1.0486769676208496,1.0486769676208496
S1102T,TSC1,1102,0,-0.7823153734207153,0.7823153734207153
G1089A,TSC1,1089,0,-0.18152785301208496,0.18152785301208496
H71Q,TSC1,71,0,0.7067539691925049,-0.7067539691925049
H93P,PTEN,93,1,-13.73695182800293,13.73695182800293
A126T,PTEN,126,1,-12.63566780090332,12.63566780090332
D92Y,PTEN,92,1,-12.139852523803711,12.139852523803711
R248L,ATM,248,1,-1.5116336345672607,1.5116336345672607
M198K,PTEN,198,1,-11.852975845336914,11.852975845336914
H470Y,WT1,470,1,-12.98639965057373,12.98639965057373
R3052L,BRCA2,3052,1,1.1276614665985107,-1.1276614665985107
E287D,RB1,287,1,0.25130414962768555,-0.25130414962768555
L819V,RB1,819,0,-1.0085043907165527,1.0085043907165527
H962Y,BRCA2,962,0,-0.5788345336914062,0.5788345336914062
L229F,RB1,229,0,-1.1356582641601562,1.1356582641601562
G540V,RB1,540,0,-0.2408585548400879,0.2408585548400879
D36N,RB1,36,0,-1.8369295597076416,1.8369295597076416
M386V,RB1,386,0,0.6558933258056641,-0.6558933258056641
H600Y,TSC2,600,0,-0.5187435150146484,0.5187435150146484
G1654S,TSC2,1654,0,0.6461691856384277,-0.6461691856384277
S1799P,TSC2,1799,0,-0.7483673095703125,0.7483673095703125
Q613H,TSC2,613,1,-0.6029794216156006,0.6029794216156006
Q1503R,TSC2,1503,1,0.260653018951416,-0.260653018951416
G1190D,NF1,1190,1,0.024649858474731445,-0.024649858474731445
K1290N,NF1,1290,1,-0.576430082321167,0.576430082321167
L691R,NF1,691,1,-2.66682767868042,2.66682767868042
T780R,NF1,780,1,0.08181571960449219,-0.08181571960449219
I965R,NF1,965,1,-2.511066436767578,2.511066436767578
W1048G,NF1,1048,1,0.5420961380004883,-0.5420961380004883
L43P,NF1,43,1,-0.9955112934112549,0.9955112934112549
L380P,NF1,380,1,-6.639391899108887,6.639391899108887
H1143Y,NF1,1143,1,-0.5556068420410156,0.5556068420410156
M1461K,NF1,1461,1,0.5574812889099121,-0.5574812889099121
G244A,TP53,244,1,-6.530938148498535,6.530938148498535
S1420P,NF1,1420,1,-0.47357940673828125,0.47357940673828125
A159V,TP53,159,1,-3.6571762561798096,3.6571762561798096
N1451I,NF1,1451,1,-1.5189361572265625,1.5189361572265625
A846D,NF1,846,1,-0.29293084144592285,0.29293084144592285
R997M,NF1,997,1,-1.1493310928344727,1.1493310928344727
L1780Q,BRCA1,1780,1,-6.257594108581543,6.257594108581543
E2143K,NF1,2143,1,-0.9326030015945435,0.9326030015945435
V1093M,NF1,1093,1,-0.8113117218017578,0.8113117218017578
L1223F,BRCA1,1223,0,-1.2611382007598877,1.2611382007598877
V1182F,NF1,1182,1,-0.40259575843811035,0.40259575843811035
R1412G,NF1,1412,1,0.5558397769927979,-0.5558397769927979
K2823N,NF1,2823,0,-0.7122550010681152,0.7122550010681152
C64S,BRCA1,64,1,-10.127116203308105,10.127116203308105
P177R,TP53,177,1,-7.629843711853027,7.629843711853027
L101P,VHL,101,1,0.07378232479095459,-0.07378232479095459
L163F,VHL,163,1,-1.1173505783081055,1.1173505783081055
P154S,VHL,154,1,-0.5279871225357056,0.5279871225357056
N248S,APC,248,0,0.8551027774810791,-0.8551027774810791
T496I,APC,496,0,-0.18614721298217773,0.18614721298217773
E74K,APC,74,1,0.22206449508666992,-0.22206449508666992
G637R,APC,637,1,-3.3986260890960693,3.3986260890960693
G861S,APC,861,0,0.5850152969360352,-0.5850152969360352
G1203V,APC,1203,0,0.041665077209472656,-0.041665077209472656
D107Y,PTEN,107,1,-9.9121675491333,9.9121675491333
V166E,PTEN,166,1,-14.380812644958496,14.380812644958496
V253E,RET,253,0,0.512249231338501,-0.512249231338501
M1V,PTEN,1,1,-4.398829460144043,4.398829460144043
R142P,PTEN,142,1,-9.831889152526855,9.831889152526855
L345P,PTEN,345,1,-10.026257514953613,10.026257514953613
G36E,PTEN,36,1,-13.68004035949707,13.68004035949707
V119G,PTEN,119,1,-13.102802276611328,13.102802276611328
I253N,PTEN,253,1,-13.108857154846191,13.108857154846191
F582L,ATM,582,0,0.9567089080810547,-0.9567089080810547
M2239I,ATM,2239,0,0.48000621795654297,-0.48000621795654297
K2717R,ATM,2717,1,-6.650338172912598,6.650338172912598
L2452P,ATM,2452,1,-1.2147526741027832,1.2147526741027832
Q2637R,ATM,2637,0,0.07690858840942383,-0.07690858840942383
V3005I,ATM,3005,0,-1.821471929550171,1.821471929550171
N2370S,ATM,2370,0,0.6143984794616699,-0.6143984794616699
S599F,BRCA2,599,0,-1.0152127742767334,1.0152127742767334
N801K,BRCA2,801,0,0.5096983909606934,-0.5096983909606934
D156E,BRCA2,156,0,0.5993337631225586,-0.5993337631225586
Y1751S,BRCA2,1751,0,1.4655216932296753,-1.4655216932296753
Y2567H,BRCA2,2567,0,-0.4212923049926758,0.4212923049926758
E2599G,BRCA2,2599,1,-0.782705545425415,0.782705545425415
Q2749E,BRCA2,2749,0,-0.05693173408508301,0.05693173408508301
E2772V,BRCA2,2772,0,-0.46591877937316895,0.46591877937316895
A2780D,BRCA2,2780,1,0.3715939521789551,-0.3715939521789551
L1384V,BRCA2,1384,0,-0.14568662643432617,0.14568662643432617
L2862Q,BRCA2,2862,0,-0.15704679489135742,0.15704679489135742
N3024D,BRCA2,3024,0,0.11649656295776367,-0.11649656295776367
V358M,BRCA2,358,0,-1.1187176704406738,1.1187176704406738
S2546P,BRCA2,2546,0,-0.1945176124572754,0.1945176124572754
Y2789F,BRCA2,2789,0,0.7272975444793701,-0.7272975444793701
L2792R,BRCA2,2792,1,-0.3807051181793213,0.3807051181793213
N3337D,BRCA2,3337,0,0.27622032165527344,-0.27622032165527344
A145T,TSC2,145,0,-0.5905561447143555,0.5905561447143555
Y1480H,BRCA2,1480,0,0.39756345748901367,-0.39756345748901367
E929K,TSC2,929,0,0.06850838661193848,-0.06850838661193848
K2674N,BRCA2,2674,0,-0.5627319812774658,0.5627319812774658
T2722A,BRCA2,2722,1,-0.626673698425293,0.626673698425293
T2880I,BRCA2,2880,0,0.05020737648010254,-0.05020737648010254
R320Q,RB1,320,0,0.6655163764953613,-0.6655163764953613
R160K,NF1,160,1,0.28252243995666504,-0.28252243995666504
L578P,NF1,578,1,-3.9291698932647705,3.9291698932647705
K1457R,NF1,1457,1,-0.21041107177734375,0.21041107177734375
Q1447K,NF1,1447,1,-0.43782901763916016,0.43782901763916016
L1915P,NF1,1915,1,-2.605531930923462,2.605531930923462
D1739H,BRCA1,1739,1,-1.0817699432373047,1.0817699432373047
V1719G,BRCA1,1719,1,-8.513814926147461,8.513814926147461
T1684A,BRCA1,1684,0,-2.074033260345459,2.074033260345459
T1312S,BRCA1,1312,0,0.70067298412323,-0.70067298412323
L413V,BRCA1,413,0,-0.20810389518737793,0.20810389518737793
E736G,BRCA1,736,0,-0.8593347072601318,0.8593347072601318
D1067V,NF1,1067,0,0.4862518310546875,-0.4862518310546875
C27F,BRCA1,27,1,-7.200130462646484,7.200130462646484
F385L,TP53,385,0,1.4694201946258545,-1.4694201946258545
A307G,TP53,307,0,-1.4903388023376465,1.4903388023376465
R283P,TP53,283,1,-9.235501289367676,9.235501289367676
M246K,TP53,246,1,-8.58270263671875,8.58270263671875
T1640A,BRCA1,1640,0,-0.13299560546875,0.13299560546875
M246I,TP53,246,1,-6.909144401550293,6.909144401550293
V143G,TP53,143,1,-8.330841064453125,8.330841064453125
H178D,TP53,178,1,-4.611911773681641,4.611911773681641
L2068S,ATM,2068,1,-2.284182071685791,2.284182071685791
S2670W,BRCA2,2670,1,-2.408352851867676,2.408352851867676
V2652G,BRCA2,2652,1,-0.6213712692260742,0.6213712692260742
R99P,CDKN2A,99,1,-7.055131435394287,7.055131435394287
K1192N,ATM,1192,1,-0.6455783843994141,0.6455783843994141
Y2884F,BRCA2,2884,0,0.5047273635864258,-0.5047273635864258
R2849P,ATM,2849,1,-11.144729614257812,11.144729614257812
I50T,PTEN,50,1,-6.859078407287598,6.859078407287598
P96R,PTEN,96,1,-15.564119338989258,15.564119338989258
S106R,TP53,106,1,-3.3264615535736084,3.3264615535736084
G93D,VHL,93,1,-0.9259874820709229,0.9259874820709229
T105P,VHL,105,1,0.0634765625,-0.0634765625
Q132P,VHL,132,1,0.6963858604431152,-0.6963858604431152
F119L,VHL,119,1,0.9778599739074707,-0.9778599739074707
S80R,VHL,80,1,0.4078938961029053,-0.4078938961029053
V130F,VHL,130,1,-0.6903674602508545,0.6903674602508545
N131S,VHL,131,1,0.4635615348815918,-0.4635615348815918
C162R,VHL,162,1,1.2228360176086426,-1.2228360176086426
H115Q,VHL,115,1,0.445859432220459,-0.445859432220459
F136S,VHL,136,1,0.2935919761657715,-0.2935919761657715
S474I,RB1,474,1,-2.95973539352417,2.95973539352417
P365A,MYCN,365,0,0.39306116104125977,-0.39306116104125977
S526F,TSC1,526,0,-1.4310729503631592,1.4310729503631592
L1276V,BRCA1,1276,0,-0.5186929702758789,0.5186929702758789
P1370S,TSC2,1370,0,0.7543814182281494,-0.7543814182281494
D559N,BRCA2,559,0,0.19533920288085938,-0.19533920288085938
S167F,TP63,167,1,-8.85577392578125,8.85577392578125
L525Q,BRAF,525,1,-13.795615196228027,13.795615196228027
R1325M,NF1,1325,1,-0.5629897117614746,0.5629897117614746
H420P,WT1,420,1,-14.059769630432129,14.059769630432129
H93N,PTEN,93,1,-9.637636184692383,9.637636184692383
R1412T,NF1,1412,1,0.0725255012512207,-0.0725255012512207
E296K,ALK,296,0,-0.6764171123504639,0.6764171123504639
V126A,ALK,126,0,0.3663675785064697,-0.3663675785064697
R167L,VHL,167,1,-0.46439409255981445,0.46439409255981445
R82L,VHL,82,1,0.03391551971435547,-0.03391551971435547
P154A,VHL,154,1,-0.7737871408462524,0.7737871408462524
D355N,TP63,355,1,-10.8917875289917,10.8917875289917
G600D,TP63,600,1,-8.869339942932129,8.869339942932129
I247V,MET,247,0,0.29416441917419434,-0.29416441917419434
G344R,MET,344,0,-8.442450523376465,8.442450523376465
M425V,TSC1,425,0,0.9949080944061279,-0.9949080944061279
I580V,TSC1,580,0,0.6807293891906738,-0.6807293891906738
Y68D,PTEN,68,1,-16.624725341796875,16.624725341796875
K267N,PTEN,267,1,-8.319538116455078,8.319538116455078
L152P,PTEN,152,1,-11.761938095092773,11.761938095092773
P1785H,ATM,1785,0,-1.2670371532440186,1.2670371532440186
S114L,RB1,114,0,-1.3686156272888184,1.3686156272888184
K1944E,BRCA2,1944,0,-0.38433241844177246,0.38433241844177246
Q444H,RB1,444,1,-1.4936940670013428,1.4936940670013428
I1258R,BRCA2,1258,0,-1.1280558109283447,1.1280558109283447
E737D,RB1,737,1,-0.5152058601379395,0.5152058601379395
S888N,RB1,888,1,-0.5919754505157471,0.5919754505157471
P1675Q,TSC2,1675,1,-0.6969330310821533,0.6969330310821533
T147K,TSC2,147,1,-1.5153639316558838,1.5153639316558838
E787D,TSC2,787,1,-0.3292717933654785,0.3292717933654785
Y1571H,TSC2,1571,1,-0.49831581115722656,0.49831581115722656
M895R,NF1,895,1,-1.573310375213623,1.573310375213623
L929R,NF1,929,1,-1.5680253505706787,1.5680253505706787
S2018R,NF1,2018,1,-1.0702564716339111,1.0702564716339111
I826V,NF1,826,0,0.6173796653747559,-0.6173796653747559
P1084S,NF1,1084,1,0.2394580841064453,-0.2394580841064453
M1149V,NF1,1149,1,0.8066396713256836,-0.8066396713256836
N1156K,NF1,1156,1,0.12481331825256348,-0.12481331825256348
L933P,NF1,933,1,-2.2470855712890625,2.2470855712890625
V1419D,NF1,1419,1,-1.2422022819519043,1.2422022819519043
H1686Y,BRCA1,1686,1,-6.018703460693359,6.018703460693359
D1644H,NF1,1644,1,-4.533727169036865,4.533727169036865
M18R,BRCA1,18,1,-3.042558193206787,3.042558193206787
H1746D,BRCA1,1746,1,-0.11068058013916016,0.11068058013916016
M1215R,NF1,1215,1,0.29492998123168945,-0.29492998123168945
G1788A,BRCA1,1788,1,-6.532096862792969,6.532096862792969
K1457N,NF1,1457,1,0.46176910400390625,-0.46176910400390625
I1723T,BRCA1,1723,0,-2.079071044921875,2.079071044921875
T2135I,NF1,2135,1,-0.7451350688934326,0.7451350688934326
A2274S,NF1,2274,1,0.3346874713897705,-0.3346874713897705
R158L,TP53,158,1,-4.68391227722168,4.68391227722168
L140P,STK11,140,1,-12.687701225280762,12.687701225280762
I1171T,ALK,1171,1,-7.6459856033325195,7.6459856033325195
T2722I,BRCA2,2722,1,-1.3697481155395508,1.3697481155395508
K1286N,BRCA2,1286,0,0.09630203247070312,-0.09630203247070312
A533D,KIT,533,1,-8.899712562561035,8.899712562561035
D469Y,WT1,469,1,-17.267501831054688,17.267501831054688
S65P,VHL,65,1,0.820068359375,-0.820068359375
Y155S,PTEN,155,1,-14.240503311157227,14.240503311157227
H1640R,TSC2,1640,1,-2.5169942378997803,2.5169942378997803
W223R,NF1,223,1,-0.03910684585571289,0.03910684585571289
A320D,NF1,320,1,-3.3131401538848877,3.3131401538848877
A330V,NF1,330,1,-0.2740182876586914,0.2740182876586914
L929P,NF1,929,1,-1.80430006980896,1.80430006980896
L1196V,NF1,1196,1,-0.21413564682006836,0.21413564682006836
L1411V,NF1,1411,1,-0.787853479385376,0.787853479385376
K1529R,NF1,1529,1,-0.18577098846435547,0.18577098846435547
K2307N,NF1,2307,1,-0.4128761291503906,0.4128761291503906
D2597Y,ATM,2597,1,-0.17307448387145996,0.17307448387145996
D1547N,BRCA2,1547,0,0.2033557891845703,-0.2033557891845703
V1775L,BRCA2,1775,0,0.1918799877166748,-0.1918799877166748
K1025R,BRCA2,1025,0,-1.2530992031097412,1.2530992031097412
R287Q,RET,287,1,0.2544126510620117,-0.2544126510620117
V290K,PTEN,290,1,1.3299837112426758,-1.3299837112426758
H115P,VHL,115,1,0.364215612411499,-0.364215612411499
V1627D,NF1,1627,1,-2.9777944087982178,2.9777944087982178
E2214D,NF1,2214,1,-0.427962064743042,0.427962064743042
S483N,WT1,483,1,-8.305418014526367,8.305418014526367
G93V,VHL,93,1,-1.1525318622589111,1.1525318622589111
G114S,VHL,114,1,-0.5455374717712402,0.5455374717712402
L158V,VHL,158,1,-0.27797389030456543,0.27797389030456543
K232E,TP63,232,1,-13.919243812561035,13.919243812561035
A621T,KIT,621,1,-13.472859382629395,13.472859382629395
S111C,VHL,111,1,-1.17360520362854,1.17360520362854
R191W,MET,191,0,-3.3449275493621826,3.3449275493621826
M23K,BRAF,23,0,-12.095791816711426,12.095791816711426
P166H,TP63,166,1,-8.616480827331543,8.616480827331543
A1026S,TSC1,1026,0,2.154778242111206,-2.154778242111206
L1045V,TSC1,1045,0,-0.17095327377319336,0.17095327377319336
T52I,RB1,52,0,0.24065542221069336,-0.24065542221069336
D92G,PTEN,92,1,-12.549464225769043,12.549464225769043
Y177C,PTEN,177,1,-10.560665130615234,10.560665130615234
D252V,PTEN,252,1,-12.988123893737793,12.988123893737793
T277A,PTEN,277,1,-3.9438772201538086,3.9438772201538086
D310G,PTEN,310,1,-0.09638762474060059,0.09638762474060059
Q443H,TSC2,443,0,-0.8457133769989014,0.8457133769989014
S1147F,TSC2,1147,0,-1.9236836433410645,1.9236836433410645
A1164T,TSC2,1164,0,-0.9830431938171387,0.9830431938171387
I1537T,TSC2,1537,0,-0.4302327632904053,0.4302327632904053
H2623Y,BRCA2,2623,1,0.004346370697021484,-0.004346370697021484
T12S,RB1,12,0,-0.36371541023254395,0.36371541023254395
L218V,RB1,218,1,-3.2090704441070557,3.2090704441070557
D186V,NF1,186,1,1.147043228149414,-1.147043228149414
E244K,NF1,244,1,0.16353988647460938,-0.16353988647460938
R997T,NF1,997,1,0.07631707191467285,-0.07631707191467285
M1214R,NF1,1214,1,1.2445051670074463,-1.2445051670074463
N1415K,NF1,1415,1,-0.8090143203735352,0.8090143203735352
N1451D,NF1,1451,1,0.09412765502929688,-0.09412765502929688
R2349G,NF1,2349,0,0.012068748474121094,-0.012068748474121094
H41Y,BRCA1,41,1,-6.899417877197266,6.899417877197266
H178Q,TP53,178,1,-4.202956199645996,4.202956199645996
N181E,STK11,181,1,-17.392684936523438,17.392684936523438
V1146F,NF1,1146,1,-0.8678107261657715,0.8678107261657715
K1457Q,NF1,1457,1,-0.49362802505493164,0.49362802505493164
L847R,NF1,847,1,-1.6455796957015991,1.6455796957015991
R873G,NF1,873,1,-1.254839539527893,1.254839539527893
V2603I,NF1,2603,0,-0.17981362342834473,0.17981362342834473
W1314R,NF1,1314,0,1.1708593368530273,-1.1708593368530273
G242R,STK11,242,1,-12.109456062316895,12.109456062316895
Q373R,TSC2,373,1,-0.7064363956451416,0.7064363956451416
V709F,TSC2,709,1,-1.377341866493225,1.377341866493225
N1667S,TSC2,1667,0,0.22855067253112793,-0.22855067253112793
A1716P,NF1,1716,0,-0.7020876407623291,0.7020876407623291
V592I,EGFR,592,0,-1.5893232822418213,1.5893232822418213
G751R,NF1,751,1,0.3092007637023926,-0.3092007637023926
S240G,TP53,240,1,-6.283030986785889,6.283030986785889
M1030R,TSC2,1030,1,-0.4082663059234619,0.4082663059234619
K354N,NF1,354,1,-0.6472866535186768,0.6472866535186768
E41V,NF1,41,1,-0.9829223155975342,0.9829223155975342
P798A,BRCA1,798,0,0.2749471664428711,-0.2749471664428711
F147S,RET,147,1,0.8793971538543701,-0.8793971538543701
V202L,RET,202,1,0.05223870277404785,-0.05223870277404785
R161G,VHL,161,1,-0.46086812019348145,0.46086812019348145
V255E,PTEN,255,1,-12.685319900512695,12.685319900512695
H474P,WT1,474,1,-15.211563110351562,15.211563110351562
N78H,VHL,78,1,-0.3384554386138916,0.3384554386138916
N78D,VHL,78,1,0.40421438217163086,-0.40421438217163086
S80I,VHL,80,1,-0.2893533706665039,0.2893533706665039
F91V,VHL,91,0,1.320479393005371,-1.320479393005371
V166D,VHL,166,1,-1.15376615524292,1.15376615524292
V170D,VHL,170,1,-0.5172386169433594,0.5172386169433594
L178Q,VHL,178,1,-0.801422119140625,0.801422119140625
L178R,VHL,178,1,0.009941816329956055,-0.009941816329956055
L188Q,VHL,188,1,-2.427363634109497,2.427363634109497
L188P,VHL,188,1,-0.5470492839813232,0.5470492839813232
E166Q,ATM,166,1,-0.7748144865036011,0.7748144865036011
S79G,APC,79,0,-0.5161876678466797,0.5161876678466797
T3413I,BRCA2,3413,0,-0.10963249206542969,0.10963249206542969
W1718G,BRCA1,1718,1,-10.800177574157715,10.800177574157715
V1714F,BRCA1,1714,1,-6.143012046813965,6.143012046813965
H971R,BRCA1,971,0,0.7650387287139893,-0.7650387287139893
S111G,VHL,111,1,-0.0025174617767333984,0.0025174617767333984
R280S,TP53,280,1,-8.481396675109863,8.481396675109863
R273G,TP53,273,1,-9.121895790100098,9.121895790100098
I232S,TP53,232,1,-7.816176891326904,7.816176891326904
C176R,TP53,176,1,-9.045433044433594,9.045433044433594
R156P,TP53,156,1,-0.719393253326416,0.719393253326416
F113C,TP53,113,1,-5.332455158233643,5.332455158233643
F109C,TP53,109,1,-6.15904426574707,6.15904426574707
C71L,PTEN,71,1,-12.812745094299316,12.812745094299316
W777G,NF1,777,1,1.1783723831176758,-1.1783723831176758
A481K,BRAF,481,1,-17.838367462158203,17.838367462158203
H115R,VHL,115,1,1.1139931678771973,-1.1139931678771973
P154L,VHL,154,1,-1.2185438871383667,1.2185438871383667
N246K,TP63,246,1,-12.249666213989258,12.249666213989258
C312F,TP63,312,1,-18.477630615234375,18.477630615234375
R318C,TP63,318,1,-12.27345085144043,12.27345085144043
F565V,TP63,565,1,-7.86293888092041,7.86293888092041
K509I,KIT,509,1,-1.2100038528442383,1.2100038528442383
Q542H,APC,542,1,-0.06188678741455078,0.06188678741455078
A366P,BRAF,366,1,-9.006780624389648,9.006780624389648
W347R,TSC1,347,0,2.830613136291504,-2.830613136291504
L16P,CDKN2A,16,1,-5.436278343200684,5.436278343200684
K6E,PTEN,6,1,-9.132777214050293,9.132777214050293
H93Y,PTEN,93,1,-11.317079544067383,11.317079544067383
I101N,PTEN,101,1,-12.463029861450195,12.463029861450195
R159K,PTEN,159,1,-8.429134368896484,8.429134368896484
T2682S,ATM,2682,1,0.2771742343902588,-0.2771742343902588
Q2730P,ATM,2730,1,-7.214015483856201,7.214015483856201
R500Q,WT1,500,1,-14.609016418457031,14.609016418457031
S285N,WT1,285,0,-1.0852727890014648,1.0852727890014648
G60S,HRAS,60,1,-14.180925369262695,14.180925369262695
R320G,RB1,320,0,-1.475449562072754,1.475449562072754
I470L,RB1,470,0,0.5559794902801514,-0.5559794902801514
R668C,RB1,668,0,-4.964269161224365,4.964269161224365
L511F,TSC2,511,0,-1.2319960594177246,1.2319960594177246
H855Q,TSC2,855,0,-0.018522024154663086,0.018522024154663086
V1649I,TSC2,1649,0,-0.2765789031982422,0.2765789031982422
M1I,NF1,1,1,-6.569777965545654,6.569777965545654
L58P,NF1,58,1,-3.2268831729888916,3.2268831729888916
S82P,NF1,82,1,-1.0952637195587158,1.0952637195587158
Q83P,NF1,83,1,-0.5981833934783936,0.5981833934783936
A138P,NF1,138,1,-2.4821600914001465,2.4821600914001465
L194P,NF1,194,1,-1.2931218147277832,1.2931218147277832
K263E,NF1,263,1,-0.14165258407592773,0.14165258407592773
L447P,NF1,447,1,-3.3200061321258545,3.3200061321258545
E775D,NF1,775,1,-0.5040135383605957,0.5040135383605957
L792H,NF1,792,1,-1.8571186065673828,1.8571186065673828
R997K,NF1,997,1,0.40602636337280273,-0.40602636337280273
M1035K,NF1,1035,1,0.3460550308227539,-0.3460550308227539
M1149T,NF1,1149,1,-0.2150430679321289,0.2150430679321289
G1166S,NF1,1166,1,0.8870189189910889,-0.8870189189910889
G1190S,NF1,1190,1,0.46773457527160645,-0.46773457527160645
W1258R,NF1,1258,1,0.8945913314819336,-0.8945913314819336
Q1447E,NF1,1447,1,0.2600216865539551,-0.2600216865539551
D1644N,NF1,1644,1,-3.095179796218872,3.095179796218872
N1683K,NF1,1683,1,-1.5620663166046143,1.5620663166046143
L2461F,NF1,2461,0,-1.1507203578948975,1.1507203578948975
C1787Y,BRCA1,1787,1,-5.197628498077393,5.197628498077393
I492V,BRCA1,492,0,0.11683964729309082,-0.11683964729309082
C47R,BRCA1,47,1,-8.992289543151855,8.992289543151855
C44W,BRCA1,44,1,-11.781600952148438,11.781600952148438
C24W,BRCA1,24,1,-10.932535171508789,10.932535171508789
C24G,BRCA1,24,1,-10.321292877197266,10.321292877197266
C24S,BRCA1,24,1,-7.528816223144531,7.528816223144531
S127Y,TP53,127,1,-5.924663543701172,5.924663543701172
K483T,BRAF,483,1,-17.67342185974121,17.67342185974121
T470P,BRAF,470,1,-14.88458251953125,14.88458251953125
A34V,BRAF,34,0,-4.880082130432129,4.880082130432129
L2929W,BRCA2,2929,0,-2.4104607105255127,2.4104607105255127
L562P,TP63,562,1,-7.565248966217041,7.565248966217041
R287L,RET,287,1,0.4024217128753662,-0.4024217128753662
Q1408H,BRCA1,1408,1,-2.3319010734558105,2.3319010734558105
M1L,NF1,1,1,-5.498669624328613,5.498669624328613
T841P,NF1,841,1,-0.6927862167358398,0.6927862167358398
F1193L,NF1,1193,1,1.2645959854125977,-1.2645959854125977
L844H,NF1,844,1,-2.493910312652588,2.493910312652588
A846P,NF1,846,1,-1.681110143661499,1.681110143661499
R1276L,NF1,1276,1,0.5253956317901611,-0.5253956317901611
C585R,RET,585,1,-0.6367490291595459,0.6367490291595459
P190L,WT1,190,0,-1.050123929977417,1.050123929977417
Y91C,RB1,91,0,-1.466078281402588,1.466078281402588
D2736N,NF1,2736,0,0.0803670883178711,-0.0803670883178711
L1033H,ALK,1033,0,-1.8505799770355225,1.8505799770355225
A626T,RB1,626,0,0.12398600578308105,-0.12398600578308105
S758L,RB1,758,0,-1.6523700952529907,1.6523700952529907
A736V,TSC2,736,0,0.2875962257385254,-0.2875962257385254
A1164S,TSC2,1164,0,-0.14648914337158203,0.14648914337158203
A87T,WT1,87,0,-1.2371857166290283,1.2371857166290283
A1039T,ERBB2,1039,0,-1.242720127105713,1.242720127105713
I225V,TP63,225,0,-4.27070426940918,4.27070426940918
T434M,TP63,434,0,-1.9688539505004883,1.9688539505004883
R669H,TP63,669,0,-0.43195247650146484,0.43195247650146484
P179A,HRAS,179,0,0.8016273975372314,-0.8016273975372314
H59L,TSC1,59,0,-0.20875000953674316,0.20875000953674316
V904I,EGFR,904,0,-1.719581127166748,1.719581127166748
A307V,TSC1,307,0,-0.24228715896606445,0.24228715896606445
S1282R,TSC2,1282,0,-1.0111145973205566,1.0111145973205566
E1669K,ATM,1669,1,-0.5287714004516602,0.5287714004516602
H1826N,NF1,1826,1,1.203817367553711,-1.203817367553711
R1753G,BRCA1,1753,1,-1.2822375297546387,1.2822375297546387
M1K,BRCA1,1,1,-6.836349010467529,6.836349010467529
S215F,BRAF,215,1,-10.425522804260254,10.425522804260254
I491T,EGFR,491,0,-0.9911174774169922,0.9911174774169922
T1769K,ATM,1769,0,0.4446878433227539,-0.4446878433227539
D2625E,ATM,2625,1,0.6249566078186035,-0.6249566078186035
A2626P,ATM,2626,1,-0.10689854621887207,0.10689854621887207
Q3038K,ATM,3038,0,-2.3463852405548096,2.3463852405548096
N856K,BRCA2,856,0,-0.22166061401367188,0.22166061401367188
G2195S,BRCA2,2195,0,1.294267177581787,-1.294267177581787
G676A,TSC2,676,0,0.40631139278411865,-0.40631139278411865
L90Q,NF1,90,1,-4.667924880981445,4.667924880981445
D1067Y,NF1,1067,0,0.016204833984375,-0.016204833984375
L1068F,NF1,1068,0,-0.929997444152832,0.929997444152832
V143A,TP53,143,1,-4.219143390655518,4.219143390655518
L474S,BRCA1,474,0,0.3339059352874756,-0.3339059352874756
I597T,TP63,597,1,-7.214035987854004,7.214035987854004
G175C,WT1,175,1,-2.135701894760132,2.135701894760132
D2632G,NF1,2632,1,-0.5465881824493408,0.5465881824493408
A2912T,BRCA2,2912,0,0.06038808822631836,-0.06038808822631836
Q427H,WT1,427,1,-3.418792247772217,3.418792247772217
E46K,VHL,46,0,-4.428781986236572,4.428781986236572
F76I,VHL,76,1,0.1304628849029541,-0.1304628849029541
V155L,VHL,155,1,0.23102664947509766,-0.23102664947509766
K159E,VHL,159,1,0.7550241947174072,-0.7550241947174072
I357T,APC,357,0,-1.6579360961914062,1.6579360961914062
A29V,MET,29,0,0.7914574146270752,-0.7914574146270752
K121N,TSC1,121,1,-0.41460418701171875,0.41460418701171875
G23R,CDKN2A,23,1,-3.5484824180603027,3.5484824180603027
C634L,RET,634,1,1.3926832675933838,-1.3926832675933838
I880V,RET,880,0,2.263284683227539,-2.263284683227539
A34P,PTEN,34,1,-12.073457717895508,12.073457717895508
P38L,PTEN,38,1,-9.861907958984375,9.861907958984375
I101T,PTEN,101,1,-7.755167007446289,7.755167007446289
C124S,PTEN,124,1,-11.907060623168945,11.907060623168945
L181P,PTEN,181,1,-11.17556381225586,11.17556381225586
F168Y,ATM,168,0,-1.3301966190338135,1.3301966190338135
L643P,ATM,643,0,-1.2477333545684814,1.2477333545684814
V849M,ATM,849,0,-0.7332243919372559,0.7332243919372559
D860E,ATM,860,0,0.11490678787231445,-0.11490678787231445
I1022S,ATM,1022,1,-0.8933348655700684,0.8933348655700684
A2368V,ATM,2368,0,0.26743626594543457,-0.26743626594543457
G2765V,ATM,2765,1,-7.816445350646973,7.816445350646973
A1193S,BRCA2,1193,0,1.4268373250961304,-1.4268373250961304
Y1716C,BRCA2,1716,0,0.04041314125061035,-0.04041314125061035
P2532A,BRCA2,2532,0,0.13294124603271484,-0.13294124603271484
S2616C,BRCA2,2616,0,-1.6652369499206543,1.6652369499206543
P2639R,BRCA2,2639,0,-0.5331070423126221,0.5331070423126221
R2668S,BRCA2,2668,0,0.6845512390136719,-0.6845512390136719
A2698G,BRCA2,2698,0,0.2785804271697998,-0.2785804271697998
Q2731H,BRCA2,2731,0,-0.3859903812408447,0.3859903812408447
G2743C,BRCA2,2743,0,-0.8027951717376709,0.8027951717376709
L2805I,BRCA2,2805,0,-0.9182913303375244,0.9182913303375244
S2810C,BRCA2,2810,0,-1.2369601726531982,1.2369601726531982
L2865F,BRCA2,2865,0,-0.6852924823760986,0.6852924823760986
E2875D,BRCA2,2875,0,-0.8428008556365967,0.8428008556365967
K2950T,BRCA2,2950,0,-1.5910756587982178,1.5910756587982178
N3124H,BRCA2,3124,0,-1.1026990413665771,1.1026990413665771
P3129T,BRCA2,3129,0,-0.3274040222167969,0.3274040222167969
T3137S,BRCA2,3137,0,0.3764824867248535,-0.3764824867248535
F162Y,RB1,162,0,1.7717695236206055,-1.7717695236206055
A188V,RB1,188,0,-0.748248815536499,0.748248815536499
Q200H,TSC2,200,0,-0.7859363555908203,0.7859363555908203
R208Q,TSC2,208,0,-0.10920834541320801,0.10920834541320801
P654L,NF1,654,0,1.1350631713867188,-1.1350631713867188
S807N,NF1,807,0,-0.5211195945739746,0.5211195945739746
L995P,NF1,995,1,-3.3226263523101807,3.3226263523101807
A1024S,NF1,1024,0,0.4133780002593994,-0.4133780002593994
L2390W,NF1,2390,1,-3.674619197845459,3.674619197845459
V2839L,NF1,2839,0,0.48461294174194336,-0.48461294174194336
T1816R,BRCA1,1816,0,-0.839045524597168,0.839045524597168
V1809D,BRCA1,1809,1,-4.968652725219727,4.968652725219727
V1665G,BRCA1,1665,0,-4.8000168800354,4.8000168800354
E1644Q,BRCA1,1644,0,-0.2416682243347168,0.2416682243347168
G1332E,BRCA1,1332,0,1.0992157459259033,-1.0992157459259033
Q94H,BRCA1,94,0,-0.8756320476531982,0.8756320476531982
C27Y,BRCA1,27,1,-6.522912502288818,6.522912502288818
R7L,BRCA1,7,0,-0.37134265899658203,0.37134265899658203
N263S,TP53,263,0,-0.9628701210021973,0.9628701210021973
T253A,TP53,253,1,-5.426333427429199,5.426333427429199
R181P,TP53,181,1,-1.8994680643081665,1.8994680643081665
P152R,TP53,152,1,-5.8236846923828125,5.8236846923828125
P151F,TP53,151,1,-8.687243461608887,8.687243461608887
L130H,TP53,130,1,-7.68873929977417,7.68873929977417
S127T,TP53,127,1,-4.793691635131836,4.793691635131836
R110G,TP53,110,1,-3.0538737773895264,3.0538737773895264
G59D,TP53,59,0,-0.13078618049621582,0.13078618049621582
N29D,TP53,29,0,1.3872945308685303,-1.3872945308685303
D237E,STK11,237,1,-6.640105247497559,6.640105247497559
H379P,STK11,379,0,1.6682348251342773,-1.6682348251342773
V170L,VHL,170,1,0.6837480068206787,-0.6837480068206787
P81L,CDKN2A,81,1,-3.8718314170837402,3.8718314170837402
G55D,CDKN2A,55,1,-1.4882278442382812,1.4882278442382812
Q1478H,ATM,1478,0,-0.7203774452209473,0.7203774452209473
V875L,BRCA2,875,0,0.4129924774169922,-0.4129924774169922
E70Q,VHL,70,1,-0.1317589282989502,0.1317589282989502
W117G,VHL,117,1,0.6270015239715576,-0.6270015239715576
R200L,VHL,200,1,-1.1045013666152954,1.1045013666152954
A354E,TP63,354,1,-12.785079956054688,12.785079956054688
G1189A,EGFR,1189,0,-0.197951078414917,0.197951078414917
D1146H,TSC1,1146,0,-0.013083457946777344,0.013083457946777344
D605V,TSC1,605,0,-0.6976621150970459,0.6976621150970459
H433Q,TSC1,433,0,0.32425808906555176,-0.32425808906555176
T415I,TSC1,415,0,-1.1452271938323975,1.1452271938323975
V42E,TSC1,42,1,-2.859266996383667,2.859266996383667
K13Q,PTEN,13,1,-7.316689491271973,7.316689491271973
K128R,PTEN,128,1,-8.685739517211914,8.685739517211914
G132S,PTEN,132,1,-11.089694023132324,11.089694023132324
Q171E,PTEN,171,1,-13.238057136535645,13.238057136535645
D326G,PTEN,326,1,-9.023908615112305,9.023908615112305
A20G,ATM,20,1,-0.3223302364349365,0.3223302364349365
L2780P,ATM,2780,1,-6.698613166809082,6.698613166809082
P254T,WT1,254,0,-0.6457583904266357,0.6457583904266357
K2446E,BRCA2,2446,0,0.09309649467468262,-0.09309649467468262
L104P,TSC2,104,1,-5.045300483703613,5.045300483703613
S322L,TSC2,322,0,1.5537265539169312,-1.5537265539169312
P632L,TSC2,632,0,0.8507685661315918,-0.8507685661315918
N633S,TSC2,633,0,1.393113613128662,-1.393113613128662
Y875D,TSC2,875,1,1.1773333549499512,-1.1773333549499512
S1130C,TSC2,1130,0,-3.716336488723755,3.716336488723755
V1312L,TSC2,1312,0,0.15044713020324707,-0.15044713020324707
L90P,NF1,90,1,-4.885781764984131,4.885781764984131
A323D,NF1,323,1,-2.377932548522949,2.377932548522949
K476E,NF1,476,1,-0.09959769248962402,0.09959769248962402
K505E,NF1,505,1,0.14558863639831543,-0.14558863639831543
F894S,NF1,894,1,-0.01197957992553711,0.01197957992553711
L898R,NF1,898,1,-5.297028541564941,5.297028541564941
R1000P,NF1,1000,1,0.07625675201416016,-0.07625675201416016
N1156T,NF1,1156,1,0.14528512954711914,-0.14528512954711914
L1221R,NF1,1221,1,-0.6426591873168945,0.6426591873168945
S1282R,NF1,1282,1,-0.6532340049743652,0.6532340049743652
R1325K,NF1,1325,1,0.6858077049255371,-0.6858077049255371
E1768D,NF1,1768,0,0.4625699520111084,-0.4625699520111084
I1845T,NF1,1845,1,-0.16516995429992676,0.16516995429992676
S2018N,NF1,2018,1,-0.6964132785797119,0.6964132785797119
V2391D,NF1,2391,1,-4.637472629547119,4.637472629547119
G1738V,BRCA1,1738,1,-0.11641216278076172,0.11641216278076172
I254N,TP53,254,1,-8.05223274230957,8.05223274230957
I232N,TP53,232,1,-8.074396133422852,8.074396133422852
R158G,TP53,158,1,-7.0338568687438965,7.0338568687438965
C132R,STK11,132,1,-17.041912078857422,17.041912078857422
Y1853S,BRCA1,1853,1,-2.701395034790039,2.701395034790039
Y1853H,BRCA1,1853,1,-2.0416626930236816,2.0416626930236816
E1849K,BRCA1,1849,0,-2.4911842346191406,2.4911842346191406
Q1848R,BRCA1,1848,0,-0.7080554962158203,0.7080554962158203
C1847S,BRCA1,1847,0,-0.09663009643554688,0.09663009643554688
Q1846H,BRCA1,1846,0,-0.7704641819000244,0.7704641819000244
Q1846R,BRCA1,1846,0,0.4925684928894043,-0.4925684928894043
V1842L,BRCA1,1842,0,-0.8535435199737549,0.8535435199737549
S1841I,BRCA1,1841,1,-6.499957084655762,6.499957084655762
P1831L,BRCA1,1831,0,-3.5629000663757324,3.5629000663757324
P1831S,BRCA1,1831,0,-2.5020594596862793,2.5020594596862793
A1830S,BRCA1,1830,1,-1.3384792804718018,1.3384792804718018
M1827L,BRCA1,1827,0,1.6374481916427612,-1.6374481916427612
Q1826H,BRCA1,1826,0,-1.8305916786193848,1.8305916786193848
Q1826E,BRCA1,1826,0,-0.03514719009399414,0.03514719009399414
G1825R,BRCA1,1825,0,1.5297393798828125,-1.5297393798828125
I1824N,BRCA1,1824,0,-3.7884795665740967,3.7884795665740967
A1823S,BRCA1,1823,1,-0.06987977027893066,0.06987977027893066
A1823P,BRCA1,1823,1,-1.8543541431427002,1.8543541431427002
D1818N,BRCA1,1818,0,-0.26625609397888184,0.26625609397888184
T1816A,BRCA1,1816,0,-0.15775060653686523,0.15775060653686523
A1814T,BRCA1,1814,0,-0.0026793479919433594,0.0026793479919433594
D1813E,BRCA1,1813,0,0.056569576263427734,-0.056569576263427734
Q1811P,BRCA1,1811,1,0.28511643409729004,-0.28511643409729004
L1800I,BRCA1,1800,0,-0.693336009979248,0.693336009979248
F1798I,BRCA1,1798,0,0.8252925872802734,-0.8252925872802734
L1795R,BRCA1,1795,0,-2.5520153045654297,2.5520153045654297
A1789V,BRCA1,1789,1,-5.755223751068115,5.755223751068115
A1789D,BRCA1,1789,1,-6.940018177032471,6.940018177032471
G1788S,BRCA1,1788,1,-4.535165786743164,4.535165786743164
V1784E,BRCA1,1784,1,-10.667487144470215,10.667487144470215
M1783L,BRCA1,1783,0,2.3551158905029297,-2.3551158905029297
Q1779H,BRCA1,1779,0,-1.005497694015503,1.005497694015503
M1775V,BRCA1,1775,1,1.3539543151855469,-1.3539543151855469
I1766T,BRCA1,1766,1,-6.724807262420654,6.724807262420654
D1757E,BRCA1,1757,0,0.4682595729827881,-0.4682595729827881
R1753I,BRCA1,1753,1,-1.1537094116210938,1.1537094116210938
A1752E,BRCA1,1752,1,-0.21675920486450195,0.21675920486450195
G1743E,BRCA1,1743,1,0.21625947952270508,-0.21625947952270508
R1737G,BRCA1,1737,0,-1.534013032913208,1.534013032913208
V1736F,BRCA1,1736,1,-2.9239423274993896,2.9239423274993896
H1732D,BRCA1,1732,0,1.892423152923584,-1.892423152923584
N1730K,BRCA1,1730,0,-2.2415904998779297,2.2415904998779297
Q1721H,BRCA1,1721,0,-2.4395649433135986,2.4395649433135986
V1713G,BRCA1,1713,1,-9.540506362915039,9.540506362915039
V1713L,BRCA1,1713,1,-3.6884260177612305,3.6884260177612305
W1712G,BRCA1,1712,1,-8.326469421386719,8.326469421386719
K1711N,BRCA1,1711,0,-2.9359335899353027,2.9359335899353027
K1711E,BRCA1,1711,1,-5.752812385559082,5.752812385559082
G1706V,BRCA1,1706,1,-6.695261478424072,6.695261478424072
K1702Q,BRCA1,1702,1,-1.6492114067077637,1.6492114067077637
C1697F,BRCA1,1697,1,-1.6360738277435303,1.6360738277435303
F1695V,BRCA1,1695,1,1.103752613067627,-1.103752613067627
M1689K,BRCA1,1689,1,-6.318077564239502,6.318077564239502
V1688F,BRCA1,1688,1,-4.763119697570801,4.763119697570801
V1687I,BRCA1,1687,0,-1.342024326324463,1.342024326324463
H1686D,BRCA1,1686,1,-9.387819290161133,9.387819290161133
T1681A,BRCA1,1681,0,-2.9312705993652344,2.9312705993652344
T1677S,BRCA1,1677,0,0.6916109323501587,-0.6916109323501587
T1677N,BRCA1,1677,0,-0.2894287109375,0.2894287109375
I1674V,BRCA1,1674,0,0.6656765937805176,-0.6656765937805176
H1673Y,BRCA1,1673,0,-2.7464168071746826,2.7464168071746826
H1673D,BRCA1,1673,0,-1.088465690612793,1.088465690612793
F1668V,BRCA1,1668,0,-1.8589673042297363,1.8589673042297363
K1667T,BRCA1,1667,0,-0.42638254165649414,0.42638254165649414
Y1666N,BRCA1,1666,0,1.599353313446045,-1.599353313446045
M1663R,BRCA1,1663,1,1.637742280960083,-1.637742280960083
V1653A,BRCA1,1653,0,-2.2268590927124023,2.2268590927124023
V1653E,BRCA1,1653,1,-6.150724411010742,6.150724411010742
K1648R,BRCA1,1648,0,-0.15073728561401367,0.15073728561401367
K1648T,BRCA1,1648,0,-0.8617599010467529,0.8617599010467529
N1647K,BRCA1,1647,0,0.959810733795166,-0.959810733795166
N1647D,BRCA1,1647,0,-0.44581031799316406,0.44581031799316406
V1646D,BRCA1,1646,0,-0.2576334476470947,0.2576334476470947
V1646F,BRCA1,1646,0,-1.0486376285552979,1.0486376285552979
V1646I,BRCA1,1646,0,-0.22854161262512207,0.22854161262512207
T1643S,BRCA1,1643,0,0.6217477321624756,-0.6217477321624756
S1642L,BRCA1,1642,0,-0.9194366931915283,0.9194366931915283
A1641S,BRCA1,1641,0,0.9594422578811646,-0.9594422578811646
L1639F,BRCA1,1639,0,-1.4096248149871826,1.4096248149871826
E1638V,BRCA1,1638,0,-0.010326147079467773,0.010326147079467773
K1636N,BRCA1,1636,0,-0.42357659339904785,0.42357659339904785
S1633G,BRCA1,1633,0,-1.3151459693908691,1.3151459693908691
S1631R,BRCA1,1631,0,-1.119431734085083,1.119431734085083
T97S,BRCA1,97,0,0.6427860260009766,-0.6427860260009766
D96V,BRCA1,96,1,-1.218144178390503,1.218144178390503
D96A,BRCA1,96,1,-0.8174479007720947,0.8174479007720947
L95P,BRCA1,95,1,-0.4751591682434082,0.4751591682434082
L95I,BRCA1,95,0,-0.510866641998291,0.510866641998291
T77A,BRCA1,77,0,-0.4794282913208008,0.4794282913208008
E75K,BRCA1,75,0,1.6661508083343506,-1.6661508083343506
R71W,BRCA1,71,1,-4.029346466064453,4.029346466064453
N66S,BRCA1,66,0,0.32956933975219727,-0.32956933975219727
Q60H,BRCA1,60,0,-0.9067351818084717,0.9067351818084717
S59A,BRCA1,59,0,-0.4993925094604492,0.4993925094604492
M48I,BRCA1,48,0,2.26283597946167,-2.26283597946167
H41D,BRCA1,41,1,-9.589995384216309,9.589995384216309
D40G,BRCA1,40,0,-0.9996375441551208,0.9996375441551208
T37A,BRCA1,37,1,-2.2058043479919434,2.2058043479919434
V35A,BRCA1,35,1,-3.7103638648986816,3.7103638648986816
P34R,BRCA1,34,1,-5.789618492126465,5.789618492126465
E33D,BRCA1,33,0,-0.6994253396987915,0.6994253396987915
E33K,BRCA1,33,0,-0.5018326044082642,0.5018326044082642
C27W,BRCA1,27,1,-7.251708507537842,7.251708507537842
C27G,BRCA1,27,1,-7.775211334228516,7.775211334228516
C27R,BRCA1,27,1,-7.586432456970215,7.586432456970215
I26M,BRCA1,26,0,-4.424833297729492,4.424833297729492
I21L,BRCA1,21,0,0.4401453733444214,-0.4401453733444214
M18L,BRCA1,18,0,2.6141839027404785,-2.6141839027404785
N16D,BRCA1,16,0,-0.4370145797729492,0.4370145797729492
V14I,BRCA1,14,0,-0.12955951690673828,0.12955951690673828
N13K,BRCA1,13,0,0.3625168800354004,-0.3625168800354004
Q12L,BRCA1,12,0,0.04450869560241699,-0.04450869560241699
V11I,BRCA1,11,0,0.17256736755371094,-0.17256736755371094
L3F,BRCA1,3,0,-0.5797159671783447,0.5797159671783447
D2N,BRCA1,2,0,-2.0955677032470703,2.0955677032470703
A877P,RET,877,1,-8.096501350402832,8.096501350402832
Y2627H,ATM,2627,1,-0.647820234298706,0.647820234298706
L1339R,NF1,1339,1,-2.590358257293701,2.590358257293701
V167D,WT1,167,1,0.7867062091827393,-0.7867062091827393
M2634I,BRCA2,2634,0,0.7421603202819824,-0.7421603202819824
V157G,TP53,157,1,-8.018150329589844,8.018150329589844
V53A,PTEN,53,1,-8.065986633300781,8.065986633300781
T3411A,BRCA2,3411,0,-0.5662882328033447,0.5662882328033447
S945T,BRCA1,945,0,-0.7053759098052979,0.7053759098052979
S341G,WT1,341,1,-1.5641157627105713,1.5641157627105713
C93W,NF1,93,1,-1.2516164779663086,1.2516164779663086
D121V,VHL,121,1,0.39452266693115234,-0.39452266693115234
C1104Y,TSC1,1104,0,-0.15438556671142578,0.15438556671142578
N12I,PTEN,12,1,-10.038413047790527,10.038413047790527
T26N,PTEN,26,1,-8.662257194519043,8.662257194519043
S170N,PTEN,170,1,-10.499723434448242,10.499723434448242
N133T,TSC2,133,0,0.8187634944915771,-0.8187634944915771
Q354H,TSC2,354,0,-0.7967743873596191,0.7967743873596191
D781N,TSC2,781,0,-0.19981050491333008,0.19981050491333008
A870P,TSC2,870,1,0.32318592071533203,-0.32318592071533203
T1059I,TSC2,1059,0,-0.9105474948883057,0.9105474948883057
P2282L,NF1,2282,1,1.2852332592010498,-1.2852332592010498
N31D,PTEN,31,1,-8.472444534301758,8.472444534301758
C71Y,PTEN,71,1,-14.398930549621582,14.398930549621582
P1412R,TSC2,1412,0,-0.48622894287109375,0.48622894287109375
M991R,NF1,991,1,-1.5233526229858398,1.5233526229858398
C1016Y,NF1,1016,1,-0.47174549102783203,0.47174549102783203
S127P,TP53,127,1,-7.311634540557861,7.311634540557861
C630G,RET,630,1,0.2639651298522949,-0.2639651298522949
K128E,PTEN,128,1,-12.792131423950195,12.792131423950195
S127I,RB1,127,1,-2.1120901107788086,2.1120901107788086
V1047M,TSC2,1047,0,-1.5497627258300781,1.5497627258300781
S1274P,TSC2,1274,0,-1.709192156791687,1.709192156791687
Y1333D,TSC2,1333,0,1.0336146354675293,-1.0336146354675293
S82Y,NF1,82,1,-0.638434886932373,0.638434886932373
L380H,NF1,380,1,-6.334436416625977,6.334436416625977
T1175A,NF1,1175,1,-0.35752296447753906,0.35752296447753906
L1411P,NF1,1411,1,-0.9227802753448486,0.9227802753448486
L1978P,NF1,1978,1,-5.767910957336426,5.767910957336426
L265Q,TP53,265,1,-6.7552490234375,6.7552490234375
S241T,TP53,241,1,-7.118711471557617,7.118711471557617
R209K,TP53,209,0,0.002955913543701172,-0.002955913543701172
L188R,VHL,188,1,-1.6002111434936523,1.6002111434936523
V2407E,BRCA2,2407,1,-0.20525193214416504,0.20525193214416504
L423I,TSC2,423,0,-0.846441388130188,0.846441388130188
Q20H,NF1,20,1,-0.34030604362487793,0.34030604362487793
C1930R,NF1,1930,1,-1.7839560508728027,1.7839560508728027
L93Q,TSC1,93,1,-7.481771945953369,7.481771945953369
Y177H,PTEN,177,1,-9.193791389465332,9.193791389465332
A165D,MYCN,165,0,-2.387230396270752,2.387230396270752
R391S,MYCN,391,1,-12.974272727966309,12.974272727966309
F90S,PTEN,90,1,-12.466230392456055,12.466230392456055
S1150P,NF1,1150,1,-1.5442025661468506,1.5442025661468506
M35L,PTEN,35,1,-9.06381607055664,9.06381607055664
R426T,BRAF,426,1,-14.444507598876953,14.444507598876953
G93A,WT1,93,1,-0.6982308626174927,0.6982308626174927
R393C,MYCN,393,1,-12.459437370300293,12.459437370300293
K13E,PTEN,13,1,-9.420954704284668,9.420954704284668
Q192H,TP53,192,0,-1.580759048461914,1.580759048461914
C696F,TSC2,696,1,-0.5039892196655273,0.5039892196655273
G2596R,BRCA2,2596,1,0.19505858421325684,-0.19505858421325684
A2603P,BRCA2,2603,1,-1.420067310333252,1.420067310333252
K2630Q,BRCA2,2630,1,-0.25125551223754883,0.25125551223754883
G3076R,BRCA2,3076,1,-4.660186767578125,4.660186767578125
A246E,NF1,246,1,-1.7220890522003174,1.7220890522003174
M895I,NF1,895,0,0.47676515579223633,-0.47676515579223633
A1071P,NF1,1071,1,-0.7074530124664307,0.7074530124664307
S1599Y,NF1,1599,1,-4.229495048522949,4.229495048522949
G1890R,NF1,1890,1,0.6589870452880859,-0.6589870452880859
L2125R,NF1,2125,1,-0.49128079414367676,0.49128079414367676
L161P,TSC1,161,1,-2.7303924560546875,2.7303924560546875
T876S,TSC2,876,0,0.5667448043823242,-0.5667448043823242
M1180R,NF1,1180,1,-1.1540966033935547,1.1540966033935547
D1644G,NF1,1644,1,-4.7365946769714355,4.7365946769714355
S231D,BRCA2,231,1,-0.5508747100830078,0.5508747100830078
H1856C,BRCA2,1856,1,-1.7373809814453125,1.7373809814453125
R64S,VHL,64,1,-0.6184628009796143,0.6184628009796143
A149V,VHL,149,1,0.14436769485473633,-0.14436769485473633
K311N,APC,311,1,0.32600879669189453,-0.32600879669189453
H1083R,ATM,1083,1,-0.04665946960449219,0.04665946960449219
L2767P,ATM,2767,1,-8.487527847290039,8.487527847290039
I810V,TSC2,810,0,0.6650285720825195,-0.6650285720825195
N1731S,TSC2,1731,0,0.8904929161071777,-0.8904929161071777
R337S,TP53,337,1,2.0842437744140625,-2.0842437744140625
A159D,TP53,159,1,-8.570974349975586,8.570974349975586
C977R,ATM,977,1,-0.013684988021850586,0.013684988021850586
L320S,PTEN,320,1,-11.207321166992188,11.207321166992188
K530R,RB1,530,1,-4.544147491455078,4.544147491455078
P868T,RB1,868,0,1.1889649629592896,-1.1889649629592896
L426V,TSC2,426,0,-0.3702864646911621,0.3702864646911621
W1060S,TSC2,1060,1,2.66900372505188,-2.66900372505188
D1644Y,TSC2,1644,1,-6.663081169128418,6.663081169128418
M242R,NF1,242,1,-0.0888974666595459,0.0888974666595459
E775A,NF1,775,1,0.16732025146484375,-0.16732025146484375
V1146L,NF1,1146,1,0.5558396577835083,-0.5558396577835083
G1166C,NF1,1166,1,0.10225725173950195,-0.10225725173950195
L1196F,NF1,1196,1,-0.9464383125305176,0.9464383125305176
D1644A,NF1,1644,1,-4.990721225738525,4.990721225738525
A2737D,NF1,2737,1,0.18630647659301758,-0.18630647659301758
W1048R,NF1,1048,1,0.4847261905670166,-0.4847261905670166
L1079P,NF1,1079,1,-2.7046444416046143,2.7046444416046143
Q1101L,NF1,1101,1,-0.305819034576416,0.305819034576416
R1612S,NF1,1612,1,0.5836117267608643,-0.5836117267608643
T1800P,NF1,1800,1,-0.7423882484436035,0.7423882484436035
D2008H,NF1,2008,1,-1.4160950183868408,1.4160950183868408
S303F,BRCA2,303,0,-1.5554354190826416,1.5554354190826416
D988N,BRCA2,988,0,0.2595388889312744,-0.2595388889312744
P1039L,BRCA2,1039,0,-0.08917379379272461,0.08917379379272461
S1075N,BRCA2,1075,0,-0.21981275081634521,0.21981275081634521
D1199G,BRCA2,1199,0,-0.7438244819641113,0.7438244819641113
D1267N,BRCA2,1267,0,-0.06263589859008789,0.06263589859008789
N1778K,BRCA2,1778,0,-0.17883992195129395,0.17883992195129395
T2097K,BRCA2,2097,0,0.12818574905395508,-0.12818574905395508
R1188M,BRCA1,1188,0,-1.4288663864135742,1.4288663864135742
T617N,BRCA1,617,0,-0.23441314697265625,0.23441314697265625
D414Y,BRCA1,414,0,-2.3019447326660156,2.3019447326660156
K301Q,BRCA1,301,0,-0.9170939922332764,0.9170939922332764
R350S,TP63,350,1,-15.116327285766602,15.116327285766602
T1159S,TSC1,1159,0,0.2656397819519043,-0.2656397819519043
P323T,TSC1,323,0,-0.4904954433441162,0.4904954433441162
D2721N,ATM,2721,1,-4.252932071685791,4.252932071685791
L620V,TSC2,620,0,-1.0501046180725098,1.0501046180725098
S1341N,TSC2,1341,0,-2.9996399879455566,2.9996399879455566
Y1639N,NF1,1639,1,-1.6034049987792969,1.6034049987792969
Q444P,RB1,444,1,-1.7256710529327393,1.7256710529327393
L198Q,VHL,198,1,-3.334392547607422,3.334392547607422
L25F,PTEN,25,1,-7.920995712280273,7.920995712280273
A126P,PTEN,126,1,-14.324691772460938,14.324691772460938
V175M,PTEN,175,1,-8.3159761428833,8.3159761428833
V249G,PTEN,249,1,-9.793878555297852,9.793878555297852
K342N,PTEN,342,1,-9.18377685546875,9.18377685546875
L400P,RB1,400,1,-2.894345283508301,2.894345283508301
V184D,TSC2,184,1,-2.835244655609131,2.835244655609131
L58R,NF1,58,1,-3.3899176120758057,3.3899176120758057
I603K,NF1,603,1,-0.9693598747253418,0.9693598747253418
T1191R,NF1,1191,1,-0.1328268051147461,0.1328268051147461
F1193Y,NF1,1193,1,-0.6024913787841797,0.6024913787841797
L1208W,NF1,1208,1,-2.831878423690796,2.831878423690796
N1415Y,NF1,1415,1,-0.6786596775054932,0.6786596775054932
L2315R,NF1,2315,1,-2.684927463531494,2.684927463531494
G2334D,NF1,2334,1,-0.12987279891967773,0.12987279891967773
W1837S,BRCA1,1837,1,-7.202703952789307,7.202703952789307
R158S,TP53,158,1,-5.84755802154541,5.84755802154541
S80N,VHL,80,1,-0.047711849212646484,0.047711849212646484
G336D,TP63,336,1,-10.599263191223145,10.599263191223145
G557V,TP63,557,1,-7.317902088165283,7.317902088165283
R77C,RET,77,1,-1.4135546684265137,1.4135546684265137
S47P,NF1,47,1,-0.8271420001983643,0.8271420001983643
V1182L,NF1,1182,1,0.7094390392303467,-0.7094390392303467
R1870L,NF1,1870,1,-1.1393600702285767,1.1393600702285767
L2338P,NF1,2338,1,-3.06137752532959,3.06137752532959
L2416P,NF1,2416,1,-4.575569152832031,4.575569152832031
G629S,TP63,629,0,0.94746994972229,-0.94746994972229
M392I,STK11,392,0,0.33442258834838867,-0.33442258834838867
I926N,EGFR,926,0,-4.444458484649658,4.444458484649658
T630A,RB1,630,0,-0.09046792984008789,0.09046792984008789
A270S,ERBB2,270,0,0.4839392900466919,-0.4839392900466919
R929Q,ERBB2,929,0,-6.249338150024414,6.249338150024414
F468L,BRAF,468,1,-14.695638656616211,14.695638656616211
A184S,MYCN,184,0,-1.4554147720336914,1.4554147720336914
K2950N,BRCA2,2950,0,-1.2842302322387695,1.2842302322387695
P1135S,ERBB2,1135,0,-0.8938981294631958,0.8938981294631958
M658I,BRCA1,658,0,1.36539626121521,-1.36539626121521
L289P,TP53,289,0,-6.502265930175781,6.502265930175781
N1098Y,BRCA2,1098,0,-0.9390115737915039,0.9390115737915039
F154C,PTEN,154,1,-6.586714267730713,6.586714267730713
T1738I,BRCA2,1738,0,0.22292137145996094,-0.22292137145996094
D1156A,BRCA1,1156,0,-0.06135988235473633,0.06135988235473633
R173G,PTEN,173,1,-10.778617858886719,10.778617858886719
M1I,TP63,1,1,-4.972728252410889,4.972728252410889
A710V,ERBB2,710,1,-4.9568281173706055,4.9568281173706055
R1575T,NF1,1575,1,-0.06710481643676758,0.06710481643676758
K483I,BRAF,483,1,-17.342557907104492,17.342557907104492
Q171K,PTEN,171,1,-12.084318161010742,12.084318161010742
F156L,HRAS,156,1,-8.815942764282227,8.815942764282227
P1084R,NF1,1084,1,-0.7404460906982422,0.7404460906982422
K2266N,ATM,2266,1,-1.146979808807373,1.146979808807373
L128P,VHL,128,1,-0.8625097274780273,0.8625097274780273
L100F,PTEN,100,1,-7.871358871459961,7.871358871459961
L1511P,NF1,1511,1,-1.3000560998916626,1.3000560998916626
I548S,BRCA1,548,0,0.5921170711517334,-0.5921170711517334
Q709E,BRAF,709,1,-10.035545349121094,10.035545349121094
L94P,CDKN2A,94,1,-9.785369873046875,9.785369873046875
T780P,NF1,780,1,-0.9566230773925781,0.9566230773925781
K1915N,APC,1915,0,-0.7720681428909302,0.7720681428909302
P3067S,BRCA2,3067,0,-0.08524322509765625,0.08524322509765625
V1671E,TSC2,1671,1,-3.9352149963378906,3.9352149963378906
S1486N,BRCA1,1486,0,-1.1197257041931152,1.1197257041931152
L1306F,BRCA1,1306,0,-0.9742159843444824,0.9742159843444824
N1377I,BRCA2,1377,0,-0.34060239791870117,0.34060239791870117
R376H,TP63,376,0,-8.990373611450195,8.990373611450195
R82G,VHL,82,1,0.6226687431335449,-0.6226687431335449
P740L,BRCA2,740,0,0.19848108291625977,-0.19848108291625977
Q294R,TP63,294,1,-9.897882461547852,9.897882461547852
N580D,BRAF,580,1,-15.239043235778809,15.239043235778809
N236K,BRAF,236,1,-11.842246055603027,11.842246055603027
F468C,BRAF,468,1,-11.958765029907227,11.958765029907227
E275K,BRAF,275,1,-8.8571195602417,8.8571195602417
P1445A,BRCA1,1445,0,-0.15795040130615234,0.15795040130615234
L485W,BRAF,485,1,-15.031536102294922,15.031536102294922
L201P,VHL,201,1,-3.7856717109680176,3.7856717109680176
K1036E,NF1,1036,1,0.8654654026031494,-0.8654654026031494
K2577N,BRCA2,2577,0,-0.5670528411865234,0.5670528411865234
L2394P,NF1,2394,1,-6.384050369262695,6.384050369262695
K125E,PTEN,125,1,-10.694527626037598,10.694527626037598
I597F,TP63,597,1,-7.006051063537598,7.006051063537598
R338C,TP63,338,1,-9.21359634399414,9.21359634399414
V1683G,TSC2,1683,1,-2.160472869873047,2.160472869873047
I251F,TP53,251,1,-8.53060531616211,8.53060531616211
C1016W,NF1,1016,1,-1.2028608322143555,1.2028608322143555
C582F,NF1,582,1,0.22027087211608887,-0.22027087211608887
R261L,TSC2,261,0,0.8820366859436035,-0.8820366859436035
S310N,TP63,310,1,-10.712873458862305,10.712873458862305
L1854P,NF1,1854,1,-2.3547635078430176,2.3547635078430176
S6T,TSC2,6,0,-0.7082400321960449,0.7082400321960449
G1303R,TSC2,1303,0,-0.3237276077270508,0.3237276077270508
L898Q,NF1,898,1,-4.2095866203308105,4.2095866203308105
P1265L,TSC2,1265,0,-0.6346112489700317,0.6346112489700317
S65T,VHL,65,1,0.1243126392364502,-0.1243126392364502
H553P,NF1,553,1,0.18864083290100098,-0.18864083290100098
G173S,TP63,173,1,-5.222126007080078,5.222126007080078
Y1678H,TSC2,1678,0,0.5887436866760254,-0.5887436866760254
N131Y,VHL,131,1,-0.018610715866088867,0.018610715866088867
S2855I,ATM,2855,1,-8.514605522155762,8.514605522155762
W164R,TSC1,164,0,1.5921225547790527,-1.5921225547790527
A1540P,NF1,1540,1,-0.687208890914917,0.687208890914917
T3085I,BRCA2,3085,1,-1.452280044555664,1.452280044555664
D2008Y,NF1,2008,1,-1.401378870010376,1.401378870010376
H1746P,TSC2,1746,1,-0.4643077850341797,0.4643077850341797
P1497L,TSC2,1497,1,-0.14027738571166992,0.14027738571166992
P96Q,PTEN,96,1,-12.938115119934082,12.938115119934082
S671G,TSC1,671,0,-0.26093292236328125,0.26093292236328125
A84D,TSC1,84,0,-0.1479332447052002,0.1479332447052002
N1861K,NF1,1861,1,-0.9977860450744629,0.9977860450744629
N1026S,APC,1026,1,-2.040311098098755,2.040311098098755
F565L,TP63,565,1,-4.799537658691406,4.799537658691406
T1923S,NF1,1923,1,0.233565092086792,-0.233565092086792
P2829S,ATM,2829,1,2.0314674377441406,-2.0314674377441406
M1K,TSC2,1,1,-6.475218772888184,6.475218772888184
L112V,PTEN,112,1,-7.320919036865234,7.320919036865234
L1183R,NF1,1183,1,-5.926750183105469,5.926750183105469
W837G,NF1,837,1,1.5162699222564697,-1.5162699222564697
L1015R,NF1,1015,1,-4.125880241394043,4.125880241394043
V1093E,NF1,1093,1,1.065263032913208,-1.065263032913208
A1148E,NF1,1148,1,-1.6208076477050781,1.6208076477050781
L1187R,NF1,1187,1,-2.6785390377044678,2.6785390377044678
R381G,TSC2,381,0,-1.4586355686187744,1.4586355686187744
A2S,TSC2,2,0,-0.10784721374511719,0.10784721374511719
H306Y,STK11,306,1,-8.696893692016602,8.696893692016602
Y1549H,TSC2,1549,1,-1.7158737182617188,1.7158737182617188
G1890A,NF1,1890,1,0.4179694652557373,-0.4179694652557373
Y2726N,BRCA2,2726,1,0.9643545150756836,-0.9643545150756836
Y1736S,TSC2,1736,0,1.5812480449676514,-1.5812480449676514
G1219R,NF1,1219,1,-0.2112894058227539,0.2112894058227539
L43Q,NF1,43,1,-0.8759050369262695,0.8759050369262695
Q510H,TSC2,510,0,-1.6402442455291748,1.6402442455291748
W412S,ATM,412,1,2.3435187339782715,-2.3435187339782715
M2806I,ATM,2806,1,-0.2897043228149414,0.2897043228149414
T1191S,NF1,1191,1,0.462688684463501,-0.462688684463501
L2133R,NF1,2133,1,-5.137797832489014,5.137797832489014
D24V,PTEN,24,1,-13.155747413635254,13.155747413635254
N1278I,NF1,1278,1,1.3572206497192383,-1.3572206497192383
C900Y,TSC2,900,1,0.11485028266906738,-0.11485028266906738
G1168D,NF1,1168,1,-0.2702295780181885,0.2702295780181885
M1I,PTEN,1,1,-4.1556291580200195,4.1556291580200195
R1044T,TSC2,1044,1,0.20617055892944336,-0.20617055892944336
F113I,TP53,113,1,-5.336162567138672,5.336162567138672
Q2829P,BRCA2,2829,1,0.4771699905395508,-0.4771699905395508
L1243R,NF1,1243,1,-2.406700611114502,2.406700611114502
C904S,NF1,904,1,2.2018320560455322,-2.2018320560455322
L2103P,NF1,2103,1,-3.6613874435424805,3.6613874435424805
I415L,RB1,415,0,0.8449499607086182,-0.8449499607086182
R1038T,NF1,1038,1,0.06575775146484375,-0.06575775146484375
N48S,PTEN,48,1,-8.62010383605957,8.62010383605957
P651S,TSC2,651,0,0.3317744731903076,-0.3317744731903076
I177R,NF1,177,1,0.31298351287841797,-0.31298351287841797
R266L,TP63,266,1,-11.406268119812012,11.406268119812012
L2153P,NF1,2153,1,-1.9134243726730347,1.9134243726730347
L1855R,NF1,1855,1,-1.5621119737625122,1.5621119737625122
A1966I,NF1,1966,0,-0.33368682861328125,0.33368682861328125
T2666I,ATM,2666,1,0.3662760257720947,-0.3662760257720947
M1236L,TSC2,1236,0,1.4790325164794922,-1.4790325164794922
A1261V,TSC2,1261,0,-0.6695661544799805,0.6695661544799805
V1646L,TSC2,1646,1,-2.241715669631958,2.241715669631958
Y884C,TSC2,884,0,-0.3375685214996338,0.3375685214996338
P590L,TP63,590,1,-7.037695407867432,7.037695407867432
L1456H,TSC2,1456,0,-0.8662152290344238,0.8662152290344238
Q1507H,BRCA2,1507,0,-0.5117738246917725,0.5117738246917725
A150T,TP63,150,0,0.22654640674591064,-0.22654640674591064
A1598V,ALK,1598,0,-0.4690675735473633,0.4690675735473633
Q95R,HRAS,95,0,-5.752401351928711,5.752401351928711
E2947K,BRCA2,2947,0,-0.4208329916000366,0.4208329916000366
R7L,TP63,7,0,0.7780823707580566,-0.7780823707580566
M1321I,ATM,1321,0,1.2830884456634521,-1.2830884456634521
R97P,TP63,97,1,0.26125240325927734,-0.26125240325927734
R647C,TP63,647,1,-8.209726333618164,8.209726333618164
L220V,RB1,220,1,-4.446929454803467,4.446929454803467
H474Y,WT1,474,1,-14.92703628540039,14.92703628540039
R383H,MYCN,383,1,-11.99688720703125,11.99688720703125
H1568L,ATM,1568,0,1.1562285423278809,-1.1562285423278809
W488R,ATM,488,0,0.5541415214538574,-0.5541415214538574
P26L,MYCN,26,1,-5.089677333831787,5.089677333831787
L218V,BRCA1,218,0,-0.16785955429077148,0.16785955429077148
T1915K,BRCA2,1915,0,0.5249900817871094,-0.5249900817871094
W531R,BRAF,531,1,-17.593856811523438,17.593856811523438
M1T,PTEN,1,1,-4.934779167175293,4.934779167175293
E52D,WT1,52,0,-0.9219002723693848,0.9219002723693848
L695R,NF1,695,1,-2.7660839557647705,2.7660839557647705
V1078G,BRCA2,1078,0,-0.2998487949371338,0.2998487949371338
Y179F,BRCA1,179,0,0.6204302310943604,-0.6204302310943604
D438V,BRCA2,438,0,0.2260301113128662,-0.2260301113128662
D197N,VHL,197,1,-0.7411766052246094,0.7411766052246094
K66N,PTEN,66,1,-10.219242095947266,10.219242095947266
D1849N,NF1,1849,1,-0.65279221534729,0.65279221534729
P1675R,TSC2,1675,1,-0.0070343017578125,0.0070343017578125
G97R,APC,97,1,-0.31943416595458984,0.31943416595458984
F760S,RB1,760,1,-9.863370895385742,9.863370895385742
M1214K,NF1,1214,1,1.5426299571990967,-1.5426299571990967
E281D,TSC2,281,1,-0.8962111473083496,0.8962111473083496
A1722D,TSC2,1722,1,-0.9265344142913818,0.9265344142913818
Y46H,PTEN,46,1,-9.371336936950684,9.371336936950684
M992R,NF1,992,1,-1.206850290298462,1.206850290298462
V951F,NF1,951,1,-0.8660001754760742,0.8660001754760742
R1038G,NF1,1038,1,-0.5540971755981445,0.5540971755981445
Y1639D,NF1,1639,1,-1.9302387237548828,1.9302387237548828
Q1370P,NF1,1370,1,-1.4606952667236328,1.4606952667236328
D2008A,NF1,2008,1,-0.2870156764984131,0.2870156764984131
W2229G,NF1,2229,1,-0.6105890274047852,0.6105890274047852
L2338R,NF1,2338,1,-3.0110373497009277,3.0110373497009277
V1180L,ALK,1180,1,-6.960884094238281,6.960884094238281
L410P,NF1,410,1,-2.5876235961914062,2.5876235961914062
H141L,PTEN,141,1,-5.644894599914551,5.644894599914551
D441V,WT1,441,1,-18.81842613220215,18.81842613220215
K1099E,NF1,1099,1,-0.0012288093566894531,0.0012288093566894531
R1243T,BRCA1,1243,0,0.990410327911377,-0.990410327911377
S3250L,BRCA2,3250,0,-0.7047257423400879,0.7047257423400879
A1155D,NF1,1155,1,-0.3745131492614746,0.3745131492614746
P1020S,BRCA1,1020,0,0.9964075088500977,-0.9964075088500977
F188V,TSC1,188,1,0.11711645126342773,-0.11711645126342773
E1353D,BRCA2,1353,0,-0.4754676818847656,0.4754676818847656
S1045F,TSC2,1045,1,-0.8921418190002441,0.8921418190002441
C312G,TP63,312,1,-13.285033226013184,13.285033226013184
H174P,STK11,174,1,-19.190723419189453,19.190723419189453
P832S,KIT,832,1,-10.532856941223145,10.532856941223145
A108S,BRCA1,108,0,1.1761400699615479,-1.1761400699615479
G1184R,BRCA1,1184,0,0.14878177642822266,-0.14878177642822266
C124W,PTEN,124,1,-13.26734447479248,13.26734447479248
S1306G,ATM,1306,0,-0.5940887928009033,0.5940887928009033
F136V,VHL,136,1,0.6234385967254639,-0.6234385967254639
C136F,PTEN,136,1,-10.106632232666016,10.106632232666016
N1363H,BRCA2,1363,0,-1.9308161735534668,1.9308161735534668
E388D,TP53,388,0,-0.2488088607788086,0.2488088607788086
S1390L,MET,1390,0,-0.4591851234436035,0.4591851234436035
Y112S,VHL,112,1,0.3280677795410156,-0.3280677795410156
G1166R,NF1,1166,1,0.04816865921020508,-0.04816865921020508
A129D,TP53,129,0,-3.776024103164673,3.776024103164673
E388Q,TP53,388,0,-0.7527272701263428,0.7527272701263428
L111V,TP53,111,0,-1.0400261878967285,1.0400261878967285
S334G,STK11,334,0,-4.388218402862549,4.388218402862549
V13L,KIT,13,0,1.1703245639801025,-1.1703245639801025
S1449C,TSC2,1449,0,-2.879464626312256,2.879464626312256
V391E,TSC2,391,1,-2.7563958168029785,2.7563958168029785
F1536S,NF1,1536,1,0.5009262561798096,-0.5009262561798096
C105G,PTEN,105,1,-11.990399360656738,11.990399360656738
E114D,TSC2,114,0,-0.27977919578552246,0.27977919578552246
Y1202H,BRCA1,1202,0,0.5402977466583252,-0.5402977466583252
S1259G,TSC2,1259,0,-0.6621832847595215,0.6621832847595215
K1310N,APC,1310,0,-0.15708279609680176,0.15708279609680176
L138R,BRCA1,138,0,-0.06062459945678711,0.06062459945678711
K1444T,NF1,1444,1,0.2774319648742676,-0.2774319648742676
E1426D,TSC2,1426,0,0.24135231971740723,-0.24135231971740723
N149K,MET,149,0,-0.8421046733856201,0.8421046733856201
E173Q,VHL,173,0,-1.0369484424591064,1.0369484424591064
K1749R,NF1,1749,0,-0.7047092914581299,0.7047092914581299
I1823V,ATM,1823,0,-0.02856600284576416,0.02856600284576416
K1828E,BRCA2,1828,0,0.2936074733734131,-0.2936074733734131
P2115T,NF1,2115,1,0.16154956817626953,-0.16154956817626953
L1623R,ATM,1623,0,-0.38797807693481445,0.38797807693481445
D162E,TSC2,162,0,0.048850059509277344,-0.048850059509277344
S170T,PTEN,170,1,-11.381976127624512,11.381976127624512
E171G,TP53,171,1,-7.649127006530762,7.649127006530762
V1789I,APC,1789,0,-0.25293493270874023,0.25293493270874023
Q1982H,ATM,1982,0,-0.7185564041137695,0.7185564041137695
E1985V,APC,1985,0,-0.5460858345031738,0.5460858345031738
L2069S,BRCA2,2069,0,3.5731279850006104,-3.5731279850006104
I407V,ALK,407,0,0.6769931316375732,-0.6769931316375732
E218A,BRCA2,218,0,-0.7977066040039062,0.7977066040039062
V218E,TP53,218,1,-10.843365669250488,10.843365669250488
N1532K,ALK,1532,0,0.15000677108764648,-0.15000677108764648
N1603K,BRCA2,1603,0,-0.11692404747009277,0.11692404747009277
H1626P,NF1,1626,1,-1.5881576538085938,1.5881576538085938
R161P,VHL,161,1,-1.1054809093475342,1.1054809093475342
H168L,TP53,168,1,-7.08403205871582,7.08403205871582
L1682P,TSC2,1682,1,-0.9176464080810547,0.9176464080810547
S1770L,ATM,1770,1,0.9448026418685913,-0.9448026418685913
S185R,TP53,185,0,-1.1171882152557373,1.1171882152557373
T1854A,ATM,1854,0,-0.33965158462524414,0.33965158462524414
N186S,RB1,186,0,0.6698219776153564,-0.6698219776153564
L1874F,ATM,1874,0,-1.0271257162094116,1.0271257162094116
F195S,PTEN,195,1,-10.922240257263184,10.922240257263184
G196R,STK11,196,1,-10.445734024047852,10.445734024047852
A216T,ATM,216,0,-0.03623676300048828,0.03623676300048828
D393Y,TP53,393,0,-1.2730979919433594,1.2730979919433594
P40A,BRCA2,40,0,0.1125040054321289,-0.1125040054321289
V1750A,APC,1750,0,0.46074843406677246,-0.46074843406677246
A193S,ATM,193,0,0.21131372451782227,-0.21131372451782227
E1928Q,BRCA2,1928,0,-0.885563850402832,0.885563850402832
M1936I,BRCA2,1936,0,1.9415392875671387,-1.9415392875671387
S2123N,ATM,2123,0,-0.6166832447052002,0.6166832447052002
H2195D,ATM,2195,0,0.5999622344970703,-0.5999622344970703
G2529R,BRCA2,2529,0,0.18915343284606934,-0.18915343284606934
I254T,TP53,254,1,-5.3528971672058105,5.3528971672058105
R266S,MET,266,0,0.631248950958252,-0.631248950958252
R267G,TP53,267,1,-8.720673561096191,8.720673561096191
R2787L,BRCA2,2787,0,0.6517925262451172,-0.6517925262451172
F2795V,BRCA2,2795,0,0.36080098152160645,-0.36080098152160645
D2797H,BRCA2,2797,0,-0.46563196182250977,0.46563196182250977
Q2945E,BRCA2,2945,0,0.7356977462768555,-0.7356977462768555
A2951P,BRCA2,2951,0,-2.37971830368042,2.37971830368042
V3082L,BRCA2,3082,0,-0.020923376083374023,0.020923376083374023
E3096Q,BRCA2,3096,0,-0.7151896953582764,0.7151896953582764
N310S,TP53,310,0,1.9659135341644287,-1.9659135341644287
P2276A,BRCA2,2276,0,-0.6309361457824707,0.6309361457824707
N2288S,BRCA2,2288,0,0.4844093322753906,-0.4844093322753906
E3403Q,BRCA2,3403,0,-0.6161606311798096,0.6161606311798096
P2505S,BRCA2,2505,0,0.8181416988372803,-0.8181416988372803
M340I,TP53,340,0,-1.428645133972168,1.428645133972168
A2632G,BRCA2,2632,0,0.25396203994750977,-0.25396203994750977
A2633V,BRCA2,2633,0,-0.35448312759399414,0.35448312759399414
L2740I,BRCA2,2740,0,-0.9358187913894653,0.9358187913894653
I2752V,BRCA2,2752,0,0.04596138000488281,-0.04596138000488281
T2881P,BRCA2,2881,0,0.14439034461975098,-0.14439034461975098
P2886Q,BRCA2,2886,0,-0.4490683078765869,0.4490683078765869
L2890P,BRCA2,2890,0,-1.2860522270202637,1.2860522270202637
N2910D,BRCA2,2910,0,-0.14259862899780273,0.14259862899780273
E3043D,BRCA2,3043,0,0.14854097366333008,-0.14854097366333008
D305V,ALK,305,0,0.46431851387023926,-0.46431851387023926
L3055I,BRCA2,3055,0,-0.009245634078979492,0.009245634078979492
H3056P,BRCA2,3056,0,1.6290044784545898,-1.6290044784545898
S225N,ALK,225,0,-1.4322750568389893,1.4322750568389893
K2363N,ATM,2363,1,-1.2500038146972656,1.2500038146972656
K24E,RET,24,0,2.006931781768799,-2.006931781768799
S2376N,ATM,2376,0,-0.7172565460205078,0.7172565460205078
D2479E,BRCA2,2479,0,0.0341489315032959,-0.0341489315032959
A2487T,BRCA2,2487,0,0.19295310974121094,-0.19295310974121094
R2488T,BRCA2,2488,0,0.3927040100097656,-0.3927040100097656
L2581V,BRCA2,2581,0,-0.9180911779403687,0.9180911779403687
I2588L,BRCA2,2588,0,0.7260370254516602,-0.7260370254516602
T2708S,BRCA2,2708,0,0.5621166229248047,-0.5621166229248047
L2743M,NF1,2743,0,-1.6149489879608154,1.6149489879608154
E2871D,BRCA2,2871,0,-0.8775498867034912,0.8775498867034912
P300L,TP53,300,0,-0.41765522956848145,0.41765522956848145
L3027I,BRCA2,3027,0,0.16287779808044434,-0.16287779808044434
S316T,RET,316,0,0.16904258728027344,-0.16904258728027344
L32V,TP53,32,0,-1.5487003326416016,1.5487003326416016
K2448N,BRCA2,2448,0,-0.0614316463470459,0.0614316463470459
D2451G,BRCA2,2451,0,-0.11054348945617676,0.11054348945617676
F2457L,BRCA2,2457,0,1.0883376598358154,-1.0883376598358154
K2670N,ATM,2670,1,-0.9047174453735352,0.9047174453735352
D270N,MET,270,0,0.006748199462890625,-0.006748199462890625
S2697I,BRCA2,2697,0,-2.123466968536377,2.123466968536377
N270S,APC,270,0,0.8840060234069824,-0.8840060234069824
S2701F,BRCA2,2701,0,-2.184335947036743,2.184335947036743
E2807D,ATM,2807,0,-1.1206841468811035,1.1206841468811035
R2824K,BRCA2,2824,0,0.19827938079833984,-0.19827938079833984
E2832K,BRCA2,2832,0,0.0347898006439209,-0.0347898006439209
M2952T,BRCA2,2952,0,0.031653642654418945,-0.031653642654418945
Y2977C,BRCA2,2977,0,-0.1098935604095459,0.1098935604095459
L2987V,BRCA2,2987,0,-0.5979485511779785,0.5979485511779785
T312N,TP53,312,0,-0.5950233936309814,0.5950233936309814
S3123R,BRCA2,3123,0,2.16983962059021,-2.16983962059021
E3130V,BRCA2,3130,0,-0.5587241649627686,0.5587241649627686
W3106R,BRCA2,3106,0,-1.8914988040924072,1.8914988040924072
I332N,TP53,332,1,-11.098881721496582,11.098881721496582
F3325L,BRCA2,3325,0,1.4585256576538086,-1.4585256576538086
Q476E,ATM,476,0,-0.2734334468841553,0.2734334468841553
S5C,BRCA2,5,0,-1.9415535926818848,1.9415535926818848
T555K,MET,555,0,0.14392614364624023,-0.14392614364624023
F555C,RET,555,1,2.21138858795166,-2.21138858795166
V581G,ALK,581,0,-3.1659200191497803,3.1659200191497803
E446D,TSC1,446,0,-0.7582652568817139,0.7582652568817139
E349G,TP53,349,0,-1.031052589416504,1.031052589416504
P351T,MET,351,0,0.08333730697631836,-0.08333730697631836
H553D,NF1,553,1,-0.17075681686401367,0.17075681686401367
P58A,TP53,58,0,-0.4648878574371338,0.4648878574371338
Y606F,RET,606,0,0.13607501983642578,-0.13607501983642578
I442V,MET,442,0,0.3350181579589844,-0.3350181579589844
P490S,BRCA1,490,0,0.2755153179168701,-0.2755153179168701
Q490H,RET,490,0,-0.6408536434173584,0.6408536434173584
L520W,ALK,520,0,-1.5546491146087646,1.5546491146087646
H542D,MET,542,0,-0.596297025680542,0.596297025680542
A57T,CDKN2A,57,0,-0.9006103277206421,0.9006103277206421
D57V,TP53,57,0,0.6767208576202393,-0.6767208576202393
V572A,RET,572,0,-0.4432077407836914,0.4432077407836914
K342T,KIT,342,0,-2.14406681060791,2.14406681060791
R46K,RB1,46,1,1.5751726627349854,-1.5751726627349854
D507N,RB1,507,0,-0.13757014274597168,0.13757014274597168
R512I,NF1,512,0,-0.1300194263458252,0.1300194263458252
P513L,TSC1,513,0,-0.0322113037109375,0.0322113037109375
F56S,PTEN,56,1,-12.188377380371094,12.188377380371094
T620A,RB1,620,0,0.3414154052734375,-0.3414154052734375
A355T,TP53,355,0,-0.7362723350524902,0.7362723350524902
M66V,TP53,66,0,2.3540637493133545,-2.3540637493133545
S657F,NF1,657,0,-1.4738800525665283,1.4738800525665283
C693Y,ATM,693,0,0.07004070281982422,-0.07004070281982422
P8R,TP53,8,0,-1.8912293910980225,1.8912293910980225
N367S,RET,367,0,-0.422435998916626,0.422435998916626
V84E,VHL,84,1,0.16513586044311523,-0.16513586044311523
T635A,TSC1,635,0,0.11993598937988281,-0.11993598937988281
K651T,ALK,651,0,0.7582645416259766,-0.7582645416259766
N71K,CDKN2A,71,1,-6.385281085968018,6.385281085968018
Y748C,BRCA2,748,0,0.23123812675476074,-0.23123812675476074
N369S,ALK,369,0,0.9885010719299316,-0.9885010719299316
S646N,BRCA2,646,0,-0.3094027042388916,0.3094027042388916
C711F,BRCA2,711,0,0.48360157012939453,-0.48360157012939453
L90V,BRCA2,90,0,-0.3275794982910156,0.3275794982910156
L901P,BRCA2,901,0,-1.1602129936218262,1.1602129936218262
F901L,BRCA1,901,0,0.9165027141571045,-0.9165027141571045
L358P,BRCA1,358,0,-0.8848190307617188,0.8848190307617188
T733A,MET,733,0,-0.4439048767089844,0.4439048767089844
H812Q,ALK,812,0,0.9001781940460205,-0.9001781940460205
R841S,BRCA2,841,0,1.7748222351074219,-1.7748222351074219
S94L,TP53,94,0,-1.3584094047546387,1.3584094047546387
D92V,PTEN,92,1,-14.201227188110352,14.201227188110352
A891S,MET,891,0,1.122382402420044,-1.122382402420044
T913P,TSC2,913,1,1.019667148590088,-1.019667148590088
P968A,BRCA1,968,0,-0.15558481216430664,0.15558481216430664
R945M,APC,945,0,-1.5275888442993164,1.5275888442993164
R945S,APC,945,0,0.8959792852401733,-0.8959792852401733
L954Q,BRCA1,954,0,-0.3058922290802002,0.3058922290802002
L101Q,VHL,101,1,-1.6830350160598755,1.6830350160598755
L101R,VHL,101,1,-1.1647590398788452,1.1647590398788452
Q375K,TP53,375,0,1.178891658782959,-1.178891658782959
R969W,RET,969,1,-6.778317928314209,6.778317928314209
Q1686K,TSC2,1686,1,-0.32879090309143066,0.32879090309143066
F81L,PTEN,81,1,-6.52305269241333,6.52305269241333
K125R,PTEN,125,1,-7.222675800323486,7.222675800323486
A59G,HRAS,59,1,-12.518089294433594,12.518089294433594
T59P,NF1,59,1,-0.40949010848999023,0.40949010848999023
A545E,NF1,545,1,-2.884342670440674,2.884342670440674
D84V,CDKN2A,84,1,0.1423020362854004,-0.1423020362854004
C458R,WT1,458,1,-18.211837768554688,18.211837768554688
M117V,BRAF,117,0,-4.551729679107666,4.551729679107666
P323A,TSC1,323,0,-0.509282112121582,0.509282112121582
P1222L,NF1,1222,0,0.5006873607635498,-0.5006873607635498
I177K,NF1,177,1,0.9794919490814209,-0.9794919490814209
D1656Y,TSC2,1656,1,-0.3779263496398926,0.3779263496398926
D338N,NF1,338,1,0.018307209014892578,-0.018307209014892578
D1849Y,NF1,1849,1,-1.1318204402923584,1.1318204402923584
K2273T,NF1,2273,1,0.04766082763671875,-0.04766082763671875
P677S,TSC2,677,0,-0.5110596418380737,0.5110596418380737
D121N,VHL,121,1,-0.4369962215423584,0.4369962215423584
V155G,VHL,155,1,0.4370603561401367,-0.4370603561401367
L529P,NF1,529,1,-3.548414707183838,3.548414707183838
W784G,NF1,784,1,-0.3833889961242676,0.3833889961242676
R2642S,ATM,2642,1,0.05872631072998047,-0.05872631072998047
T625A,TP63,625,0,-2.5170199871063232,2.5170199871063232
E637K,TSC1,637,0,-0.17066168785095215,0.17066168785095215
A481E,TSC1,481,0,0.39785289764404297,-0.39785289764404297
D19V,PTEN,19,1,-11.605637550354004,11.605637550354004
K24N,ATM,24,1,-1.2664450407028198,1.2664450407028198
E1592V,ATM,1592,1,-0.8850371837615967,0.8850371837615967
I2315L,BRCA2,2315,0,0.4251582622528076,-0.4251582622528076
T317R,BRCA2,317,0,0.3484830856323242,-0.3484830856323242
E48D,TP63,48,0,0.18003368377685547,-0.18003368377685547
C244F,TP63,244,1,-12.591937065124512,12.591937065124512
R1412I,NF1,1412,1,-0.2916865348815918,0.2916865348815918
P173R,HRAS,173,0,0.5993638038635254,-0.5993638038635254
Y1678D,NF1,1678,1,-6.065309524536133,6.065309524536133
I1284R,NF1,1284,1,-2.830486297607422,2.830486297607422
L249P,NF1,249,1,-5.252133369445801,5.252133369445801
L552H,NF1,552,1,-2.2485880851745605,2.2485880851745605
N1651H,TSC2,1651,1,0.2146458625793457,-0.2146458625793457
R319P,TP63,319,1,-16.233715057373047,16.233715057373047
L1196P,NF1,1196,1,-0.7569468021392822,0.7569468021392822
M54R,VHL,54,1,1.778923749923706,-1.778923749923706
S1170P,TSC2,1170,0,0.3172503709793091,-0.3172503709793091
R1611L,NF1,1611,1,-1.1077241897583008,1.1077241897583008
D1028V,TSC2,1028,1,-0.7135438919067383,0.7135438919067383
A1432T,TSC2,1432,0,-0.45009756088256836,0.45009756088256836
I1351V,NF1,1351,0,0.3295552730560303,-0.3295552730560303
G2724R,BRCA2,2724,1,-2.2185800075531006,2.2185800075531006
R1200G,TSC2,1200,1,-0.13967084884643555,0.13967084884643555
S1563C,TSC2,1563,0,-1.6157245635986328,1.6157245635986328
P672R,TSC2,672,0,-1.5675885677337646,1.5675885677337646
T849P,TSC2,849,1,-2.14095401763916,2.14095401763916
P590S,TP63,590,1,-4.455077171325684,4.455077171325684
G2765A,ATM,2765,1,-3.6951074600219727,3.6951074600219727
W2317R,NF1,2317,1,4.124005317687988,-4.124005317687988
L1411R,NF1,1411,1,-0.5504946708679199,0.5504946708679199
Q90H,TSC2,90,0,-0.31032729148864746,0.31032729148864746
L1877M,NF1,1877,1,-2.726274251937866,2.726274251937866
W31S,BRCA2,31,1,3.563075304031372,-3.563075304031372
D1217G,NF1,1217,1,-0.2825624942779541,0.2825624942779541
W117R,VHL,117,1,1.35335111618042,-1.35335111618042
E1390Q,TSC2,1390,0,-0.25093936920166016,0.25093936920166016
F2386I,NF1,2386,1,0.12600350379943848,-0.12600350379943848
L1877P,NF1,1877,1,-5.557462215423584,5.557462215423584
D1217V,NF1,1217,1,-0.638190746307373,0.638190746307373
C900G,TSC2,900,1,1.0332331657409668,-1.0332331657409668
R1570S,TSC2,1570,1,0.8855971097946167,-0.8855971097946167
Y1169N,NF1,1169,1,0.36545419692993164,-0.36545419692993164
D282N,TSC2,282,0,-0.018594741821289062,0.018594741821289062
F113L,TP53,113,1,-3.244415760040283,3.244415760040283
A2440V,NF1,2440,1,-0.28800392150878906,0.28800392150878906
G2023R,ATM,2023,0,0.05558586120605469,-0.05558586120605469
Y130H,TSC2,130,0,-0.4958834648132324,0.4958834648132324
C541Y,RET,541,1,-1.90373957157135,1.90373957157135
V1833G,BRCA1,1833,1,-7.798961639404297,7.798961639404297
H2623P,BRCA2,2623,1,0.980879545211792,-0.980879545211792
N309D,TP63,309,1,-8.684158325195312,8.684158325195312
I67R,PTEN,67,1,-10.998899459838867,10.998899459838867
C403G,WT1,403,1,-17.23242950439453,17.23242950439453
R873W,RET,873,1,-13.805788040161133,13.805788040161133
G2063K,BRCA2,2063,0,-3.7094173431396484,3.7094173431396484
P60L,MYCN,60,1,-4.044394493103027,4.044394493103027
E66Q,TSC2,66,0,-0.8328800201416016,0.8328800201416016
P236R,ALK,236,0,-1.154310703277588,1.154310703277588
G94D,WT1,94,0,-2.0612993240356445,2.0612993240356445
C1249S,APC,1249,0,2.7647366523742676,-2.7647366523742676
E2339K,NF1,2339,0,-0.5320184230804443,0.5320184230804443
T625P,EGFR,625,0,-0.6513547897338867,0.6513547897338867
N338S,ATM,338,0,0.27059435844421387,-0.27059435844421387
H839Y,BRCA1,839,0,-0.3126668930053711,0.3126668930053711
S1120R,EGFR,1120,0,-0.9057927131652832,0.9057927131652832
S1483P,ALK,1483,0,0.422473669052124,-0.422473669052124
L1394P,TSC2,1394,1,-0.5328774452209473,0.5328774452209473
G2677R,APC,2677,1,0.46631431579589844,-0.46631431579589844
K2421Q,ATM,2421,1,-0.32241296768188477,0.32241296768188477
P184H,WT1,184,1,-1.301459789276123,1.301459789276123
I646F,EGFR,646,1,-2.307739496231079,2.307739496231079
N1142I,APC,1142,1,-3.5107035636901855,3.5107035636901855
M349L,NF1,349,0,1.6517411470413208,-1.6517411470413208
P273H,RET,273,1,-1.4313175678253174,1.4313175678253174
A154V,WT1,154,0,-0.918489933013916,0.918489933013916
H318L,BRCA1,318,1,1.0452277660369873,-1.0452277660369873
K134N,ALK,134,1,-0.35323476791381836,0.35323476791381836
E171D,TP53,171,1,-3.984389543533325,3.984389543533325
L887S,MET,887,0,-0.13251662254333496,0.13251662254333496
P114R,CDKN2A,114,1,-10.075925827026367,10.075925827026367
P4Q,TP53,4,0,-0.8303663730621338,0.8303663730621338
F341S,TP53,341,1,-1.3289070129394531,1.3289070129394531
S313N,TP53,313,0,-1.897586464881897,1.897586464881897
E336Q,TP53,336,0,-2.210906744003296,2.210906744003296
D324E,TP53,324,0,-0.5250868797302246,0.5250868797302246
D228Y,TP53,228,0,-5.092169761657715,5.092169761657715
Q270P,NF1,270,1,-0.5039932727813721,0.5039932727813721
I1011K,NF1,1011,0,-0.8452467918395996,0.8452467918395996
E1031D,ATM,1031,1,0.5552880764007568,-0.5552880764007568
A2324T,ATM,2324,0,0.1260850429534912,-0.1260850429534912
S809A,TSC2,809,0,0.2779867649078369,-0.2779867649078369
H115Y,VHL,115,1,-0.06285285949707031,0.06285285949707031
G408R,STK11,408,0,-0.13569951057434082,0.13569951057434082
V220D,TSC1,220,1,-3.7723145484924316,3.7723145484924316
K944T,BRCA2,944,0,-0.40819287300109863,0.40819287300109863
E2903K,BRCA2,2903,0,-0.10601282119750977,0.10601282119750977
V2211I,BRCA2,2211,0,0.2565951347351074,-0.2565951347351074
K2524N,BRCA2,2524,0,-0.14510822296142578,0.14510822296142578
D2692G,BRCA2,2692,0,-0.24045515060424805,0.24045515060424805
V72L,MET,72,0,0.6352877616882324,-0.6352877616882324
G334R,MET,334,0,-3.5336294174194336,3.5336294174194336
D1377V,MET,1377,0,-1.1124337911605835,1.1124337911605835
F2873S,BRCA2,2873,0,0.740689754486084,-0.740689754486084
G2678E,ATM,2678,0,0.43201160430908203,-0.43201160430908203
D326N,PTEN,326,1,-7.103232383728027,7.103232383728027
K66E,PTEN,66,1,-12.834712982177734,12.834712982177734
T300M,TP63,300,1,-10.030439376831055,10.030439376831055
N276S,PTEN,276,1,-8.936748504638672,8.936748504638672
A121T,PTEN,121,1,-6.780277252197266,6.780277252197266
S240N,TP53,240,1,-6.318668365478516,6.318668365478516
V709G,TSC2,709,1,-2.093848705291748,2.093848705291748
R500W,WT1,500,1,-15.570442199707031,15.570442199707031
Q165L,TP53,165,1,-2.0583269596099854,2.0583269596099854
A2389S,NF1,2389,0,0.39435243606567383,-0.39435243606567383
P179R,STK11,179,1,-14.127123832702637,14.127123832702637
G1408D,TSC2,1408,1,-0.3349032402038574,0.3349032402038574
L404R,MYCN,404,1,-13.778951644897461,13.778951644897461
L1104R,NF1,1104,1,-0.36398816108703613,0.36398816108703613
G104D,MYCN,104,0,-1.179337501525879,1.179337501525879
T142A,MYCN,142,0,2.415252447128296,-2.415252447128296
W2619G,BRCA2,2619,1,1.4295387268066406,-1.4295387268066406
L63R,VHL,63,1,0.5196573734283447,-0.5196573734283447
I1022M,ALK,1022,0,-1.171365737915039,1.171365737915039
G126V,APC,126,0,-0.7824363708496094,0.7824363708496094
L108F,PTEN,108,1,-8.164083480834961,8.164083480834961
R15G,PTEN,15,1,-10.864617347717285,10.864617347717285
L2917F,BRCA2,2917,0,-1.0202529430389404,1.0202529430389404
I3075V,BRCA2,3075,0,-0.04667043685913086,0.04667043685913086
I3048M,BRCA2,3048,0,-0.9148745536804199,0.9148745536804199
R2799G,BRCA2,2799,0,-0.3668022155761719,0.3668022155761719
V2728F,BRCA2,2728,0,-1.314833641052246,1.314833641052246
F3090S,BRCA2,3090,0,0.03880596160888672,-0.03880596160888672
T2703N,BRCA2,2703,0,0.2724788188934326,-0.2724788188934326
E3367D,BRCA2,3367,0,-0.22698760032653809,0.22698760032653809
D208H,MET,208,0,-0.46706676483154297,0.46706676483154297
I145R,CDKN2A,145,0,2.3375766277313232,-2.3375766277313232
G2293A,APC,2293,0,0.1613481044769287,-0.1613481044769287
M280T,TSC2,280,1,-0.3801696300506592,0.3801696300506592
R79P,VHL,79,1,0.3041954040527344,-0.3041954040527344
M470I,ALK,470,0,0.6682834625244141,-0.6682834625244141
M838R,ATM,838,0,-0.5687596797943115,0.5687596797943115
K149T,KIT,149,0,0.7471842765808105,-0.7471842765808105
T407A,RET,407,0,-0.00724029541015625,0.00724029541015625
K477E,RET,477,0,0.9635941982269287,-0.9635941982269287
L353F,TSC2,353,1,-0.9155138731002808,0.9155138731002808
H64P,PTEN,64,1,-9.478425979614258,9.478425979614258
S269I,TP53,269,1,-6.429609775543213,6.429609775543213
P318S,TP53,318,0,-0.0348203182220459,0.0348203182220459
S269C,TP53,269,0,-1.5779705047607422,1.5779705047607422
E1458V,NF1,1458,1,-0.8583340644836426,0.8583340644836426
Y2624D,BRCA2,2624,1,0.7331411838531494,-0.7331411838531494
E326V,TP53,326,1,-4.048602104187012,4.048602104187012
D324N,TP53,324,0,-4.399022102355957,4.399022102355957
Y202H,TP63,202,1,-9.525960922241211,9.525960922241211
C347R,TP63,347,1,-16.204246520996094,16.204246520996094
I808F,KIT,808,1,-9.848647117614746,9.848647117614746
V697M,ERBB2,697,1,-2.855698347091675,2.855698347091675
V839M,ERBB2,839,1,1.6349105834960938,-1.6349105834960938
G598R,EGFR,598,1,-3.7460734844207764,3.7460734844207764
T854I,EGFR,854,1,-5.884384632110596,5.884384632110596
P596S,EGFR,596,1,-3.861466884613037,3.861466884613037
A763T,EGFR,763,1,-6.646123886108398,6.646123886108398
G309R,ERBB2,309,1,0.10115957260131836,-0.10115957260131836
S653F,ERBB2,653,1,1.0558910369873047,-1.0558910369873047
G452D,WT1,452,1,-10.827447891235352,10.827447891235352
A237F,EGFR,237,1,-4.254072189331055,4.254072189331055
L833F,EGFR,833,1,-1.13909912109375,1.13909912109375
K852T,EGFR,852,1,-14.366436958312988,14.366436958312988
E423G,WT1,423,1,-13.352066993713379,13.352066993713379
N133D,RB1,133,0,-0.41869449615478516,0.41869449615478516
Y1113H,BRCA1,1113,0,0.6781721115112305,-0.6781721115112305
F341L,TP53,341,0,2.773314952850342,-2.773314952850342
T387P,TP53,387,0,-0.08346176147460938,0.08346176147460938
P179Q,STK11,179,1,-13.293991088867188,13.293991088867188
I1378S,ALK,1378,0,1.9188003540039062,-1.9188003540039062
R2659S,BRCA2,2659,1,0.2085258960723877,-0.2085258960723877
K2979Q,BRCA2,2979,0,-0.7659292221069336,0.7659292221069336
Y2920H,BRCA2,2920,0,-0.53399658203125,0.53399658203125
F625L,BRCA2,625,0,0.8182036876678467,-0.8182036876678467
D3064H,BRCA2,3064,0,-0.901402473449707,0.901402473449707
K2715R,BRCA2,2715,0,-0.1559915542602539,0.1559915542602539
C669Y,ATM,669,0,0.10637044906616211,-0.10637044906616211
P48L,CDKN2A,48,1,-1.9280385971069336,1.9280385971069336
H118P,PTEN,118,1,-12.110918045043945,12.110918045043945
F109I,TP53,109,1,-6.098740100860596,6.098740100860596
Y98N,VHL,98,1,-0.013294458389282227,0.013294458389282227
C105R,PTEN,105,1,-12.549320220947266,12.549320220947266
H247D,TP63,247,1,-14.679235458374023,14.679235458374023
G305R,TSC1,305,1,-0.2885713577270508,0.2885713577270508
K395N,NF1,395,1,-0.4033541679382324,0.4033541679382324
G315E,TP63,315,1,-14.496408462524414,14.496408462524414
P1851H,NF1,1851,1,-1.012491226196289,1.012491226196289
I363V,MYCN,363,0,0.6461222171783447,-0.6461222171783447
Y27F,PTEN,27,1,-8.64041805267334,8.64041805267334
D259A,TP53,259,1,-7.606156349182129,7.606156349182129
E775G,NF1,775,1,-0.5499997138977051,0.5499997138977051
M1R,PTEN,1,1,-4.61939001083374,4.61939001083374
A126D,PTEN,126,1,-12.604034423828125,12.604034423828125
A121E,PTEN,121,1,-11.925573348999023,11.925573348999023
L112R,PTEN,112,1,-12.20264720916748,12.20264720916748
K193R,KIT,193,0,-1.151150107383728,1.151150107383728
F465S,WT1,465,1,-23.40520477294922,23.40520477294922
F456C,WT1,456,1,-15.077816009521484,15.077816009521484
D502H,WT1,502,1,-18.5960693359375,18.5960693359375
A347G,TP53,347,0,-4.912930488586426,4.912930488586426
Q3409P,BRCA2,3409,0,-0.23482608795166016,0.23482608795166016
N343C,BRCA1,343,0,-0.9175703525543213,0.9175703525543213
D458E,BRCA1,458,0,0.7258059978485107,-0.7258059978485107
D746V,BRCA1,746,0,0.5275685787200928,-0.5275685787200928
P981A,BRCA1,981,0,-0.9622526168823242,0.9622526168823242
I1173M,BRCA2,1173,0,-1.1680598258972168,1.1680598258972168
T1609S,BRCA2,1609,0,0.20869708061218262,-0.20869708061218262
S1848T,BRCA2,1848,0,-2.923532009124756,2.923532009124756
D1902A,BRCA2,1902,0,-0.47907233238220215,0.47907233238220215
D1911H,BRCA2,1911,0,-0.614492654800415,0.614492654800415
N1012K,APC,1012,1,0.2865414619445801,-0.2865414619445801
E197Q,TP63,197,1,-4.957870006561279,4.957870006561279
P428L,TP63,428,1,-11.859461784362793,11.859461784362793
A121P,PTEN,121,1,-8.022836685180664,8.022836685180664
D1441N,BRCA1,1441,1,-0.04682636260986328,0.04682636260986328
W151G,WT1,151,1,1.2809948921203613,-1.2809948921203613
T367S,BRCA1,367,0,0.5611484050750732,-0.5611484050750732
S1205Y,BRCA2,1205,0,-1.9818954467773438,1.9818954467773438
K2017N,BRCA2,2017,0,-0.16330838203430176,0.16330838203430176
F2055Y,BRCA2,2055,0,-1.073411464691162,1.073411464691162
A2061V,BRCA2,2061,0,-1.3538413047790527,1.3538413047790527
E493D,TSC1,493,0,-0.42061853408813477,0.42061853408813477
N1156H,NF1,1156,1,-0.3053417205810547,0.3053417205810547
M577R,NF1,577,1,-1.1206684112548828,1.1206684112548828
A86E,TSC2,86,0,0.13842487335205078,-0.13842487335205078
L424P,TSC2,424,0,-2.114433765411377,2.114433765411377
S1764R,TSC2,1764,0,-0.9481992721557617,0.9481992721557617
I346N,TSC2,346,1,-3.379164218902588,3.379164218902588
S311N,TP63,311,1,-11.831199645996094,11.831199645996094
V909D,TSC2,909,1,-1.014373779296875,1.014373779296875
S574T,NF1,574,1,-0.15178728103637695,0.15178728103637695
G449E,RB1,449,1,-10.081099510192871,10.081099510192871
C706Y,RB1,706,1,-11.274550437927246,11.274550437927246
E1458D,NF1,1458,1,-0.3140406608581543,0.3140406608581543
S601R,TSC2,601,1,-0.763159990310669,0.763159990310669
N1154T,NF1,1154,1,0.1931629180908203,-0.1931629180908203
S2018I,NF1,2018,1,0.21439766883850098,-0.21439766883850098
L2337P,NF1,2337,1,-3.1046977043151855,3.1046977043151855
W308C,STK11,308,1,-9.079962730407715,9.079962730407715
M1029R,TSC2,1029,1,0.54665207862854,-0.54665207862854
L344R,TP53,344,1,-8.875526428222656,8.875526428222656
I883T,KIT,883,1,-10.65725326538086,10.65725326538086
V854I,TSC1,854,0,-0.9126524925231934,0.9126524925231934
L43R,NF1,43,1,-1.2103326320648193,1.2103326320648193
A1778E,TSC2,1778,0,-0.7887914180755615,0.7887914180755615
V767F,TSC2,767,0,-0.7846231460571289,0.7846231460571289
C277G,TP53,277,1,-13.150371551513672,13.150371551513672
E481D,TSC2,481,1,0.5178518295288086,-0.5178518295288086
T1206P,TSC2,1206,1,0.5202863216400146,-0.5202863216400146
S1364Y,TSC2,1364,0,-2.2897493839263916,2.2897493839263916
D1644V,NF1,1644,1,-4.22217321395874,4.22217321395874
L108R,PTEN,108,1,-10.935904502868652,10.935904502868652
K238E,TSC1,238,0,0.23138642311096191,-0.23138642311096191
N1451K,NF1,1451,1,-0.15560197830200195,0.15560197830200195
T1199P,NF1,1199,1,-0.3361027240753174,0.3361027240753174
S54C,TSC1,54,0,-2.255923271179199,2.255923271179199
D48G,TP53,48,0,-0.5198917388916016,0.5198917388916016
L1953V,NF1,1953,1,-1.119020938873291,1.119020938873291
S47F,NF1,47,1,-0.6518731117248535,0.6518731117248535
D154Y,HRAS,154,0,-8.090421676635742,8.090421676635742
L549R,NF1,549,1,-4.801764011383057,4.801764011383057
A508D,TSC2,508,1,-6.6919355392456055,6.6919355392456055
T2409R,NF1,2409,1,-4.105442523956299,4.105442523956299
L810V,TSC1,810,0,-3.4475860595703125,3.4475860595703125
D738G,TSC1,738,0,-0.9031631946563721,0.9031631946563721
P28S,TSC2,28,0,0.39167022705078125,-0.39167022705078125
G2397W,NF1,2397,1,-2.1193442344665527,2.1193442344665527
L243P,TSC2,243,1,-5.8127593994140625,5.8127593994140625
M695K,RB1,695,1,-13.163215637207031,13.163215637207031
D1217N,NF1,1217,1,-0.4197869300842285,0.4197869300842285
F1536V,NF1,1536,1,0.3340160846710205,-0.3340160846710205
L1446R,NF1,1446,1,-3.624009847640991,3.624009847640991
G22R,TSC2,22,0,0.03798961639404297,-0.03798961639404297
I912T,TSC2,912,1,-1.0378293991088867,1.0378293991088867
K1343R,BRCA2,1343,0,-1.1863114833831787,1.1863114833831787
S2012P,BRCA2,2012,0,-1.7630810737609863,1.7630810737609863
S68P,VHL,68,1,0.9584097862243652,-0.9584097862243652
W117S,VHL,117,1,0.8634908199310303,-0.8634908199310303
C458Y,WT1,458,1,-13.34732437133789,13.34732437133789
G114V,VHL,114,1,-0.5106940269470215,0.5106940269470215
R107S,VHL,107,1,-0.29563283920288086,0.29563283920288086
M54I,VHL,54,1,0.6940145492553711,-0.6940145492553711
V74F,VHL,74,1,-0.7668180465698242,0.7668180465698242
P154T,VHL,154,1,-0.8243151903152466,0.8243151903152466
V586L,TSC2,586,0,0.6952292919158936,-0.6952292919158936
S1774R,TSC2,1774,0,-0.6971895694732666,0.6971895694732666
A1610E,NF1,1610,1,-2.135892391204834,2.135892391204834
T1646P,NF1,1646,1,-3.2595486640930176,3.2595486640930176
V1175A,TSC2,1175,0,0.5728778839111328,-0.5728778839111328
R775S,RB1,775,1,-8.023449897766113,8.023449897766113
R1412K,NF1,1412,1,0.0205385684967041,-0.0205385684967041
K221E,PTEN,221,1,-4.440821647644043,4.440821647644043
C403F,WT1,403,1,-16.033864974975586,16.033864974975586
A608D,KIT,608,1,-14.695839881896973,14.695839881896973
G93S,RET,93,1,-4.623590469360352,4.623590469360352
E271V,TP53,271,1,-8.163451194763184,8.163451194763184
M1L,PTEN,1,1,-2.7684733867645264,2.7684733867645264
K1994N,ATM,1994,0,-0.7034149169921875,0.7034149169921875
L283R,ALK,283,0,-1.0626120567321777,1.0626120567321777
I614M,BRCA2,614,0,-0.8486344814300537,0.8486344814300537
N1718D,BRCA2,1718,0,-0.6737940311431885,0.6737940311431885
E254D,BRCA2,254,0,-0.803783655166626,0.803783655166626
E2558A,BRCA2,2558,0,-0.15813565254211426,0.15813565254211426
T2607P,BRCA2,2607,1,-0.7568492889404297,0.7568492889404297
N1801H,ATM,1801,0,-0.1663343906402588,0.1663343906402588
E1320G,BRCA2,1320,0,-0.7856717109680176,0.7856717109680176
N2452Y,BRCA2,2452,0,-1.4245152473449707,1.4245152473449707
I3113S,BRCA2,3113,0,-0.6662592887878418,0.6662592887878418
T402N,STK11,402,0,-0.8342044353485107,0.8342044353485107
Q354L,TP53,354,0,-0.30599164962768555,0.30599164962768555
N210S,TP53,210,0,0.39217138290405273,-0.39217138290405273
C734S,TSC2,734,0,0.23917245864868164,-0.23917245864868164
H148R,MET,148,0,0.6151926517486572,-0.6151926517486572
Q155H,MET,155,0,-0.3749115467071533,0.3749115467071533
I1337V,ATM,1337,0,-0.029946565628051758,0.029946565628051758
C1366Y,ATM,1366,0,0.692011833190918,-0.692011833190918
R653T,APC,653,1,-1.8584892749786377,1.8584892749786377
N1043S,BRCA1,1043,0,2.9463467597961426,-2.9463467597961426
D1162N,BRCA1,1162,0,0.4726293087005615,-0.4726293087005615
K1082E,BRCA2,1082,0,0.11115145683288574,-0.11115145683288574
I1275V,BRCA2,1275,0,-0.10917854309082031,0.10917854309082031
T3085R,BRCA2,3085,0,-0.3217935562133789,0.3217935562133789
L3093F,BRCA2,3093,0,-1.6276941299438477,1.6276941299438477
D358N,MET,358,0,-0.07686090469360352,0.07686090469360352
P1069S,ATM,1069,0,0.724189281463623,-0.724189281463623
E75K,MET,75,0,1.5216248035430908,-1.5216248035430908
E75D,MET,75,0,-1.7537851333618164,1.7537851333618164
N854K,MET,854,0,-0.018303394317626953,0.018303394317626953
S2218N,ATM,2218,0,-0.7578737735748291,0.7578737735748291
Q341P,RET,341,0,0.44278860092163086,-0.44278860092163086
L1108F,RET,1108,0,-1.3251433372497559,1.3251433372497559
E164D,RET,164,0,-0.2103414535522461,0.2103414535522461
P218L,RET,218,0,-1.3575325012207031,1.3575325012207031
E252D,RET,252,0,-0.9663370847702026,0.9663370847702026
E2757V,BRCA2,2757,0,0.2033700942993164,-0.2033700942993164
S2782N,BRCA2,2782,0,-0.7563145160675049,0.7563145160675049
D2811N,BRCA2,2811,0,0.0016732215881347656,-0.0016732215881347656
E2903Q,BRCA2,2903,0,-0.8722248077392578,0.8722248077392578
H61P,PTEN,61,1,-12.288464546203613,12.288464546203613
D22V,PTEN,22,1,-10.062919616699219,10.062919616699219
G587A,ATM,587,0,-0.01466822624206543,0.01466822624206543
I678V,ATM,678,0,0.2255864143371582,-0.2255864143371582
E678Q,TP63,678,1,-5.802229404449463,5.802229404449463
L963P,RET,963,1,-9.476323127746582,9.476323127746582
Q444L,RB1,444,1,-1.8773109912872314,1.8773109912872314
H483R,RB1,483,1,-7.318894386291504,7.318894386291504
L657P,RB1,657,1,-10.329170227050781,10.329170227050781
L662P,RB1,662,1,-12.171405792236328,12.171405792236328
Q702K,RB1,702,1,-8.299193382263184,8.299193382263184
G751V,NF1,751,1,1.2308588027954102,-1.2308588027954102
A797T,NF1,797,0,-0.24366092681884766,0.24366092681884766
T862N,NF1,862,0,-0.2218303680419922,0.2218303680419922
P2477H,NF1,2477,0,-0.6989760398864746,0.6989760398864746
N45H,NF1,45,0,-1.0499751567840576,1.0499751567840576
T676S,NF1,676,0,0.7104747295379639,-0.7104747295379639
L3344H,BRCA2,3344,0,-1.5186810493469238,1.5186810493469238
S136A,BRAF,136,0,-2.9245100021362305,2.9245100021362305
P348S,TP63,348,1,-9.375358581542969,9.375358581542969
I5T,PTEN,5,1,-5.1676506996154785,5.1676506996154785
N369S,BRCA2,369,0,0.7140519618988037,-0.7140519618988037
V2179A,BRCA2,2179,0,-0.3834207057952881,0.3834207057952881
H601Q,BRCA1,601,0,1.3516204357147217,-1.3516204357147217
V119A,PTEN,119,1,-6.497223854064941,6.497223854064941
R500L,WT1,500,1,-17.916288375854492,17.916288375854492
L245F,STK11,245,1,-4.215132713317871,4.215132713317871
L37P,CDKN2A,37,0,0.8579835891723633,-0.8579835891723633
E10D,CDKN2A,10,0,0.05710244178771973,-0.05710244178771973
N433K,BRCA2,433,0,0.1840803623199463,-0.1840803623199463
N1201S,BRCA2,1201,0,0.4736790657043457,-0.4736790657043457
L2936V,BRCA2,2936,0,-1.1300737857818604,1.1300737857818604
I921N,BRCA2,921,0,0.07647252082824707,-0.07647252082824707
I542M,BRCA2,542,0,-1.167691707611084,1.167691707611084
C2605R,BRCA2,2605,0,0.51639723777771,-0.51639723777771
H179R,BRCA2,179,0,1.1078195571899414,-1.1078195571899414
L2987R,BRCA2,2987,1,-3.6453537940979004,3.6453537940979004
N2937T,BRCA2,2937,0,-0.307354211807251,0.307354211807251
R2799S,BRCA2,2799,0,0.7758169174194336,-0.7758169174194336
T87I,BRCA2,87,0,-0.6415684223175049,0.6415684223175049
V2855M,BRCA2,2855,0,-0.5487239360809326,0.5487239360809326
I2495V,BRCA2,2495,0,-0.10961389541625977,0.10961389541625977
E3157G,BRCA2,3157,0,-0.5039360523223877,0.5039360523223877
N361D,BRCA2,361,0,-0.37254905700683594,0.37254905700683594
A3023D,BRCA2,3023,0,-0.6873905658721924,0.6873905658721924
T1609I,BRCA2,1609,0,-1.2663328647613525,1.2663328647613525
L1260S,BRCA2,1260,0,0.36625170707702637,-0.36625170707702637
F354L,BRCA2,354,0,0.5405914783477783,-0.5405914783477783
S1744N,BRCA2,1744,0,-0.4710298776626587,0.4710298776626587
Q2943E,BRCA2,2943,0,0.576798677444458,-0.576798677444458
Y3225N,BRCA2,3225,0,1.4754860401153564,-1.4754860401153564
Q2960E,BRCA2,2960,0,0.5386755466461182,-0.5386755466461182
L728S,MET,728,0,1.2571640014648438,-1.2571640014648438
H644Y,MET,644,0,0.565875768661499,-0.565875768661499
K424R,MYCN,424,0,-4.844099044799805,4.844099044799805
A1184T,APC,1184,0,0.8418996334075928,-0.8418996334075928
W227R,RET,227,0,2.258212089538574,-2.258212089538574
A2472D,APC,2472,0,-1.465470790863037,1.465470790863037
G2502S,ATM,2502,0,0.5612378120422363,-0.5612378120422363
L229I,ATM,229,0,-0.5001356601715088,0.5001356601715088
F662I,ATM,662,0,0.3293638229370117,-0.3293638229370117
K1904N,ATM,1904,0,0.43657445907592773,-0.43657445907592773
I1158V,ATM,1158,0,0.07955169677734375,-0.07955169677734375
F209V,ATM,209,0,0.5013453960418701,-0.5013453960418701
S183P,TP53,183,0,-0.2705264091491699,0.2705264091491699
H168P,TP53,168,1,-8.160431861877441,8.160431861877441
R335L,TP53,335,0,-4.26103401184082,4.26103401184082
G302A,TP53,302,0,0.19377541542053223,-0.19377541542053223
K319T,TP53,319,0,-2.471064567565918,2.471064567565918
Q354P,TP53,354,0,0.01953601837158203,-0.01953601837158203
D368E,TSC1,368,0,-0.030849456787109375,0.030849456787109375
K1314N,BRCA2,1314,0,-0.20300841331481934,0.20300841331481934
I365N,EGFR,365,1,-11.595870018005371,11.595870018005371
K556N,ATM,556,0,-0.38347792625427246,0.38347792625427246
D390G,BRCA1,390,0,-0.7088627815246582,0.7088627815246582
P367A,BRAF,367,1,-7.500746726989746,7.500746726989746
F21S,PTEN,21,1,-11.71008014678955,11.71008014678955
A137E,PTEN,137,1,-10.17060661315918,10.17060661315918
I1545T,TSC2,1545,1,-1.1855506896972656,1.1855506896972656
G2001A,NF1,2001,1,0.4990503787994385,-0.4990503787994385
L711P,BRAF,711,1,-11.309626579284668,11.309626579284668
I1747N,TSC2,1747,1,0.17763280868530273,-0.17763280868530273
T241A,BRAF,241,1,-11.392147064208984,11.392147064208984
L3074P,BRCA2,3074,1,-4.207460403442383,4.207460403442383
I549N,TP63,549,1,-7.768702030181885,7.768702030181885
D1636N,TSC2,1636,0,0.21718597412109375,-0.21718597412109375
V255G,PTEN,255,1,-9.255207061767578,9.255207061767578
M2213R,NF1,2213,1,-1.5916070938110352,1.5916070938110352
L282R,STK11,282,1,-11.379938125610352,11.379938125610352
F1247I,NF1,1247,1,-0.2190721035003662,0.2190721035003662
F1168C,MET,1168,1,-5.6039652824401855,5.6039652824401855
G265A,BRAF,265,1,-11.919266700744629,11.919266700744629
S102R,MET,102,0,-0.9101572036743164,0.9101572036743164
N257I,MET,257,0,-3.858994483947754,3.858994483947754
H92Y,MET,92,0,-0.6265246868133545,0.6265246868133545
N379D,MET,379,0,0.017760515213012695,-0.017760515213012695
N199H,MET,199,0,-1.3422865867614746,1.3422865867614746
N2432K,NF1,2432,0,0.5177743434906006,-0.5177743434906006
S2484T,NF1,2484,0,-0.5387437343597412,0.5387437343597412
N697S,NF1,697,0,1.2293498516082764,-1.2293498516082764
K480N,NF1,480,0,0.00011682510375976562,-0.00011682510375976562
G859S,NF1,859,0,1.3031716346740723,-1.3031716346740723
P1626A,APC,1626,0,-0.47129344940185547,0.47129344940185547
S130N,APC,130,0,-0.6482701301574707,0.6482701301574707
V439I,RB1,439,0,-0.6812546253204346,0.6812546253204346
D697H,RB1,697,0,-5.069804668426514,5.069804668426514
P273L,RET,273,0,0.1361539363861084,-0.1361539363861084
T470P,RET,470,0,-0.40586423873901367,0.40586423873901367
G1071E,RET,1071,0,0.15285229682922363,-0.15285229682922363
T130I,RET,130,0,-0.733278751373291,0.733278751373291
Y54F,ATM,54,0,0.33486437797546387,-0.33486437797546387
V866G,ATM,866,0,0.11556625366210938,-0.11556625366210938
E204D,TP53,204,0,-0.5704254508018494,0.5704254508018494
S94A,TP53,94,0,-0.4537363052368164,0.4537363052368164
V73E,TP53,73,0,-0.25614166259765625,0.25614166259765625
V274I,TP53,274,0,-1.2885513305664062,1.2885513305664062
E343D,TP53,343,0,-0.5711288452148438,0.5711288452148438
A76G,TP53,76,0,-3.140692949295044,3.140692949295044
R213W,TP53,213,1,-5.197331428527832,5.197331428527832
G356E,TP53,356,0,-0.06485128402709961,0.06485128402709961
F212S,TP53,212,0,-2.5042014122009277,2.5042014122009277
D2976E,ATM,2976,0,0.1501765251159668,-0.1501765251159668
E2145V,ATM,2145,1,-1.5370919704437256,1.5370919704437256
K1057E,ATM,1057,0,-0.6864204406738281,0.6864204406738281
N2326K,ATM,2326,0,-0.0818641185760498,0.0818641185760498
H42Y,ATM,42,0,0.6394984722137451,-0.6394984722137451
E1995D,ATM,1995,0,-0.5907351970672607,0.5907351970672607
T593A,ATM,593,0,-0.2045905590057373,0.2045905590057373
S707T,ATM,707,0,-0.6805152893066406,0.6805152893066406
T1144N,TSC1,1144,0,-1.1457624435424805,1.1457624435424805
G75D,WT1,75,0,-0.35947751998901367,0.35947751998901367
T1684S,BRCA2,1684,0,0.5145981311798096,-0.5145981311798096
Y1894H,BRCA2,1894,0,0.6430039405822754,-0.6430039405822754
G1515R,BRCA1,1515,0,-0.5735471248626709,0.5735471248626709
V1602L,BRCA1,1602,0,0.2871084213256836,-0.2871084213256836
Q804L,BRCA1,804,0,0.582101583480835,-0.582101583480835
N363S,BRCA1,363,0,0.2578744888305664,-0.2578744888305664
T17A,BRCA2,17,0,-0.11468076705932617,0.11468076705932617
K2674M,BRCA2,2674,0,-2.1093735694885254,2.1093735694885254
F3060I,BRCA2,3060,0,1.4142675399780273,-1.4142675399780273
K1691Q,BRCA2,1691,0,-1.0921341180801392,1.0921341180801392
V1283L,BRCA2,1283,0,0.41634368896484375,-0.41634368896484375
E3130K,BRCA2,3130,0,-0.3597872257232666,0.3597872257232666
P2734R,BRCA2,2734,0,-0.24702835083007812,0.24702835083007812
K437T,BRCA2,437,0,0.015202760696411133,-0.015202760696411133
C3304W,BRCA2,3304,0,-1.069058895111084,1.069058895111084
L583M,BRCA2,583,0,-1.6610865592956543,1.6610865592956543
M1149I,BRCA2,1149,0,0.7749738693237305,-0.7749738693237305
S1770A,BRCA2,1770,0,-1.1131975650787354,1.1131975650787354
K3415E,BRCA2,3415,0,-0.5875461101531982,0.5875461101531982
M3322L,BRCA2,3322,0,1.275041103363037,-1.275041103363037
A2902S,BRCA2,2902,0,0.7492218017578125,-0.7492218017578125
K2555T,BRCA2,2555,0,-0.3837158679962158,0.3837158679962158
E1481G,BRCA2,1481,0,-0.9953212738037109,0.9953212738037109
Q1396E,BRCA2,1396,0,0.699049711227417,-0.699049711227417
L557S,BRCA2,557,0,0.2835228443145752,-0.2835228443145752
N213S,BRCA2,213,0,0.23560786247253418,-0.23560786247253418
N1296H,BRCA2,1296,0,-2.065580368041992,2.065580368041992
N818K,BRCA2,818,0,-0.019262313842773438,0.019262313842773438
A145S,BRAF,145,0,2.7866125106811523,-2.7866125106811523
M117T,BRAF,117,0,-0.4679746627807617,0.4679746627807617
I145L,CDKN2A,145,0,1.2121779918670654,-1.2121779918670654
S7N,CDKN2A,7,0,-1.9845304489135742,1.9845304489135742
A30E,CDKN2A,30,0,-1.6478902101516724,1.6478902101516724
Q1203P,EGFR,1203,0,-0.1223454475402832,0.1223454475402832
E160D,EGFR,160,0,0.7045290470123291,-0.7045290470123291
N1116H,EGFR,1116,0,0.13710999488830566,-0.13710999488830566
V660L,EGFR,660,0,0.34038639068603516,-0.34038639068603516
I1461S,ALK,1461,0,1.6632001399993896,-1.6632001399993896
G920V,ALK,920,0,-3.23274827003479,3.23274827003479
T917R,ALK,917,0,0.18733978271484375,-0.18733978271484375
F685V,ALK,685,0,0.15162324905395508,-0.15162324905395508
P157A,ALK,157,0,0.30151939392089844,-0.30151939392089844
R918G,ALK,918,0,1.9895025491714478,-1.9895025491714478
W913G,ALK,913,0,2.263136863708496,-2.263136863708496
R420K,KIT,420,0,-0.6053357124328613,0.6053357124328613
V422A,KIT,422,0,-2.154480457305908,2.154480457305908
R611P,TSC2,611,1,0.30379438400268555,-0.30379438400268555
V917D,NF1,917,1,-2.6377835273742676,2.6377835273742676
A173T,MYCN,173,0,-2.1496453285217285,2.1496453285217285
H478R,WT1,478,1,-16.225242614746094,16.225242614746094
S466F,WT1,466,1,-17.72150421142578,17.72150421142578
S891L,RET,891,1,-7.971755027770996,7.971755027770996
W1952C,NF1,1952,1,1.133392572402954,-1.133392572402954
H474Q,WT1,474,1,-13.99994945526123,13.99994945526123
H123N,PTEN,123,1,-11.029117584228516,11.029117584228516
L2125Q,NF1,2125,1,-0.7984015941619873,0.7984015941619873
R147P,STK11,147,1,-5.560092926025391,5.560092926025391
K1037I,BRCA1,1037,0,-1.0940508842468262,1.0940508842468262
F552V,TP63,552,1,-7.507059097290039,7.507059097290039
Q1017E,NF1,1017,1,0.5498485565185547,-0.5498485565185547
V147G,TP53,147,1,-1.7890419960021973,1.7890419960021973
R266G,TP63,266,1,-13.127333641052246,13.127333641052246
R454K,TSC2,454,1,0.1083681583404541,-0.1083681583404541
N1451H,NF1,1451,1,-0.9018757343292236,0.9018757343292236
S433P,TSC2,433,0,-1.2145390510559082,1.2145390510559082
V54D,NF1,54,1,0.017901897430419922,-0.017901897430419922
L145R,NF1,145,1,-1.8978546857833862,1.8978546857833862
K1457T,NF1,1457,1,0.5507674217224121,-0.5507674217224121
S1912R,NF1,1912,1,-1.4100446701049805,1.4100446701049805
R1438P,TSC2,1438,0,0.8273249864578247,-0.8273249864578247
I346L,TSC2,346,0,0.7300392389297485,-0.7300392389297485
D416G,TSC2,416,0,0.029717683792114258,-0.029717683792114258
V1492L,TSC2,1492,0,0.6214698553085327,-0.6214698553085327
N1564K,TSC2,1564,1,0.3800327777862549,-0.3800327777862549
D1652E,TSC2,1652,0,1.0572543144226074,-1.0572543144226074
L1694P,TSC2,1694,0,-0.6602814197540283,0.6602814197540283
D1696H,TSC2,1696,0,-1.020613431930542,1.020613431930542
T1733S,TSC2,1733,0,0.5256054401397705,-0.5256054401397705
R343L,TP63,343,1,-13.05409049987793,13.05409049987793
H1053R,TSC1,1053,0,0.8290972709655762,-0.8290972709655762
E647Q,TSC1,647,0,-1.020569920539856,1.020569920539856
S1704A,TSC2,1704,0,-0.04148054122924805,0.04148054122924805
W111C,PTEN,111,1,-9.739965438842773,9.739965438842773
M35I,PTEN,35,1,-8.9768648147583,8.9768648147583
R159W,PTEN,159,1,-15.085808753967285,15.085808753967285
A551T,TSC1,551,0,0.1943202018737793,-0.1943202018737793
S888T,RB1,888,1,-0.6075403690338135,0.6075403690338135
R1000S,NF1,1000,1,0.9936466217041016,-0.9936466217041016
V289L,NF1,289,0,0.5985603332519531,-0.5985603332519531
R1474S,TSC2,1474,0,0.5461890697479248,-0.5461890697479248
D1656N,TSC2,1656,0,0.11141633987426758,-0.11141633987426758
M949I,APC,949,0,0.4850897789001465,-0.4850897789001465
I280N,TP63,280,0,-8.690899848937988,8.690899848937988
I581S,NF1,581,1,-1.1458375453948975,1.1458375453948975
H1460P,NF1,1460,1,-0.613523006439209,0.613523006439209
L1915R,NF1,1915,1,-3.142335891723633,3.142335891723633
L2298R,NF1,2298,1,-4.2465362548828125,4.2465362548828125
P744L,TSC2,744,0,0.34631776809692383,-0.34631776809692383
I2702K,ATM,2702,1,-7.719425678253174,7.719425678253174
L983V,BRCA1,983,0,-0.12986516952514648,0.12986516952514648
Y175N,VHL,175,1,-0.12437820434570312,0.12437820434570312
Q442K,WT1,442,1,-12.249481201171875,12.249481201171875
C162S,VHL,162,1,0.9316501617431641,-0.9316501617431641
R200P,VHL,200,1,-2.8072938919067383,2.8072938919067383
F1124L,BRCA1,1124,0,0.7657771110534668,-0.7657771110534668
S648P,BRCA2,648,0,-1.44205904006958,1.44205904006958
G1376R,BRCA2,1376,0,-0.039942026138305664,0.039942026138305664
G1508V,BRCA2,1508,0,0.8801412582397461,-0.8801412582397461
L98P,PTEN,98,1,-7.327914714813232,7.327914714813232
V1683A,TSC2,1683,1,-1.4914507865905762,1.4914507865905762
G1890F,NF1,1890,1,-1.3393316268920898,1.3393316268920898
A48T,MET,48,0,-0.0014796257019042969,0.0014796257019042969
N2374I,BRCA2,2374,0,-0.749112606048584,0.749112606048584
R391C,MYCN,391,1,-11.586790084838867,11.586790084838867
D1217Y,NF1,1217,1,-1.523003339767456,1.523003339767456
L23R,HRAS,23,1,-12.875057220458984,12.875057220458984
M1131I,TSC2,1131,1,0.5727853775024414,-0.5727853775024414
S229Y,BRCA1,229,0,-2.6734156608581543,2.6734156608581543
F1219L,BRCA2,1219,0,-1.1695324182510376,1.1695324182510376
T1526R,BRCA2,1526,0,-4.332210540771484,4.332210540771484
K178T,BRCA2,178,0,-0.5309913158416748,0.5309913158416748
G400V,APC,400,0,2.3494033813476562,-2.3494033813476562
M1V,RB1,1,1,-6.654559135437012,6.654559135437012
S179N,RB1,179,0,-1.012250304222107,1.012250304222107
G211S,RET,211,0,-0.05422019958496094,0.05422019958496094
T1697I,ATM,1697,0,0.05512690544128418,-0.05512690544128418
N1326K,ATM,1326,0,-0.00106048583984375,0.00106048583984375
G2765R,ATM,2765,1,-10.216174125671387,10.216174125671387
S2114C,ATM,2114,0,-2.0287702083587646,2.0287702083587646
E394D,ATM,394,0,-0.36238694190979004,0.36238694190979004
M136R,STK11,136,1,-18.72264289855957,18.72264289855957
S166T,TP53,166,0,-0.4903383255004883,0.4903383255004883
C124W,TP53,124,0,-0.4472529888153076,0.4472529888153076
E62G,TP53,62,0,-0.0020427703857421875,0.0020427703857421875
D207E,TP53,207,0,0.015277326107025146,-0.015277326107025146
R622G,TSC1,622,0,-0.46152257919311523,0.46152257919311523
Q1752H,TSC2,1752,0,-1.3918371200561523,1.3918371200561523
V66A,VHL,66,0,-0.17387866973876953,0.17387866973876953
E6K,VHL,6,0,-0.7007842063903809,0.7007842063903809
L118V,VHL,118,0,-0.0089111328125,0.0089111328125
M211R,VHL,211,0,2.1973180770874023,-2.1973180770874023
T152S,VHL,152,0,0.11481904983520508,-0.11481904983520508
I109T,VHL,109,0,-0.4255564212799072,0.4255564212799072
H125N,VHL,125,0,0.1391010284423828,-0.1391010284423828
S11A,WT1,11,0,0.5769773721694946,-0.5769773721694946
L2753F,BRCA2,2753,0,-1.287691354751587,1.287691354751587
M751V,BRCA1,751,0,1.3039722442626953,-1.3039722442626953
L1605F,BRCA1,1605,0,-1.4503517150878906,1.4503517150878906
V3365I,BRCA2,3365,0,0.03513956069946289,-0.03513956069946289
N1288D,BRCA2,1288,0,0.011046886444091797,-0.011046886444091797
N560K,BRCA2,560,0,0.24195623397827148,-0.24195623397827148
I1945V,BRCA2,1945,0,-0.4308483600616455,0.4308483600616455
V2138I,BRCA2,2138,0,0.18612051010131836,-0.18612051010131836
G2529V,BRCA2,2529,0,0.6434116363525391,-0.6434116363525391
C3173F,BRCA2,3173,0,0.7684957981109619,-0.7684957981109619
A3235D,BRCA2,3235,0,-1.2197399139404297,1.2197399139404297
S496A,BRCA2,496,0,-1.187984824180603,1.187984824180603
P1128S,EGFR,1128,0,-0.6753054857254028,0.6753054857254028
V607I,EGFR,607,0,-0.3128843307495117,0.3128843307495117
K454R,EGFR,454,0,-0.2905469536781311,0.2905469536781311
S31T,ALK,31,0,-0.804112434387207,0.804112434387207
H1576Q,ALK,1576,0,0.4961380958557129,-0.4961380958557129
N1583T,ALK,1583,0,-0.08961153030395508,0.08961153030395508
A532V,ALK,532,0,-1.4298548698425293,1.4298548698425293
G432S,ALK,432,0,0.4198131561279297,-0.4198131561279297
D45E,KIT,45,0,0.754432201385498,-0.754432201385498
F68I,KIT,68,0,0.7785530090332031,-0.7785530090332031
D72G,KIT,72,0,0.537977933883667,-0.537977933883667
H708N,KIT,708,0,1.892642855644226,-1.892642855644226
N1520K,ALK,1520,0,0.8274245262145996,-0.8274245262145996
N593S,MET,593,0,0.1943359375,-0.1943359375
N257T,MET,257,0,-1.9954007863998413,1.9954007863998413
H150R,MET,150,0,0.5764689445495605,-0.5764689445495605
V136L,MET,136,0,0.6812033653259277,-0.6812033653259277
D1377N,MET,1377,0,-1.4131675958633423,1.4131675958633423
E49K,MET,49,0,0.041432857513427734,-0.041432857513427734
M849I,MET,849,0,2.0411031246185303,-2.0411031246185303
E168K,MET,168,0,0.2626817226409912,-0.2626817226409912
P485A,MET,485,0,-0.26676225662231445,0.26676225662231445
N67D,NF1,67,0,-0.14756107330322266,0.14756107330322266
A2441T,NF1,2441,1,-0.24488306045532227,0.24488306045532227
L81V,NF1,81,0,-0.549990177154541,0.549990177154541
N734S,NF1,734,0,0.6972665786743164,-0.6972665786743164
P1923L,APC,1923,0,-0.4403262138366699,0.4403262138366699
W308G,STK11,308,1,-12.449405670166016,12.449405670166016
C135S,TP53,135,1,-6.146122932434082,6.146122932434082
N246D,ATM,246,0,-0.0008566379547119141,0.0008566379547119141
L1504P,TSC2,1504,1,0.027132034301757812,-0.027132034301757812
Q549H,KIT,549,1,-4.315166473388672,4.315166473388672
M1625K,TSC2,1625,1,-0.08880877494812012,0.08880877494812012
K6I,PTEN,6,1,-11.449246406555176,11.449246406555176
A439V,BRCA1,439,0,-0.0465853214263916,0.0465853214263916
S694R,BRCA1,694,0,-1.476689100265503,1.476689100265503
C428R,WT1,428,1,-16.778804779052734,16.778804779052734
N198K,MYCN,198,0,1.3136286735534668,-1.3136286735534668
V917G,NF1,917,1,-2.226107120513916,2.226107120513916
D85N,RB1,85,0,-0.7807155847549438,0.7807155847549438
E204Q,RB1,204,0,0.803856372833252,-0.803856372833252
C659R,RET,659,0,1.9868570566177368,-1.9868570566177368
H246R,RET,246,0,1.8821218013763428,-1.8821218013763428
M255I,RET,255,0,-0.030826091766357422,0.030826091766357422
T451A,RET,451,0,0.5722553730010986,-0.5722553730010986
T460A,ATM,460,0,0.5066952705383301,-0.5066952705383301
L2984P,ATM,2984,0,-0.12183284759521484,0.12183284759521484
D176H,STK11,176,1,-11.66898250579834,11.66898250579834
E850Q,ATM,850,0,-0.9765439033508301,0.9765439033508301
D1969V,ATM,1969,0,-0.19741368293762207,0.19741368293762207
I1659L,ATM,1659,0,0.6765300035476685,-0.6765300035476685
H636Q,ATM,636,0,0.6339163780212402,-0.6339163780212402
T1485A,TSC2,1485,0,0.6185719966888428,-0.6185719966888428
E53K,VHL,53,0,-2.7847633361816406,2.7847633361816406
V66E,VHL,66,0,-0.4347238540649414,0.4347238540649414
E204D,VHL,204,0,-1.0005087852478027,1.0005087852478027
N141Y,VHL,141,0,-0.3627936840057373,0.3627936840057373
A83P,TP53,83,0,-1.0519123077392578,1.0519123077392578
S378T,TP53,378,0,-1.39402174949646,1.39402174949646
D21A,TP53,21,0,-0.5179653167724609,0.5179653167724609
E326D,TP53,326,0,-1.6467798948287964,1.6467798948287964
S240C,TP53,240,1,-8.741004943847656,8.741004943847656
G1543E,BRCA1,1543,0,0.5174665451049805,-0.5174665451049805
F952L,BRCA1,952,0,0.82861328125,-0.82861328125
L1276S,BRCA1,1276,0,1.159692406654358,-1.159692406654358
Q2870P,BRCA2,2870,0,-0.15880799293518066,0.15880799293518066
I2664F,BRCA2,2664,0,-0.42359066009521484,0.42359066009521484
D2983G,BRCA2,2983,0,-0.26341676712036133,0.26341676712036133
E984K,BRCA2,984,0,-0.46370506286621094,0.46370506286621094
D2492N,BRCA2,2492,0,0.5517792701721191,-0.5517792701721191
A1253T,BRCA2,1253,0,0.5241000652313232,-0.5241000652313232
T2542A,BRCA2,2542,0,-0.05098152160644531,0.05098152160644531
K3196N,BRCA2,3196,0,-0.25220227241516113,0.25220227241516113
T1185R,BRCA2,1185,0,-1.74815034866333,1.74815034866333
F3060V,BRCA2,3060,0,0.6108436584472656,-0.6108436584472656
Q2539E,BRCA2,2539,0,0.39023447036743164,-0.39023447036743164
D2489H,BRCA2,2489,0,-0.7040684223175049,0.7040684223175049
L3215H,BRCA2,3215,0,-1.3996236324310303,1.3996236324310303
K2551R,BRCA2,2551,0,-0.2607707977294922,0.2607707977294922
R2888S,BRCA2,2888,0,0.5939280986785889,-0.5939280986785889
P2883L,BRCA2,2883,0,0.11509919166564941,-0.11509919166564941
I1607N,BRCA2,1607,0,0.7528810501098633,-0.7528810501098633
Q3037L,BRCA2,3037,0,2.720004081726074,-2.720004081726074
N3348D,BRCA2,3348,0,0.2766609191894531,-0.2766609191894531
Q548K,BRCA2,548,0,0.585017204284668,-0.585017204284668
N1747S,BRCA2,1747,0,1.309561848640442,-1.309561848640442
K3032R,BRCA2,3032,0,-0.6607871055603027,0.6607871055603027
C1081S,BRCA2,1081,0,1.7247931957244873,-1.7247931957244873
L1357I,BRCA2,1357,0,-0.24655866622924805,0.24655866622924805
K410N,BRCA2,410,0,-0.00984954833984375,0.00984954833984375
P1171A,BRCA2,1171,0,-0.16973304748535156,0.16973304748535156
K1191N,BRCA2,1191,0,0.7933002710342407,-0.7933002710342407
H2548N,BRCA2,2548,0,1.0751011371612549,-1.0751011371612549
L2890R,BRCA2,2890,0,-0.7978696823120117,0.7978696823120117
V358A,BRCA2,358,0,-0.1804943084716797,0.1804943084716797
I3208V,BRCA2,3208,0,-0.02462172508239746,0.02462172508239746
N1473S,BRCA2,1473,0,-0.19057774543762207,0.19057774543762207
A325G,WT1,325,0,0.23133111000061035,-0.23133111000061035
A66G,WT1,66,0,0.7263379096984863,-0.7263379096984863
P9Q,WT1,9,0,-1.4643430709838867,1.4643430709838867
C721S,NF1,721,0,1.24753999710083,-1.24753999710083
T862S,NF1,862,0,1.0160539150238037,-1.0160539150238037
G1075S,EGFR,1075,0,1.2789154052734375,-1.2789154052734375
H590R,EGFR,590,0,0.5346510410308838,-0.5346510410308838
A24S,EGFR,24,0,-1.3698372840881348,1.3698372840881348
V1089A,EGFR,1089,0,-0.16408729553222656,0.16408729553222656
Q504E,EGFR,504,0,0.41597604751586914,-0.41597604751586914
A1470V,ALK,1470,0,-0.385514497756958,0.385514497756958
D525Y,ALK,525,0,1.2602994441986084,-1.2602994441986084
S1216R,ALK,1216,0,-2.4200429916381836,2.4200429916381836
G578S,ALK,578,0,-0.7979381084442139,0.7979381084442139
N400I,KIT,400,0,-4.375842094421387,4.375842094421387
A401S,KIT,401,0,-0.789271354675293,0.789271354675293
E855K,MET,855,0,0.1120901107788086,-0.1120901107788086
M1V,RET,1,1,-7.173755645751953,7.173755645751953
C124R,TP53,124,1,-5.067455291748047,5.067455291748047
I429V,BRCA1,429,0,0.1271977424621582,-0.1271977424621582
R1095T,ATM,1095,1,0.36681270599365234,-0.36681270599365234
C244Y,TP63,244,1,-10.57357406616211,10.57357406616211
K41E,STK11,41,1,-11.118260383605957,11.118260383605957
A862T,TSC2,862,0,-0.6926615238189697,0.6926615238189697
F904L,TSC2,904,0,0.82694411277771,-0.82694411277771
E2918D,BRCA2,2918,1,-0.28121423721313477,0.28121423721313477
Q695H,TSC2,695,0,-0.3515205383300781,0.3515205383300781
D361V,BRAF,361,1,-14.446793556213379,14.446793556213379
M1R,TP63,1,1,-5.099024295806885,5.099024295806885
Y46N,PTEN,46,1,-13.760682106018066,13.760682106018066
R391L,MYCN,391,1,-13.297420501708984,13.297420501708984
S2022A,BRCA2,2022,0,-1.175459861755371,1.175459861755371
S2219L,BRCA2,2219,0,-0.5307981967926025,0.5307981967926025
S3303R,BRCA2,3303,0,-0.6847116947174072,0.6847116947174072
K533N,TSC2,533,1,-0.21679902076721191,0.21679902076721191
V331I,KIT,331,0,-0.7323689460754395,0.7323689460754395
R55S,KIT,55,0,-2.51505970954895,2.51505970954895
S255N,MET,255,0,-2.290194511413574,2.290194511413574
D832N,MET,832,0,0.1341722011566162,-0.1341722011566162
I491M,MET,491,0,-1.418002963066101,1.418002963066101
S336N,MET,336,0,-0.5773073434829712,0.5773073434829712
L1915Q,NF1,1915,1,-2.9429335594177246,2.9429335594177246
P2477L,NF1,2477,0,0.33751964569091797,-0.33751964569091797
A927T,APC,927,0,0.2803230285644531,-0.2803230285644531
N361D,RET,361,0,-0.5579290390014648,0.5579290390014648
P354S,PTEN,354,0,0.17853987216949463,-0.17853987216949463
F1087C,RET,1087,0,-1.0912270545959473,1.0912270545959473
A432S,RET,432,0,0.40411949157714844,-0.40411949157714844
K66R,ATM,66,0,-0.5498099327087402,0.5498099327087402
K2639Q,ATM,2639,1,-0.5877485275268555,0.5877485275268555
F858S,ATM,858,0,1.9451286792755127,-1.9451286792755127
S2329N,ATM,2329,0,-0.4806339740753174,0.4806339740753174
K388Q,ATM,388,0,-0.34957408905029297,0.34957408905029297
S1981N,ATM,1981,0,-0.6989388465881348,0.6989388465881348
S421G,STK11,421,0,-0.4373323917388916,0.4373323917388916
W308R,STK11,308,1,-10.567556381225586,10.567556381225586
P367S,TSC1,367,0,-0.002620697021484375,0.002620697021484375
I1131T,TSC1,1131,0,1.2263798713684082,-1.2263798713684082
L350R,TP53,350,0,-0.14439654350280762,0.14439654350280762
N239K,TP53,239,1,-6.162388801574707,6.162388801574707
S95T,TP53,95,0,-1.0080949068069458,1.0080949068069458
I332L,TP53,332,0,-2.2298078536987305,2.2298078536987305
A79V,TP53,79,0,-2.035585403442383,2.035585403442383
T157A,VHL,157,0,0.277040958404541,-0.277040958404541
E53D,VHL,53,0,-0.7075319290161133,0.7075319290161133
R69H,VHL,69,0,-1.2254109382629395,1.2254109382629395
S140R,CDKN2A,140,0,0.5429220199584961,-0.5429220199584961
D1420G,BRCA2,1420,0,-0.7404277324676514,0.7404277324676514
Q3394H,BRCA2,3394,0,-0.9581403732299805,0.9581403732299805
I1556T,BRCA2,1556,0,0.1863574981689453,-0.1863574981689453
T680A,BRCA2,680,0,-0.4038259983062744,0.4038259983062744
E3258K,BRCA2,3258,0,0.1812424659729004,-0.1812424659729004
K1281N,BRCA2,1281,0,-0.24126482009887695,0.24126482009887695
E2635D,BRCA2,2635,0,-0.11173748970031738,0.11173748970031738
G3141R,BRCA2,3141,0,0.9525480270385742,-0.9525480270385742
I505L,BRCA2,505,0,0.39904117584228516,-0.39904117584228516
M1272R,BRCA2,1272,0,0.3742637634277344,-0.3742637634277344
E1407Q,BRCA2,1407,0,-0.5819904804229736,0.5819904804229736
E2475K,BRCA2,2475,0,-0.04709434509277344,0.04709434509277344
K3019N,BRCA2,3019,0,-0.5092992782592773,0.5092992782592773
N2931T,BRCA2,2931,0,0.059233903884887695,-0.059233903884887695
S2782R,BRCA2,2782,0,-0.8536019325256348,0.8536019325256348
E362D,BRCA1,362,0,-0.8306365013122559,0.8306365013122559
L574S,BRCA2,574,0,0.39511656761169434,-0.39511656761169434
S942L,BRCA2,942,0,-0.5799648761749268,0.5799648761749268
K457T,BRCA2,457,0,-0.015084028244018555,0.015084028244018555
V494L,BRCA2,494,0,0.25594282150268555,-0.25594282150268555
E2981V,BRCA2,2981,0,-0.9216444492340088,0.9216444492340088
N1935I,BRCA2,1935,0,-0.7635247707366943,0.7635247707366943
N289K,BRCA2,289,0,0.3594474792480469,-0.3594474792480469
Q1089E,BRCA2,1089,0,0.9550226926803589,-0.9550226926803589
L443V,EGFR,443,0,0.18390655517578125,-0.18390655517578125
A155V,EGFR,155,0,-2.3644485473632812,2.3644485473632812
E27D,EGFR,27,0,0.07787704467773438,-0.07787704467773438
Y813H,EGFR,813,0,2.1002418994903564,-2.1002418994903564
A7T,EGFR,7,0,-2.151078701019287,2.151078701019287
A1000V,EGFR,1000,0,-3.3758745193481445,3.3758745193481445
R494K,EGFR,494,0,0.10759711265563965,-0.10759711265563965
R414G,EGFR,414,0,0.861116886138916,-0.861116886138916
P85A,ALK,85,0,0.25868821144104004,-0.25868821144104004
E1016D,ALK,1016,0,-0.03384518623352051,0.03384518623352051
E310A,ALK,310,0,0.23879194259643555,-0.23879194259643555
A1452V,ALK,1452,0,-0.3624105453491211,0.3624105453491211
R120K,VHL,120,1,-1.0263879299163818,1.0263879299163818
N131H,TP53,131,1,-2.9880404472351074,2.9880404472351074
Y598N,TSC2,598,1,0.04073190689086914,-0.04073190689086914
R1095I,ATM,1095,1,0.2655448913574219,-0.2655448913574219
T1547A,ALK,1547,0,0.8047912120819092,-0.8047912120819092
P1675S,TSC2,1675,1,0.053881168365478516,-0.053881168365478516
K93N,ATM,93,0,-0.6932597160339355,0.6932597160339355
D92N,PTEN,92,1,-9.045506477355957,9.045506477355957
W195L,RB1,195,1,-5.402721405029297,5.402721405029297
I808M,KIT,808,1,-7.655674457550049,7.655674457550049
Y174D,PTEN,174,1,-16.95370864868164,16.95370864868164
D362H,BRCA2,362,0,-0.3811051845550537,0.3811051845550537
A1611T,BRCA1,1611,0,0.19288325309753418,-0.19288325309753418
N1519S,BRCA1,1519,0,0.5548396110534668,-0.5548396110534668
T2713A,BRCA2,2713,0,-0.4147765636444092,0.4147765636444092
S3218A,BRCA2,3218,0,-0.273876428604126,0.273876428604126
I76M,TSC1,76,0,-2.0451836585998535,2.0451836585998535
V240L,RET,240,0,0.019713878631591797,-0.019713878631591797
S404C,STK11,404,0,-1.3843252658843994,1.3843252658843994
I422V,RET,422,0,0.8716552257537842,-0.8716552257537842
T105R,VHL,105,0,-0.1490917205810547,0.1490917205810547
L158R,VHL,158,1,-0.16685700416564941,0.16685700416564941
L116I,VHL,116,0,-0.8049502372741699,0.8049502372741699
M1300L,TSC2,1300,0,1.4784631729125977,-1.4784631729125977
T1100R,ATM,1100,0,-0.11417961120605469,0.11417961120605469
A1110P,ATM,1110,0,-0.9993059635162354,0.9993059635162354
N429T,ATM,429,0,-0.0370175838470459,0.0370175838470459
L906F,ATM,906,0,-0.5837140083312988,0.5837140083312988
K196E,ATM,196,0,0.696993350982666,-0.696993350982666
K1625N,ATM,1625,0,-1.3292067050933838,1.3292067050933838
E1894D,ATM,1894,0,-0.4219813346862793,0.4219813346862793
A1426G,ATM,1426,0,-1.3382105827331543,1.3382105827331543
E518D,ATM,518,0,-0.2362501621246338,0.2362501621246338
N2470I,NF1,2470,0,-0.976726770401001,0.976726770401001
T878S,ATM,878,0,0.9644328355789185,-0.9644328355789185
T417N,ATM,417,0,-0.4034085273742676,0.4034085273742676
H46Y,ATM,46,0,0.8875670433044434,-0.8875670433044434
E1553K,ATM,1553,0,-0.07808375358581543,0.07808375358581543
F172L,ATM,172,0,0.7317407131195068,-0.7317407131195068
V2531A,BRCA2,2531,0,-0.28997159004211426,0.28997159004211426
E1780G,BRCA2,1780,0,-1.1379871368408203,1.1379871368408203
I383V,BRCA2,383,0,-0.20200061798095703,0.20200061798095703
A3140S,BRCA2,3140,0,0.4223010540008545,-0.4223010540008545
A3186E,BRCA2,3186,0,0.7036268711090088,-0.7036268711090088
T3413A,BRCA2,3413,0,-0.5534355640411377,0.5534355640411377
W2586C,BRCA2,2586,0,0.35117220878601074,-0.35117220878601074
L2480I,BRCA2,2480,0,-0.3011295795440674,0.3011295795440674
F2794L,BRCA2,2794,0,0.9342341423034668,-0.9342341423034668
P2804A,BRCA2,2804,0,-1.05137300491333,1.05137300491333
V2820A,BRCA2,2820,0,0.5916163921356201,-0.5916163921356201
A573T,BRCA2,573,0,0.4039764404296875,-0.4039764404296875
E2856G,BRCA2,2856,0,-2.385465145111084,2.385465145111084
P814S,BRCA2,814,0,1.0670344829559326,-1.0670344829559326
G49A,WT1,49,0,0.36432528495788574,-0.36432528495788574
A204G,WT1,204,0,0.08692073822021484,-0.08692073822021484
C29F,WT1,29,0,-0.029162883758544922,0.029162883758544922
M515V,WT1,515,0,1.2295217514038086,-1.2295217514038086
H318Q,BRCA1,318,0,0.9309017658233643,-0.9309017658233643
E880K,BRCA1,880,0,0.16110730171203613,-0.16110730171203613
E2850A,BRCA2,2850,0,-0.25430119037628174,0.25430119037628174
L2996S,BRCA2,2996,0,-1.2433239221572876,1.2433239221572876
L2614H,BRCA2,2614,0,-0.936901330947876,0.936901330947876
H1467L,BRCA2,1467,0,1.0764589309692383,-1.0764589309692383
N2910S,BRCA2,2910,0,0.10454273223876953,-0.10454273223876953
F2921I,BRCA2,2921,0,-0.2986016273498535,0.2986016273498535
V159M,EGFR,159,0,-1.8869707584381104,1.8869707584381104
G185S,EGFR,185,0,0.46732544898986816,-0.46732544898986816
S530N,EGFR,530,0,-5.666686534881592,5.666686534881592
S943I,KIT,943,0,-1.2194807529449463,1.2194807529449463
W112R,MET,112,0,2.4000420570373535,-2.4000420570373535
N139S,EGFR,139,0,0.16556310653686523,-0.16556310653686523
P325S,MET,325,0,-1.5870269536972046,1.5870269536972046
L939F,KIT,939,0,-1.5200037956237793,1.5200037956237793
H394R,MET,394,0,0.8623747825622559,-0.8623747825622559
D372Y,MET,372,0,-2.375314235687256,2.375314235687256
K479N,EGFR,479,0,-0.14760828018188477,0.14760828018188477
V1097F,EGFR,1097,0,0.2767963409423828,-0.2767963409423828
E228V,KIT,228,0,-2.3152761459350586,2.3152761459350586
Q788R,ALK,788,0,-0.01759934425354004,0.01759934425354004
S1462P,ALK,1462,0,0.7078238725662231,-0.7078238725662231
E1568D,ALK,1568,0,-0.21681976318359375,0.21681976318359375
G26A,ALK,26,0,-0.15963375568389893,0.15963375568389893
S358P,ALK,358,0,-0.8174729347229004,0.8174729347229004
A121S,PTEN,121,1,-7.695652961730957,7.695652961730957
A509V,ALK,509,0,-0.48856282234191895,0.48856282234191895
G300V,TSC2,300,1,-0.16623759269714355,0.16623759269714355
L618P,TSC2,618,1,-2.2721445560455322,2.2721445560455322
N235H,BRCA2,235,0,-0.8521442413330078,0.8521442413330078
P529A,BRCA1,529,0,0.4845256805419922,-0.4845256805419922
Q2829H,BRCA2,2829,1,-0.6333093643188477,0.6333093643188477
W896C,TSC2,896,0,1.7914934158325195,-1.7914934158325195
L273P,NF1,273,1,-1.4162423610687256,1.4162423610687256
L2133V,NF1,2133,1,-1.438392996788025,1.438392996788025
S1498I,TSC2,1498,1,-1.5067451000213623,1.5067451000213623
D372E,MET,372,0,0.03896522521972656,-0.03896522521972656
R2909T,ATM,2909,1,-10.341057777404785,10.341057777404785
G601R,KIT,601,1,-9.851739883422852,9.851739883422852
I32S,PTEN,32,1,-13.041967391967773,13.041967391967773
R1533I,NF1,1533,1,0.16048502922058105,-0.16048502922058105
E287G,TP53,287,0,-7.0395002365112305,7.0395002365112305
N909D,BRCA1,909,0,-0.8369104862213135,0.8369104862213135
P75S,TP53,75,0,-2.291562557220459,2.291562557220459
C1755Y,TSC2,1755,0,0.35573863983154297,-0.35573863983154297
E1167K,TSC2,1167,0,-0.3521692752838135,0.3521692752838135
S625P,TSC2,625,0,-0.7258560657501221,0.7258560657501221
F76V,VHL,76,1,0.6316969394683838,-0.6316969394683838
R176W,VHL,176,1,-1.8325581550598145,1.8325581550598145
Y156S,VHL,156,1,1.4882984161376953,-1.4882984161376953
G171C,WT1,171,1,-2.0785722732543945,2.0785722732543945
S1403N,APC,1403,1,-2.0497775077819824,2.0497775077819824
V1078M,TSC1,1078,0,-0.7753176689147949,0.7753176689147949
P245S,TP63,245,1,-8.53731918334961,8.53731918334961
K102Q,ATM,102,0,0.0065615177154541016,-0.0065615177154541016
I117N,NF1,117,1,-4.130494117736816,4.130494117736816
T1191P,NF1,1191,1,-0.06426334381103516,0.06426334381103516
M1R,TSC2,1,1,-6.879602909088135,6.879602909088135
H385Y,TSC2,385,0,0.4289083480834961,-0.4289083480834961
D731H,TSC2,731,0,-0.7591860294342041,0.7591860294342041
D926N,TSC2,926,0,-0.4253251552581787,0.4253251552581787
H61Y,PTEN,61,1,-7.427416801452637,7.427416801452637
D502Y,WT1,502,1,-15.605731010437012,15.605731010437012
F90L,PTEN,90,1,-10.040958404541016,10.040958404541016
H1620P,TSC2,1620,1,-6.268770217895508,6.268770217895508
L2688H,BRCA2,2688,1,-2.192756175994873,2.192756175994873
G1494S,TSC2,1494,1,0.6249876022338867,-0.6249876022338867
I463L,BRAF,463,1,-12.389532089233398,12.389532089233398
C572R,TSC1,572,0,1.7621684074401855,-1.7621684074401855
Q648L,MET,648,0,0.4739720821380615,-0.4739720821380615
I154L,MET,154,0,0.24861884117126465,-0.24861884117126465
P41Q,WT1,41,0,-1.2040140628814697,1.2040140628814697
G1065R,ATM,1065,0,-0.37413644790649414,0.37413644790649414
E2596V,ATM,2596,1,-0.4754207134246826,0.4754207134246826
M1040I,ATM,1040,0,0.5584449768066406,-0.5584449768066406
E834D,ATM,834,0,-0.06690502166748047,0.06690502166748047
S1635F,ATM,1635,0,1.1322543621063232,-1.1322543621063232
A274G,RET,274,0,-0.6415812969207764,0.6415812969207764
V242A,RET,242,0,-1.2183321714401245,1.2183321714401245
T509P,TSC2,509,1,-3.3739709854125977,3.3739709854125977
L688R,RB1,688,1,-10.290090560913086,10.290090560913086
A22T,RB1,22,0,-1.3923935890197754,1.3923935890197754
L299V,TP53,299,0,-0.6935286521911621,0.6935286521911621
Q99E,MET,99,0,0.6667368412017822,-0.6667368412017822
G110V,MET,110,0,-0.5000684261322021,0.5000684261322021
P1137A,MET,1137,0,-2.5760602951049805,2.5760602951049805
V110M,WT1,110,0,-1.3224520683288574,1.3224520683288574
E70K,WT1,70,0,-1.7126939296722412,1.7126939296722412
I1256V,ATM,1256,0,-0.2797367572784424,0.2797367572784424
E739G,ATM,739,0,-0.5017025470733643,0.5017025470733643
N1356K,ATM,1356,0,0.1856217384338379,-0.1856217384338379
R1205G,ATM,1205,0,0.3153975009918213,-0.3153975009918213
A1427V,ATM,1427,0,0.22225451469421387,-0.22225451469421387
T548N,ATM,548,0,-0.004317522048950195,0.004317522048950195
N1045S,RET,1045,0,1.2340683937072754,-1.2340683937072754
H125Q,VHL,125,0,0.6507325172424316,-0.6507325172424316
N119K,STK11,119,0,-12.108309745788574,12.108309745788574
D1728G,BRCA2,1728,0,-0.08443331718444824,0.08443331718444824
K2498R,BRCA2,2498,0,-0.059706687927246094,0.059706687927246094
A3121V,BRCA2,3121,0,-0.21073246002197266,0.21073246002197266
A1453V,ALK,1453,0,-0.22856807708740234,0.22856807708740234
Y178N,PTEN,178,1,-12.001545906066895,12.001545906066895
D326H,PTEN,326,1,-9.761539459228516,9.761539459228516
A188S,RB1,188,0,0.8826227188110352,-0.8826227188110352
L369M,TP53,369,0,-1.636674404144287,1.636674404144287
R521G,EGFR,521,0,1.2346570491790771,-1.2346570491790771
D984N,EGFR,984,0,-6.244102954864502,6.244102954864502
A1040T,EGFR,1040,0,0.7791035175323486,-0.7791035175323486
M784L,BRCA2,784,0,1.340684413909912,-1.340684413909912
Q1934K,BRCA2,1934,0,0.9769959449768066,-0.9769959449768066
G2584V,BRCA2,2584,1,-0.28640270233154297,0.28640270233154297
I3120V,BRCA2,3120,0,0.10823678970336914,-0.10823678970336914
Q2530P,BRCA2,2530,0,0.4812490940093994,-0.4812490940093994
S3016Y,BRCA2,3016,0,-1.469310998916626,1.469310998916626
P92S,TP53,92,0,0.058396339416503906,-0.058396339416503906
Y220F,TP53,220,0,-5.175968170166016,5.175968170166016
L1260F,BRCA2,1260,0,-0.5827884674072266,0.5827884674072266
G614D,EGFR,614,0,-0.8405859470367432,0.8405859470367432
D179E,EGFR,179,0,0.2130451202392578,-0.2130451202392578
I1047T,BRCA2,1047,0,1.258390188217163,-1.258390188217163
V2503L,BRCA2,2503,0,0.5857939720153809,-0.5857939720153809
D3261E,BRCA2,3261,0,0.6246194839477539,-0.6246194839477539
S1558T,BRCA2,1558,0,-0.7003216743469238,0.7003216743469238
S2697R,BRCA2,2697,0,-1.2683875560760498,1.2683875560760498
Q1408E,BRCA2,1408,0,0.4482004642486572,-0.4482004642486572
K1406R,BRCA2,1406,0,-1.3922858238220215,1.3922858238220215
M524L,BRCA2,524,0,1.8677220344543457,-1.8677220344543457
S3397C,BRCA2,3397,0,-1.6723439693450928,1.6723439693450928
L2885V,BRCA2,2885,0,-0.39867448806762695,0.39867448806762695
P387R,STK11,387,0,0.38069629669189453,-0.38069629669189453
G834R,BRCA1,834,0,-0.42530250549316406,0.42530250549316406
P1551S,ALK,1551,0,-0.3249690532684326,0.3249690532684326
G667W,ALK,667,0,-1.1621966361999512,1.1621966361999512
R84T,ALK,84,0,-0.3906431198120117,0.3906431198120117
W15G,CDKN2A,15,0,2.5765857696533203,-2.5765857696533203
C124F,PTEN,124,1,-14.818881034851074,14.818881034851074
P210L,MET,210,0,1.0913238525390625,-1.0913238525390625
M636L,MET,636,0,1.6410865783691406,-1.6410865783691406
M2806L,ATM,2806,0,0.7786569595336914,-0.7786569595336914
D1007N,ATM,1007,0,-0.13445520401000977,0.13445520401000977
R23G,EGFR,23,0,-0.06305766105651855,0.06305766105651855
P2886L,BRCA2,2886,0,0.35581517219543457,-0.35581517219543457
S3241P,BRCA2,3241,0,-0.9443154335021973,0.9443154335021973
L639S,BRCA2,639,0,0.4007781744003296,-0.4007781744003296
V545I,BRCA2,545,0,-0.2925376892089844,0.2925376892089844
E954D,BRCA2,954,0,-0.47975969314575195,0.47975969314575195
G276A,STK11,276,0,1.1788849830627441,-1.1788849830627441
R144S,CDKN2A,144,0,-0.06302475929260254,0.06302475929260254
I17N,TSC2,17,0,1.8136520385742188,-1.8136520385742188
P832L,BRCA1,832,0,0.28275012969970703,-0.28275012969970703
V323I,WT1,323,0,-1.3098678588867188,1.3098678588867188
Y1300S,ATM,1300,0,1.5105750560760498,-1.5105750560760498
E2979A,ATM,2979,0,-0.18329954147338867,0.18329954147338867
Q584K,ATM,584,0,-0.038182735443115234,0.038182735443115234
G825S,RET,825,0,0.19049286842346191,-0.19049286842346191
S1279R,NF1,1279,1,-0.6405415534973145,0.6405415534973145
K1251M,TSC2,1251,1,-1.9262964725494385,1.9262964725494385
M1461I,NF1,1461,1,0.8698916435241699,-0.8698916435241699
A1610I,NF1,1610,1,-1.706135869026184,1.706135869026184
