variant_id,target_gene,position,label,llr,score
K1444E,NF1,1444,1,-2.9131546020507812,2.9131546020507812
L2164M,NF1,2164,1,-1.5383005142211914,1.5383005142211914
Y2192N,NF1,2192,1,0.6755657196044922,-0.6755657196044922
R1412S,NF1,1412,1,-4.923549652099609,4.923549652099609
R1276P,NF1,1276,1,-2.110928773880005,2.110928773880005
Y489C,NF1,489,1,-0.05988287925720215,0.05988287925720215
L508P,NF1,508,1,-0.8454787731170654,0.8454787731170654
L316M,NF1,316,1,-1.7987773418426514,1.7987773418426514
L357P,NF1,357,1,-2.1584062576293945,2.1584062576293945
L1243P,NF1,1243,1,-2.636082172393799,2.636082172393799
L844R,NF1,844,1,-2.273865222930908,2.273865222930908
R414C,APC,414,0,-0.14997172355651855,0.14997172355651855
S1395C,APC,1395,1,-3.7466530799865723,3.7466530799865723
E1317Q,APC,1317,0,-0.42319774627685547,0.42319774627685547
R167Q,VHL,167,1,-0.5780754089355469,0.5780754089355469
R167W,VHL,167,1,-2.2487940788269043,2.2487940788269043
R167G,VHL,167,1,-0.9897472858428955,0.9897472858428955
W88S,VHL,88,1,0.8916661739349365,-0.8916661739349365
L135F,VHL,135,1,-0.628570556640625,0.628570556640625
Y112H,VHL,112,1,0.3195371627807617,-0.3195371627807617
Y98H,VHL,98,1,-0.1280984878540039,0.1280984878540039
V166F,VHL,166,1,-0.5589611530303955,0.5589611530303955
R64P,VHL,64,1,-0.19498014450073242,0.19498014450073242
Y112N,VHL,112,1,0.2820303440093994,-0.2820303440093994
V130L,VHL,130,1,0.025021791458129883,-0.025021791458129883
D126Y,VHL,126,1,0.01151275634765625,-0.01151275634765625
L163P,VHL,163,1,-1.0566258430480957,1.0566258430480957
P81S,VHL,81,0,0.16154170036315918,-0.16154170036315918
H191D,VHL,191,1,1.0551276206970215,-1.0551276206970215
V84L,VHL,84,1,0.1664292812347412,-0.1664292812347412
G93S,VHL,93,1,-2.1493263244628906,2.1493263244628906
Q164R,VHL,164,1,0.3751647472381592,-0.3751647472381592
F2827C,ATM,2827,1,-0.9318521022796631,0.9318521022796631
V2424G,ATM,2424,1,-1.112175464630127,1.112175464630127
M1040V,ATM,1040,0,0.9056644439697266,-0.9056644439697266
L2656P,ATM,2656,1,-1.0813407897949219,1.0813407897949219
Y2677C,ATM,2677,1,-0.6398677825927734,0.6398677825927734
S49C,ATM,49,0,-2.0539495944976807,2.0539495944976807
R467W,WT1,467,1,-13.45132064819336,13.45132064819336
R439H,WT1,439,1,-11.850248336791992,11.850248336791992
D469G,WT1,469,1,-16.668867111206055,16.668867111206055
D469N,WT1,469,1,-13.153389930725098,13.153389930725098
R467P,WT1,467,1,-19.450136184692383,19.450136184692383
C403Y,WT1,403,1,-11.408405303955078,11.408405303955078
H450Y,WT1,450,1,-15.82261848449707,15.82261848449707
C433G,WT1,433,1,-14.209932327270508,14.209932327270508
H446Q,WT1,446,1,-17.12019920349121,17.12019920349121
S346G,WT1,346,1,-2.3176724910736084,2.3176724910736084
F456L,WT1,456,1,-16.621267318725586,16.621267318725586
F465L,WT1,465,1,-16.562145233154297,16.562145233154297
R439C,WT1,439,1,-13.409939765930176,13.409939765930176
K587R,TSC1,587,0,0.09482836723327637,-0.09482836723327637
M224R,TSC1,224,1,-1.1045012474060059,1.1045012474060059
L180P,TSC1,180,1,-10.026074409484863,10.026074409484863
R243W,TP63,243,1,-12.277551651000977,12.277551651000977
R243Q,TP63,243,1,-11.414528846740723,11.414528846740723
C345R,TP63,345,1,-14.65499496459961,14.65499496459961
K233E,TP63,233,1,-15.83542251586914,15.83542251586914
R319C,TP63,319,1,-14.790655136108398,14.790655136108398
R318H,TP63,318,1,-14.764130592346191,14.764130592346191
R343Q,TP63,343,1,-11.089326858520508,11.089326858520508
L553F,TP63,553,1,-5.819925785064697,5.819925785064697
C561G,TP63,561,1,-9.220248222351074,9.220248222351074
R337Q,TP63,337,1,-13.433802604675293,13.433802604675293
D351G,TP63,351,1,-12.73566722869873,12.73566722869873
I549T,TP63,549,1,-6.64048957824707,6.64048957824707
S580P,TP63,580,1,-6.243325710296631,6.243325710296631
R337G,TP63,337,1,-13.434449195861816,13.434449195861816
R266Q,TP63,266,1,-11.92526912689209,11.92526912689209
L67P,STK11,67,1,-11.300732612609863,11.300732612609863
G163D,STK11,163,1,-12.016244888305664,12.016244888305664
D194Y,STK11,194,1,-11.83138656616211,11.83138656616211
Y49D,STK11,49,1,-13.813642501831055,13.813642501831055
G135R,STK11,135,1,-6.590935230255127,6.590935230255127
W239C,STK11,239,1,-16.684099197387695,16.684099197387695
F354L,STK11,354,0,-2.3653457164764404,2.3653457164764404
G129E,PTEN,129,1,-11.94927978515625,11.94927978515625
S170R,PTEN,170,1,-15.624246597290039,15.624246597290039
H123R,PTEN,123,1,-14.81698989868164,14.81698989868164
C124R,PTEN,124,1,-11.444565773010254,11.444565773010254
M35R,PTEN,35,1,-14.995539665222168,14.995539665222168
L70P,PTEN,70,1,-11.940683364868164,11.940683364868164
R130Q,PTEN,130,1,-11.467375755310059,11.467375755310059
L112P,PTEN,112,1,-12.562019348144531,12.562019348144531
H61D,PTEN,61,1,-11.790994644165039,11.790994644165039
H93R,PTEN,93,1,-15.235725402832031,15.235725402832031
D252G,PTEN,252,1,-11.039039611816406,11.039039611816406
F241S,PTEN,241,1,-11.054191589355469,11.054191589355469
G132V,PTEN,132,1,-15.708640098571777,15.708640098571777
A938P,BRCA2,938,1,-0.07958221435546875,0.07958221435546875
N372H,BRCA2,372,0,-0.9475569725036621,0.9475569725036621
T2722R,BRCA2,2722,1,-4.043496608734131,4.043496608734131
L2510P,BRCA2,2510,1,0.13174748420715332,-0.13174748420715332
G101W,CDKN2A,101,1,-8.919462203979492,8.919462203979492
M53I,CDKN2A,53,1,0.7018027305603027,-0.7018027305603027
R24P,CDKN2A,24,1,-4.219478607177734,4.219478607177734
V126D,CDKN2A,126,1,-9.328739166259766,9.328739166259766
V59G,CDKN2A,59,1,-6.098496913909912,6.098496913909912
S56I,CDKN2A,56,1,-5.4482293128967285,5.4482293128967285
G89D,CDKN2A,89,1,-7.279595375061035,7.279595375061035
R248W,TP53,248,1,-11.370484352111816,11.370484352111816
E258K,TP53,258,1,-10.158265113830566,10.158265113830566
G245C,TP53,245,1,-10.369585990905762,10.369585990905762
P72R,TP53,72,0,-3.0600438117980957,3.0600438117980957
R249S,TP53,249,1,-14.007637977600098,14.007637977600098
V157F,TP53,157,1,-4.8012614250183105,4.8012614250183105
C242Y,TP53,242,1,-9.20607852935791,9.20607852935791
G245D,TP53,245,1,-11.729729652404785,11.729729652404785
R248Q,TP53,248,1,-11.534290313720703,11.534290313720703
M133T,TP53,133,1,-6.1789751052856445,6.1789751052856445
V272L,TP53,272,1,-4.528976917266846,4.528976917266846
S241F,TP53,241,1,-7.874563217163086,7.874563217163086
R282W,TP53,282,1,-9.975330352783203,9.975330352783203
G245S,TP53,245,1,-7.104774475097656,7.104774475097656
R273H,TP53,273,1,-9.698663711547852,9.698663711547852
R280T,TP53,280,1,-10.190583229064941,10.190583229064941
P151T,TP53,151,1,-5.607916831970215,5.607916831970215
P151S,TP53,151,1,-5.161983013153076,5.161983013153076
R175H,TP53,175,1,-7.583704948425293,7.583704948425293
L344P,TP53,344,1,-11.757015228271484,11.757015228271484
A138P,TP53,138,1,-10.57652759552002,10.57652759552002
R337H,TP53,337,1,-3.8345067501068115,3.8345067501068115
Y220S,TP53,220,1,-8.61314868927002,8.61314868927002
E285V,TP53,285,1,-7.205475807189941,7.205475807189941
P1675L,TSC2,1675,1,-1.9060697555541992,1.9060697555541992
R611Q,TSC2,611,1,-0.5562682151794434,0.5562682151794434
L717R,TSC2,717,1,-2.900526523590088,2.900526523590088
Q1503P,TSC2,1503,1,0.15385222434997559,-0.15385222434997559
R905Q,TSC2,905,1,-0.2652246952056885,0.2652246952056885
R905W,TSC2,905,1,-1.3032019138336182,1.3032019138336182
R905G,TSC2,905,1,-0.3433711528778076,0.3433711528778076
G12V,HRAS,12,1,-8.738014221191406,8.738014221191406
Q61K,HRAS,61,1,-11.589118003845215,11.589118003845215
G12S,HRAS,12,1,-6.97769021987915,6.97769021987915
G12A,HRAS,12,1,-6.836964130401611,6.836964130401611
G13D,HRAS,13,1,-10.156811714172363,10.156811714172363
K117R,HRAS,117,1,-9.25068473815918,9.25068473815918
G13C,HRAS,13,1,-10.21481990814209,10.21481990814209
A146T,HRAS,146,1,-9.153093338012695,9.153093338012695
E63K,HRAS,63,1,-10.92786693572998,10.92786693572998
Q22K,HRAS,22,1,-11.884909629821777,11.884909629821777
T58I,HRAS,58,1,-10.696236610412598,10.696236610412598
A146V,HRAS,146,1,-10.829550743103027,10.829550743103027
G12D,HRAS,12,1,-8.581477165222168,8.581477165222168
G12C,HRAS,12,1,-8.361190795898438,8.361190795898438
S567L,RB1,567,1,-9.13979721069336,9.13979721069336
R661W,RB1,661,1,-11.585000038146973,11.585000038146973
C712R,RB1,712,1,-11.686367988586426,11.686367988586426
G664R,KIT,664,1,-8.663074493408203,8.663074493408203
E583K,KIT,583,1,-9.60968017578125,9.60968017578125
V559D,KIT,559,1,-11.214624404907227,11.214624404907227
R796G,KIT,796,1,-15.569267272949219,15.569267272949219
T847P,KIT,847,1,-15.15660285949707,15.15660285949707
E839K,KIT,839,1,-14.044914245605469,14.044914245605469
D816H,KIT,816,1,-10.977252006530762,10.977252006530762
F584C,KIT,584,1,-8.627774238586426,8.627774238586426
V559A,KIT,559,1,-4.623897552490234,4.623897552490234
K642E,KIT,642,1,-10.383848190307617,10.383848190307617
I655V,ERBB2,655,0,0.611691951751709,-0.611691951751709
I654V,ERBB2,654,0,1.0217196941375732,-1.0217196941375732
L755P,ERBB2,755,1,-9.094609260559082,9.094609260559082
E914K,ERBB2,914,1,-11.6991605758667,11.6991605758667
G776S,ERBB2,776,1,2.457324266433716,-2.457324266433716
N857S,ERBB2,857,1,-3.7779717445373535,3.7779717445373535
M1131T,MET,1131,1,-6.579382419586182,6.579382419586182
V1188L,MET,1188,1,-5.291387557983398,5.291387557983398
V1220I,MET,1220,1,0.06944465637207031,-0.06944465637207031
D1228N,MET,1228,1,-2.0194849967956543,2.0194849967956543
H1094R,MET,1094,1,2.1946816444396973,-2.1946816444396973
M1250I,MET,1250,1,-6.07212495803833,6.07212495803833
K1244R,MET,1244,1,-1.2918102741241455,1.2918102741241455
R393H,MYCN,393,1,-11.287927627563477,11.287927627563477
R393S,MYCN,393,1,-14.579038619995117,14.579038619995117
R394H,MYCN,394,1,-11.848280906677246,11.848280906677246
C618G,RET,618,1,0.7576427459716797,-0.7576427459716797
C634G,RET,634,1,1.587916612625122,-1.587916612625122
C634Y,RET,634,1,1.285902976989746,-1.285902976989746
C634S,RET,634,1,2.6249184608459473,-2.6249184608459473
C634F,RET,634,1,0.912940502166748,-0.912940502166748
C611W,RET,611,1,-1.501894474029541,1.501894474029541
C618S,RET,618,1,0.29422783851623535,-0.29422783851623535
C620R,RET,620,1,-0.9026470184326172,0.9026470184326172
C620Y,RET,620,1,-0.9718401432037354,0.9718401432037354
C634R,RET,634,1,2.683215618133545,-2.683215618133545
C634W,RET,634,1,0.6267881393432617,-0.6267881393432617
M918T,RET,918,1,-8.969542503356934,8.969542503356934
R972G,RET,972,1,-4.7545552253723145,4.7545552253723145
S32L,RET,32,1,-0.5648508071899414,0.5648508071899414
C620F,RET,620,1,-1.0247788429260254,1.0247788429260254
C618R,RET,618,1,0.12348222732543945,-0.12348222732543945
E768D,RET,768,1,-2.2093868255615234,2.2093868255615234
C609Y,RET,609,1,-0.7851853370666504,0.7851853370666504
C620W,RET,620,1,-1.6554112434387207,1.6554112434387207
L790F,RET,790,1,-4.006007194519043,4.006007194519043
A640G,RET,640,1,-0.07139754295349121,0.07139754295349121
C620S,RET,620,1,-0.3610517978668213,0.3610517978668213
C609R,RET,609,1,-0.28478050231933594,0.28478050231933594
V804M,RET,804,1,-1.7664886713027954,1.7664886713027954
V804L,RET,804,1,-2.402714729309082,2.402714729309082
R114H,RET,114,0,-1.0105946063995361,1.0105946063995361
G533C,RET,533,1,-0.6571648120880127,0.6571648120880127
S891A,RET,891,1,-1.9239530563354492,1.9239530563354492
R462I,BRAF,462,1,-16.47455406188965,16.47455406188965
I463S,BRAF,463,1,-12.070296287536621,12.070296287536621
G464E,BRAF,464,1,-16.875600814819336,16.875600814819336
A246P,BRAF,246,1,-14.698137283325195,14.698137283325195
K601E,BRAF,601,1,-12.938161849975586,12.938161849975586
G466V,BRAF,466,1,-17.8609676361084,17.8609676361084
L597R,BRAF,597,1,-14.10478687286377,14.10478687286377
L597V,BRAF,597,1,-13.901723861694336,13.901723861694336
G469R,BRAF,469,1,-11.008275032043457,11.008275032043457
G469A,BRAF,469,1,-9.433440208435059,9.433440208435059
Q257R,BRAF,257,1,-12.074417114257812,12.074417114257812
G469E,BRAF,469,1,-13.353364944458008,13.353364944458008
L485F,BRAF,485,1,-13.243961334228516,13.243961334228516
K499E,BRAF,499,1,-15.548124313354492,15.548124313354492
E501K,BRAF,501,1,-12.553743362426758,12.553743362426758
E501G,BRAF,501,1,-6.729702472686768,6.729702472686768
N581D,BRAF,581,1,-15.504129409790039,15.504129409790039
G534R,BRAF,534,1,-16.112897872924805,16.112897872924805
D638E,BRAF,638,1,-15.40604019165039,15.40604019165039
G719C,EGFR,719,1,-11.07217788696289,11.07217788696289
C64G,BRCA1,64,1,-9.679183006286621,9.679183006286621
C61G,BRCA1,61,1,-11.554335594177246,11.554335594177246
S1040N,BRCA1,1040,0,-0.8727974891662598,0.8727974891662598
R1443G,BRCA1,1443,0,0.09465599060058594,-0.09465599060058594
R841W,BRCA1,841,0,-2.026059627532959,2.026059627532959
R71G,BRCA1,71,1,-3.961272954940796,3.961272954940796
M1775R,BRCA1,1775,1,0.3845076560974121,-0.3845076560974121
M1775K,BRCA1,1775,1,0.07541179656982422,-0.07541179656982422
R1275Q,ALK,1275,1,-11.491905212402344,11.491905212402344
G1128A,ALK,1128,1,-7.674405574798584,7.674405574798584
R1192P,ALK,1192,1,-11.42839241027832,11.42839241027832
V1822D,APC,1822,0,0.6406965255737305,-0.6406965255737305
C609G,RET,609,1,0.2642955780029297,-0.2642955780029297
C609W,RET,609,1,-1.1685206890106201,1.1685206890106201
C611R,RET,611,1,-0.605118989944458,0.605118989944458
C611G,RET,611,1,-0.47459864616394043,0.47459864616394043
C611Y,RET,611,1,-0.7462351322174072,0.7462351322174072
C611F,RET,611,1,-0.7709157466888428,0.7709157466888428
C618Y,RET,618,1,-0.3652472496032715,0.3652472496032715
C618F,RET,618,1,-0.43004441261291504,0.43004441261291504
C620G,RET,620,1,-0.5495905876159668,0.5495905876159668
C630R,RET,630,1,-0.8282482624053955,0.8282482624053955
C630Y,RET,630,1,-1.466728687286377,1.466728687286377
C630S,RET,630,1,-0.12390351295471191,0.12390351295471191
D631Y,RET,631,1,-1.4848473072052002,1.4848473072052002
K666E,RET,666,1,-1.4022645950317383,1.4022645950317383
K666N,RET,666,1,-1.329265832901001,1.329265832901001
T241M,BRAF,241,1,-9.288740158081055,9.288740158081055
T241R,BRAF,241,1,-16.35392189025879,16.35392189025879
T241P,BRAF,241,1,-13.682936668395996,13.682936668395996
W531C,BRAF,531,1,-16.210887908935547,16.210887908935547
R266P,TP63,266,1,-14.448472023010254,14.448472023010254
L1411F,NF1,1411,1,-2.4256088733673096,2.4256088733673096
V620A,KIT,620,1,-7.8474555015563965,7.8474555015563965
G13R,HRAS,13,1,-10.507892608642578,10.507892608642578
P81L,VHL,81,1,-1.0071187019348145,1.0071187019348145
R107P,VHL,107,1,-1.3513164520263672,1.3513164520263672
T124I,VHL,124,1,-0.2784900665283203,0.2784900665283203
L153Q,VHL,153,1,-1.0481746196746826,1.0481746196746826
Y175C,VHL,175,1,-0.808143138885498,0.808143138885498
P346S,BRCA1,346,0,1.3196160793304443,-1.3196160793304443
D369N,BRCA1,369,0,0.10889744758605957,-0.10889744758605957
C39Y,BRCA1,39,1,-7.080982208251953,7.080982208251953
C39F,BRCA1,39,1,-8.650948524475098,8.650948524475098
R496C,BRCA1,496,0,-0.8775708675384521,0.8775708675384521
L512F,BRCA1,512,0,-0.835411548614502,0.835411548614502
N550H,BRCA1,550,0,-0.8911857604980469,0.8911857604980469
L668F,BRCA1,668,0,-1.3414220809936523,1.3414220809936523
K719E,BRCA1,719,0,-0.5957443714141846,0.5957443714141846
N723D,BRCA1,723,0,-0.4110121726989746,0.4110121726989746
E736A,BRCA1,736,0,-0.9859964847564697,0.9859964847564697
S784L,BRCA1,784,0,-1.2215681076049805,1.2215681076049805
T826K,BRCA1,826,0,0.003582000732421875,-0.003582000732421875
K862E,BRCA1,862,0,-0.562946081161499,0.562946081161499
G890V,BRCA1,890,0,0.40515828132629395,-0.40515828132629395
K912R,BRCA1,912,0,-1.0592188835144043,1.0592188835144043
V920I,BRCA1,920,0,-0.28419995307922363,0.28419995307922363
I925L,BRCA1,925,0,0.3949463367462158,-0.3949463367462158
A102G,BRCA1,102,0,-0.1910076141357422,0.1910076141357422
R1028C,BRCA1,1028,0,-0.5831725597381592,0.5831725597381592
R1028H,BRCA1,1028,0,-0.5671472549438477,0.5671472549438477
I1044V,BRCA1,1044,0,-0.9530324935913086,0.9530324935913086
K1109N,BRCA1,1109,0,-0.5178065299987793,0.5178065299987793
E1219D,BRCA1,1219,0,-0.1943812370300293,0.1943812370300293
P1238L,BRCA1,1238,0,0.2554335594177246,-0.2554335594177246
I1275V,BRCA1,1275,0,0.18035483360290527,-0.18035483360290527
E1346K,BRCA1,1346,0,-0.5612869262695312,0.5612869262695312
I1405V,BRCA1,1405,0,0.23476409912109375,-0.23476409912109375
E143K,BRCA1,143,0,-0.28825926780700684,0.28825926780700684
R1495K,BRCA1,1495,1,0.622467041015625,-0.622467041015625
R1495M,BRCA1,1495,1,-0.5763936042785645,0.5763936042785645
S153R,BRCA1,153,0,-1.0457000732421875,1.0457000732421875
E1559K,BRCA1,1559,1,-0.39580583572387695,0.39580583572387695
E1559Q,BRCA1,1559,1,-0.4314610958099365,0.4314610958099365
K1606E,BRCA1,1606,0,0.4401853084564209,-0.4401853084564209
S1613C,BRCA1,1613,0,-1.7456510066986084,1.7456510066986084
A1623G,BRCA1,1623,1,-0.2966773509979248,0.2966773509979248
M1652T,BRCA1,1652,0,-5.116270065307617,5.116270065307617
L1664P,BRCA1,1664,0,-3.3033320903778076,3.3033320903778076
M1689R,BRCA1,1689,1,-10.13922119140625,10.13922119140625
T1691K,BRCA1,1691,1,-1.4606654644012451,1.4606654644012451
T1691I,BRCA1,1691,1,-4.277181625366211,4.277181625366211
D1692N,BRCA1,1692,1,-0.9389940500259399,0.9389940500259399
D1692H,BRCA1,1692,1,-2.476658821105957,2.476658821105957
C1697Y,BRCA1,1697,1,-6.034993648529053,6.034993648529053
R1699Q,BRCA1,1699,1,-4.448380470275879,4.448380470275879
L1705P,BRCA1,1705,1,-7.930670738220215,7.930670738220215
G1706E,BRCA1,1706,1,-9.423709869384766,9.423709869384766
V1736A,BRCA1,1736,1,-3.7669496536254883,3.7669496536254883
G1748C,BRCA1,1748,1,-5.007010459899902,5.007010459899902
I1766S,BRCA1,1766,1,-8.695911407470703,8.695911407470703
G1788V,BRCA1,1788,1,-8.817713737487793,8.817713737487793
Y179C,BRCA1,179,0,0.023314952850341797,-0.023314952850341797
M18T,BRCA1,18,1,-0.8538322448730469,0.8538322448730469
G1803A,BRCA1,1803,1,-0.25097012519836426,0.25097012519836426
P1812A,BRCA1,1812,1,0.40523195266723633,-0.40523195266723633
D1818G,BRCA1,1818,1,-0.48446083068847656,0.48446083068847656
W1837R,BRCA1,1837,1,-7.440189838409424,7.440189838409424
W1837C,BRCA1,1837,1,-6.857663154602051,6.857663154602051
S1841R,BRCA1,1841,1,-8.643425941467285,8.643425941467285
V191I,BRCA1,191,0,-0.6273081302642822,0.6273081302642822
D214G,BRCA1,214,0,-0.17186689376831055,0.17186689376831055
T276R,BRCA1,276,0,-0.3417317867279053,0.3417317867279053
S316G,BRCA1,316,0,-1.0848898887634277,1.0848898887634277
T3349A,BRCA2,3349,0,0.07799768447875977,-0.07799768447875977
T3371A,BRCA2,3371,0,-0.40891194343566895,0.40891194343566895
R3385C,BRCA2,3385,0,-1.756751537322998,1.756751537322998
Y42C,BRCA2,42,0,0.554041862487793,-0.554041862487793
E462G,BRCA2,462,0,-1.0512127876281738,1.0512127876281738
I505V,BRCA2,505,0,0.13329148292541504,-0.13329148292541504
N56T,BRCA2,56,0,0.014309883117675781,-0.014309883117675781
T582P,BRCA2,582,0,0.32604479789733887,-0.32604479789733887
K604E,BRCA2,604,0,0.3246724605560303,-0.3246724605560303
A622V,BRCA2,622,0,-0.06150984764099121,0.06150984764099121
T630I,BRCA2,630,0,-0.4239213466644287,0.4239213466644287
P655R,BRCA2,655,0,0.2748744487762451,-0.2748744487762451
D935H,BRCA2,935,0,-0.8247942924499512,0.8247942924499512
L1019V,BRCA2,1019,0,0.7099778652191162,-0.7099778652191162
N1102Y,BRCA2,1102,0,-1.02608060836792,1.02608060836792
N1228D,BRCA2,1228,0,-1.535187005996704,1.535187005996704
C1290Y,BRCA2,1290,0,0.07773637771606445,-0.07773637771606445
V1306I,BRCA2,1306,0,0.04984450340270996,-0.04984450340270996
M1I,BRCA2,1,1,-4.361266136169434,4.361266136169434
C1365Y,BRCA2,1365,0,-0.22137212753295898,0.22137212753295898
Q1396R,BRCA2,1396,0,-0.6043858528137207,0.6043858528137207
G1529R,BRCA2,1529,0,-4.033164024353027,4.033164024353027
T1557S,BRCA2,1557,0,0.9404085874557495,-0.9404085874557495
K1690N,BRCA2,1690,0,-1.5470573902130127,1.5470573902130127
D1699N,BRCA2,1699,0,0.2919149398803711,-0.2919149398803711
G173V,BRCA2,173,1,0.46158814430236816,-0.46158814430236816
S1733F,BRCA2,1733,0,-0.9369454383850098,0.9369454383850098
G1771D,BRCA2,1771,0,0.35016703605651855,-0.35016703605651855
A1825V,BRCA2,1825,0,0.19073057174682617,-0.19073057174682617
I1851S,BRCA2,1851,0,2.037372589111328,-2.037372589111328
N1878K,BRCA2,1878,0,0.006683349609375,-0.006683349609375
L1904V,BRCA2,1904,0,-0.6600511074066162,0.6600511074066162
D1923A,BRCA2,1923,0,-1.4025120735168457,1.4025120735168457
I1929V,BRCA2,1929,0,-0.32952117919921875,0.32952117919921875
C1960Y,BRCA2,1960,0,0.065155029296875,-0.065155029296875
N2048I,BRCA2,2048,0,-1.8994970321655273,1.8994970321655273
H2074N,BRCA2,2074,0,-0.6585521697998047,0.6585521697998047
T2097M,BRCA2,2097,0,-1.7864627838134766,1.7864627838134766
V211L,BRCA2,211,1,0.5478572845458984,-0.5478572845458984
R2108H,BRCA2,2108,0,0.1500108242034912,-0.1500108242034912
N2113S,BRCA2,2113,0,0.371706485748291,-0.371706485748291
F221L,BRCA2,221,0,0.8572773933410645,-0.8572773933410645
T2250A,BRCA2,2250,0,-0.27785801887512207,0.27785801887512207
I2285V,BRCA2,2285,0,0.36992716789245605,-0.36992716789245605
R2336H,BRCA2,2336,1,-0.4173250198364258,0.4173250198364258
A2351G,BRCA2,2351,0,-0.5485453605651855,0.5485453605651855
Q2384K,BRCA2,2384,0,0.6463656425476074,-0.6463656425476074
T2515I,BRCA2,2515,0,-0.6795165538787842,0.6795165538787842
H2623R,BRCA2,2623,1,0.9443366527557373,-0.9443366527557373
W2626C,BRCA2,2626,1,0.4472084045410156,-0.4472084045410156
R2659G,BRCA2,2659,1,-0.3069722652435303,0.3069722652435303
R2659K,BRCA2,2659,1,0.07183003425598145,-0.07183003425598145
D2665G,BRCA2,2665,0,-0.16290640830993652,0.16290640830993652
I2672V,BRCA2,2672,0,-0.25800371170043945,0.25800371170043945
M2676T,BRCA2,2676,0,0.3780686855316162,-0.3780686855316162
L2688P,BRCA2,2688,1,-2.8225808143615723,2.8225808143615723
D2723G,BRCA2,2723,1,-5.776891231536865,5.776891231536865
K2729N,BRCA2,2729,0,-2.4895806312561035,2.4895806312561035
N277K,BRCA2,277,0,0.3603477478027344,-0.3603477478027344
R2784W,BRCA2,2784,1,-1.7497029304504395,1.7497029304504395
G2793E,BRCA2,2793,1,0.013682365417480469,-0.013682365417480469
Q2829R,BRCA2,2829,1,0.31412196159362793,-0.31412196159362793
G2901D,BRCA2,2901,0,2.287876605987549,-2.287876605987549
S2922G,BRCA2,2922,0,-1.9942400455474854,1.9942400455474854
R2973C,BRCA2,2973,0,-2.1750128269195557,2.1750128269195557
R2991H,BRCA2,2991,0,-0.03375244140625,0.03375244140625
E3002K,BRCA2,3002,1,-1.6664817333221436,1.6664817333221436
Y3006D,BRCA2,3006,1,-3.4223904609680176,3.4223904609680176
T3013I,BRCA2,3013,0,-0.04340803623199463,0.04340803623199463
V3079I,BRCA2,3079,0,-0.4868495464324951,0.4868495464324951
Y3098H,BRCA2,3098,0,0.9935026168823242,-0.9935026168823242
L3101R,BRCA2,3101,1,-2.2791106700897217,2.2791106700897217
N3124I,BRCA2,3124,1,-2.812587261199951,2.812587261199951
C315S,BRCA2,315,0,2.376499652862549,-2.376499652862549
N3174K,BRCA2,3174,0,1.1203020811080933,-1.1203020811080933
C3198R,BRCA2,3198,0,0.7439501285552979,-0.7439501285552979
P3202L,BRCA2,3202,0,0.6544933319091797,-0.6544933319091797
G3212R,BRCA2,3212,0,0.12942242622375488,-0.12942242622375488
K322Q,BRCA2,322,0,-1.5109308958053589,1.5109308958053589
C609F,RET,609,1,-0.708543062210083,0.708543062210083
C609S,RET,609,1,-0.2102031707763672,0.2102031707763672
C611S,RET,611,1,-0.1481165885925293,0.1481165885925293
M918V,RET,918,1,-10.318649291992188,10.318649291992188
A883F,RET,883,1,-5.090057373046875,5.090057373046875
G173D,TP63,173,1,-11.516257286071777,11.516257286071777
T167N,PTEN,167,1,-11.718416213989258,11.718416213989258
T131I,PTEN,131,1,-10.524871826171875,10.524871826171875
A2067D,ATM,2067,1,-2.025351047515869,2.025351047515869
D22N,BRAF,22,0,-8.565860748291016,8.565860748291016
E26D,BRAF,26,0,-4.799469947814941,4.799469947814941
T244P,BRAF,244,1,-12.276771545410156,12.276771545410156
L245F,BRAF,245,1,-11.923032760620117,11.923032760620117
F247S,BRAF,247,1,-15.124397277832031,15.124397277832031
Q257K,BRAF,257,1,-11.694877624511719,11.694877624511719
Q262K,BRAF,262,1,-11.707418441772461,11.707418441772461
G464V,BRAF,464,1,-14.511617660522461,14.511617660522461
G464A,BRAF,464,1,-14.916678428649902,14.916678428649902
F468S,BRAF,468,1,-16.68536949157715,16.68536949157715
V471F,BRAF,471,1,-16.631229400634766,16.631229400634766
V471I,BRAF,471,1,-9.142913818359375,9.142913818359375
K483Q,BRAF,483,1,-18.455934524536133,18.455934524536133
L485S,BRAF,485,1,-15.156188011169434,15.156188011169434
K499N,BRAF,499,1,-14.884334564208984,14.884334564208984
E501A,BRAF,501,1,-13.08165168762207,13.08165168762207
E501V,BRAF,501,1,-14.051015853881836,14.051015853881836
L505F,BRAF,505,1,-12.191444396972656,12.191444396972656
W531L,BRAF,531,1,-16.766277313232422,16.766277313232422
C532Y,BRAF,532,1,-13.151714324951172,13.151714324951172
D565E,BRAF,565,1,-10.500596046447754,10.500596046447754
F583L,BRAF,583,1,-9.825803756713867,9.825803756713867
G596V,BRAF,596,1,-19.95147705078125,19.95147705078125
T599I,BRAF,599,1,-12.64042854309082,12.64042854309082
V600G,BRAF,600,1,-15.974143981933594,15.974143981933594
K601I,BRAF,601,1,-16.907716751098633,16.907716751098633
Q709R,BRAF,709,1,-15.243481636047363,15.243481636047363
A59T,HRAS,59,1,-10.071903228759766,10.071903228759766
G60D,HRAS,60,1,-10.01475715637207,10.01475715637207
N86T,HRAS,86,0,-7.3181586265563965,7.3181586265563965
S89C,HRAS,89,1,-9.105671882629395,9.105671882629395
P174S,HRAS,174,0,-1.7457454204559326,1.7457454204559326
K601Q,BRAF,601,1,-13.754815101623535,13.754815101623535
P870S,APC,870,0,1.3194422721862793,-1.3194422721862793
L1129S,APC,1129,0,0.8820199966430664,-0.8820199966430664
A2274V,APC,2274,0,-0.10988330841064453,0.10988330841064453
G2502S,APC,2502,0,0.5336899757385254,-0.5336899757385254
S2621C,APC,2621,0,-3.8013758659362793,3.8013758659362793
A735V,APC,735,0,-0.035535573959350586,0.035535573959350586
D1083E,APC,1083,0,0.4146592617034912,-0.4146592617034912
N1118D,APC,1118,0,-0.47756457328796387,0.47756457328796387
E140D,APC,140,0,-2.172717571258545,2.172717571258545
I3412V,BRCA2,3412,0,-0.051343441009521484,0.051343441009521484
S384F,BRCA2,384,0,-1.200162649154663,1.200162649154663
I505T,BRCA2,505,0,0.0001361370086669922,-0.0001361370086669922
T598A,BRCA2,598,0,-0.5691957473754883,0.5691957473754883
M784V,BRCA2,784,0,1.1217947006225586,-1.1217947006225586
N991D,BRCA2,991,0,-0.49717283248901367,0.49717283248901367
S1172L,BRCA2,1172,0,-0.3610515594482422,0.3610515594482422
G1194D,BRCA2,1194,0,-0.20926713943481445,0.20926713943481445
D1420Y,BRCA2,1420,0,-1.046236276626587,1.046236276626587
K1531N,BRCA2,1531,0,0.6429522037506104,-0.6429522037506104
E1593D,BRCA2,1593,0,-0.5642366409301758,0.5642366409301758
D1911V,BRCA2,1911,0,0.6716327667236328,-0.6716327667236328
T1915M,BRCA2,1915,0,-1.2876205444335938,1.2876205444335938
R2034C,BRCA2,2034,0,-0.12943100929260254,0.12943100929260254
R2108C,BRCA2,2108,0,0.09795904159545898,-0.09795904159545898
H2116R,BRCA2,2116,0,0.03748798370361328,-0.03748798370361328
H2440R,BRCA2,2440,0,0.41983699798583984,-0.41983699798583984
A2717S,BRCA2,2717,0,-1.2109460830688477,1.2109460830688477
V2728I,BRCA2,2728,0,-0.07978534698486328,0.07978534698486328
N289H,BRCA2,289,0,-0.919687032699585,0.919687032699585
I2944F,BRCA2,2944,0,-1.403254508972168,1.403254508972168
A2951T,BRCA2,2951,0,-0.7183821201324463,0.7183821201324463
V3244I,BRCA2,3244,0,-0.14210009574890137,0.14210009574890137
A127S,CDKN2A,127,0,-4.639148235321045,4.639148235321045
R144C,CDKN2A,144,0,-2.6309092044830322,2.6309092044830322
A148T,CDKN2A,148,0,-0.9388189315795898,0.9388189315795898
N400S,KIT,400,0,-0.49393153190612793,0.49393153190612793
M541L,KIT,541,0,-1.471665859222412,1.471665859222412
V37A,MET,37,0,-0.8803200721740723,0.8803200721740723
N375S,MET,375,0,-0.25778841972351074,0.25778841972351074
I316M,MET,316,0,-1.9102874994277954,1.9102874994277954
I1679V,NF1,1679,0,-0.22448015213012695,0.22448015213012695
A2532V,NF1,2532,0,-0.1505129337310791,0.1505129337310791
A79T,PTEN,79,0,1.2861833572387695,-1.2861833572387695
E137D,RB1,137,0,-0.7129526138305664,0.7129526138305664
D210Y,RB1,210,0,-4.952874660491943,4.952874660491943
S334L,TSC1,334,0,-0.5067353248596191,0.5067353248596191
T360N,TSC1,360,0,-1.6223626136779785,1.6223626136779785
Q550E,TSC1,550,0,0.9333176612854004,-0.9333176612854004
T899S,TSC1,899,0,0.11363935470581055,-0.11363935470581055
M322T,TSC1,322,0,2.4435129165649414,-2.4435129165649414
R367Q,TSC2,367,0,-0.4316389560699463,0.4316389560699463
A583T,TSC2,583,0,-0.4198174476623535,0.4198174476623535
A607T,TSC2,607,0,-0.4797849655151367,0.4797849655151367
A1257V,TSC2,1257,0,-0.5916447639465332,0.5916447639465332
S1276F,TSC2,1276,0,-2.3083505630493164,2.3083505630493164
P1305L,TSC2,1305,0,-0.25208210945129395,0.25208210945129395
R1329H,TSC2,1329,0,-2.0962910652160645,2.0962910652160645
A1429S,TSC2,1429,0,0.46178150177001953,-0.46178150177001953
S1774T,TSC2,1774,0,-0.8360116481781006,0.8360116481781006
R1795C,TSC2,1795,0,-2.653726577758789,2.653726577758789
Q356R,BRCA1,356,0,0.8011481761932373,-0.8011481761932373
D411E,BRCA1,411,0,0.1825401782989502,-0.1825401782989502
R496H,BRCA1,496,0,-0.5139138698577881,0.5139138698577881
E597K,BRCA1,597,0,-0.34518957138061523,0.34518957138061523
D693N,BRCA1,693,0,0.32631635665893555,-0.32631635665893555
V772A,BRCA1,772,0,-0.2884824275970459,0.2884824275970459
K820E,BRCA1,820,0,0.48757505416870117,-0.48757505416870117
R866C,BRCA1,866,0,-1.6285533905029297,1.6285533905029297
P871L,BRCA1,871,0,0.7947421073913574,-0.7947421073913574
M1008I,BRCA1,1008,0,1.5232808589935303,-1.5232808589935303
E1038G,BRCA1,1038,0,-1.0015723705291748,1.0015723705291748
P1099L,BRCA1,1099,0,0.3724663257598877,-0.3724663257598877
S1140G,BRCA1,1140,0,-1.3186434507369995,1.3186434507369995
K1183R,BRCA1,1183,0,-0.5864341259002686,0.5864341259002686
L1261F,BRCA1,1261,0,-1.0635385513305664,1.0635385513305664
R1347G,BRCA1,1347,0,0.281862735748291,-0.281862735748291
P142H,BRCA1,142,0,-1.0431537628173828,1.0431537628173828
R1507T,BRCA1,1507,0,0.9108648300170898,-0.9108648300170898
S1512I,BRCA1,1512,0,-1.7804450988769531,1.7804450988769531
S1613G,BRCA1,1613,0,-1.0126349925994873,1.0126349925994873
M1628T,BRCA1,1628,0,1.3763244152069092,-1.3763244152069092
M1652I,BRCA1,1652,0,0.365048885345459,-0.365048885345459
H1860P,BRCA1,1860,0,0.8070173263549805,-0.8070173263549805
L246V,BRCA1,246,0,-0.5217843055725098,0.5217843055725098
R67H,RET,67,0,-0.995781421661377,0.995781421661377
T278N,RET,278,0,0.06350231170654297,-0.06350231170654297
A347D,TP53,347,1,-4.902164459228516,4.902164459228516
P47S,TP53,47,0,0.39716148376464844,-0.39716148376464844
R273C,TP53,273,1,-10.816356658935547,10.816356658935547
S65W,VHL,65,1,-0.6357407569885254,0.6357407569885254
E70K,VHL,70,1,-0.49660634994506836,0.49660634994506836
R107G,VHL,107,1,-0.3361055850982666,0.3361055850982666
Y156C,VHL,156,1,-0.5775370597839355,0.5775370597839355
C162F,VHL,162,1,0.7961711883544922,-0.7961711883544922
V166A,VHL,166,1,-0.25533032417297363,0.25533032417297363
G466R,BRAF,466,1,-13.492927551269531,13.492927551269531
G469V,BRAF,469,1,-13.409406661987305,13.409406661987305
T470R,BRAF,470,1,-14.528156280517578,14.528156280517578
A481E,BRAF,481,1,-15.717598915100098,15.717598915100098
V487G,BRAF,487,1,-10.305550575256348,10.305550575256348
E501Q,BRAF,501,1,-12.122673988342285,12.122673988342285
H574Y,BRAF,574,1,-13.007014274597168,13.007014274597168
N581K,BRAF,581,1,-17.218271255493164,17.218271255493164
D594N,BRAF,594,1,-18.023677825927734,18.023677825927734
V600M,BRAF,600,1,-13.19279956817627,13.19279956817627
V600L,BRAF,600,1,-13.142208099365234,13.142208099365234
K601T,BRAF,601,1,-12.850611686706543,12.850611686706543
T241K,BRAF,241,1,-13.44832992553711,13.44832992553711
F247V,BRAF,247,1,-15.445072174072266,15.445072174072266
Q262P,BRAF,262,1,-13.515338897705078,13.515338897705078
G265R,BRAF,265,1,-11.508458137512207,11.508458137512207
A31G,BRAF,31,0,-5.146773815155029,5.146773815155029
S323L,BRAF,323,0,-11.83565616607666,11.83565616607666
G815R,ERBB2,815,0,-2.987849473953247,2.987849473953247
G719R,EGFR,719,1,-12.376916885375977,12.376916885375977
G719A,EGFR,719,1,-9.086310386657715,9.086310386657715
S768I,EGFR,768,1,-5.465072154998779,5.465072154998779
V834L,EGFR,834,1,-8.734122276306152,8.734122276306152
R336W,TSC1,336,0,-3.1329879760742188,3.1329879760742188
S403L,TSC1,403,0,-0.6567957401275635,0.6567957401275635
P448S,TSC1,448,0,0.20207881927490234,-0.20207881927490234
R509Q,TSC1,509,0,-0.058585166931152344,0.058585166931152344
A523P,TSC1,523,0,-0.325089693069458,0.325089693069458
L61P,TSC1,61,1,-6.43328857421875,6.43328857421875
A659V,TSC1,659,0,-0.04570174217224121,0.04570174217224121
G681S,TSC1,681,1,0.3223590850830078,-0.3223590850830078
L72P,TSC1,72,1,-6.626396179199219,6.626396179199219
E809Q,TSC1,809,0,-0.376284122467041,0.376284122467041
S829R,TSC1,829,0,-0.6560337543487549,0.6560337543487549
A84T,TSC1,84,0,0.014861345291137695,-0.014861345291137695
A883T,TSC1,883,0,-0.13563275337219238,0.13563275337219238
R885W,TSC1,885,0,-3.672854423522949,3.672854423522949
R1097H,TSC1,1097,0,-0.9306504726409912,0.9306504726409912
R190P,TSC1,190,1,-9.044892311096191,9.044892311096191
L191H,TSC1,191,1,-9.378049850463867,9.378049850463867
L191R,TSC1,191,1,-10.031595230102539,10.031595230102539
F216S,TSC1,216,1,-5.541892051696777,5.541892051696777
L362P,TSC2,362,1,1.5134130716323853,-1.5134130716323853
L493V,TSC2,493,1,-0.9501916766166687,0.9501916766166687
Y598H,TSC2,598,1,-0.43340444564819336,0.43340444564819336
R611G,TSC2,611,1,-0.42566609382629395,0.42566609382629395
K7R,TSC2,7,0,-0.4946925640106201,0.4946925640106201
E814K,TSC2,814,1,0.12100696563720703,-0.12100696563720703
P91L,TSC2,91,0,-0.5763192176818848,0.5763192176818848
R1032P,TSC2,1032,1,-0.5867080688476562,0.5867080688476562
T1071R,TSC2,1071,1,0.2159252166748047,-0.2159252166748047
A1141T,TSC2,1141,0,-0.30095958709716797,0.30095958709716797
L160V,TSC2,160,1,-0.7418034076690674,0.7418034076690674
L1597P,TSC2,1597,1,-6.8543925285339355,6.8543925285339355
H1620Y,TSC2,1620,1,-4.3239336013793945,4.3239336013793945
H1640Y,TSC2,1640,1,-4.6487345695495605,4.6487345695495605
N1651S,TSC2,1651,1,0.8327054977416992,-0.8327054977416992
N1681K,TSC2,1681,1,-0.15160775184631348,0.15160775184631348
S1684P,TSC2,1684,1,-3.393711566925049,3.393711566925049
D1690Y,TSC2,1690,1,-0.960064172744751,0.960064172744751
P1709R,TSC2,1709,1,0.2362051010131836,-0.2362051010131836
L1717P,TSC2,1717,1,-2.781418800354004,2.781418800354004
L1750F,TSC2,1750,0,-1.5608599185943604,1.5608599185943604
P1771L,TSC2,1771,0,-0.7429814338684082,0.7429814338684082
R261W,TSC2,261,0,-2.7131080627441406,2.7131080627441406
G294R,TSC2,294,1,1.2808184623718262,-1.2808184623718262
D1690H,TSC2,1690,1,-0.5123531818389893,0.5123531818389893
S1698R,TSC2,1698,0,-0.9085111618041992,0.9085111618041992
I1648T,TSC2,1648,1,-3.5390243530273438,3.5390243530273438
G1595R,TSC2,1595,1,-6.093413829803467,6.093413829803467
R1743W,TSC2,1743,1,-1.6492047309875488,1.6492047309875488
Y1549C,TSC2,1549,1,-3.6569929122924805,3.6569929122924805
Q1554H,TSC2,1554,1,-5.129509449005127,5.129509449005127
P1497T,TSC2,1497,1,-0.3915531635284424,0.3915531635284424
P1497R,TSC2,1497,1,-0.23285317420959473,0.23285317420959473
V1673L,TSC2,1673,0,-1.4526797533035278,1.4526797533035278
Q1503H,TSC2,1503,1,-0.5280923843383789,0.5280923843383789
Y1571C,TSC2,1571,1,-3.0652503967285156,3.0652503967285156
G1204R,TSC2,1204,1,0.013987302780151367,-0.013987302780151367
L1235F,TSC2,1235,0,-1.4503264427185059,1.4503264427185059
D1028N,TSC2,1028,1,-0.4774472713470459,0.4774472713470459
A1141V,TSC2,1141,0,-0.32613420486450195,0.32613420486450195
A889V,TSC2,889,1,-0.10762333869934082,0.10762333869934082
L808S,TSC2,808,1,-1.4205600023269653,1.4205600023269653
F897S,TSC2,897,1,0.8614110946655273,-0.8614110946655273
L737P,TSC2,737,1,-4.4721269607543945,4.4721269607543945
P579A,TSC2,579,0,-0.9998018741607666,0.9998018741607666
H597R,TSC2,597,1,-0.3781285285949707,0.3781285285949707
R611W,TSC2,611,1,-1.1933820247650146,1.1933820247650146
A460T,TSC2,460,0,-0.537358283996582,0.537358283996582
P543L,TSC2,543,0,-0.16036128997802734,0.16036128997802734
I463V,TSC2,463,0,0.336153507232666,-0.336153507232666
N525S,TSC2,525,0,1.156469464302063,-1.156469464302063
A614D,TSC2,614,1,-2.6265769004821777,2.6265769004821777
C804R,TSC2,804,1,-0.053955078125,0.053955078125
T5A,TSC2,5,0,0.09008407592773438,-0.09008407592773438
L826P,TSC2,826,1,-4.816135406494141,4.816135406494141
R1159W,TSC2,1159,0,-2.514859676361084,2.514859676361084
Y1186C,TSC2,1186,0,0.05043792724609375,-0.05043792724609375
R1200W,TSC2,1200,1,-2.8664791584014893,2.8664791584014893
T993M,TSC2,993,0,-1.551750898361206,1.551750898361206
E1558K,TSC2,1558,1,-3.4187569618225098,3.4187569618225098
R1743G,TSC2,1743,1,-0.5238161087036133,0.5238161087036133
L1027P,TSC2,1027,1,-1.0296719074249268,1.0296719074249268
C244R,TSC2,244,1,0.03817319869995117,-0.03817319869995117
N1643H,TSC2,1643,1,-5.012322902679443,5.012322902679443
L264P,TSC2,264,1,-2.0714120864868164,2.0714120864868164
P1709L,TSC2,1709,1,0.34429502487182617,-0.34429502487182617
R1713H,TSC2,1713,1,-1.3398782014846802,1.3398782014846802
R1713P,TSC2,1713,1,-2.053316593170166,2.053316593170166
R1793Q,TSC2,1793,0,-1.152482509613037,1.152482509613037
A196T,TSC2,196,0,0.09368300437927246,-0.09368300437927246
G1579S,TSC2,1579,1,-3.8872487545013428,3.8872487545013428
R1743Q,TSC2,1743,1,-0.5433173179626465,0.5433173179626465
R1743P,TSC2,1743,1,-0.5211338996887207,0.5211338996887207
L1744P,TSC2,1744,1,-1.9672729969024658,1.9672729969024658
G1642D,TSC2,1642,1,-6.487046241760254,6.487046241760254
M286V,TSC2,286,0,0.6755151748657227,-0.6755151748657227
M286T,TSC2,286,0,1.457031011581421,-1.457031011581421
P1265S,TSC2,1265,0,-0.4891369342803955,0.4891369342803955
L1562P,TSC2,1562,1,-4.285813808441162,4.285813808441162
S1095N,TSC2,1095,1,-2.4253346920013428,2.4253346920013428
G1399R,TSC2,1399,0,0.2742276191711426,-0.2742276191711426
G1134A,TSC2,1134,1,-0.2841629981994629,0.2841629981994629
L850P,TSC2,850,1,-3.8687853813171387,3.8687853813171387
L1578P,TSC2,1578,1,-5.964818477630615,5.964818477630615
L1584R,TSC2,1584,1,-2.4154839515686035,2.4154839515686035
C696R,TSC2,696,1,-0.8963518142700195,0.8963518142700195
C696Y,TSC2,696,1,-0.029274940490722656,0.029274940490722656
E92V,TSC2,92,0,-2.8437163829803467,2.8437163829803467
L733P,TSC2,733,1,-3.8028006553649902,3.8028006553649902
G1204E,TSC2,1204,1,0.40497398376464844,-0.40497398376464844
Y598C,TSC2,598,1,0.06966543197631836,-0.06966543197631836
D1013N,TSC2,1013,0,-0.8026986122131348,0.8026986122131348
P419S,TSC2,419,1,1.190934181213379,-1.190934181213379
M649T,TSC2,649,0,1.1250317096710205,-1.1250317096710205
L466P,TSC2,466,1,-7.661478519439697,7.661478519439697
L466R,TSC2,466,1,-6.520685195922852,6.520685195922852
T3374I,BRCA2,3374,0,-0.11544084548950195,0.11544084548950195
Q347R,BRCA2,347,0,-0.40820884704589844,0.40820884704589844
P375S,BRCA2,375,0,1.0110423564910889,-1.0110423564910889
E394A,BRCA2,394,0,-0.6449384689331055,0.6449384689331055
P41S,BRCA2,41,0,1.0638582706451416,-1.0638582706451416
L452I,BRCA2,452,0,-0.523883581161499,0.523883581161499
Q499R,BRCA2,499,0,-0.1355266571044922,0.1355266571044922
C554W,BRCA2,554,0,-2.414602279663086,2.414602279663086
N560D,BRCA2,560,0,-0.12688350677490234,0.12688350677490234
D596H,BRCA2,596,0,-0.9022836685180664,0.9022836685180664
Y600H,BRCA2,600,0,0.2248826026916504,-0.2248826026916504
G602R,BRCA2,602,0,0.07689619064331055,-0.07689619064331055
A618P,BRCA2,618,0,-0.05516695976257324,0.05516695976257324
D707Y,BRCA2,707,0,-1.4127764701843262,1.4127764701843262
Q713L,BRCA2,713,0,0.4472184181213379,-0.4472184181213379
A737S,BRCA2,737,0,1.1023311614990234,-1.1023311614990234
V741L,BRCA2,741,0,0.30085277557373047,-0.30085277557373047
A75P,BRCA2,75,0,0.6085078716278076,-0.6085078716278076
L759F,BRCA2,759,0,-0.7853748798370361,0.7853748798370361
D806H,BRCA2,806,0,-0.6982462406158447,0.6982462406158447
Y828C,BRCA2,828,0,0.27597641944885254,-0.27597641944885254
P835S,BRCA2,835,0,1.2908039093017578,-1.2908039093017578
V894I,BRCA2,894,0,0.1530437469482422,-0.1530437469482422
N900D,BRCA2,900,0,-0.40020322799682617,0.40020322799682617
L929S,BRCA2,929,0,0.21321725845336914,-0.21321725845336914
D935N,BRCA2,935,0,0.5748870372772217,-0.5748870372772217
S958G,BRCA2,958,0,-1.5407700538635254,1.5407700538635254
N987I,BRCA2,987,0,0.3900790214538574,-0.3900790214538574
Y989D,BRCA2,989,0,0.7652733325958252,-0.7652733325958252
L996R,BRCA2,996,0,-1.259904384613037,1.259904384613037
M1T,BRCA2,1,1,-4.566672325134277,4.566672325134277
M1R,BRCA2,1,1,-4.5458197593688965,4.5458197593688965
S1041N,BRCA2,1041,0,-0.0704953670501709,0.0704953670501709
C1044W,BRCA2,1044,0,-2.6803293228149414,2.6803293228149414
N108H,BRCA2,108,0,-0.9330945014953613,0.9330945014953613
Y1135H,BRCA2,1135,0,0.3766365051269531,-0.3766365051269531
M1149V,BRCA2,1149,0,1.2752118110656738,-1.2752118110656738
R1190W,BRCA2,1190,0,-3.9906835556030273,3.9906835556030273
F1192C,BRCA2,1192,0,-0.4942173957824707,0.4942173957824707
D1280V,BRCA2,1280,0,-0.21910929679870605,0.21910929679870605
V1283G,BRCA2,1283,0,-1.1536202430725098,1.1536202430725098
T1302N,BRCA2,1302,0,0.23044157028198242,-0.23044157028198242
R1315K,BRCA2,1315,0,1.1865653991699219,-1.1865653991699219
I1349T,BRCA2,1349,0,-0.5595266819000244,0.5595266819000244
T1354M,BRCA2,1354,0,-1.903503656387329,1.903503656387329
I1364L,BRCA2,1364,0,-0.06665706634521484,0.06665706634521484
T1388N,BRCA2,1388,0,0.5283687114715576,-0.5283687114715576
T1414M,BRCA2,1414,0,-1.5589971542358398,1.5589971542358398
S1424C,BRCA2,1424,0,-1.72780179977417,1.72780179977417
Q147R,BRCA2,147,0,-0.1977548599243164,0.1977548599243164
S1479T,BRCA2,1479,0,-0.7353222370147705,0.7353222370147705
L1522F,BRCA2,1522,0,-0.4714522361755371,0.4714522361755371
F1524V,BRCA2,1524,0,-3.3885068893432617,3.3885068893432617
C1573Y,BRCA2,1573,0,-0.6420297622680664,0.6420297622680664
V159M,BRCA2,159,1,-1.5816402435302734,1.5816402435302734
A1668G,BRCA2,1668,0,-0.12211108207702637,0.12211108207702637
P168T,BRCA2,168,0,-2.276435375213623,2.276435375213623
R18H,BRCA2,18,0,-1.3090591430664062,1.3090591430664062
P1819S,BRCA2,1819,0,1.3587405681610107,-1.3587405681610107
K1823Q,BRCA2,1823,0,-0.6173233985900879,0.6173233985900879
N1880K,BRCA2,1880,0,-0.19852828979492188,0.19852828979492188
E1895Q,BRCA2,1895,0,-0.7056972980499268,0.7056972980499268
H1918Y,BRCA2,1918,0,-0.47037839889526367,0.47037839889526367
H1918R,BRCA2,1918,0,0.7961153984069824,-0.7961153984069824
S2006R,BRCA2,2006,0,-0.6277284622192383,0.6277284622192383
V211I,BRCA2,211,1,-0.33207225799560547,0.33207225799560547
K2128N,BRCA2,2128,0,-0.1875443458557129,0.1875443458557129
S2152Y,BRCA2,2152,0,-2.3381402492523193,2.3381402492523193
H2178Y,BRCA2,2178,0,-0.6853790283203125,0.6853790283203125
D23Y,BRCA2,23,1,-1.805192470550537,1.805192470550537
D2312V,BRCA2,2312,0,0.4040851593017578,-0.4040851593017578
R2318Q,BRCA2,2318,0,-0.12990665435791016,0.12990665435791016
R2336P,BRCA2,2336,1,0.15034818649291992,-0.15034818649291992
R2336L,BRCA2,2336,1,0.4866373538970947,-0.4866373538970947
K2339N,BRCA2,2339,0,-0.45356225967407227,0.45356225967407227
G2353R,BRCA2,2353,0,0.36788153648376465,-0.36788153648376465
K2411T,BRCA2,2411,0,-0.07578063011169434,0.07578063011169434
N2436I,BRCA2,2436,0,-0.12204241752624512,0.12204241752624512
K2472T,BRCA2,2472,0,-0.26203107833862305,0.26203107833862305
R2502H,BRCA2,2502,0,-0.7220311164855957,0.7220311164855957
L2512F,BRCA2,2512,0,-0.9537389278411865,0.9537389278411865
T2542R,BRCA2,2542,0,0.2064521312713623,-0.2064521312713623
G2585R,BRCA2,2585,1,0.7794437408447266,-0.7794437408447266
R2602T,BRCA2,2602,1,-0.752784252166748,0.752784252166748
G2609D,BRCA2,2609,1,-0.24109387397766113,0.24109387397766113
I2627F,BRCA2,2627,1,-0.16719770431518555,0.16719770431518555
L2647P,BRCA2,2647,1,-0.670595645904541,0.670595645904541
L2653P,BRCA2,2653,1,-0.13490819931030273,0.13490819931030273
Q2655R,BRCA2,2655,1,0.21335148811340332,-0.21335148811340332
R2659T,BRCA2,2659,1,-0.20267200469970703,0.20267200469970703
Y2660D,BRCA2,2660,1,0.3960416316986084,-0.3960416316986084
E2663K,BRCA2,2663,1,-0.30819153785705566,0.30819153785705566
E2663V,BRCA2,2663,1,-0.46162867546081543,0.46162867546081543
S2670L,BRCA2,2670,1,0.22241806983947754,-0.22241806983947754
I2675V,BRCA2,2675,1,-0.507866382598877,0.507866382598877
L2686P,BRCA2,2686,1,-1.9612704515457153,1.9612704515457153
L2721H,BRCA2,2721,1,-7.880228042602539,7.880228042602539
D2723H,BRCA2,2723,1,-6.157379627227783,6.157379627227783
D2723A,BRCA2,2723,1,-6.2359514236450195,6.2359514236450195
G2724V,BRCA2,2724,1,-4.631383895874023,4.631383895874023
Y2726C,BRCA2,2726,1,-0.8508126735687256,0.8508126735687256
G2748D,BRCA2,2748,1,-3.424342155456543,3.424342155456543
A2770T,BRCA2,2770,0,0.5355281829833984,-0.5355281829833984
W2788R,BRCA2,2788,1,1.541670560836792,-1.541670560836792
L2792P,BRCA2,2792,1,0.3733656406402588,-0.3733656406402588
G2793R,BRCA2,2793,1,0.36902689933776855,-0.36902689933776855
S2835P,BRCA2,2835,0,-0.41182470321655273,0.41182470321655273
R2842H,BRCA2,2842,0,-0.8760616779327393,0.8760616779327393
S286P,BRCA2,286,0,-1.2109160423278809,1.2109160423278809
V2969M,BRCA2,2969,0,-1.4030473232269287,1.4030473232269287
R3052W,BRCA2,3052,1,-1.7549643516540527,1.7549643516540527
K3059E,BRCA2,3059,0,0.6154422760009766,-0.6154422760009766
P3063S,BRCA2,3063,0,0.853668212890625,-0.853668212890625
W31R,BRCA2,31,1,3.119037628173828,-3.119037628173828
G3076E,BRCA2,3076,1,-7.170016765594482,7.170016765594482
D3095E,BRCA2,3095,1,-3.487959384918213,3.487959384918213
L3125H,BRCA2,3125,1,-4.156489372253418,4.156489372253418
D3170G,BRCA2,3170,0,-0.2611958980560303,0.2611958980560303
L3180F,BRCA2,3180,0,-1.3284426927566528,1.3284426927566528
S326R,BRCA2,326,0,0.08873796463012695,-0.08873796463012695
P3292L,BRCA2,3292,0,-2.116319417953491,2.116319417953491
P334L,BRCA1,334,0,0.7123606204986572,-0.7123606204986572
K355R,BRCA1,355,0,-0.7621726989746094,0.7621726989746094
T37K,BRCA1,37,1,-7.565248012542725,7.565248012542725
T37R,BRCA1,37,1,-7.833585262298584,7.833585262298584
N376S,BRCA1,376,0,-0.3471565246582031,0.3471565246582031
S377N,BRCA1,377,0,-1.45843505859375,1.45843505859375
I379M,BRCA1,379,0,-1.5886611938476562,1.5886611938476562
C39S,BRCA1,39,1,-8.167699813842773,8.167699813842773
C39R,BRCA1,39,1,-7.250455856323242,7.250455856323242
C39G,BRCA1,39,1,-8.384612083435059,8.384612083435059
S403F,BRCA1,403,0,-1.5249931812286377,1.5249931812286377
H41R,BRCA1,41,1,-8.420989990234375,8.420989990234375
E421K,BRCA1,421,0,-0.3202934265136719,0.3202934265136719
C44S,BRCA1,44,1,-5.6292195320129395,5.6292195320129395
C44R,BRCA1,44,1,-8.769770622253418,8.769770622253418
C44Y,BRCA1,44,1,-7.589577674865723,7.589577674865723
C44F,BRCA1,44,1,-8.374752044677734,8.374752044677734
F461L,BRCA1,461,0,0.8739950656890869,-0.8739950656890869
Y465D,BRCA1,465,0,-0.6200065612792969,0.6200065612792969
C47G,BRCA1,47,1,-9.346575736999512,9.346575736999512
C47Y,BRCA1,47,1,-7.657513618469238,7.657513618469238
C47F,BRCA1,47,1,-8.73835277557373,8.73835277557373
N473S,BRCA1,473,0,0.7008767127990723,-0.7008767127990723
N473I,BRCA1,473,0,-0.8896739482879639,0.8896739482879639
H476R,BRCA1,476,0,0.5381393432617188,-0.5381393432617188
F486L,BRCA1,486,0,0.9007868766784668,-0.9007868766784668
R504H,BRCA1,504,0,-3.8083741664886475,3.8083741664886475
D522N,BRCA1,522,0,0.12060379981994629,-0.12060379981994629
T539M,BRCA1,539,0,-1.3526840209960938,1.3526840209960938
G552V,BRCA1,552,0,0.719731330871582,-0.719731330871582
P568L,BRCA1,568,0,1.2151103019714355,-1.2151103019714355
T582A,BRCA1,582,0,-0.5027849674224854,0.5027849674224854
I600M,BRCA1,600,0,-1.357222318649292,1.357222318649292
C61S,BRCA1,61,1,-9.494711875915527,9.494711875915527
C61R,BRCA1,61,1,-10.0324068069458,10.0324068069458
C61Y,BRCA1,61,1,-7.5447540283203125,7.5447540283203125
R612G,BRCA1,612,0,-1.4839234352111816,1.4839234352111816
A622V,BRCA1,622,0,-0.6990857124328613,0.6990857124328613
P633T,BRCA1,633,0,0.07173967361450195,-0.07173967361450195
P634R,BRCA1,634,0,-0.28082704544067383,0.28082704544067383
C64R,BRCA1,64,1,-7.7291412353515625,7.7291412353515625
C64Y,BRCA1,64,1,-6.822996139526367,6.822996139526367
D642H,BRCA1,642,0,-0.978766918182373,0.978766918182373
S643G,BRCA1,643,0,-1.2007520198822021,1.2007520198822021
C644W,BRCA1,644,0,-2.918850898742676,2.918850898742676
K654E,BRCA1,654,0,-0.07815194129943848,0.07815194129943848
Y655D,BRCA1,655,0,1.4985036849975586,-1.4985036849975586
D67Y,BRCA1,67,0,-0.26398181915283203,0.26398181915283203
M1V,BRCA1,1,1,-6.182636260986328,6.182636260986328
D695Y,BRCA1,695,0,-1.081071376800537,1.081071376800537
R71K,BRCA1,71,1,0.061417579650878906,-0.061417579650878906
P727L,BRCA1,727,0,0.6367127895355225,-0.6367127895355225
R762S,BRCA1,762,0,1.3303675651550293,-1.3303675651550293
I783V,BRCA1,783,0,0.4601435661315918,-0.4601435661315918
Q804H,BRCA1,804,0,-0.605426549911499,0.605426549911499
C805R,BRCA1,805,0,0.8471364974975586,-0.8471364974975586
N810Y,BRCA1,810,0,-1.9503417015075684,1.9503417015075684
D825V,BRCA1,825,0,0.4977381229400635,-0.4977381229400635
R841Q,BRCA1,841,0,0.6452465057373047,-0.6452465057373047
Y856H,BRCA1,856,0,0.6335670948028564,-0.6335670948028564
R866H,BRCA1,866,0,-1.4345707893371582,1.4345707893371582
E879K,BRCA1,879,0,0.14853501319885254,-0.14853501319885254
L892S,BRCA1,892,0,0.006063222885131836,-0.006063222885131836
D96N,BRCA1,96,1,0.5764341354370117,-0.5764341354370117
G960D,BRCA1,960,0,-0.03888988494873047,0.03888988494873047
E962K,BRCA1,962,0,0.9948499202728271,-0.9948499202728271
T967S,BRCA1,967,0,0.7580893039703369,-0.7580893039703369
H971N,BRCA1,971,0,1.0742130279541016,-1.0742130279541016
R979C,BRCA1,979,0,-1.2623796463012695,1.2623796463012695
M1T,BRCA1,1,1,-6.805398941040039,6.805398941040039
M1R,BRCA1,1,1,-7.209209442138672,7.209209442138672
M1008V,BRCA1,1008,0,1.9483647346496582,-1.9483647346496582
S1024R,BRCA1,1024,0,-1.360109567642212,1.360109567642212
V1047A,BRCA1,1047,0,-2.2987892627716064,2.2987892627716064
G1048V,BRCA1,1048,0,-3.720876693725586,3.720876693725586
Y105C,BRCA1,105,0,-0.18111348152160645,0.18111348152160645
R1076S,BRCA1,1076,0,1.0782196521759033,-1.0782196521759033
S1101N,BRCA1,1101,0,-0.4217205047607422,0.4217205047607422
S1139I,BRCA1,1139,0,-0.8842999935150146,0.8842999935150146
Q1144H,BRCA1,1144,0,-0.7779064178466797,0.7779064178466797
P1150S,BRCA1,1150,0,1.4327349662780762,-1.4327349662780762
D1155H,BRCA1,1155,0,-0.8298401832580566,0.8298401832580566
V1176D,BRCA1,1176,0,-0.0002548694610595703,0.0002548694610595703
V1181I,BRCA1,1181,0,-0.38980555534362793,0.38980555534362793
V1181A,BRCA1,1181,0,-0.45815205574035645,0.45815205574035645
Q1200H,BRCA1,1200,0,-0.588524580001831,0.588524580001831
G1201S,BRCA1,1201,0,0.7788400650024414,-0.7788400650024414
R1203Q,BRCA1,1203,0,0.36225175857543945,-0.36225175857543945
G1205R,BRCA1,1205,0,0.4973740577697754,-0.4973740577697754
E1214K,BRCA1,1214,0,-1.7283997535705566,1.7283997535705566
S1218C,BRCA1,1218,0,-3.0890402793884277,3.0890402793884277
K1233R,BRCA1,1233,0,-1.1148970127105713,1.1148970127105713
N1236K,BRCA1,1236,0,0.15905284881591797,-0.15905284881591797
I124V,BRCA1,124,0,0.1620326042175293,-0.1620326042175293
S1241C,BRCA1,1241,0,-1.7107203006744385,1.7107203006744385
T1242A,BRCA1,1242,0,-0.2674069404602051,0.2674069404602051
V1247I,BRCA1,1247,0,-0.716663122177124,0.716663122177124
E1250K,BRCA1,1250,0,-0.4165372848510742,0.4165372848510742
S1253Y,BRCA1,1253,0,-2.2403454780578613,2.2403454780578613
S1266T,BRCA1,1266,0,-0.8495891094207764,0.8495891094207764
A1277P,BRCA1,1277,0,0.7492880821228027,-0.7492880821228027
H1283R,BRCA1,1283,0,0.16667962074279785,-0.16667962074279785
H1284R,BRCA1,1284,0,0.05722308158874512,-0.05722308158874512
N132K,BRCA1,132,0,1.2929296493530273,-1.2929296493530273
R133C,BRCA1,133,0,-2.624634265899658,2.624634265899658
M1I,BRCA1,1,1,-6.5588178634643555,6.5588178634643555
D1337E,BRCA1,1337,0,0.46924567222595215,-0.46924567222595215
T1349M,BRCA1,1349,0,-1.179600715637207,1.179600715637207
M1361L,BRCA1,1361,0,1.4052801132202148,-1.4052801132202148
V1378I,BRCA1,1378,0,-0.4554574489593506,0.4554574489593506
H1402Y,BRCA1,1402,0,-1.112041711807251,1.112041711807251
M1411T,BRCA1,1411,1,-1.0802021026611328,1.0802021026611328
E1419Q,BRCA1,1419,0,0.19515633583068848,-0.19515633583068848
I1432L,BRCA1,1432,0,0.8280117511749268,-0.8280117511749268
N1468H,BRCA1,1468,0,-0.7455992698669434,0.7455992698669434
V1534M,BRCA1,1534,0,-0.9468235969543457,0.9468235969543457
D1546N,BRCA1,1546,0,-0.24300050735473633,0.24300050735473633
D1546Y,BRCA1,1546,0,-1.3001933097839355,1.3001933097839355
Q155E,BRCA1,155,0,0.4268321990966797,-0.4268321990966797
T1561I,BRCA1,1561,0,-0.41635656356811523,0.41635656356811523
L1564P,BRCA1,1564,0,-0.2515897750854492,0.2515897750854492
S1577P,BRCA1,1577,0,-0.3728213310241699,0.3728213310241699
A1584S,BRCA1,1584,0,1.039696455001831,-1.039696455001831
R1589H,BRCA1,1589,0,-0.31911206245422363,0.31911206245422363
I1593L,BRCA1,1593,0,0.7816219329833984,-0.7816219329833984
P1614S,BRCA1,1614,0,0.5160183906555176,-0.5160183906555176
P1637L,BRCA1,1637,0,-0.171539306640625,0.171539306640625
A1641T,BRCA1,1641,0,0.024603843688964844,-0.024603843688964844
S1655F,BRCA1,1655,1,-7.6432881355285645,7.6432881355285645
F1662S,BRCA1,1662,0,2.404308557510376,-2.404308557510376
E1682K,BRCA1,1682,0,-1.4405101537704468,1.4405101537704468
E1682V,BRCA1,1682,1,-2.943417549133301,2.943417549133301
T1685A,BRCA1,1685,1,-6.757846832275391,6.757846832275391
T1685I,BRCA1,1685,1,-7.291569709777832,7.291569709777832
H1686Q,BRCA1,1686,1,-7.048107624053955,7.048107624053955
T1691R,BRCA1,1691,1,-1.9766037464141846,1.9766037464141846
D1692Y,BRCA1,1692,1,-3.9336442947387695,3.9336442947387695
D1692V,BRCA1,1692,1,-1.7774220705032349,1.7774220705032349
C1697R,BRCA1,1697,1,-6.1806488037109375,6.1806488037109375
R170W,BRCA1,170,0,-3.0135083198547363,3.0135083198547363
R1699W,BRCA1,1699,1,-6.628586769104004,6.628586769104004
R1699L,BRCA1,1699,1,-5.215858459472656,5.215858459472656
T1700A,BRCA1,1700,1,-6.941438674926758,6.941438674926758
G1706A,BRCA1,1706,0,-3.754281520843506,3.754281520843506
A1708E,BRCA1,1708,1,-8.270750045776367,8.270750045776367
V1713A,BRCA1,1713,1,-5.031186580657959,5.031186580657959
V1714G,BRCA1,1714,1,-8.394124984741211,8.394124984741211
S1715R,BRCA1,1715,1,-3.405226707458496,3.405226707458496
S1715C,BRCA1,1715,1,-4.966382026672363,4.966382026672363
S1715N,BRCA1,1715,1,-0.8911728858947754,0.8911728858947754
W1718C,BRCA1,1718,1,-8.417831420898438,8.417831420898438
T1720A,BRCA1,1720,0,-1.0948007106781006,1.0948007106781006
D1733G,BRCA1,1733,0,-2.525989055633545,2.525989055633545
F1734S,BRCA1,1734,1,-8.686954498291016,8.686954498291016
V1736G,BRCA1,1736,1,-6.545899391174316,6.545899391174316
G1738R,BRCA1,1738,1,-4.376881122589111,4.376881122589111
G1738E,BRCA1,1738,1,-3.753520965576172,3.753520965576172
D1739Y,BRCA1,1739,1,-4.010377407073975,4.010377407073975
D1739G,BRCA1,1739,1,-3.3367176055908203,3.3367176055908203
D1739V,BRCA1,1739,1,-2.9079742431640625,2.9079742431640625
D1739E,BRCA1,1739,1,-0.623316764831543,0.623316764831543
G1748D,BRCA1,1748,1,-4.779031276702881,4.779031276702881
P1749R,BRCA1,1749,1,-0.032521724700927734,0.032521724700927734
R1751Q,BRCA1,1751,0,-5.147149562835693,5.147149562835693
R1751P,BRCA1,1751,1,-6.689975261688232,6.689975261688232
A1752P,BRCA1,1752,1,-4.925002098083496,4.925002098083496
F1761S,BRCA1,1761,1,-8.391800880432129,8.391800880432129
L1764P,BRCA1,1764,1,-5.8354973793029785,5.8354973793029785
D1778N,BRCA1,1778,1,-1.3366671800613403,1.3366671800613403
L1780P,BRCA1,1780,1,-7.734051704406738,7.734051704406738
G1788C,BRCA1,1788,1,-6.638614654541016,6.638614654541016
A1789T,BRCA1,1789,1,-6.114017009735107,6.114017009735107
M18K,BRCA1,18,1,-4.3324055671691895,4.3324055671691895
V1804D,BRCA1,1804,0,0.1670684814453125,-0.1670684814453125
V1809F,BRCA1,1809,1,-2.6087265014648438,2.6087265014648438
Q1811R,BRCA1,1811,1,-0.6075515747070312,0.6075515747070312
N1819S,BRCA1,1819,0,2.406437397003174,-2.406437397003174
A1823T,BRCA1,1823,1,-0.3598453998565674,0.3598453998565674
V1833M,BRCA1,1833,1,-4.420746803283691,4.420746803283691
W1837G,BRCA1,1837,1,-9.478713989257812,9.478713989257812
V1838E,BRCA1,1838,1,-11.687314987182617,11.687314987182617
A1843P,BRCA1,1843,1,-7.822629928588867,7.822629928588867
L1844R,BRCA1,1844,0,-1.9182703495025635,1.9182703495025635
Y1853C,BRCA1,1853,1,-2.857956647872925,2.857956647872925
L1854P,BRCA1,1854,1,-0.8139083385467529,0.8139083385467529
P1856S,BRCA1,1856,0,0.22365820407867432,-0.22365820407867432
P1859R,BRCA1,1859,0,-0.43494653701782227,0.43494653701782227
S186Y,BRCA1,186,0,-3.0930237770080566,3.0930237770080566
H1862L,BRCA1,1862,0,1.2123351097106934,-1.2123351097106934
L22S,BRCA1,22,1,-4.693700313568115,4.693700313568115
C24R,BRCA1,24,1,-8.026930809020996,8.026930809020996
H239R,BRCA1,239,0,0.23668432235717773,-0.23668432235717773
C24Y,BRCA1,24,1,-6.3378729820251465,6.3378729820251465
T248N,BRCA1,248,0,-0.0401608943939209,0.0401608943939209
G263C,BRCA1,263,0,-0.5515079498291016,0.5515079498291016
G263A,BRCA1,263,0,0.21326231956481934,-0.21326231956481934
S264C,BRCA1,264,0,-1.7420177459716797,1.7420177459716797
V271M,BRCA1,271,0,-0.9169089794158936,0.9169089794158936
G275S,BRCA1,275,0,1.226017951965332,-1.226017951965332
G275D,BRCA1,275,0,0.24761486053466797,-0.24761486053466797
A280G,BRCA1,280,0,-0.04540586471557617,0.04540586471557617
M297I,BRCA1,297,0,0.9589948654174805,-0.9589948654174805
F247L,BRAF,247,1,-10.39352035522461,10.39352035522461
G132D,TSC1,132,1,-7.680880546569824,7.680880546569824
L61R,TSC1,61,1,-3.867196559906006,3.867196559906006
V126I,TSC1,126,0,-1.209751844406128,1.209751844406128
H181P,TSC1,181,1,-8.180036544799805,8.180036544799805
A567V,TSC1,567,0,-0.4516923427581787,0.4516923427581787
V384I,TSC2,384,0,-0.4015556573867798,0.4015556573867798
S1094L,TSC2,1094,0,-0.6730048656463623,0.6730048656463623
R622W,TSC2,622,1,-0.7070941925048828,0.7070941925048828
L1061P,TSC2,1061,1,0.026370525360107422,-0.026370525360107422
L528P,TSC2,528,1,-0.19439411163330078,0.19439411163330078
R1122C,TSC2,1122,0,-2.9912853240966797,2.9912853240966797
L844P,TSC2,844,1,-3.363337993621826,3.363337993621826
S235N,TSC2,235,0,-0.7276654243469238,0.7276654243469238
R537C,TSC2,537,0,-0.6058740615844727,0.6058740615844727
V1008M,TSC2,1008,0,-1.516695261001587,1.516695261001587
V1711M,TSC2,1711,0,-0.9960062503814697,0.9960062503814697
R988P,TSC2,988,0,0.012586355209350586,-0.012586355209350586
G1596V,TSC2,1596,1,-6.839258670806885,6.839258670806885
R1268H,TSC2,1268,0,-2.8392796516418457,2.8392796516418457
A889P,TSC2,889,1,-2.463592290878296,2.463592290878296
A1323V,TSC2,1323,0,-0.30606794357299805,0.30606794357299805
L1548P,TSC2,1548,1,-6.66507625579834,6.66507625579834
N1522S,TSC2,1522,0,1.3387746810913086,-1.3387746810913086
G1439D,TSC2,1439,0,-0.881659746170044,0.881659746170044
N958S,TSC2,958,0,1.774251937866211,-1.774251937866211
E456K,TSC2,456,0,-0.8935606479644775,0.8935606479644775
S1433L,TSC2,1433,0,-1.014050006866455,1.014050006866455
S1653P,TSC2,1653,1,0.3737678527832031,-0.3737678527832031
P1145L,TSC2,1145,0,0.3313131332397461,-0.3313131332397461
L733V,TSC2,733,1,-0.6365118026733398,0.6365118026733398
E254K,TSC2,254,0,-0.7910329103469849,0.7910329103469849
N1643S,TSC2,1643,1,-3.505779504776001,3.505779504776001
H1620R,TSC2,1620,1,-5.88218355178833,5.88218355178833
M1I,TSC2,1,1,-6.821427345275879,6.821427345275879
R1743L,TSC2,1743,1,1.1131399869918823,-1.1131399869918823
T1623I,TSC2,1623,1,-5.923230171203613,5.923230171203613
S1498T,TSC2,1498,1,-0.8458352088928223,0.8458352088928223
K658T,TSC2,658,0,0.2857015132904053,-0.2857015132904053
R1044K,TSC2,1044,1,-0.11746621131896973,0.11746621131896973
G1567V,TSC2,1567,1,-1.335101842880249,1.335101842880249
A1479V,TSC2,1479,0,-0.3034360408782959,0.3034360408782959
H597Y,TSC2,597,1,0.17268633842468262,-0.17268633842468262
D1028G,TSC2,1028,1,-0.4119586944580078,0.4119586944580078
A1722P,TSC2,1722,1,-1.7158350944519043,1.7158350944519043
L1708P,TSC2,1708,1,-2.616931438446045,2.616931438446045
T1068I,TSC2,1068,1,-1.8639888763427734,1.8639888763427734
F1174V,ALK,1174,1,-10.831018447875977,10.831018447875977
D338G,NF1,338,1,-0.7105255126953125,0.7105255126953125
L549P,NF1,549,1,-5.364587783813477,5.364587783813477
L578R,NF1,578,1,-2.3939247131347656,2.3939247131347656
K583R,NF1,583,1,-0.14792919158935547,0.14792919158935547
G629R,NF1,629,1,-0.43619251251220703,0.43619251251220703
L695P,NF1,695,1,-2.9467692375183105,2.9467692375183105
L763P,NF1,763,1,-3.5146379470825195,3.5146379470825195
W777S,NF1,777,1,1.9055180549621582,-1.9055180549621582
T780K,NF1,780,1,-0.39729738235473633,0.39729738235473633
H781P,NF1,781,1,0.5735464096069336,-0.5735464096069336
W784R,NF1,784,1,0.06905484199523926,-0.06905484199523926
W784C,NF1,784,1,-0.4043312072753906,0.4043312072753906
S82F,NF1,82,1,-0.053696632385253906,0.053696632385253906
L844F,NF1,844,1,-1.6589888334274292,1.6589888334274292
L844P,NF1,844,1,-2.0263562202453613,2.0263562202453613
L847P,NF1,847,1,-1.6105520725250244,1.6105520725250244
G848E,NF1,848,1,-0.07613182067871094,0.07613182067871094
L898P,NF1,898,1,-4.578362941741943,4.578362941741943
C93Y,NF1,93,1,0.4243130683898926,-0.4243130683898926
M968R,NF1,968,1,-3.2769434452056885,3.2769434452056885
F1193C,NF1,1193,1,-0.6480922698974609,0.6480922698974609
L1196R,NF1,1196,1,-1.1297812461853027,1.1297812461853027
R1204G,NF1,1204,1,0.06449365615844727,-0.06449365615844727
R1204W,NF1,1204,1,-1.9963445663452148,1.9963445663452148
R1276G,NF1,1276,1,-1.5082452297210693,1.5082452297210693
R1276Q,NF1,1276,1,-0.8974621295928955,0.8974621295928955
K1440Q,NF1,1440,1,0.15403985977172852,-0.15403985977172852
K1444R,NF1,1444,1,-1.1345919370651245,1.1345919370651245
K1444N,NF1,1444,1,-2.607415199279785,2.607415199279785
L1446P,NF1,1446,1,-6.719177722930908,6.719177722930908
L145P,NF1,145,1,-2.762866973876953,2.762866973876953
S1489G,NF1,1489,1,-0.7271826267242432,0.7271826267242432
R160T,NF1,160,1,0.49713134765625,-0.49713134765625
L194R,NF1,194,1,-1.5671988725662231,1.5671988725662231
W1952R,NF1,1952,1,-1.0397262573242188,1.0397262573242188
G2001R,NF1,2001,1,-0.3893587589263916,0.3893587589263916
C324R,NF1,324,1,-1.981177806854248,1.981177806854248
S304F,WT1,304,1,-11.879186630249023,11.879186630249023
P1851S,NF1,1851,1,0.5370407104492188,-0.5370407104492188
H365Y,TP53,365,0,-1.8262453079223633,1.8262453079223633
E842G,BRCA1,842,0,-0.8916938304901123,0.8916938304901123
N916Y,BRCA1,916,0,-1.1364810466766357,1.1364810466766357
S1266R,BRCA1,1266,0,-1.6184496879577637,1.6184496879577637
G1515E,BRCA1,1515,0,0.6244840621948242,-0.6244840621948242
L1786P,BRCA1,1786,1,-8.09623908996582,8.09623908996582
L1839S,BRCA1,1839,1,-5.634670257568359,5.634670257568359
E2878K,BRCA2,2878,1,0.5069531202316284,-0.5069531202316284
R2888C,BRCA2,2888,0,-1.230806827545166,1.230806827545166
D381N,BRCA2,381,0,0.010744810104370117,-0.010744810104370117
S1134T,BRCA2,1134,0,-0.7186086177825928,0.7186086177825928
P96S,PTEN,96,1,-10.87094497680664,10.87094497680664
W111R,PTEN,111,1,-9.135470390319824,9.135470390319824
G132D,PTEN,132,1,-14.645342826843262,14.645342826843262
R15I,PTEN,15,1,-13.820002555847168,13.820002555847168
Y155N,PTEN,155,1,-13.737163543701172,13.737163543701172
N78S,VHL,78,1,0.7942385673522949,-0.7942385673522949
P86A,VHL,86,1,0.6417620182037354,-0.6417620182037354
P25L,VHL,25,0,-1.5663909912109375,1.5663909912109375
M362T,MET,362,0,-2.8376832008361816,2.8376832008361816
S3389F,BRCA2,3389,0,-1.4586501121520996,1.4586501121520996
P389Q,BRCA2,389,0,-0.30070972442626953,0.30070972442626953
E919K,BRCA2,919,0,0.21676015853881836,-0.21676015853881836
I1724V,BRCA2,1724,0,0.04603290557861328,-0.04603290557861328
I2490T,BRCA2,2490,0,-0.8038773536682129,0.8038773536682129
R2520Q,BRCA2,2520,0,-0.3915541172027588,0.3915541172027588
L2604P,BRCA2,2604,1,-2.70267391204834,2.70267391204834
P334H,BRCA1,334,0,-0.33629393577575684,0.33629393577575684
Q1273R,BRCA1,1273,0,-0.6432621479034424,0.6432621479034424
L1780R,BRCA1,1780,1,-6.870830059051514,6.870830059051514
V654M,RB1,654,1,-7.254913330078125,7.254913330078125
M246V,TP53,246,1,-5.343039035797119,5.343039035797119
H296R,TP53,296,1,0.14236211776733398,-0.14236211776733398
D693Y,BRCA1,693,0,-0.9579153060913086,0.9579153060913086
D749H,BRCA1,749,0,-0.8770236968994141,0.8770236968994141
S1320P,BRCA1,1320,0,-1.2813282012939453,1.2813282012939453
S1722P,BRCA1,1722,1,-12.328804016113281,12.328804016113281
Q321H,BRCA2,321,0,-0.8257520198822021,0.8257520198822021
K513R,BRCA2,513,0,-1.2059037685394287,1.2059037685394287
S646R,BRCA2,646,0,-1.354109287261963,1.354109287261963
K1132N,BRCA2,1132,0,-0.3632458448410034,0.3632458448410034
A2730P,BRCA2,2730,1,-6.666409492492676,6.666409492492676
A3028P,BRCA2,3028,1,-0.7028930187225342,0.7028930187225342
G3076V,BRCA2,3076,1,-3.7658891677856445,3.7658891677856445
K643E,RB1,643,1,-9.133258819580078,9.133258819580078
D701N,RB1,701,1,-8.359537124633789,8.359537124633789
H733Y,RB1,733,1,-2.999851703643799,2.999851703643799
G449V,RB1,449,1,-6.034242630004883,6.034242630004883
V609I,APC,609,0,-0.3750290870666504,0.3750290870666504
A1446T,APC,1446,0,0.07415986061096191,-0.07415986061096191
R2505Q,APC,2505,0,-1.3970974683761597,1.3970974683761597
A2690T,APC,2690,0,0.5053794384002686,-0.5053794384002686
N358S,ATM,358,0,0.8459558486938477,-0.8459558486938477
P604S,ATM,604,0,0.452944278717041,-0.452944278717041
S788R,ATM,788,0,-0.5614264011383057,0.5614264011383057
S978P,ATM,978,0,-1.085221767425537,1.085221767425537
I124V,ATM,124,0,-0.38874173164367676,0.38874173164367676
A1309T,ATM,1309,0,-0.1441817283630371,0.1441817283630371
N1650S,ATM,1650,0,0.6926205158233643,-0.6926205158233643
T1743I,ATM,1743,1,-0.20099663734436035,0.20099663734436035
V1941L,ATM,1941,0,0.5915265083312988,-0.5915265083312988
S2394L,ATM,2394,1,1.2131116390228271,-1.2131116390228271
R2832C,ATM,2832,1,-3.850505828857422,3.850505828857422
S294R,PTEN,294,0,-2.252218008041382,2.252218008041382
Q298E,PTEN,298,0,0.7421367168426514,-0.7421367168426514
V10I,TP53,10,0,-1.2576308250427246,1.2576308250427246
R110H,TP53,110,0,-1.0440536737442017,1.0440536737442017
Y163C,TP53,163,1,-6.845390796661377,6.845390796661377
H179Y,TP53,179,1,-6.708161354064941,6.708161354064941
P191R,TP53,191,0,-8.766107559204102,8.766107559204102
L194F,TP53,194,1,-7.393475532531738,7.393475532531738
Y220C,TP53,220,1,-5.679215431213379,5.679215431213379
Y234C,TP53,234,1,-8.733152389526367,8.733152389526367
N235S,TP53,235,0,-5.009056091308594,5.009056091308594
R283C,TP53,283,0,-7.752003192901611,7.752003192901611
R290H,TP53,290,0,-2.45790958404541,2.45790958404541
G293W,TP53,293,0,-4.198019504547119,4.198019504547119
A149S,VHL,149,1,-0.11587381362915039,0.11587381362915039
S707P,ATM,707,0,-1.2957426309585571,1.2957426309585571
D126E,ATM,126,0,0.5893787145614624,-0.5893787145614624
L1420F,ATM,1420,0,-1.2117323875427246,1.2117323875427246
D1853N,ATM,1853,0,-0.05074930191040039,0.05074930191040039
V182L,ATM,182,0,0.24282097816467285,-0.24282097816467285
P1054R,ATM,1054,0,-0.7749741077423096,0.7749741077423096
F858L,ATM,858,0,0.9179842472076416,-0.9179842472076416
H296Y,TP53,296,0,-1.1604337692260742,1.1604337692260742
P36S,ALK,36,0,-0.10863351821899414,0.10863351821899414
V163L,ALK,163,0,0.739290714263916,-0.739290714263916
V198M,ALK,198,0,-1.1456537246704102,1.1456537246704102
T648I,ALK,648,0,-0.8158063888549805,0.8158063888549805
T680I,ALK,680,0,-1.4787139892578125,1.4787139892578125
N709K,ALK,709,0,-2.1493654251098633,2.1493654251098633
T1012M,ALK,1012,0,-0.7343144416809082,0.7343144416809082
A1047T,ALK,1047,0,-0.06343317031860352,0.06343317031860352
R259H,ALK,259,0,-0.2634098529815674,0.2634098529815674
I1461V,ALK,1461,0,1.2643890380859375,-1.2643890380859375
K1491R,ALK,1491,0,0.1428360939025879,-0.1428360939025879
K1525E,ALK,1525,0,-0.0708622932434082,0.0708622932434082
D1529E,ALK,1529,0,0.4619178771972656,-0.4619178771972656
E1419K,ALK,1419,0,-0.35631871223449707,0.35631871223449707
A371T,ALK,371,0,1.949260950088501,-1.949260950088501
E405D,ALK,405,0,-2.3554067611694336,2.3554067611694336
V476A,ALK,476,0,0.6534562110900879,-0.6534562110900879
N1217T,APC,1217,0,0.3749732971191406,-0.3749732971191406
I2515V,APC,2515,0,0.44753193855285645,-0.44753193855285645
N862K,APC,862,0,0.07093191146850586,-0.07093191146850586
R1171C,APC,1171,0,-1.7105426788330078,1.7105426788330078
A1474T,APC,1474,0,-0.24819660186767578,0.24819660186767578
R1640Q,APC,1640,0,1.4860204458236694,-1.4860204458236694
M1211R,APC,1211,0,2.117450714111328,-2.117450714111328
G514D,ATM,514,0,-0.0640254020690918,0.0640254020690918
L546V,ATM,546,0,-1.0427786111831665,1.0427786111831665
D814E,ATM,814,0,0.09865260124206543,-0.09865260124206543
P872S,ATM,872,0,1.2499456405639648,-1.2499456405639648
Q1128R,ATM,1128,0,-0.10377931594848633,0.10377931594848633
H1380Y,ATM,1380,0,-0.15096688270568848,0.15096688270568848
R1898Q,ATM,1898,0,-0.14752483367919922,0.14752483367919922
I2030V,ATM,2030,0,-0.09560799598693848,0.09560799598693848
V2079I,ATM,2079,0,-0.3394968509674072,0.3394968509674072
L2332P,ATM,2332,0,-1.6782989501953125,1.6782989501953125
L824S,BRCA2,824,0,-0.04607367515563965,0.04607367515563965
V2466A,BRCA2,2466,0,0.22155427932739258,-0.22155427932739258
R521K,EGFR,521,0,1.0933723449707031,-1.0933723449707031
H988P,EGFR,988,0,1.6725103855133057,-1.6725103855133057
S1162N,EGFR,1162,0,-0.28327441215515137,0.28327441215515137
L15F,ERBB2,15,0,-3.69507098197937,3.69507098197937
A386D,ERBB2,386,0,-0.7992725372314453,0.7992725372314453
W452C,ERBB2,452,0,0.08788061141967773,-0.08788061141967773
R47H,ERBB2,47,0,-2.891374111175537,2.891374111175537
M31I,ERBB2,31,0,-0.3766016960144043,0.3766016960144043
E930D,ERBB2,930,0,-3.084965229034424,3.084965229034424
P1170A,ERBB2,1170,0,-0.6469743251800537,0.6469743251800537
A1216D,ERBB2,1216,0,-0.5385129451751709,0.5385129451751709
R1161Q,ERBB2,1161,0,-0.48192548751831055,0.48192548751831055
E79A,ERBB2,79,0,-5.230818748474121,5.230818748474121
L145F,ERBB2,145,0,-5.552237510681152,5.552237510681152
R143Q,ERBB2,143,0,-1.0721640586853027,1.0721640586853027
H888Y,MET,888,0,-0.591792106628418,0.591792106628418
A1363T,MET,1363,0,0.4037206172943115,-0.4037206172943115
L575I,MET,575,0,-0.20291495323181152,0.20291495323181152
M645V,NF1,645,0,0.6806254386901855,-0.6806254386901855
V2511L,NF1,2511,0,0.4626598358154297,-0.4626598358154297
A525G,RB1,525,0,-6.077704906463623,6.077704906463623
T633I,RB1,633,0,-1.1577379703521729,1.1577379703521729
T58I,RB1,58,0,-0.5804281234741211,0.5804281234741211
T307I,RB1,307,0,-1.1511976718902588,1.1511976718902588
G446R,RET,446,0,-0.6067297458648682,0.6067297458648682
D489N,RET,489,0,-1.2190601825714111,1.2190601825714111
R213Q,TP53,213,1,-6.345458030700684,6.345458030700684
S366A,TP53,366,0,-1.2676588296890259,1.2676588296890259
G1057S,TSC1,1057,0,1.6665384769439697,-1.6665384769439697
T783I,TSC2,783,0,-1.2068135738372803,1.2068135738372803
L921V,TSC2,921,0,-0.4774134159088135,0.4774134159088135
R1138Q,TSC2,1138,0,-0.521909236907959,0.521909236907959
P40L,VHL,40,0,-2.069866895675659,2.069866895675659
R99W,APC,99,0,-2.812729597091675,2.812729597091675
P2681L,APC,2681,0,-0.20995783805847168,0.20995783805847168
D49H,TP53,49,0,-1.6140336990356445,1.6140336990356445
G127R,PTEN,127,1,-11.00493049621582,11.00493049621582
S360G,PTEN,360,0,-3.1026716232299805,3.1026716232299805
D7E,TP53,7,0,0.40166759490966797,-0.40166759490966797
Y107H,TP53,107,0,-0.6827168464660645,0.6827168464660645
S1983N,ATM,1983,0,-0.8504912853240967,0.8504912853240967
C141Y,TP53,141,1,-7.419131278991699,7.419131278991699
R282G,TP53,282,1,-9.869236946105957,9.869236946105957
D2016G,ATM,2016,1,0.10668492317199707,-0.10668492317199707
A84T,TP53,84,0,-2.5013539791107178,2.5013539791107178
D2723V,BRCA2,2723,1,-7.371453285217285,7.371453285217285
F3057V,BRCA2,3057,0,0.008318185806274414,-0.008318185806274414
D48E,TP53,48,0,0.9480479955673218,-0.9480479955673218
V122M,TP53,122,0,-4.665892601013184,4.665892601013184
T312S,TP53,312,0,1.0610909461975098,-1.0610909461975098
K3015E,BRCA2,3015,0,-1.2962923049926758,1.2962923049926758
I323V,ATM,323,1,-0.18970561027526855,0.18970561027526855
D281G,TP53,281,1,-10.084807395935059,10.084807395935059
R335C,TP53,335,0,-5.783718109130859,5.783718109130859
I232T,TP53,232,1,-5.080914497375488,5.080914497375488
G262S,TP53,262,0,-5.258692264556885,5.258692264556885
L2587F,BRCA2,2587,0,-0.8667490482330322,0.8667490482330322
S185N,TP53,185,0,-0.4032576084136963,0.4032576084136963
E388A,TP53,388,0,-2.269883632659912,2.269883632659912
W837R,NF1,837,1,1.3190622329711914,-1.3190622329711914
P1092L,TSC2,1092,0,-0.10874462127685547,0.10874462127685547
E298K,TP53,298,0,-0.136521577835083,0.136521577835083
T3030I,BRCA2,3030,0,-0.39122509956359863,0.39122509956359863
R1095K,ATM,1095,1,0.44915008544921875,-0.44915008544921875
A74V,TP53,74,0,-2.4225921630859375,2.4225921630859375
R1676T,APC,1676,0,0.49162745475769043,-0.49162745475769043
R2336G,BRCA2,2336,0,-0.013785839080810547,0.013785839080810547
E171K,TP53,171,0,-9.177614212036133,9.177614212036133
P36Q,TP53,36,0,-0.4682779312133789,0.4682779312133789
R3008H,ATM,3008,1,-1.284844160079956,1.284844160079956
A742S,NF1,742,0,0.38492488861083984,-0.38492488861083984
M646V,TSC1,646,0,0.9291157722473145,-0.9291157722473145
L2396F,BRCA2,2396,0,-0.687218189239502,0.687218189239502
D2708E,ATM,2708,1,-2.954671621322632,2.954671621322632
R267W,TP53,267,1,-11.23194694519043,11.23194694519043
S229T,PTEN,229,0,-1.1493902206420898,1.1493902206420898
E339Q,TP53,339,0,-1.4938812255859375,1.4938812255859375
R158H,TP53,158,1,-6.342608451843262,6.342608451843262
G360A,TP53,360,0,-0.07464218139648438,0.07464218139648438
L826V,APC,826,0,-0.2101435661315918,0.2101435661315918
R130P,PTEN,130,1,-12.906089782714844,12.906089782714844
R3008C,ATM,3008,1,-2.9548473358154297,2.9548473358154297
Y174N,PTEN,174,1,-17.262964248657227,17.262964248657227
C105Y,PTEN,105,1,-8.232504844665527,8.232504844665527
P246L,PTEN,246,1,-7.253159523010254,7.253159523010254
R333H,TP53,333,0,-4.329380035400391,4.329380035400391
I135V,PTEN,135,1,-3.685093879699707,3.685093879699707
R181H,TP53,181,1,-3.998685121536255,3.998685121536255
S303G,TP53,303,0,-0.6437406539916992,0.6437406539916992
V73M,TP53,73,0,-2.012392044067383,2.012392044067383
F266L,BRCA2,266,0,0.39677882194519043,-0.39677882194519043
G108S,TP53,108,0,-0.5695966482162476,0.5695966482162476
F200V,PTEN,200,1,-9.339262008666992,9.339262008666992
R337C,TP53,337,1,-6.660531044006348,6.660531044006348
L35F,TP53,35,0,-1.5260874032974243,1.5260874032974243
R181C,TP53,181,1,-4.907100677490234,4.907100677490234
N3187K,BRCA2,3187,0,0.4854543209075928,-0.4854543209075928
V143M,TP53,143,1,-4.393951892852783,4.393951892852783
D1911G,BRCA2,1911,0,-0.3001677989959717,0.3001677989959717
V2716A,ATM,2716,1,-1.957211971282959,1.957211971282959
M237I,TP53,237,1,-5.279303073883057,5.279303073883057
P152L,TP53,152,1,-5.178657531738281,5.178657531738281
F2562C,BRCA2,2562,1,-0.9035031795501709,0.9035031795501709
D2708N,ATM,2708,1,-1.8594977855682373,1.8594977855682373
R337L,TP53,337,1,-6.775481224060059,6.775481224060059
P72A,TP53,72,0,0.45096302032470703,-0.45096302032470703
D84A,CDKN2A,84,1,-0.23248422145843506,0.23248422145843506
I190K,ATM,190,0,-2.433225631713867,2.433225631713867
H1805Y,BRCA1,1805,0,-0.7397255897521973,0.7397255897521973
A2825S,BRCA2,2825,0,0.43773746490478516,-0.43773746490478516
R189K,ATM,189,0,0.46335911750793457,-0.46335911750793457
P354Q,PTEN,354,0,-5.115213394165039,5.115213394165039
K556Q,BRCA1,556,0,-0.4325125217437744,0.4325125217437744
Q713P,BRCA2,713,0,-0.16541004180908203,0.16541004180908203
G428D,EGFR,428,1,-7.430196762084961,7.430196762084961
Q61R,HRAS,61,1,-11.459314346313477,11.459314346313477
E52K,VHL,52,0,-4.046426773071289,4.046426773071289
N56S,TSC2,56,0,0.27829408645629883,-0.27829408645629883
E75K,TSC2,75,0,-0.6862847805023193,0.6862847805023193
G266E,TP53,266,1,-11.189554214477539,11.189554214477539
C238W,TP53,238,1,-11.79746150970459,11.79746150970459
A161T,TP53,161,1,-4.035500526428223,4.035500526428223
P86S,VHL,86,1,0.3975648880004883,-0.3975648880004883
F595L,BRAF,595,1,-15.477991104125977,15.477991104125977
A712D,BRAF,712,1,-12.356694221496582,12.356694221496582
N581S,BRAF,581,1,-12.331877708435059,12.331877708435059
L861Q,EGFR,861,1,-5.901998519897461,5.901998519897461
A59L,HRAS,59,1,-15.458139419555664,15.458139419555664
G12E,HRAS,12,1,-9.087546348571777,9.087546348571777
S241C,TP53,241,1,-6.019595146179199,6.019595146179199
R337P,TP53,337,1,-9.125492095947266,9.125492095947266
W117C,VHL,117,1,0.10407090187072754,-0.10407090187072754
Q262R,BRAF,262,1,-14.307500839233398,14.307500839233398
H574Q,BRAF,574,1,-19.076107025146484,19.076107025146484
G13V,HRAS,13,1,-11.625409126281738,11.625409126281738
S65L,VHL,65,1,1.7429734468460083,-1.7429734468460083
P86L,VHL,86,1,0.7757070064544678,-0.7757070064544678
L89P,VHL,89,1,-4.460700511932373,4.460700511932373
L158P,VHL,158,1,-0.2098374366760254,0.2098374366760254
R161Q,VHL,161,1,-0.6937494277954102,0.6937494277954102
D108Y,CDKN2A,108,1,-6.989306926727295,6.989306926727295
M1V,ATM,1,1,-6.491281986236572,6.491281986236572
E26Q,ATM,26,0,-0.3798346519470215,0.3798346519470215
E699G,ATM,699,0,-1.645287275314331,1.645287275314331
L1283P,ATM,1283,1,0.0479123592376709,-0.0479123592376709
L1465P,ATM,1465,1,-1.407291293144226,1.407291293144226
A1942V,ATM,1942,1,-0.06423664093017578,0.06423664093017578
R2032K,ATM,2032,1,0.22191882133483887,-0.22191882133483887
R2227C,ATM,2227,1,-0.6290245056152344,0.6290245056152344
T2666N,ATM,2666,1,-0.27563929557800293,0.27563929557800293
V2716F,ATM,2716,1,2.1622159481048584,-2.1622159481048584
G173R,BRCA2,173,1,1.223752737045288,-1.223752737045288
M384V,TP53,384,0,1.9387710094451904,-1.9387710094451904
D281V,TP53,281,1,-11.893453598022461,11.893453598022461
I251L,TP53,251,1,-5.433027744293213,5.433027744293213
C238Y,TP53,238,1,-10.024521827697754,10.024521827697754
V216M,TP53,216,1,-5.664882659912109,5.664882659912109
R175L,TP53,175,1,-9.329858779907227,9.329858779907227
S127F,TP53,127,1,-11.309883117675781,11.309883117675781
C124S,TP53,124,0,-4.8441057205200195,4.8441057205200195
H115R,TP53,115,0,-3.2113418579101562,3.2113418579101562
P82L,TP53,82,0,-3.0801422595977783,3.0801422595977783
A63V,TP53,63,0,-0.9406442642211914,0.9406442642211914
G163R,STK11,163,1,-12.17732048034668,12.17732048034668
D176N,STK11,176,1,-11.117918014526367,11.117918014526367
N181K,STK11,181,1,-14.499523162841797,14.499523162841797
S240W,STK11,240,1,-14.360459327697754,14.360459327697754
R297G,STK11,297,1,-9.16091537475586,9.16091537475586
R297S,STK11,297,1,-10.911720275878906,10.911720275878906
D1636Y,APC,1636,0,-2.1184799671173096,2.1184799671173096
H1686R,BRCA1,1686,1,-8.840831756591797,8.840831756591797
F841V,MET,841,1,1.0986939668655396,-1.0986939668655396
S80G,VHL,80,1,0.1933884620666504,-0.1933884620666504
R332Q,APC,332,0,-0.764909029006958,0.764909029006958
I983T,APC,983,0,0.5858674049377441,-0.5858674049377441
A1247T,APC,1247,0,0.11502647399902344,-0.11502647399902344
V1092I,MET,1092,1,-6.4661784172058105,6.4661784172058105
A60E,CDKN2A,60,1,-6.5432233810424805,6.5432233810424805
Q50P,CDKN2A,50,1,-3.6095497608184814,3.6095497608184814
D24N,PTEN,24,1,-9.786360740661621,9.786360740661621
D24H,PTEN,24,1,-11.916510581970215,11.916510581970215
L57W,PTEN,57,1,-10.782099723815918,10.782099723815918
C124G,PTEN,124,1,-10.296327590942383,10.296327590942383
C136R,PTEN,136,1,-11.642865180969238,11.642865180969238
R159G,PTEN,159,1,-11.3812837600708,11.3812837600708
R173P,PTEN,173,1,-10.872880935668945,10.872880935668945
T277I,PTEN,277,1,-7.897191047668457,7.897191047668457
M1L,ATM,1,1,-5.834165096282959,5.834165096282959
M1T,ATM,1,1,-6.909038543701172,6.909038543701172
L615P,ATM,615,1,0.25728917121887207,-0.25728917121887207
L950R,ATM,950,1,-2.1502647399902344,2.1502647399902344
L1046P,ATM,1046,1,-6.186622142791748,6.186622142791748
A2524P,ATM,2524,1,-1.8443067073822021,1.8443067073822021
G2765S,ATM,2765,1,-4.960603713989258,4.960603713989258
E2904G,ATM,2904,1,-7.545163154602051,7.545163154602051
Y2601C,BRCA2,2601,1,-0.7210001945495605,0.7210001945495605
P2785T,BRCA2,2785,0,0.0015320777893066406,-0.0015320777893066406
P2785L,BRCA2,2785,0,1.2904913425445557,-1.2904913425445557
A210T,TSC2,210,0,0.3427243232727051,-0.3427243232727051
A678T,TSC2,678,0,-1.014329433441162,1.014329433441162
A1759T,TSC2,1759,0,-0.7147104740142822,0.7147104740142822
R1870Q,NF1,1870,1,-0.8333605527877808,0.8333605527877808
I1858L,BRCA1,1858,0,0.9473733901977539,-0.9473733901977539
A744T,BRCA1,744,0,0.6574068069458008,-0.6574068069458008
T333A,BRCA1,333,0,-0.4601478576660156,0.4601478576660156
R71M,BRCA1,71,1,-5.0499396324157715,5.0499396324157715
K45Q,BRCA1,45,0,-1.8198542594909668,1.8198542594909668
P34L,BRCA1,34,1,-6.888548374176025,6.888548374176025
R379S,TP53,379,0,0.6626625061035156,-0.6626625061035156
R333C,TP53,333,0,-5.568367958068848,5.568367958068848
S315T,TP53,315,0,-0.8645228147506714,0.8645228147506714
E286K,TP53,286,1,-9.060201644897461,9.060201644897461
A276G,TP53,276,1,-7.722315788269043,7.722315788269043
V272M,TP53,272,1,-5.005041122436523,5.005041122436523
N247I,TP53,247,1,-9.948324203491211,9.948324203491211
H193R,TP53,193,1,-7.804257869720459,7.804257869720459
C176Y,TP53,176,1,-10.784587860107422,10.784587860107422
T170M,TP53,170,0,-5.35326623916626,5.35326623916626
V157I,TP53,157,0,-0.22159051895141602,0.22159051895141602
A138V,TP53,138,1,-7.716148376464844,7.716148376464844
P72H,TP53,72,0,-3.485934257507324,3.485934257507324
D49N,TP53,49,0,-1.0018641948699951,1.0018641948699951
D194E,STK11,194,1,-12.768020629882812,12.768020629882812
R304W,STK11,304,1,-8.428048133850098,8.428048133850098
R1022Q,MET,1022,0,0.2700202465057373,-0.2700202465057373
P48T,CDKN2A,48,1,-5.50819206237793,5.50819206237793
I88V,RET,88,0,0.9679499864578247,-0.9679499864578247
A373V,RET,373,0,-0.4156033992767334,0.4156033992767334
I1165K,NF1,1165,1,-0.35302281379699707,0.35302281379699707
Q1447R,NF1,1447,1,-5.176308631896973,5.176308631896973
V197M,TP53,197,1,-6.535549640655518,6.535549640655518
D194N,STK11,194,1,-11.212854385375977,11.212854385375977
M1I,ATM,1,1,-7.062812328338623,7.062812328338623
D24Y,PTEN,24,1,-11.93542194366455,11.93542194366455
T26I,PTEN,26,1,-11.918216705322266,11.918216705322266
Y27N,PTEN,27,1,-12.259943008422852,12.259943008422852
G36R,PTEN,36,1,-11.075045585632324,11.075045585632324
R47G,PTEN,47,1,-13.94692611694336,13.94692611694336
H61R,PTEN,61,1,-10.156688690185547,10.156688690185547
Y68H,PTEN,68,1,-13.101053237915039,13.101053237915039
H93D,PTEN,93,1,-17.378297805786133,17.378297805786133
P95L,PTEN,95,1,-9.552427291870117,9.552427291870117
D107G,PTEN,107,1,-11.364021301269531,11.364021301269531
H123Y,PTEN,123,1,-10.436994552612305,10.436994552612305
G129R,PTEN,129,1,-11.090105056762695,11.090105056762695
C136Y,PTEN,136,1,-10.499499320983887,10.499499320983887
G165V,PTEN,165,1,-9.524881362915039,9.524881362915039
Q171R,PTEN,171,1,-13.121533393859863,13.121533393859863
R173C,PTEN,173,1,-8.885046005249023,8.885046005249023
F200S,PTEN,200,1,-11.50890827178955,11.50890827178955
P204A,PTEN,204,1,-7.523194313049316,7.523194313049316
R82P,VHL,82,1,-2.1295955181121826,2.1295955181121826
Q471H,RB1,471,1,-3.4280309677124023,3.4280309677124023
H1640P,TSC2,1640,1,-7.038341522216797,7.038341522216797
T946I,RET,946,1,-7.8555169105529785,7.8555169105529785
T1065M,TSC1,1065,0,-1.3165178298950195,1.3165178298950195
A1011E,TSC1,1011,0,0.5065817832946777,-0.5065817832946777
P603L,TSC1,603,0,-0.33513402938842773,0.33513402938842773
F239C,TSC2,239,0,-0.9223480224609375,0.9223480224609375
A289V,TSC2,289,0,0.01602959632873535,-0.01602959632873535
A431V,TSC2,431,0,0.27831387519836426,-0.27831387519836426
A673V,TSC2,673,0,-0.8975290060043335,0.8975290060043335
T783S,TSC2,783,0,0.18996572494506836,-0.18996572494506836
S1292C,TSC2,1292,0,-4.911070346832275,4.911070346832275
A1349T,TSC2,1349,0,-0.5046782493591309,0.5046782493591309
P1786R,TSC2,1786,0,-0.7528748512268066,0.7528748512268066
H247R,TP63,247,1,-12.665191650390625,12.665191650390625
A346G,TP63,346,1,-11.31027889251709,11.31027889251709
D24G,PTEN,24,1,-11.009523391723633,11.009523391723633
R1830S,NF1,1830,1,0.7701563835144043,-0.7701563835144043
R1830G,NF1,1830,1,-0.25110316276550293,0.25110316276550293
R1830C,NF1,1830,1,-0.48038768768310547,0.48038768768310547
R1830P,NF1,1830,1,-0.6207969188690186,0.6207969188690186
R1830L,NF1,1830,1,1.605250358581543,-1.605250358581543
C1265S,BRCA2,1265,0,1.6980485916137695,-1.6980485916137695
E1537K,BRCA2,1537,0,-2.6212801933288574,2.6212801933288574
R141S,APC,141,1,-3.761046886444092,3.761046886444092
G265E,APC,265,1,0.1387925148010254,-0.1387925148010254
D153Y,CDKN2A,153,1,-2.194647789001465,2.194647789001465
H141P,PTEN,141,1,-12.860844612121582,12.860844612121582
V2662D,ATM,2662,1,-1.82505464553833,1.82505464553833
M1V,BRCA2,1,1,-4.362290382385254,4.362290382385254
L3101P,BRCA2,3101,1,-3.1640093326568604,3.1640093326568604
L763R,NF1,763,1,-2.2737860679626465,2.2737860679626465
I766S,NF1,766,1,-0.6715188026428223,0.6715188026428223
Q950H,NF1,950,1,-0.8110349178314209,0.8110349178314209
R1325T,NF1,1325,1,-0.22421026229858398,0.22421026229858398
R379L,TP53,379,0,-0.7899751663208008,0.7899751663208008
R342P,TP53,342,1,-10.271770477294922,10.271770477294922
R290C,TP53,290,0,-5.3529887199401855,5.3529887199401855
T284I,TP53,284,0,-4.0140790939331055,4.0140790939331055
C275Y,TP53,275,1,-11.783472061157227,11.783472061157227
Y236H,TP53,236,1,-7.691710472106934,7.691710472106934
I195T,TP53,195,1,-8.364781379699707,8.364781379699707
T125K,TP53,125,1,-8.619078636169434,8.619078636169434
I50T,TP53,50,0,-0.07175922393798828,0.07175922393798828
Y1278S,ALK,1278,1,-9.366455078125,9.366455078125
F1245L,ALK,1245,1,-6.960320472717285,6.960320472717285
F1245C,ALK,1245,1,-7.4211745262146,7.4211745262146
F1245I,ALK,1245,1,-10.309969902038574,10.309969902038574
L1240V,ALK,1240,1,-7.898215293884277,7.898215293884277
F1174L,ALK,1174,1,-8.254049301147461,8.254049301147461
F1174I,ALK,1174,1,-10.840551376342773,10.840551376342773
Y98S,VHL,98,1,0.4750981330871582,-0.4750981330871582
E160V,VHL,160,1,-1.340718150138855,1.340718150138855
V170A,VHL,170,1,0.01652050018310547,-0.01652050018310547
A239P,APC,239,0,-0.4664015769958496,0.4664015769958496
L16R,CDKN2A,16,1,-7.9727702140808105,7.9727702140808105
R749T,RET,749,0,0.7244365215301514,-0.7244365215301514
Y174C,PTEN,174,1,-12.018972396850586,12.018972396850586
D96G,BRCA1,96,1,-0.5783481597900391,0.5783481597900391
Y234D,TP53,234,1,-14.019294738769531,14.019294738769531
S127C,TP53,127,1,-7.571168899536133,7.571168899536133
W308L,STK11,308,1,-15.281134605407715,15.281134605407715
L525P,BRAF,525,1,-12.700443267822266,12.700443267822266
G422V,WT1,422,1,-15.645940780639648,15.645940780639648
S467A,BRAF,467,1,-14.655139923095703,14.655139923095703
L247S,PTEN,247,1,-11.361163139343262,11.361163139343262
S65A,VHL,65,1,0.4826240539550781,-0.4826240539550781
S72P,VHL,72,1,-0.4274923801422119,0.4274923801422119
N78Y,VHL,78,1,0.05821847915649414,-0.05821847915649414
N78T,VHL,78,1,0.661125898361206,-0.661125898361206
N78I,VHL,78,1,0.05486583709716797,-0.05486583709716797
P86R,VHL,86,1,0.38727378845214844,-0.38727378845214844
W88C,VHL,88,1,-0.40965938568115234,0.40965938568115234
N90I,VHL,90,1,0.48355841636657715,-0.48355841636657715
G93R,VHL,93,1,-2.096822738647461,2.096822738647461
G93C,VHL,93,1,-3.643949508666992,3.643949508666992
Y98C,VHL,98,1,-0.41818904876708984,0.41818904876708984
R107H,VHL,107,1,-0.4370107650756836,0.4370107650756836
S111N,VHL,111,1,-0.3787829875946045,0.3787829875946045
S111R,VHL,111,1,-0.04253864288330078,0.04253864288330078
Y112C,VHL,112,1,-0.8234784603118896,0.8234784603118896
G114R,VHL,114,1,-0.41808199882507324,0.41808199882507324
R120G,VHL,120,1,-0.28212928771972656,0.28212928771972656
D121G,VHL,121,1,0.017748355865478516,-0.017748355865478516
H125P,VHL,125,1,1.246002435684204,-1.246002435684204
L128F,VHL,128,1,-0.7876837253570557,0.7876837253570557
A149T,VHL,149,1,-0.07610154151916504,0.07610154151916504
A149P,VHL,149,1,-0.46848344802856445,0.46848344802856445
I151S,VHL,151,1,0.3261129856109619,-0.3261129856109619
V155M,VHL,155,1,-1.6083331108093262,1.6083331108093262
T157I,VHL,157,1,-0.6488087177276611,0.6488087177276611
C162Y,VHL,162,1,0.9592838287353516,-0.9592838287353516
C162W,VHL,162,1,-0.10230302810668945,0.10230302810668945
L198P,VHL,198,1,-3.0800395011901855,3.0800395011901855
S1387P,BRCA1,1387,0,-1.247770071029663,1.247770071029663
C64W,BRCA1,64,1,-9.485815048217773,9.485815048217773
C136W,PTEN,136,1,-10.585933685302734,10.585933685302734
D162E,PTEN,162,1,-7.426667213439941,7.426667213439941
F1734L,BRCA1,1734,1,-4.7328948974609375,4.7328948974609375
L23V,PTEN,23,1,-9.254789352416992,9.254789352416992
T26P,PTEN,26,1,-15.242950439453125,15.242950439453125
F81C,PTEN,81,1,-10.239924430847168,10.239924430847168
V173M,TP53,173,1,-7.0557026863098145,7.0557026863098145
I151L,VHL,151,1,0.5605447292327881,-0.5605447292327881
S1028R,APC,1028,1,-4.467281341552734,4.467281341552734
R112G,CDKN2A,112,1,-3.795492649078369,3.795492649078369
D84N,CDKN2A,84,1,-2.094862937927246,2.094862937927246
A68L,CDKN2A,68,1,-8.567265510559082,8.567265510559082
Q50R,CDKN2A,50,1,-2.9533956050872803,2.9533956050872803
D22H,PTEN,22,1,-8.94360637664795,8.94360637664795
M35V,PTEN,35,1,-7.902896404266357,7.902896404266357
P38T,PTEN,38,1,-13.164627075195312,13.164627075195312
N48K,PTEN,48,1,-10.192289352416992,10.192289352416992
Y68C,PTEN,68,1,-12.182721138000488,12.182721138000488
C124Y,PTEN,124,1,-11.038015365600586,11.038015365600586
S170I,PTEN,170,1,-16.37883186340332,16.37883186340332
P292L,ATM,292,1,0.7488729953765869,-0.7488729953765869
P862T,ATM,862,0,0.5870802402496338,-0.5870802402496338
W1026C,ATM,1026,1,1.9223432540893555,-1.9223432540893555
Y2470D,ATM,2470,1,-1.2663726806640625,1.2663726806640625
I2702R,ATM,2702,1,-5.388869285583496,5.388869285583496
S2855R,ATM,2855,1,-9.438761711120605,9.438761711120605
D2913Y,ATM,2913,1,-6.626750946044922,6.626750946044922
L3035F,ATM,3035,1,-4.992233753204346,4.992233753204346
L2396S,BRCA2,2396,0,0.291823148727417,-0.291823148727417
G2609V,BRCA2,2609,1,-0.09240031242370605,0.09240031242370605
I2627N,BRCA2,2627,1,1.0063645839691162,-1.0063645839691162
T2722K,BRCA2,2722,1,-4.446227073669434,4.446227073669434
A2738T,BRCA2,2738,0,-0.012210845947265625,0.012210845947265625
L2776I,BRCA2,2776,0,-0.40477919578552246,0.40477919578552246
P2804H,BRCA2,2804,0,-0.9333581924438477,0.9333581924438477
K2833N,BRCA2,2833,0,-0.5067260265350342,0.5067260265350342
P2886T,BRCA2,2886,0,-0.13211941719055176,0.13211941719055176
Q2957H,BRCA2,2957,0,-1.5359382629394531,1.5359382629394531
Y3035F,BRCA2,3035,0,1.515699863433838,-1.515699863433838
I634T,NF1,634,0,0.9004371166229248,-0.9004371166229248
W777R,NF1,777,1,0.7576956748962402,-0.7576956748962402
Q1447H,NF1,1447,1,-3.3982093334198,3.3982093334198
P1749T,BRCA1,1749,0,-1.2506766319274902,1.2506766319274902
F1734I,BRCA1,1734,1,-6.223313808441162,6.223313808441162
Y1703C,BRCA1,1703,1,-4.85333251953125,4.85333251953125
Q1395H,BRCA1,1395,1,-0.8879795074462891,0.8879795074462891
G933A,BRCA1,933,0,0.09492969512939453,-0.09492969512939453
S387T,BRCA1,387,0,-1.5319684743881226,1.5319684743881226
N247D,BRCA1,247,0,-0.43218469619750977,0.43218469619750977
H41L,BRCA1,41,1,-8.34150218963623,8.34150218963623
P25L,BRCA1,25,1,-5.287927627563477,5.287927627563477
G374R,TP53,374,0,-0.3481285572052002,0.3481285572052002
G356R,TP53,356,0,-0.4527900218963623,0.4527900218963623
Q354K,TP53,354,0,-0.2830619812011719,0.2830619812011719
R342Q,TP53,342,0,-1.6005266904830933,1.6005266904830933
Q317K,TP53,317,0,-0.8892102241516113,0.8892102241516113
P316T,TP53,316,0,-0.6124298572540283,0.6124298572540283
P278L,TP53,278,1,-7.045117378234863,7.045117378234863
R273P,TP53,273,1,-13.652900695800781,13.652900695800781
S260Y,TP53,260,0,-4.849419116973877,4.849419116973877
R248L,TP53,248,1,-13.490073204040527,13.490073204040527
R213P,TP53,213,1,-9.704957008361816,9.704957008361816
R196P,TP53,196,1,-12.473043441772461,12.473043441772461
H193Y,TP53,193,1,-7.805694580078125,7.805694580078125
D186E,TP53,186,0,-1.0429186820983887,1.0429186820983887
M160I,TP53,160,0,-3.658651828765869,3.658651828765869
F134C,TP53,134,1,-9.141611099243164,9.141611099243164
R110P,TP53,110,1,-1.96770441532135,1.96770441532135
A63G,TP53,63,0,-0.3512098789215088,0.3512098789215088
A63T,TP53,63,0,-1.0039260387420654,1.0039260387420654
V10L,TP53,10,0,1.4571764469146729,-1.4571764469146729
P8L,TP53,8,0,-0.7536455392837524,0.7536455392837524
P671S,ALK,671,0,0.7304596900939941,-0.7304596900939941
R412C,ALK,412,0,-2.813296318054199,2.813296318054199
T84M,KIT,84,0,-0.0009737014770507812,0.0009737014770507812
V374I,KIT,374,0,-0.5737721920013428,0.5737721920013428
N2752T,APC,2752,0,0.7771320343017578,-0.7771320343017578
K261R,TSC1,261,0,-0.07811164855957031,0.07811164855957031
N198S,TSC1,198,0,-2.090477705001831,2.090477705001831
R87P,CDKN2A,87,1,-7.798789024353027,7.798789024353027
L32P,CDKN2A,32,1,-9.76987075805664,9.76987075805664
E208D,RET,208,0,-0.5874481201171875,0.5874481201171875
I852V,RET,852,0,-0.7592053413391113,0.7592053413391113
L1048F,RET,1048,0,-1.7002100944519043,1.7002100944519043
E2596D,ATM,2596,1,-0.6400184631347656,0.6400184631347656
Q72H,WT1,72,0,-1.344675064086914,1.344675064086914
H166Q,HRAS,166,0,-4.977928161621094,4.977928161621094
A18S,RB1,18,0,-2.3142571449279785,2.3142571449279785
T377S,RB1,377,0,0.2951207160949707,-0.2951207160949707
Q436K,RB1,436,0,0.09730887413024902,-0.09730887413024902
R621G,RB1,621,0,1.078054428100586,-1.078054428100586
A272T,TSC2,272,0,-0.360973596572876,0.360973596572876
A614P,TSC2,614,1,-2.2090296745300293,2.2090296745300293
G661S,TSC2,661,0,0.7319046258926392,-0.7319046258926392
V766M,TSC2,766,0,-1.9010796546936035,1.9010796546936035
E1490G,TSC2,1490,0,0.37779664993286133,-0.37779664993286133
L532R,NF1,532,1,-1.7095521688461304,1.7095521688461304
C1016R,NF1,1016,1,0.6347980499267578,-0.6347980499267578
G1168R,NF1,1168,1,0.13150620460510254,-0.13150620460510254
G1219V,NF1,1219,1,-0.010781526565551758,0.010781526565551758
K1440E,NF1,1440,1,-1.3466081619262695,1.3466081619262695
K1457E,NF1,1457,1,-2.299208879470825,2.299208879470825
L1854R,NF1,1854,1,-4.069993019104004,4.069993019104004
G1748R,BRCA1,1748,1,-4.287950038909912,4.287950038909912
T1675I,BRCA1,1675,0,-1.1111974716186523,1.1111974716186523
R337G,TP53,337,1,-7.020744323730469,7.020744323730469
R248P,TP53,248,1,-13.90433406829834,13.90433406829834
P4L,TP53,4,0,-0.6549756526947021,0.6549756526947021
K516N,APC,516,1,-2.637035846710205,2.637035846710205
I1557V,APC,1557,0,0.771132230758667,-0.771132230758667
R2549C,APC,2549,0,-3.1828885078430176,3.1828885078430176
R1495T,BRCA1,1495,1,0.8037080764770508,-0.8037080764770508
V11G,BRCA1,11,1,-1.6890089511871338,1.6890089511871338
R379H,TP53,379,0,-1.0487570762634277,1.0487570762634277
L265P,TP53,265,1,-11.558653831481934,11.558653831481934
E180K,TP53,180,1,-7.6795759201049805,7.6795759201049805
K164E,TP53,164,1,-11.91215991973877,11.91215991973877
R158P,TP53,158,1,-10.68004322052002,10.68004322052002
T1410N,BRCA2,1410,1,0.09513163566589355,-0.09513163566589355
Y1703D,BRCA1,1703,1,-10.396364212036133,10.396364212036133
I26N,BRCA1,26,1,-7.992922782897949,7.992922782897949
C326F,EGFR,326,1,-9.752431869506836,9.752431869506836
N181D,STK11,181,1,-14.201371192932129,14.201371192932129
V1838G,BRCA1,1838,1,-9.451959609985352,9.451959609985352
N181S,STK11,181,1,-13.498970985412598,13.498970985412598
N935D,NF1,935,0,0.6370687484741211,-0.6370687484741211
R319H,TP63,319,1,-14.796847343444824,14.796847343444824
Y126D,TP53,126,1,-13.459341049194336,13.459341049194336
V1665S,BRCA1,1665,1,-3.687032461166382,3.687032461166382
N1766K,BRCA2,1766,0,-0.14605379104614258,0.14605379104614258
G1706R,BRCA1,1706,1,-9.315184593200684,9.315184593200684
I1766N,BRCA1,1766,1,-10.579986572265625,10.579986572265625
R71T,BRCA1,71,1,-3.1089653968811035,3.1089653968811035
C47S,BRCA1,47,1,-8.86220932006836,8.86220932006836
C39W,BRCA1,39,1,-10.547959327697754,10.547959327697754
R343W,TP63,343,1,-12.681327819824219,12.681327819824219
F498Y,BRAF,498,1,-13.910184860229492,13.910184860229492
G464R,BRAF,464,1,-15.573187828063965,15.573187828063965
T599R,BRAF,599,1,-17.33535385131836,17.33535385131836
C211W,PTEN,211,1,-10.823352813720703,10.823352813720703
Y27S,PTEN,27,1,-13.211723327636719,13.211723327636719
F1499V,TSC2,1499,1,0.2991955280303955,-0.2991955280303955
M1T,NF1,1,1,-6.649545192718506,6.649545192718506
P511T,TP63,511,0,-0.6900296211242676,0.6900296211242676
S737L,ALK,737,0,-3.396926164627075,3.396926164627075
P1029A,ALK,1029,0,-1.1529946327209473,1.1529946327209473
S2594C,APC,2594,0,-3.3736801147460938,3.3736801147460938
V1047M,EGFR,1047,0,-0.6812880039215088,0.6812880039215088
E884D,RB1,884,0,0.21323728561401367,-0.21323728561401367
D1644N,TSC2,1644,0,-5.605754852294922,5.605754852294922
L550P,NF1,550,1,-1.7336418628692627,1.7336418628692627
S581R,TSC2,581,0,-1.1100656986236572,1.1100656986236572
R398W,MYCN,398,1,-10.11362075805664,10.11362075805664
Y202C,TP63,202,1,-10.97395133972168,10.97395133972168
R350G,TP63,350,1,-12.889273643493652,12.889273643493652
C561Y,TP63,561,1,-4.622089862823486,4.622089862823486
I576T,TP63,576,1,-8.963793754577637,8.963793754577637
T589P,BRAF,589,1,-16.53595733642578,16.53595733642578
L525R,BRAF,525,1,-11.990278244018555,11.990278244018555
R47K,PTEN,47,1,-11.865265846252441,11.865265846252441
D107V,PTEN,107,1,-7.538135528564453,7.538135528564453
G244D,TP53,244,1,-14.202656745910645,14.202656745910645
S1655P,BRCA1,1655,1,-7.112014293670654,7.112014293670654
F1174C,ALK,1174,1,-11.677778244018555,11.677778244018555
W557R,KIT,557,1,-10.448665618896484,10.448665618896484
V560D,KIT,560,1,-7.343493461608887,7.343493461608887
L576P,KIT,576,1,-11.594783782958984,11.594783782958984
N655K,KIT,655,1,-9.519257545471191,9.519257545471191
D820Y,KIT,820,1,-11.16415786743164,11.16415786743164
N822I,KIT,822,1,-10.114956855773926,10.114956855773926
N822K,KIT,822,1,-9.493974685668945,9.493974685668945
A829P,KIT,829,1,-9.02570629119873,9.02570629119873
D594E,BRAF,594,1,-17.691062927246094,17.691062927246094
D594V,BRAF,594,1,-18.397214889526367,18.397214889526367
R130G,PTEN,130,1,-12.30268669128418,12.30268669128418
R159S,PTEN,159,1,-12.340859413146973,12.340859413146973
G12R,HRAS,12,1,-8.113748550415039,8.113748550415039
R249T,TP53,249,1,-14.18445110321045,14.18445110321045
V173A,TP53,173,1,-6.6543169021606445,6.6543169021606445
R173H,PTEN,173,1,-9.832273483276367,9.832273483276367
M1250T,MET,1250,1,-4.664143085479736,4.664143085479736
L1196M,ALK,1196,1,-7.080609321594238,7.080609321594238
G309E,ERBB2,309,1,-4.306604385375977,4.306604385375977
S310Y,ERBB2,310,1,-4.000785827636719,4.000785827636719
Q61H,HRAS,61,1,-11.656106948852539,11.656106948852539
G13S,HRAS,13,1,-8.335570335388184,8.335570335388184
R130L,PTEN,130,1,-11.846366882324219,11.846366882324219
C135F,TP53,135,1,-7.952235221862793,7.952235221862793
C135R,TP53,135,1,-7.564939022064209,7.564939022064209
C135G,TP53,135,1,-10.259894371032715,10.259894371032715
C141W,TP53,141,1,-8.167562484741211,8.167562484741211
C176F,TP53,176,1,-11.827369689941406,11.827369689941406
C238F,TP53,238,1,-9.54458236694336,9.54458236694336
C238S,TP53,238,1,-10.447343826293945,10.447343826293945
C238R,TP53,238,1,-10.561166763305664,10.561166763305664
C238G,TP53,238,1,-11.347737312316895,11.347737312316895
C242W,TP53,242,1,-10.285599708557129,10.285599708557129
C275F,TP53,275,1,-13.06218433380127,13.06218433380127
D281Y,TP53,281,1,-11.639116287231445,11.639116287231445
D281N,TP53,281,1,-8.164678573608398,8.164678573608398
D281E,TP53,281,1,-6.307587623596191,6.307587623596191
D281H,TP53,281,1,-10.990775108337402,10.990775108337402
D281A,TP53,281,1,-11.748281478881836,11.748281478881836
E286A,TP53,286,1,-5.398858547210693,5.398858547210693
F270S,TP53,270,1,-4.744874954223633,4.744874954223633
F270V,TP53,270,1,-5.726586818695068,5.726586818695068
G244S,TP53,244,1,-8.95300579071045,8.95300579071045
G244V,TP53,244,1,-9.254255294799805,9.254255294799805
G245V,TP53,245,1,-8.932958602905273,8.932958602905273
G266R,TP53,266,1,-11.599061012268066,11.599061012268066
H179R,TP53,179,1,-6.966126441955566,6.966126441955566
H179Q,TP53,179,1,-5.173736095428467,5.173736095428467
H179D,TP53,179,1,-9.92306900024414,9.92306900024414
H193P,TP53,193,1,-9.9672269821167,9.9672269821167
H193N,TP53,193,1,-8.136808395385742,8.136808395385742
H214R,TP53,214,1,-7.102992534637451,7.102992534637451
H214L,TP53,214,1,-8.562314987182617,8.562314987182617
K132N,TP53,132,1,-9.624557495117188,9.624557495117188
K132R,TP53,132,1,-5.462349891662598,5.462349891662598
L111P,TP53,111,1,-9.69094467163086,9.69094467163086
L111R,TP53,111,1,-11.564072608947754,11.564072608947754
L111Q,TP53,111,1,-9.832578659057617,9.832578659057617
L194R,TP53,194,1,-11.447997093200684,11.447997093200684
M237K,TP53,237,1,-9.744585037231445,9.744585037231445
N239S,TP53,239,1,-2.817486524581909,2.817486524581909
P151R,TP53,151,1,-7.648359775543213,7.648359775543213
P151A,TP53,151,1,-4.112065315246582,4.112065315246582
P278S,TP53,278,1,-5.800933837890625,5.800933837890625
P278T,TP53,278,1,-8.090737342834473,8.090737342834473
R175G,TP53,175,1,-10.763012886047363,10.763012886047363
R248G,TP53,248,1,-13.171756744384766,13.171756744384766
R273L,TP53,273,1,-11.683343887329102,11.683343887329102
R273S,TP53,273,1,-11.75583267211914,11.75583267211914
R282P,TP53,282,1,-11.514272689819336,11.514272689819336
S241Y,TP53,241,1,-8.243571281433105,8.243571281433105
S241A,TP53,241,1,-5.500807762145996,5.500807762145996
T125R,TP53,125,1,-8.29687786102295,8.29687786102295
V173L,TP53,173,1,-6.372467994689941,6.372467994689941
Y163H,TP53,163,1,-4.816562175750732,4.816562175750732
Y205C,TP53,205,1,-6.098744869232178,6.098744869232178
Y205H,TP53,205,1,-3.932637929916382,3.932637929916382
Y205D,TP53,205,1,-11.296762466430664,11.296762466430664
Y220H,TP53,220,1,-5.785411834716797,5.785411834716797
Y234H,TP53,234,1,-8.493501663208008,8.493501663208008
Y234N,TP53,234,1,-12.30780029296875,12.30780029296875
Y236C,TP53,236,1,-7.702020645141602,7.702020645141602
I177N,STK11,177,1,-14.482460975646973,14.482460975646973
S399F,MYCN,399,0,-8.549453735351562,8.549453735351562
M1V,TP63,1,1,-5.342138290405273,5.342138290405273
G173R,TP63,173,1,-10.630573272705078,10.630573272705078
C312Y,TP63,312,1,-11.552783012390137,11.552783012390137
L602P,TP63,602,1,-10.089947700500488,10.089947700500488
P333S,TSC1,333,0,-0.0445256233215332,0.0445256233215332
G599R,TSC1,599,0,-0.22227048873901367,0.22227048873901367
I3412S,BRCA2,3412,0,0.6596672534942627,-0.6596672534942627
Q373H,TSC2,373,1,-0.8295187950134277,0.8295187950134277
G60V,HRAS,60,1,-11.982112884521484,11.982112884521484
V1298M,TSC2,1298,0,-1.4730010032653809,1.4730010032653809
V241I,TSC2,241,0,-0.6241958141326904,0.6241958141326904
G2181R,BRCA2,2181,0,-0.10394859313964844,0.10394859313964844
G2724W,BRCA2,2724,1,-5.2612762451171875,5.2612762451171875
Y1948D,NF1,1948,1,-0.726024866104126,0.726024866104126
C414G,TSC2,414,1,-0.6239380836486816,0.6239380836486816
A623V,TSC2,623,0,-0.3543128967285156,0.3543128967285156
R1204L,NF1,1204,1,0.3285965919494629,-0.3285965919494629
L667R,KIT,667,1,-12.809468269348145,12.809468269348145
G1494R,ALK,1494,0,-0.4379699230194092,0.4379699230194092
S426T,ALK,426,0,-0.4772607088088989,0.4772607088088989
L163R,VHL,163,1,0.06534433364868164,-0.06534433364868164
R653M,APC,653,1,-3.273808479309082,3.273808479309082
P1467S,APC,1467,0,0.7197728157043457,-0.7197728157043457
T2813K,APC,2813,0,-0.07086873054504395,0.07086873054504395
I326V,BRAF,326,0,-2.9454355239868164,2.9454355239868164
M209V,TSC1,209,0,0.6322698593139648,-0.6322698593139648
D510N,TSC1,510,0,-0.7767777442932129,0.7767777442932129
P591L,TSC1,591,0,-0.7312471866607666,0.7312471866607666
G544E,TSC1,544,0,0.16103506088256836,-0.16103506088256836
K121M,TSC1,121,1,-3.659391403198242,3.659391403198242
P1140L,TSC1,1140,0,-0.11289644241333008,0.11289644241333008
R87W,CDKN2A,87,1,-1.0913348197937012,1.0913348197937012
L98R,PTEN,98,1,-11.07599925994873,11.07599925994873
R15K,PTEN,15,1,-9.51611614227295,9.51611614227295
Y27C,PTEN,27,1,-9.652045249938965,9.652045249938965
Y155C,PTEN,155,1,-11.366124153137207,11.366124153137207
G1746R,ATM,1746,1,0.17549538612365723,-0.17549538612365723
D2708H,ATM,2708,1,-4.876623630523682,4.876623630523682
A2233V,BRCA2,2233,0,0.2656979560852051,-0.2656979560852051
L2656Q,BRCA2,2656,1,-0.7083714008331299,0.7083714008331299
R656Q,RB1,656,0,-6.011024475097656,6.011024475097656
G38D,RB1,38,0,1.0644259452819824,-1.0644259452819824
V654L,RB1,654,1,-5.538147449493408,5.538147449493408
Y828H,BRCA2,828,0,0.013093948364257812,-0.013093948364257812
W2626R,BRCA2,2626,1,2.0652763843536377,-2.0652763843536377
N248I,TSC2,248,0,-1.5363788604736328,1.5363788604736328
S802G,TSC2,802,0,-0.7267065048217773,0.7267065048217773
H798Y,TSC2,798,0,-0.296785831451416,0.296785831451416
S1364V,TSC2,1364,0,-0.4777641296386719,0.4777641296386719
I39T,TSC2,39,0,0.6465139389038086,-0.6465139389038086
P330L,TSC2,330,0,-1.3954999446868896,1.3954999446868896
S491L,TSC2,491,0,-0.6862280368804932,0.6862280368804932
T1068P,TSC2,1068,1,0.5459561347961426,-0.5459561347961426
R1174W,TSC2,1174,0,-2.184997081756592,2.184997081756592
M1V,NF1,1,1,-6.0758585929870605,6.0758585929870605
L1504F,TSC2,1504,0,-0.8745934963226318,0.8745934963226318
I1648V,TSC2,1648,0,0.11441946029663086,-0.11441946029663086
C845R,NF1,845,1,0.9155478477478027,-0.9155478477478027
C845Y,NF1,845,1,-0.5996212959289551,0.5996212959289551
T1923R,NF1,1923,1,0.40000271797180176,-0.40000271797180176
C379R,NF1,379,1,-1.6949005126953125,1.6949005126953125
I1845S,NF1,1845,1,0.08599686622619629,-0.08599686622619629
W2229R,NF1,2229,1,-1.8624610900878906,1.8624610900878906
K2273M,NF1,2273,1,-1.5840277671813965,1.5840277671813965
G848R,NF1,848,1,-0.7251965999603271,0.7251965999603271
N1154I,NF1,1154,1,-0.02850341796875,0.02850341796875
F1884L,NF1,1884,1,0.9069249629974365,-0.9069249629974365
I254V,TP53,254,0,-2.0589394569396973,2.0589394569396973
D186N,TP53,186,0,-3.3859128952026367,3.3859128952026367
T155N,TP53,155,1,-5.307642936706543,5.307642936706543
R110L,TP53,110,1,-4.622374534606934,4.622374534606934
H41N,BRCA1,41,1,-6.191619873046875,6.191619873046875
G105R,TP53,105,1,-8.97062873840332,8.97062873840332
R1753S,BRCA1,1753,1,-0.641864538192749,0.641864538192749
M384T,TP53,384,0,1.9606742858886719,-1.9606742858886719
K292R,TP53,292,0,-1.458399772644043,1.458399772644043
E377Q,BRCA2,377,0,-0.4001579284667969,0.4001579284667969
G1770V,BRCA1,1770,1,-4.521825790405273,4.521825790405273
G30E,VHL,30,0,-0.3932361602783203,0.3932361602783203
I75S,VHL,75,1,-0.9835531711578369,0.9835531711578369
N131K,VHL,131,1,-0.24471473693847656,0.24471473693847656
L184P,VHL,184,1,-1.9537146091461182,1.9537146091461182
C347F,TP63,347,1,-14.637977600097656,14.637977600097656
A641V,TP63,641,1,-9.07826042175293,9.07826042175293
R1171H,APC,1171,0,0.5431046485900879,-0.5431046485900879
L191P,TSC1,191,1,-10.857484817504883,10.857484817504883
N71S,CDKN2A,71,1,-2.474666118621826,2.474666118621826
G23D,CDKN2A,23,1,-1.2007026672363281,1.2007026672363281
R15S,PTEN,15,1,-11.573761940002441,11.573761940002441
Y16D,PTEN,16,1,-13.006446838378906,13.006446838378906
P38R,PTEN,38,1,-15.197193145751953,15.197193145751953
L108P,PTEN,108,1,-9.963637351989746,9.963637351989746
L316P,PTEN,316,1,-8.319527626037598,8.319527626037598
Y2080D,ATM,2080,1,-1.1312716007232666,1.1312716007232666
R467Q,WT1,467,1,-13.338360786437988,13.338360786437988
G2596E,BRCA2,2596,1,0.7888891696929932,-0.7888891696929932
R2625I,BRCA2,2625,1,-1.2178103923797607,1.2178103923797607
H1620L,TSC2,1620,1,-5.902644157409668,5.902644157409668
V1646M,TSC2,1646,1,-5.0480194091796875,5.0480194091796875
H553R,NF1,553,1,0.065582275390625,-0.065582275390625
M1149I,NF1,1149,1,0.37729358673095703,-0.37729358673095703
P34S,BRCA1,34,1,-4.023819446563721,4.023819446563721
E285K,TP53,285,1,-9.492040634155273,9.492040634155273
P250L,TP53,250,1,-7.573455810546875,7.573455810546875
P190L,TP53,190,1,-7.014802932739258,7.014802932739258
T118I,TP53,118,0,-2.7835752964019775,2.7835752964019775
D176G,STK11,176,1,-12.461675643920898,12.461675643920898
M1R,NF1,1,1,-6.747991561889648,6.747991561889648
R997S,NF1,997,1,0.554661750793457,-0.554661750793457
N12T,PTEN,12,1,-7.370462894439697,7.370462894439697
G44D,PTEN,44,1,-9.91240406036377,9.91240406036377
H123Q,PTEN,123,1,-13.922638893127441,13.922638893127441
M134T,PTEN,134,1,-10.89919662475586,10.89919662475586
T202I,PTEN,202,1,-9.42844295501709,9.42844295501709
W274L,PTEN,274,1,-11.021683692932129,11.021683692932129
K581N,APC,581,1,1.2695764303207397,-1.2695764303207397
R653G,APC,653,1,-3.739919662475586,3.739919662475586
R653K,APC,653,1,-0.43093204498291016,0.43093204498291016
S970T,APC,970,0,-0.5860507488250732,0.5860507488250732
S1028N,APC,1028,1,-3.0349862575531006,3.0349862575531006
R15T,PTEN,15,1,-13.532984733581543,13.532984733581543
G20V,PTEN,20,1,-9.358591079711914,9.358591079711914
M35T,PTEN,35,1,-10.344125747680664,10.344125747680664
D92A,PTEN,92,1,-12.585912704467773,12.585912704467773
V119L,PTEN,119,1,-6.2658491134643555,6.2658491134643555
V119F,PTEN,119,1,-9.00210189819336,9.00210189819336
H123D,PTEN,123,1,-13.77700424194336,13.77700424194336
A126V,PTEN,126,1,-12.297310829162598,12.297310829162598
K128N,PTEN,128,1,-10.953211784362793,10.953211784362793
M134I,PTEN,134,1,-10.615764617919922,10.615764617919922
I135K,PTEN,135,1,-16.08735466003418,16.08735466003418
Y155H,PTEN,155,1,-12.207613945007324,12.207613945007324
G165R,PTEN,165,1,-7.704064846038818,7.704064846038818
R173L,PTEN,173,1,-11.999911308288574,11.999911308288574
G251V,PTEN,251,1,-12.006789207458496,12.006789207458496
K254T,PTEN,254,1,-9.532764434814453,9.532764434814453
H272P,PTEN,272,1,-10.006216049194336,10.006216049194336
T277R,PTEN,277,1,-12.279521942138672,12.279521942138672
V84M,VHL,84,1,-1.3613121509552002,1.3613121509552002
L118P,VHL,118,1,-1.063783884048462,1.063783884048462
L118R,VHL,118,1,-0.052130699157714844,0.052130699157714844
T133P,VHL,133,1,0.48961806297302246,-0.48961806297302246
I151T,VHL,151,1,0.41392064094543457,-0.41392064094543457
R167P,VHL,167,1,-1.2286677360534668,1.2286677360534668
L178P,VHL,178,1,-0.6706740856170654,0.6706740856170654
S127N,RB1,127,1,-1.7251954078674316,1.7251954078674316
S127T,RB1,127,1,-1.1554622650146484,1.1554622650146484
D286G,RB1,286,1,-2.354048728942871,2.354048728942871
D394N,RB1,394,0,-0.46509456634521484,0.46509456634521484
G449R,RB1,449,1,-11.524334907531738,11.524334907531738
Q702R,RB1,702,1,-9.998781204223633,9.998781204223633
G334W,TP53,334,1,-11.954780578613281,11.954780578613281
N310K,TP53,310,0,-0.887479305267334,0.887479305267334
P295S,TP53,295,0,1.0583571195602417,-1.0583571195602417
R267P,TP53,267,1,-12.085993766784668,12.085993766784668
N131I,TP53,131,1,-7.092641353607178,7.092641353607178
L130P,TP53,130,1,-10.9908447265625,10.9908447265625
G105S,TP53,105,1,-7.275068283081055,7.275068283081055
D237H,STK11,237,1,-13.187161445617676,13.187161445617676
R304P,STK11,304,1,-14.232660293579102,14.232660293579102
K615N,NF1,615,1,-0.28611063957214355,0.28611063957214355
L691P,NF1,691,1,-3.3757457733154297,3.3757457733154297
C709R,NF1,709,1,-1.5177063941955566,1.5177063941955566
L1015P,NF1,1015,1,-3.9628448486328125,3.9628448486328125
Q1447P,NF1,1447,1,-6.389247417449951,6.389247417449951
D1644Y,NF1,1644,1,-1.9297699928283691,1.9297699928283691
K1771E,NF1,1771,1,-0.19294071197509766,0.19294071197509766
P2101R,NF1,2101,1,-1.3794832229614258,1.3794832229614258
G23C,CDKN2A,23,1,-5.432574272155762,5.432574272155762
G23S,CDKN2A,23,1,-4.008366107940674,4.008366107940674
G173V,TP63,173,1,-11.378447532653809,11.378447532653809
I49S,CDKN2A,49,1,-4.792781829833984,4.792781829833984
R2832L,ATM,2832,1,-1.7377967834472656,1.7377967834472656
V1001E,NF1,1001,1,-0.09490489959716797,0.09490489959716797
L869R,ERBB2,869,1,-8.980879783630371,8.980879783630371
Q1562R,BRCA2,1562,0,-0.6565279960632324,0.6565279960632324
I171V,BRCA1,171,0,0.06520390510559082,-0.06520390510559082
M1K,BRCA2,1,1,-4.126431941986084,4.126431941986084
G1696V,BRCA2,1696,1,0.0893552303314209,-0.0893552303314209
A521P,BRCA1,521,0,-0.009920120239257812,0.009920120239257812
K354R,NF1,354,1,-0.03253626823425293,0.03253626823425293
V630E,NF1,630,0,0.3225255012512207,-0.3225255012512207
K798Q,NF1,798,1,-0.08502340316772461,0.08502340316772461
G922S,NF1,922,1,0.581214427947998,-0.581214427947998
N957I,NF1,957,1,0.2802460193634033,-0.2802460193634033
F1193S,NF1,1193,1,0.8067593574523926,-0.8067593574523926
D1217E,NF1,1217,1,0.4381122589111328,-0.4381122589111328
N1278K,NF1,1278,1,-1.3120553493499756,1.3120553493499756
K1444Q,NF1,1444,1,-2.2941651344299316,2.2941651344299316
E1458K,NF1,1458,1,-2.244466781616211,2.244466781616211
V1468G,NF1,1468,1,-5.1341352462768555,5.1341352462768555
S1500G,NF1,1500,1,-0.29734349250793457,0.29734349250793457
L1511R,NF1,1511,1,-3.7743430137634277,3.7743430137634277
Q1515R,NF1,1515,1,0.32444310188293457,-0.32444310188293457
K2273N,NF1,2273,1,-0.2729306221008301,0.2729306221008301
L2394R,NF1,2394,1,-7.636663436889648,7.636663436889648
G2397R,NF1,2397,1,-1.5708222389221191,1.5708222389221191
M134R,PTEN,134,1,-16.806751251220703,16.806751251220703
T160I,PTEN,160,1,-8.536619186401367,8.536619186401367
S574N,NF1,574,1,-1.0362553596496582,1.0362553596496582
S574I,NF1,574,1,0.15542244911193848,-0.15542244911193848
L1080P,NF1,1080,1,-2.764050006866455,2.764050006866455
H2658Y,NF1,2658,1,-0.05325508117675781,0.05325508117675781
C207Y,APC,207,0,1.66087007522583,-1.66087007522583
G2503E,APC,2503,0,-1.420302152633667,1.420302152633667
A487S,BRCA2,487,0,1.135787010192871,-1.135787010192871
V1497F,BRCA2,1497,0,-0.3315720558166504,0.3315720558166504
T1586I,BRCA2,1586,0,-0.3670804500579834,0.3670804500579834
N1805D,BRCA2,1805,0,-0.7952907085418701,0.7952907085418701
G2168A,BRCA2,2168,0,-0.48508524894714355,0.48508524894714355
L3125F,BRCA2,3125,1,-1.3432047367095947,1.3432047367095947
A3399S,BRCA2,3399,0,1.1156408786773682,-1.1156408786773682
Y1853N,BRCA1,1853,1,-2.6211254596710205,2.6211254596710205
R1751G,BRCA1,1751,1,-7.155185699462891,7.155185699462891
V1687G,BRCA1,1687,1,-9.685369491577148,9.685369491577148
S1125Y,BRCA1,1125,0,-2.322408676147461,2.322408676147461
E1013K,BRCA1,1013,0,0.15446949005126953,-0.15446949005126953
S976T,BRCA2,976,0,-0.7059564590454102,0.7059564590454102
S976F,BRCA2,976,0,-1.041262149810791,1.041262149810791
G171V,WT1,171,1,-7.4543585777282715,7.4543585777282715
W2619C,BRCA2,2619,1,0.8341593742370605,-0.8341593742370605
G129V,PTEN,129,1,-14.374135971069336,14.374135971069336
A3122P,BRCA2,3122,1,-3.2779433727264404,3.2779433727264404
F1761C,BRCA1,1761,1,-5.597333908081055,5.597333908081055
F241L,PTEN,241,1,-5.283936023712158,5.283936023712158
Q1189R,NF1,1189,1,0.09435796737670898,-0.09435796737670898
N1223K,ATM,1223,1,0.5201535224914551,-0.5201535224914551
K172N,BRCA2,172,1,-0.5374681949615479,0.5374681949615479
D427E,BRCA2,427,0,0.2659790515899658,-0.2659790515899658
L2732V,BRCA2,2732,0,-1.37498939037323,1.37498939037323
A2951S,BRCA2,2951,0,-0.5605218410491943,0.5605218410491943
D1757Y,BRCA1,1757,0,-1.9932670593261719,1.9932670593261719
I90V,BRCA1,90,0,-0.47222304344177246,0.47222304344177246
Y1234C,MET,1234,1,-5.702301502227783,5.702301502227783
L916P,TSC2,916,1,-1.925917387008667,1.925917387008667
V1673G,TSC2,1673,1,-3.7045507431030273,3.7045507431030273
R384G,BRAF,384,0,-11.28467845916748,11.28467845916748
P96L,PTEN,96,1,-8.794538497924805,8.794538497924805
A2622V,ATM,2622,1,-1.0956487655639648,1.0956487655639648
T451P,WT1,451,1,-12.12897777557373,12.12897777557373
C93R,NF1,93,1,-0.5690150260925293,0.5690150260925293
R1066K,NF1,1066,1,0.2632632255554199,-0.2632632255554199
W1236R,NF1,1236,1,2.3556885719299316,-2.3556885719299316
G199V,TP53,199,1,-12.771106719970703,12.771106719970703
W88R,VHL,88,1,1.3206994533538818,-1.3206994533538818
Q164H,VHL,164,1,-0.6762983798980713,0.6762983798980713
H247Y,TP63,247,1,-10.315958023071289,10.315958023071289
T718A,KIT,718,0,-2.9087541103363037,2.9087541103363037
S1028I,APC,1028,1,-5.001356601715088,5.001356601715088
S1015A,MET,1015,0,-1.1248222589492798,1.1248222589492798
S1102T,TSC1,1102,0,-0.8899593353271484,0.8899593353271484
G1089A,TSC1,1089,0,0.5244054794311523,-0.5244054794311523
H71Q,TSC1,71,0,0.3313732147216797,-0.3313732147216797
H93P,PTEN,93,1,-21.1981201171875,21.1981201171875
A126T,PTEN,126,1,-12.6937255859375,12.6937255859375
D92Y,PTEN,92,1,-11.240338325500488,11.240338325500488
R248L,ATM,248,1,-0.7591309547424316,0.7591309547424316
M198K,PTEN,198,1,-12.419367790222168,12.419367790222168
H470Y,WT1,470,1,-16.95172691345215,16.95172691345215
R3052L,BRCA2,3052,1,1.0569612979888916,-1.0569612979888916
E287D,RB1,287,1,0.11268997192382812,-0.11268997192382812
L819V,RB1,819,0,-0.6742571592330933,0.6742571592330933
H962Y,BRCA2,962,0,-0.6586923599243164,0.6586923599243164
L229F,RB1,229,0,-0.9291619062423706,0.9291619062423706
G540V,RB1,540,0,0.4782876968383789,-0.4782876968383789
D36N,RB1,36,0,-1.6029090881347656,1.6029090881347656
M386V,RB1,386,0,0.9191579818725586,-0.9191579818725586
H600Y,TSC2,600,0,-0.2574641704559326,0.2574641704559326
G1654S,TSC2,1654,0,0.3372626304626465,-0.3372626304626465
S1799P,TSC2,1799,0,-0.5374336242675781,0.5374336242675781
Q613H,TSC2,613,1,-0.728142261505127,0.728142261505127
Q1503R,TSC2,1503,1,0.6695334911346436,-0.6695334911346436
G1190D,NF1,1190,1,-0.03831839561462402,0.03831839561462402
K1290N,NF1,1290,1,-1.0409380197525024,1.0409380197525024
L691R,NF1,691,1,-2.8167073726654053,2.8167073726654053
T780R,NF1,780,1,-0.1967940330505371,0.1967940330505371
I965R,NF1,965,1,-2.2185144424438477,2.2185144424438477
W1048G,NF1,1048,1,-0.08615875244140625,0.08615875244140625
L43P,NF1,43,1,-1.2914988994598389,1.2914988994598389
L380P,NF1,380,1,-6.24055290222168,6.24055290222168
H1143Y,NF1,1143,1,-0.34653472900390625,0.34653472900390625
M1461K,NF1,1461,1,-4.194625377655029,4.194625377655029
G244A,TP53,244,1,-7.5466742515563965,7.5466742515563965
S1420P,NF1,1420,1,-4.420784950256348,4.420784950256348
A159V,TP53,159,1,-5.286273956298828,5.286273956298828
N1451I,NF1,1451,1,-6.763737678527832,6.763737678527832
A846D,NF1,846,1,0.5483686923980713,-0.5483686923980713
R997M,NF1,997,1,-0.9397735595703125,0.9397735595703125
L1780Q,BRCA1,1780,1,-5.904116630554199,5.904116630554199
E2143K,NF1,2143,1,-0.9432613849639893,0.9432613849639893
V1093M,NF1,1093,1,-0.7995786666870117,0.7995786666870117
L1223F,BRCA1,1223,0,-1.0882234573364258,1.0882234573364258
V1182F,NF1,1182,1,-0.5644161701202393,0.5644161701202393
R1412G,NF1,1412,1,-5.227654457092285,5.227654457092285
K2823N,NF1,2823,0,-0.9952003955841064,0.9952003955841064
C64S,BRCA1,64,1,-8.420441627502441,8.420441627502441
P177R,TP53,177,1,-8.980722427368164,8.980722427368164
L101P,VHL,101,1,-3.4825572967529297,3.4825572967529297
L163F,VHL,163,1,-1.3573217391967773,1.3573217391967773
P154S,VHL,154,1,-0.757784366607666,0.757784366607666
N248S,APC,248,0,0.9003338813781738,-0.9003338813781738
T496I,APC,496,0,-0.05566811561584473,0.05566811561584473
E74K,APC,74,1,-0.06928443908691406,0.06928443908691406
G637R,APC,637,1,-2.2394866943359375,2.2394866943359375
G861S,APC,861,0,0.8996288776397705,-0.8996288776397705
G1203V,APC,1203,0,0.9477791786193848,-0.9477791786193848
D107Y,PTEN,107,1,-13.289026260375977,13.289026260375977
V166E,PTEN,166,1,-13.367475509643555,13.367475509643555
V253E,RET,253,0,1.078287959098816,-1.078287959098816
M1V,PTEN,1,1,-5.719471454620361,5.719471454620361
R142P,PTEN,142,1,-15.908486366271973,15.908486366271973
L345P,PTEN,345,1,-10.951835632324219,10.951835632324219
G36E,PTEN,36,1,-11.118098258972168,11.118098258972168
V119G,PTEN,119,1,-10.641458511352539,10.641458511352539
I253N,PTEN,253,1,-15.221636772155762,15.221636772155762
F582L,ATM,582,0,0.8849742412567139,-0.8849742412567139
M2239I,ATM,2239,0,0.7220969200134277,-0.7220969200134277
K2717R,ATM,2717,1,-6.110018730163574,6.110018730163574
L2452P,ATM,2452,1,-2.3839330673217773,2.3839330673217773
Q2637R,ATM,2637,0,0.19652605056762695,-0.19652605056762695
V3005I,ATM,3005,0,-1.0071250200271606,1.0071250200271606
N2370S,ATM,2370,0,0.7859423160552979,-0.7859423160552979
S599F,BRCA2,599,0,-0.9016437530517578,0.9016437530517578
N801K,BRCA2,801,0,0.4064509868621826,-0.4064509868621826
D156E,BRCA2,156,0,0.637451171875,-0.637451171875
Y1751S,BRCA2,1751,0,1.3726539611816406,-1.3726539611816406
Y2567H,BRCA2,2567,0,-0.4774186611175537,0.4774186611175537
E2599G,BRCA2,2599,1,-0.8564801216125488,0.8564801216125488
Q2749E,BRCA2,2749,0,-0.6033172607421875,0.6033172607421875
E2772V,BRCA2,2772,0,-0.230055570602417,0.230055570602417
A2780D,BRCA2,2780,1,0.38175225257873535,-0.38175225257873535
L1384V,BRCA2,1384,0,-0.14802265167236328,0.14802265167236328
L2862Q,BRCA2,2862,0,-0.1711716651916504,0.1711716651916504
N3024D,BRCA2,3024,0,0.4911797046661377,-0.4911797046661377
V358M,BRCA2,358,0,-1.1917088031768799,1.1917088031768799
S2546P,BRCA2,2546,0,-0.019155263900756836,0.019155263900756836
Y2789F,BRCA2,2789,0,0.35788631439208984,-0.35788631439208984
L2792R,BRCA2,2792,1,0.3093373775482178,-0.3093373775482178
N3337D,BRCA2,3337,0,0.16449618339538574,-0.16449618339538574
A145T,TSC2,145,0,-0.4887266159057617,0.4887266159057617
Y1480H,BRCA2,1480,0,0.1871323585510254,-0.1871323585510254
E929K,TSC2,929,0,-0.17809152603149414,0.17809152603149414
K2674N,BRCA2,2674,0,-0.24916481971740723,0.24916481971740723
T2722A,BRCA2,2722,1,-2.470308780670166,2.470308780670166
T2880I,BRCA2,2880,0,0.23660612106323242,-0.23660612106323242
R320Q,RB1,320,0,1.835273027420044,-1.835273027420044
R160K,NF1,160,1,0.23677945137023926,-0.23677945137023926
L578P,NF1,578,1,-3.616154193878174,3.616154193878174
K1457R,NF1,1457,1,-1.5405774116516113,1.5405774116516113
Q1447K,NF1,1447,1,-5.185527324676514,5.185527324676514
L1915P,NF1,1915,1,-2.865391492843628,2.865391492843628
D1739H,BRCA1,1739,1,-3.441316604614258,3.441316604614258
V1719G,BRCA1,1719,1,-8.575238227844238,8.575238227844238
T1684A,BRCA1,1684,0,-4.057403087615967,4.057403087615967
T1312S,BRCA1,1312,0,0.6448925733566284,-0.6448925733566284
L413V,BRCA1,413,0,-0.4486818313598633,0.4486818313598633
E736G,BRCA1,736,0,-0.9295766353607178,0.9295766353607178
D1067V,NF1,1067,0,0.495267391204834,-0.495267391204834
C27F,BRCA1,27,1,-7.34845495223999,7.34845495223999
F385L,TP53,385,0,1.0423619747161865,-1.0423619747161865
A307G,TP53,307,0,-0.5152702331542969,0.5152702331542969
R283P,TP53,283,1,-11.084454536437988,11.084454536437988
M246K,TP53,246,1,-8.868528366088867,8.868528366088867
T1640A,BRCA1,1640,0,-0.2951338291168213,0.2951338291168213
M246I,TP53,246,1,-3.276050090789795,3.276050090789795
V143G,TP53,143,1,-10.41806697845459,10.41806697845459
H178D,TP53,178,1,-8.049800872802734,8.049800872802734
L2068S,ATM,2068,1,-2.3439066410064697,2.3439066410064697
S2670W,BRCA2,2670,1,-1.999300241470337,1.999300241470337
V2652G,BRCA2,2652,1,-0.5864517688751221,0.5864517688751221
R99P,CDKN2A,99,1,-7.152613639831543,7.152613639831543
K1192N,ATM,1192,1,-0.5720775127410889,0.5720775127410889
Y2884F,BRCA2,2884,0,0.5564649105072021,-0.5564649105072021
R2849P,ATM,2849,1,-11.143059730529785,11.143059730529785
I50T,PTEN,50,1,-8.22815227508545,8.22815227508545
P96R,PTEN,96,1,-14.700188636779785,14.700188636779785
S106R,TP53,106,1,-5.696170806884766,5.696170806884766
G93D,VHL,93,1,-1.5165497064590454,1.5165497064590454
T105P,VHL,105,1,-1.1654019355773926,1.1654019355773926
Q132P,VHL,132,1,0.7750000953674316,-0.7750000953674316
F119L,VHL,119,1,0.8640701770782471,-0.8640701770782471
S80R,VHL,80,1,0.6425771713256836,-0.6425771713256836
V130F,VHL,130,1,-0.7852861881256104,0.7852861881256104
N131S,VHL,131,1,0.8707358837127686,-0.8707358837127686
C162R,VHL,162,1,1.5084865093231201,-1.5084865093231201
H115Q,VHL,115,1,0.2771928310394287,-0.2771928310394287
F136S,VHL,136,1,0.11742639541625977,-0.11742639541625977
S474I,RB1,474,1,-6.725410461425781,6.725410461425781
P365A,MYCN,365,0,-2.0423812866210938,2.0423812866210938
S526F,TSC1,526,0,-1.8578355312347412,1.8578355312347412
L1276V,BRCA1,1276,0,-0.5594513416290283,0.5594513416290283
P1370S,TSC2,1370,0,0.8461875915527344,-0.8461875915527344
D559N,BRCA2,559,0,0.31139183044433594,-0.31139183044433594
S167F,TP63,167,1,-12.577171325683594,12.577171325683594
L525Q,BRAF,525,1,-15.005030632019043,15.005030632019043
R1325M,NF1,1325,1,-1.1788368225097656,1.1788368225097656
H420P,WT1,420,1,-15.026329040527344,15.026329040527344
H93N,PTEN,93,1,-12.42357349395752,12.42357349395752
R1412T,NF1,1412,1,-6.09119987487793,6.09119987487793
E296K,ALK,296,0,-0.7263460159301758,0.7263460159301758
V126A,ALK,126,0,0.38915491104125977,-0.38915491104125977
R167L,VHL,167,1,-0.5899810791015625,0.5899810791015625
R82L,VHL,82,1,-0.9750730991363525,0.9750730991363525
P154A,VHL,154,1,-1.0461461544036865,1.0461461544036865
D355N,TP63,355,1,-12.058948516845703,12.058948516845703
G600D,TP63,600,1,-10.721155166625977,10.721155166625977
I247V,MET,247,0,-0.18628263473510742,0.18628263473510742
G344R,MET,344,0,-6.453659534454346,6.453659534454346
M425V,TSC1,425,0,1.1454675197601318,-1.1454675197601318
I580V,TSC1,580,0,0.6978693008422852,-0.6978693008422852
Y68D,PTEN,68,1,-15.944869041442871,15.944869041442871
K267N,PTEN,267,1,-8.512651443481445,8.512651443481445
L152P,PTEN,152,1,-9.042170524597168,9.042170524597168
P1785H,ATM,1785,0,-0.9077475070953369,0.9077475070953369
S114L,RB1,114,0,-0.4335951805114746,0.4335951805114746
K1944E,BRCA2,1944,0,-0.012897729873657227,0.012897729873657227
Q444H,RB1,444,1,-2.4504737854003906,2.4504737854003906
I1258R,BRCA2,1258,0,-0.8575215339660645,0.8575215339660645
E737D,RB1,737,1,-2.1968531608581543,2.1968531608581543
S888N,RB1,888,1,-0.5251308679580688,0.5251308679580688
P1675Q,TSC2,1675,1,-1.1219680309295654,1.1219680309295654
T147K,TSC2,147,1,-1.2067580223083496,1.2067580223083496
E787D,TSC2,787,1,-0.6050333976745605,0.6050333976745605
Y1571H,TSC2,1571,1,-1.677105188369751,1.677105188369751
M895R,NF1,895,1,-0.9499466419219971,0.9499466419219971
L929R,NF1,929,1,-1.9181262254714966,1.9181262254714966
S2018R,NF1,2018,1,-1.4675049781799316,1.4675049781799316
I826V,NF1,826,0,0.7681670188903809,-0.7681670188903809
P1084S,NF1,1084,1,0.2646946907043457,-0.2646946907043457
M1149V,NF1,1149,1,0.7689990997314453,-0.7689990997314453
N1156K,NF1,1156,1,0.41946911811828613,-0.41946911811828613
L933P,NF1,933,1,-2.975260019302368,2.975260019302368
V1419D,NF1,1419,1,-2.5824952125549316,2.5824952125549316
H1686Y,BRCA1,1686,1,-4.6982221603393555,4.6982221603393555
D1644H,NF1,1644,1,-1.906740665435791,1.906740665435791
M18R,BRCA1,18,1,-5.122833728790283,5.122833728790283
H1746D,BRCA1,1746,1,-0.6974520683288574,0.6974520683288574
M1215R,NF1,1215,1,0.4580368995666504,-0.4580368995666504
G1788A,BRCA1,1788,1,-6.004596710205078,6.004596710205078
K1457N,NF1,1457,1,-2.2234251499176025,2.2234251499176025
I1723T,BRCA1,1723,0,-2.0895347595214844,2.0895347595214844
T2135I,NF1,2135,1,-0.791041374206543,0.791041374206543
A2274S,NF1,2274,1,0.2182605266571045,-0.2182605266571045
R158L,TP53,158,1,-8.575909614562988,8.575909614562988
L140P,STK11,140,1,-11.759236335754395,11.759236335754395
I1171T,ALK,1171,1,-6.740001201629639,6.740001201629639
T2722I,BRCA2,2722,1,-4.201845169067383,4.201845169067383
K1286N,BRCA2,1286,0,0.20546483993530273,-0.20546483993530273
A533D,KIT,533,1,-10.9312744140625,10.9312744140625
D469Y,WT1,469,1,-15.17873477935791,15.17873477935791
S65P,VHL,65,1,0.6054024696350098,-0.6054024696350098
Y155S,PTEN,155,1,-14.59231948852539,14.59231948852539
H1640R,TSC2,1640,1,-5.485293388366699,5.485293388366699
W223R,NF1,223,1,0.2841954231262207,-0.2841954231262207
A320D,NF1,320,1,-4.305437088012695,4.305437088012695
A330V,NF1,330,1,0.27036404609680176,-0.27036404609680176
L929P,NF1,929,1,-1.6789556741714478,1.6789556741714478
L1196V,NF1,1196,1,-0.2645704746246338,0.2645704746246338
L1411V,NF1,1411,1,-2.4994471073150635,2.4994471073150635
K1529R,NF1,1529,1,-0.38898658752441406,0.38898658752441406
K2307N,NF1,2307,1,-0.22104859352111816,0.22104859352111816
D2597Y,ATM,2597,1,-0.39255642890930176,0.39255642890930176
D1547N,BRCA2,1547,0,-0.15288186073303223,0.15288186073303223
V1775L,BRCA2,1775,0,0.18618035316467285,-0.18618035316467285
K1025R,BRCA2,1025,0,-1.3659276962280273,1.3659276962280273
R287Q,RET,287,1,0.12810587882995605,-0.12810587882995605
V290K,PTEN,290,1,-0.2021632194519043,0.2021632194519043
H115P,VHL,115,1,0.5903136730194092,-0.5903136730194092
V1627D,NF1,1627,1,-4.738687515258789,4.738687515258789
E2214D,NF1,2214,1,-0.8134796619415283,0.8134796619415283
S483N,WT1,483,1,-12.304032325744629,12.304032325744629
G93V,VHL,93,1,-2.583486557006836,2.583486557006836
G114S,VHL,114,1,-0.6610753536224365,0.6610753536224365
L158V,VHL,158,1,-0.5234494209289551,0.5234494209289551
K232E,TP63,232,1,-12.867647171020508,12.867647171020508
A621T,KIT,621,1,-14.20234489440918,14.20234489440918
S111C,VHL,111,1,-0.7231688499450684,0.7231688499450684
R191W,MET,191,0,-3.7560269832611084,3.7560269832611084
M23K,BRAF,23,0,-11.905695915222168,11.905695915222168
P166H,TP63,166,1,-10.350555419921875,10.350555419921875
A1026S,TSC1,1026,0,1.6994799375534058,-1.6994799375534058
L1045V,TSC1,1045,0,-0.19133877754211426,0.19133877754211426
T52I,RB1,52,0,-0.7386620044708252,0.7386620044708252
D92G,PTEN,92,1,-10.723165512084961,10.723165512084961
Y177C,PTEN,177,1,-12.271839141845703,12.271839141845703
D252V,PTEN,252,1,-11.362000465393066,11.362000465393066
T277A,PTEN,277,1,-6.626430034637451,6.626430034637451
D310G,PTEN,310,1,-2.9145936965942383,2.9145936965942383
Q443H,TSC2,443,0,-0.6689920425415039,0.6689920425415039
S1147F,TSC2,1147,0,-1.659681797027588,1.659681797027588
A1164T,TSC2,1164,0,-1.1053348779678345,1.1053348779678345
I1537T,TSC2,1537,0,0.01052236557006836,-0.01052236557006836
H2623Y,BRCA2,2623,1,-0.19974970817565918,0.19974970817565918
T12S,RB1,12,0,-1.0024704933166504,1.0024704933166504
L218V,RB1,218,1,-5.302996635437012,5.302996635437012
D186V,NF1,186,1,1.9191792011260986,-1.9191792011260986
E244K,NF1,244,1,-0.3023531436920166,0.3023531436920166
R997T,NF1,997,1,0.22332501411437988,-0.22332501411437988
M1214R,NF1,1214,1,1.289940357208252,-1.289940357208252
N1415K,NF1,1415,1,-3.747091770172119,3.747091770172119
N1451D,NF1,1451,1,-4.635042190551758,4.635042190551758
R2349G,NF1,2349,0,0.5188305377960205,-0.5188305377960205
H41Y,BRCA1,41,1,-7.183066368103027,7.183066368103027
H178Q,TP53,178,1,-5.20741081237793,5.20741081237793
N181E,STK11,181,1,-20.37759017944336,20.37759017944336
V1146F,NF1,1146,1,-0.8900246620178223,0.8900246620178223
K1457Q,NF1,1457,1,-2.6858718395233154,2.6858718395233154
L847R,NF1,847,1,-1.880462884902954,1.880462884902954
R873G,NF1,873,1,-0.3299027681350708,0.3299027681350708
V2603I,NF1,2603,0,-0.18682050704956055,0.18682050704956055
W1314R,NF1,1314,0,1.0414955615997314,-1.0414955615997314
G242R,STK11,242,1,-9.516483306884766,9.516483306884766
Q373R,TSC2,373,1,-0.02299213409423828,0.02299213409423828
V709F,TSC2,709,1,-2.0495378971099854,2.0495378971099854
N1667S,TSC2,1667,0,0.9496183395385742,-0.9496183395385742
A1716P,NF1,1716,0,-3.60931396484375,3.60931396484375
V592I,EGFR,592,0,-2.6151411533355713,2.6151411533355713
G751R,NF1,751,1,0.16356325149536133,-0.16356325149536133
S240G,TP53,240,1,-5.414494514465332,5.414494514465332
M1030R,TSC2,1030,1,-0.4507722854614258,0.4507722854614258
K354N,NF1,354,1,-0.5044107437133789,0.5044107437133789
E41V,NF1,41,1,-1.2999377250671387,1.2999377250671387
P798A,BRCA1,798,0,0.2225341796875,-0.2225341796875
F147S,RET,147,1,0.39879751205444336,-0.39879751205444336
V202L,RET,202,1,-0.11186957359313965,0.11186957359313965
R161G,VHL,161,1,-0.557981014251709,0.557981014251709
V255E,PTEN,255,1,-13.303091049194336,13.303091049194336
H474P,WT1,474,1,-15.627163887023926,15.627163887023926
N78H,VHL,78,1,-0.0868997573852539,0.0868997573852539
N78D,VHL,78,1,0.419003963470459,-0.419003963470459
S80I,VHL,80,1,-0.44185423851013184,0.44185423851013184
F91V,VHL,91,0,0.9447512626647949,-0.9447512626647949
V166D,VHL,166,1,-1.2374775409698486,1.2374775409698486
V170D,VHL,170,1,-0.49350643157958984,0.49350643157958984
L178Q,VHL,178,1,-0.7493903636932373,0.7493903636932373
L178R,VHL,178,1,0.015316963195800781,-0.015316963195800781
L188Q,VHL,188,1,-1.768068790435791,1.768068790435791
L188P,VHL,188,1,-0.2080545425415039,0.2080545425415039
E166Q,ATM,166,1,-0.7190988063812256,0.7190988063812256
S79G,APC,79,0,-0.717719316482544,0.717719316482544
T3413I,BRCA2,3413,0,0.0301358699798584,-0.0301358699798584
W1718G,BRCA1,1718,1,-10.090408325195312,10.090408325195312
V1714F,BRCA1,1714,1,-6.144997596740723,6.144997596740723
H971R,BRCA1,971,0,1.122870683670044,-1.122870683670044
S111G,VHL,111,1,-0.05157661437988281,0.05157661437988281
R280S,TP53,280,1,-9.012024879455566,9.012024879455566
R273G,TP53,273,1,-13.119939804077148,13.119939804077148
I232S,TP53,232,1,-8.091721534729004,8.091721534729004
C176R,TP53,176,1,-12.713801383972168,12.713801383972168
R156P,TP53,156,1,-2.3091633319854736,2.3091633319854736
F113C,TP53,113,1,-8.33679485321045,8.33679485321045
F109C,TP53,109,1,-7.270365238189697,7.270365238189697
C71L,PTEN,71,1,-13.424095153808594,13.424095153808594
W777G,NF1,777,1,1.443528652191162,-1.443528652191162
A481K,BRAF,481,1,-18.21002197265625,18.21002197265625
H115R,VHL,115,1,1.034409999847412,-1.034409999847412
P154L,VHL,154,1,-1.2950751781463623,1.2950751781463623
N246K,TP63,246,1,-11.84636116027832,11.84636116027832
C312F,TP63,312,1,-12.302291870117188,12.302291870117188
R318C,TP63,318,1,-12.955270767211914,12.955270767211914
F565V,TP63,565,1,-7.827213287353516,7.827213287353516
K509I,KIT,509,1,-4.199453830718994,4.199453830718994
Q542H,APC,542,1,-1.1409595012664795,1.1409595012664795
A366P,BRAF,366,1,-11.185155868530273,11.185155868530273
W347R,TSC1,347,0,3.080446720123291,-3.080446720123291
L16P,CDKN2A,16,1,-5.741921424865723,5.741921424865723
K6E,PTEN,6,1,-10.370597839355469,10.370597839355469
H93Y,PTEN,93,1,-13.14461898803711,13.14461898803711
I101N,PTEN,101,1,-14.216626167297363,14.216626167297363
R159K,PTEN,159,1,-10.814923286437988,10.814923286437988
T2682S,ATM,2682,1,-0.0519709587097168,0.0519709587097168
Q2730P,ATM,2730,1,-8.455015182495117,8.455015182495117
R500Q,WT1,500,1,-14.700383186340332,14.700383186340332
S285N,WT1,285,0,1.0011396408081055,-1.0011396408081055
G60S,HRAS,60,1,-10.272218704223633,10.272218704223633
R320G,RB1,320,0,0.9425802230834961,-0.9425802230834961
I470L,RB1,470,0,-2.4188265800476074,2.4188265800476074
R668C,RB1,668,0,-2.4574947357177734,2.4574947357177734
L511F,TSC2,511,0,-1.7612228393554688,1.7612228393554688
H855Q,TSC2,855,0,-0.04059243202209473,0.04059243202209473
V1649I,TSC2,1649,0,-0.28148913383483887,0.28148913383483887
M1I,NF1,1,1,-6.769200325012207,6.769200325012207
L58P,NF1,58,1,-2.7725605964660645,2.7725605964660645
S82P,NF1,82,1,-0.753575325012207,0.753575325012207
Q83P,NF1,83,1,0.2155613899230957,-0.2155613899230957
A138P,NF1,138,1,-2.7572407722473145,2.7572407722473145
L194P,NF1,194,1,-1.241434931755066,1.241434931755066
K263E,NF1,263,1,0.24083209037780762,-0.24083209037780762
L447P,NF1,447,1,-3.0590949058532715,3.0590949058532715
E775D,NF1,775,1,-0.4117777347564697,0.4117777347564697
L792H,NF1,792,1,-2.123849391937256,2.123849391937256
R997K,NF1,997,1,0.2106788158416748,-0.2106788158416748
M1035K,NF1,1035,1,0.38054513931274414,-0.38054513931274414
M1149T,NF1,1149,1,0.023052453994750977,-0.023052453994750977
G1166S,NF1,1166,1,0.9872915744781494,-0.9872915744781494
G1190S,NF1,1190,1,0.43151116371154785,-0.43151116371154785
W1258R,NF1,1258,1,1.2052690982818604,-1.2052690982818604
Q1447E,NF1,1447,1,-3.737375259399414,3.737375259399414
D1644N,NF1,1644,1,-1.8446595668792725,1.8446595668792725
N1683K,NF1,1683,1,-0.6884281635284424,0.6884281635284424
L2461F,NF1,2461,0,-1.253734827041626,1.253734827041626
C1787Y,BRCA1,1787,1,-6.218424320220947,6.218424320220947
I492V,BRCA1,492,0,0.13470935821533203,-0.13470935821533203
C47R,BRCA1,47,1,-9.671889305114746,9.671889305114746
C44W,BRCA1,44,1,-9.47058391571045,9.47058391571045
C24W,BRCA1,24,1,-8.746622085571289,8.746622085571289
C24G,BRCA1,24,1,-8.596762657165527,8.596762657165527
C24S,BRCA1,24,1,-7.632928848266602,7.632928848266602
S127Y,TP53,127,1,-12.440584182739258,12.440584182739258
K483T,BRAF,483,1,-14.427389144897461,14.427389144897461
T470P,BRAF,470,1,-15.457879066467285,15.457879066467285
A34V,BRAF,34,0,-5.3841142654418945,5.3841142654418945
L2929W,BRCA2,2929,0,-1.9499647617340088,1.9499647617340088
L562P,TP63,562,1,-8.524995803833008,8.524995803833008
R287L,RET,287,1,0.7929489612579346,-0.7929489612579346
Q1408H,BRCA1,1408,1,-1.9512970447540283,1.9512970447540283
M1L,NF1,1,1,-5.4141154289245605,5.4141154289245605
T841P,NF1,841,1,-1.1911845207214355,1.1911845207214355
F1193L,NF1,1193,1,1.1576011180877686,-1.1576011180877686
L844H,NF1,844,1,-2.7074499130249023,2.7074499130249023
A846P,NF1,846,1,-1.4315185546875,1.4315185546875
R1276L,NF1,1276,1,-0.8067317008972168,0.8067317008972168
C585R,RET,585,1,-0.574763298034668,0.574763298034668
P190L,WT1,190,0,-2.979550838470459,2.979550838470459
Y91C,RB1,91,0,-0.7826809883117676,0.7826809883117676
D2736N,NF1,2736,0,0.013131380081176758,-0.013131380081176758
L1033H,ALK,1033,0,-2.625791549682617,2.625791549682617
A626T,RB1,626,0,0.3008992671966553,-0.3008992671966553
S758L,RB1,758,0,-4.040055751800537,4.040055751800537
A736V,TSC2,736,0,-0.04314422607421875,0.04314422607421875
A1164S,TSC2,1164,0,-0.27937018871307373,0.27937018871307373
A87T,WT1,87,0,-1.8231453895568848,1.8231453895568848
A1039T,ERBB2,1039,0,-1.003878116607666,1.003878116607666
I225V,TP63,225,0,-3.304337501525879,3.304337501525879
T434M,TP63,434,0,-2.355419158935547,2.355419158935547
R669H,TP63,669,0,-7.131248474121094,7.131248474121094
P179A,HRAS,179,0,0.1547086238861084,-0.1547086238861084
H59L,TSC1,59,0,-1.0377750396728516,1.0377750396728516
V904I,EGFR,904,0,0.4572439193725586,-0.4572439193725586
A307V,TSC1,307,0,-0.1665172576904297,0.1665172576904297
S1282R,TSC2,1282,0,-0.5999813079833984,0.5999813079833984
E1669K,ATM,1669,1,-0.3772319555282593,0.3772319555282593
H1826N,NF1,1826,1,0.8058583736419678,-0.8058583736419678
R1753G,BRCA1,1753,1,-2.2976882457733154,2.2976882457733154
M1K,BRCA1,1,1,-6.860588073730469,6.860588073730469
S215F,BRAF,215,1,-12.729612350463867,12.729612350463867
I491T,EGFR,491,0,-0.4471796751022339,0.4471796751022339
T1769K,ATM,1769,0,0.42410755157470703,-0.42410755157470703
D2625E,ATM,2625,1,0.38636088371276855,-0.38636088371276855
A2626P,ATM,2626,1,-1.374924659729004,1.374924659729004
Q3038K,ATM,3038,0,-1.482792615890503,1.482792615890503
N856K,BRCA2,856,0,-0.1881873607635498,0.1881873607635498
G2195S,BRCA2,2195,0,1.4099605083465576,-1.4099605083465576
G676A,TSC2,676,0,0.15033304691314697,-0.15033304691314697
L90Q,NF1,90,1,-4.294380187988281,4.294380187988281
D1067Y,NF1,1067,0,-0.3862309455871582,0.3862309455871582
L1068F,NF1,1068,0,-0.9093596935272217,0.9093596935272217
V143A,TP53,143,1,-5.453874588012695,5.453874588012695
L474S,BRCA1,474,0,0.520770788192749,-0.520770788192749
I597T,TP63,597,1,-7.752048015594482,7.752048015594482
G175C,WT1,175,1,-4.328345775604248,4.328345775604248
D2632G,NF1,2632,1,-0.5579032897949219,0.5579032897949219
A2912T,BRCA2,2912,0,-0.015547990798950195,0.015547990798950195
Q427H,WT1,427,1,-4.676962852478027,4.676962852478027
E46K,VHL,46,0,-4.398715019226074,4.398715019226074
F76I,VHL,76,1,0.058341026306152344,-0.058341026306152344
V155L,VHL,155,1,0.21781015396118164,-0.21781015396118164
K159E,VHL,159,1,1.0158147811889648,-1.0158147811889648
I357T,APC,357,0,-1.0026435852050781,1.0026435852050781
A29V,MET,29,0,0.6079344749450684,-0.6079344749450684
K121N,TSC1,121,1,-2.9818878173828125,2.9818878173828125
G23R,CDKN2A,23,1,-4.028065204620361,4.028065204620361
C634L,RET,634,1,2.227123737335205,-2.227123737335205
I880V,RET,880,0,1.463973045349121,-1.463973045349121
A34P,PTEN,34,1,-8.453332901000977,8.453332901000977
P38L,PTEN,38,1,-10.691549301147461,10.691549301147461
I101T,PTEN,101,1,-10.205827713012695,10.205827713012695
C124S,PTEN,124,1,-11.023505210876465,11.023505210876465
L181P,PTEN,181,1,-10.499987602233887,10.499987602233887
F168Y,ATM,168,0,-1.0958988666534424,1.0958988666534424
L643P,ATM,643,0,-0.9879906177520752,0.9879906177520752
V849M,ATM,849,0,-0.4276113510131836,0.4276113510131836
D860E,ATM,860,0,-0.0028395652770996094,0.0028395652770996094
I1022S,ATM,1022,1,-0.7971251010894775,0.7971251010894775
A2368V,ATM,2368,0,-0.013413667678833008,0.013413667678833008
G2765V,ATM,2765,1,-6.87089204788208,6.87089204788208
A1193S,BRCA2,1193,0,1.460917592048645,-1.460917592048645
Y1716C,BRCA2,1716,0,-0.03922295570373535,0.03922295570373535
P2532A,BRCA2,2532,0,0.028959274291992188,-0.028959274291992188
S2616C,BRCA2,2616,0,-2.317073106765747,2.317073106765747
P2639R,BRCA2,2639,0,0.022066116333007812,-0.022066116333007812
R2668S,BRCA2,2668,0,-0.21757006645202637,0.21757006645202637
A2698G,BRCA2,2698,0,0.23746275901794434,-0.23746275901794434
Q2731H,BRCA2,2731,0,-0.14345073699951172,0.14345073699951172
G2743C,BRCA2,2743,0,-1.884894609451294,1.884894609451294
L2805I,BRCA2,2805,0,-1.0922558307647705,1.0922558307647705
S2810C,BRCA2,2810,0,-1.661712884902954,1.661712884902954
L2865F,BRCA2,2865,0,-0.8252456188201904,0.8252456188201904
E2875D,BRCA2,2875,0,-0.9890151023864746,0.9890151023864746
K2950T,BRCA2,2950,0,-1.2203220129013062,1.2203220129013062
N3124H,BRCA2,3124,0,-1.7604999542236328,1.7604999542236328
P3129T,BRCA2,3129,0,0.13346195220947266,-0.13346195220947266
T3137S,BRCA2,3137,0,-0.23194396495819092,0.23194396495819092
F162Y,RB1,162,0,1.1718201637268066,-1.1718201637268066
A188V,RB1,188,0,-0.6105077266693115,0.6105077266693115
Q200H,TSC2,200,0,-0.7677428722381592,0.7677428722381592
R208Q,TSC2,208,0,0.05817055702209473,-0.05817055702209473
P654L,NF1,654,0,1.267197608947754,-1.267197608947754
S807N,NF1,807,0,-0.496624231338501,0.496624231338501
L995P,NF1,995,1,-2.983513832092285,2.983513832092285
A1024S,NF1,1024,0,0.43556833267211914,-0.43556833267211914
L2390W,NF1,2390,1,-3.3235549926757812,3.3235549926757812
V2839L,NF1,2839,0,0.7671663761138916,-0.7671663761138916
T1816R,BRCA1,1816,0,-0.5727910995483398,0.5727910995483398
V1809D,BRCA1,1809,1,-4.647358417510986,4.647358417510986
V1665G,BRCA1,1665,0,-4.501511573791504,4.501511573791504
E1644Q,BRCA1,1644,0,-0.29718947410583496,0.29718947410583496
G1332E,BRCA1,1332,0,0.9396281242370605,-0.9396281242370605
Q94H,BRCA1,94,0,-1.6939620971679688,1.6939620971679688
C27Y,BRCA1,27,1,-6.762248992919922,6.762248992919922
R7L,BRCA1,7,0,0.2906174659729004,-0.2906174659729004
N263S,TP53,263,0,-2.0799341201782227,2.0799341201782227
T253A,TP53,253,1,-7.062870025634766,7.062870025634766
R181P,TP53,181,1,-6.031959056854248,6.031959056854248
P152R,TP53,152,1,-7.707871437072754,7.707871437072754
P151F,TP53,151,1,-8.251160621643066,8.251160621643066
L130H,TP53,130,1,-8.377279281616211,8.377279281616211
S127T,TP53,127,1,-6.32773494720459,6.32773494720459
R110G,TP53,110,1,-3.3835511207580566,3.3835511207580566
G59D,TP53,59,0,-0.41491127014160156,0.41491127014160156
N29D,TP53,29,0,0.961438775062561,-0.961438775062561
D237E,STK11,237,1,-11.066821098327637,11.066821098327637
H379P,STK11,379,0,1.6759798526763916,-1.6759798526763916
V170L,VHL,170,1,0.7864202260971069,-0.7864202260971069
P81L,CDKN2A,81,1,-5.4005327224731445,5.4005327224731445
G55D,CDKN2A,55,1,-3.149630069732666,3.149630069732666
Q1478H,ATM,1478,0,-0.5463685989379883,0.5463685989379883
V875L,BRCA2,875,0,0.3531012535095215,-0.3531012535095215
E70Q,VHL,70,1,-0.06420707702636719,0.06420707702636719
W117G,VHL,117,1,0.8955254554748535,-0.8955254554748535
R200L,VHL,200,1,-0.9233720302581787,0.9233720302581787
A354E,TP63,354,1,-13.335653305053711,13.335653305053711
G1189A,EGFR,1189,0,0.19831442832946777,-0.19831442832946777
D1146H,TSC1,1146,0,-0.08801150321960449,0.08801150321960449
D605V,TSC1,605,0,-0.9814660549163818,0.9814660549163818
H433Q,TSC1,433,0,0.3720359802246094,-0.3720359802246094
T415I,TSC1,415,0,-1.1176843643188477,1.1176843643188477
V42E,TSC1,42,1,-3.0739519596099854,3.0739519596099854
K13Q,PTEN,13,1,-9.774435043334961,9.774435043334961
K128R,PTEN,128,1,-8.030901908874512,8.030901908874512
G132S,PTEN,132,1,-13.935750007629395,13.935750007629395
Q171E,PTEN,171,1,-13.98363971710205,13.98363971710205
D326G,PTEN,326,1,-9.572179794311523,9.572179794311523
A20G,ATM,20,1,-0.49819183349609375,0.49819183349609375
L2780P,ATM,2780,1,-7.298983097076416,7.298983097076416
P254T,WT1,254,0,0.0634298324584961,-0.0634298324584961
K2446E,BRCA2,2446,0,0.21020007133483887,-0.21020007133483887
L104P,TSC2,104,1,-2.5244953632354736,2.5244953632354736
S322L,TSC2,322,0,1.8557571172714233,-1.8557571172714233
P632L,TSC2,632,0,0.5351929664611816,-0.5351929664611816
N633S,TSC2,633,0,1.3498797416687012,-1.3498797416687012
Y875D,TSC2,875,1,0.4993577003479004,-0.4993577003479004
S1130C,TSC2,1130,0,-4.381901741027832,4.381901741027832
V1312L,TSC2,1312,0,0.17728281021118164,-0.17728281021118164
L90P,NF1,90,1,-4.8877668380737305,4.8877668380737305
A323D,NF1,323,1,-3.4896883964538574,3.4896883964538574
K476E,NF1,476,1,-0.14166045188903809,0.14166045188903809
K505E,NF1,505,1,-0.006490230560302734,0.006490230560302734
F894S,NF1,894,1,0.0768136978149414,-0.0768136978149414
L898R,NF1,898,1,-4.482247352600098,4.482247352600098
R1000P,NF1,1000,1,0.37601208686828613,-0.37601208686828613
N1156T,NF1,1156,1,0.46769261360168457,-0.46769261360168457
L1221R,NF1,1221,1,-0.2137610912322998,0.2137610912322998
S1282R,NF1,1282,1,-0.09175491333007812,0.09175491333007812
R1325K,NF1,1325,1,0.9335964918136597,-0.9335964918136597
E1768D,NF1,1768,0,0.9138758182525635,-0.9138758182525635
I1845T,NF1,1845,1,-0.16711926460266113,0.16711926460266113
S2018N,NF1,2018,1,-1.2979121208190918,1.2979121208190918
V2391D,NF1,2391,1,-4.022407054901123,4.022407054901123
G1738V,BRCA1,1738,1,-4.6954169273376465,4.6954169273376465
I254N,TP53,254,1,-11.851459503173828,11.851459503173828
I232N,TP53,232,1,-9.572904586791992,9.572904586791992
R158G,TP53,158,1,-9.570552825927734,9.570552825927734
C132R,STK11,132,1,-9.64630126953125,9.64630126953125
Y1853S,BRCA1,1853,1,-1.6812105178833008,1.6812105178833008
Y1853H,BRCA1,1853,1,-1.8245751857757568,1.8245751857757568
E1849K,BRCA1,1849,0,-2.053173065185547,2.053173065185547
Q1848R,BRCA1,1848,0,-2.378523826599121,2.378523826599121
C1847S,BRCA1,1847,0,-2.911210536956787,2.911210536956787
Q1846H,BRCA1,1846,0,-1.7486329078674316,1.7486329078674316
Q1846R,BRCA1,1846,0,1.2466163635253906,-1.2466163635253906
V1842L,BRCA1,1842,0,-1.7030305862426758,1.7030305862426758
S1841I,BRCA1,1841,1,-9.208756446838379,9.208756446838379
P1831L,BRCA1,1831,0,-2.837463855743408,2.837463855743408
P1831S,BRCA1,1831,0,-1.9934169054031372,1.9934169054031372
A1830S,BRCA1,1830,1,-2.002829074859619,2.002829074859619
M1827L,BRCA1,1827,0,1.0314397811889648,-1.0314397811889648
Q1826H,BRCA1,1826,0,-1.5395536422729492,1.5395536422729492
Q1826E,BRCA1,1826,0,0.7451492547988892,-0.7451492547988892
G1825R,BRCA1,1825,0,0.11593031883239746,-0.11593031883239746
I1824N,BRCA1,1824,0,-4.668133735656738,4.668133735656738
A1823S,BRCA1,1823,1,-0.402728796005249,0.402728796005249
A1823P,BRCA1,1823,1,-1.068772554397583,1.068772554397583
D1818N,BRCA1,1818,0,-1.0216565132141113,1.0216565132141113
T1816A,BRCA1,1816,0,-0.2282261848449707,0.2282261848449707
A1814T,BRCA1,1814,0,0.40749073028564453,-0.40749073028564453
D1813E,BRCA1,1813,0,0.3255119323730469,-0.3255119323730469
Q1811P,BRCA1,1811,1,-1.7307815551757812,1.7307815551757812
L1800I,BRCA1,1800,0,-1.1754775047302246,1.1754775047302246
F1798I,BRCA1,1798,0,0.07990789413452148,-0.07990789413452148
L1795R,BRCA1,1795,0,-0.811314582824707,0.811314582824707
A1789V,BRCA1,1789,1,-5.682073593139648,5.682073593139648
A1789D,BRCA1,1789,1,-8.10128116607666,8.10128116607666
G1788S,BRCA1,1788,1,-4.98358154296875,4.98358154296875
V1784E,BRCA1,1784,1,-8.73619270324707,8.73619270324707
M1783L,BRCA1,1783,0,1.9851387739181519,-1.9851387739181519
Q1779H,BRCA1,1779,0,-0.8309078216552734,0.8309078216552734
M1775V,BRCA1,1775,1,1.0814893245697021,-1.0814893245697021
I1766T,BRCA1,1766,1,-6.513628005981445,6.513628005981445
D1757E,BRCA1,1757,0,1.4350948333740234,-1.4350948333740234
R1753I,BRCA1,1753,1,-2.1188933849334717,2.1188933849334717
A1752E,BRCA1,1752,1,-3.5704092979431152,3.5704092979431152
G1743E,BRCA1,1743,1,-3.0418601036071777,3.0418601036071777
R1737G,BRCA1,1737,0,-0.5206482410430908,0.5206482410430908
V1736F,BRCA1,1736,1,-2.096055030822754,2.096055030822754
H1732D,BRCA1,1732,0,2.035621166229248,-2.035621166229248
N1730K,BRCA1,1730,0,-3.232875108718872,3.232875108718872
Q1721H,BRCA1,1721,0,-1.574548363685608,1.574548363685608
V1713G,BRCA1,1713,1,-8.961922645568848,8.961922645568848
V1713L,BRCA1,1713,1,-2.9989233016967773,2.9989233016967773
W1712G,BRCA1,1712,1,-8.7820463180542,8.7820463180542
K1711N,BRCA1,1711,0,-5.624847888946533,5.624847888946533
K1711E,BRCA1,1711,1,-7.257338523864746,7.257338523864746
G1706V,BRCA1,1706,1,-9.282207489013672,9.282207489013672
K1702Q,BRCA1,1702,1,-5.239656448364258,5.239656448364258
C1697F,BRCA1,1697,1,-7.094282150268555,7.094282150268555
F1695V,BRCA1,1695,1,1.764097809791565,-1.764097809791565
M1689K,BRCA1,1689,1,-10.279300689697266,10.279300689697266
V1688F,BRCA1,1688,1,-4.720008373260498,4.720008373260498
V1687I,BRCA1,1687,0,-2.5215063095092773,2.5215063095092773
H1686D,BRCA1,1686,1,-7.119596481323242,7.119596481323242
T1681A,BRCA1,1681,0,-4.111227512359619,4.111227512359619
T1677S,BRCA1,1677,0,0.041187286376953125,-0.041187286376953125
T1677N,BRCA1,1677,0,-2.1000595092773438,2.1000595092773438
I1674V,BRCA1,1674,0,-0.19782400131225586,0.19782400131225586
H1673Y,BRCA1,1673,0,-2.8765311241149902,2.8765311241149902
H1673D,BRCA1,1673,0,0.07661914825439453,-0.07661914825439453
F1668V,BRCA1,1668,0,0.9252148866653442,-0.9252148866653442
K1667T,BRCA1,1667,0,-2.961059331893921,2.961059331893921
Y1666N,BRCA1,1666,0,2.0339150428771973,-2.0339150428771973
M1663R,BRCA1,1663,1,1.160057544708252,-1.160057544708252
V1653A,BRCA1,1653,0,-3.188187837600708,3.188187837600708
V1653E,BRCA1,1653,1,-7.344772815704346,7.344772815704346
K1648R,BRCA1,1648,0,-0.15106415748596191,0.15106415748596191
K1648T,BRCA1,1648,0,-0.05660104751586914,0.05660104751586914
N1647K,BRCA1,1647,0,1.0524487495422363,-1.0524487495422363
N1647D,BRCA1,1647,0,0.10329937934875488,-0.10329937934875488
V1646D,BRCA1,1646,0,0.21824955940246582,-0.21824955940246582
V1646F,BRCA1,1646,0,-0.6209876537322998,0.6209876537322998
V1646I,BRCA1,1646,0,-0.26041531562805176,0.26041531562805176
T1643S,BRCA1,1643,0,0.46872878074645996,-0.46872878074645996
S1642L,BRCA1,1642,0,-0.8123178482055664,0.8123178482055664
A1641S,BRCA1,1641,0,0.6533136367797852,-0.6533136367797852
L1639F,BRCA1,1639,0,-1.036414623260498,1.036414623260498
E1638V,BRCA1,1638,0,0.18130731582641602,-0.18130731582641602
K1636N,BRCA1,1636,0,-0.47620391845703125,0.47620391845703125
S1633G,BRCA1,1633,0,-1.04655122756958,1.04655122756958
S1631R,BRCA1,1631,0,-0.877631425857544,0.877631425857544
T97S,BRCA1,97,0,0.7255561351776123,-0.7255561351776123
D96V,BRCA1,96,1,0.1419968605041504,-0.1419968605041504
D96A,BRCA1,96,1,1.2433619499206543,-1.2433619499206543
L95P,BRCA1,95,1,-2.3069121837615967,2.3069121837615967
L95I,BRCA1,95,0,-0.7283692359924316,0.7283692359924316
T77A,BRCA1,77,0,-1.193251132965088,1.193251132965088
E75K,BRCA1,75,0,2.0911951065063477,-2.0911951065063477
R71W,BRCA1,71,1,-5.056217670440674,5.056217670440674
N66S,BRCA1,66,0,1.3527379035949707,-1.3527379035949707
Q60H,BRCA1,60,0,-0.6253230571746826,0.6253230571746826
S59A,BRCA1,59,0,-0.334946870803833,0.334946870803833
M48I,BRCA1,48,0,2.80204701423645,-2.80204701423645
H41D,BRCA1,41,1,-7.492805004119873,7.492805004119873
D40G,BRCA1,40,0,3.8349366188049316,-3.8349366188049316
T37A,BRCA1,37,1,-3.610203742980957,3.610203742980957
V35A,BRCA1,35,1,-3.6447553634643555,3.6447553634643555
P34R,BRCA1,34,1,-7.9316911697387695,7.9316911697387695
E33D,BRCA1,33,0,-0.9112842679023743,0.9112842679023743
E33K,BRCA1,33,0,-3.00399112701416,3.00399112701416
C27W,BRCA1,27,1,-9.648627281188965,9.648627281188965
C27G,BRCA1,27,1,-7.544527053833008,7.544527053833008
C27R,BRCA1,27,1,-6.687060356140137,6.687060356140137
I26M,BRCA1,26,0,-5.09613561630249,5.09613561630249
I21L,BRCA1,21,0,1.2426326274871826,-1.2426326274871826
M18L,BRCA1,18,0,2.3573622703552246,-2.3573622703552246
N16D,BRCA1,16,0,-0.25034594535827637,0.25034594535827637
V14I,BRCA1,14,0,0.23625421524047852,-0.23625421524047852
N13K,BRCA1,13,0,0.8667627573013306,-0.8667627573013306
Q12L,BRCA1,12,0,-0.20740437507629395,0.20740437507629395
V11I,BRCA1,11,0,0.3814685344696045,-0.3814685344696045
L3F,BRCA1,3,0,-0.9031782150268555,0.9031782150268555
D2N,BRCA1,2,0,-0.9877578020095825,0.9877578020095825
A877P,RET,877,1,-7.591289043426514,7.591289043426514
Y2627H,ATM,2627,1,-0.11901450157165527,0.11901450157165527
L1339R,NF1,1339,1,-6.329718589782715,6.329718589782715
V167D,WT1,167,1,-5.155475616455078,5.155475616455078
M2634I,BRCA2,2634,0,0.8314416408538818,-0.8314416408538818
V157G,TP53,157,1,-8.30504322052002,8.30504322052002
V53A,PTEN,53,1,-8.386529922485352,8.386529922485352
T3411A,BRCA2,3411,0,-0.6674482822418213,0.6674482822418213
S945T,BRCA1,945,0,-0.7318813800811768,0.7318813800811768
S341G,WT1,341,1,-0.03507280349731445,0.03507280349731445
C93W,NF1,93,1,-0.605586051940918,0.605586051940918
D121V,VHL,121,1,0.4667930603027344,-0.4667930603027344
C1104Y,TSC1,1104,0,-0.016656875610351562,0.016656875610351562
N12I,PTEN,12,1,-10.650337219238281,10.650337219238281
T26N,PTEN,26,1,-11.684074401855469,11.684074401855469
S170N,PTEN,170,1,-14.061973571777344,14.061973571777344
N133T,TSC2,133,0,0.7701981067657471,-0.7701981067657471
Q354H,TSC2,354,0,-0.8054211139678955,0.8054211139678955
D781N,TSC2,781,0,-0.7316544055938721,0.7316544055938721
A870P,TSC2,870,1,-0.49282360076904297,0.49282360076904297
T1059I,TSC2,1059,0,-1.1936864852905273,1.1936864852905273
P2282L,NF1,2282,1,0.7554218769073486,-0.7554218769073486
N31D,PTEN,31,1,-7.844030857086182,7.844030857086182
C71Y,PTEN,71,1,-14.533483505249023,14.533483505249023
P1412R,TSC2,1412,0,-0.2060871124267578,0.2060871124267578
M991R,NF1,991,1,-0.4134526252746582,0.4134526252746582
C1016Y,NF1,1016,1,-0.2451035976409912,0.2451035976409912
S127P,TP53,127,1,-8.828237533569336,8.828237533569336
C630G,RET,630,1,-0.35317420959472656,0.35317420959472656
K128E,PTEN,128,1,-10.199894905090332,10.199894905090332
S127I,RB1,127,1,-2.3364498615264893,2.3364498615264893
V1047M,TSC2,1047,0,-1.3832356929779053,1.3832356929779053
S1274P,TSC2,1274,0,-1.5245810747146606,1.5245810747146606
Y1333D,TSC2,1333,0,0.9713790416717529,-0.9713790416717529
S82Y,NF1,82,1,-0.09873414039611816,0.09873414039611816
L380H,NF1,380,1,-5.825985431671143,5.825985431671143
T1175A,NF1,1175,1,0.0006113052368164062,-0.0006113052368164062
L1411P,NF1,1411,1,-7.620236873626709,7.620236873626709
L1978P,NF1,1978,1,-5.656163215637207,5.656163215637207
L265Q,TP53,265,1,-9.493568420410156,9.493568420410156
S241T,TP53,241,1,-6.219346523284912,6.219346523284912
R209K,TP53,209,0,-3.1343064308166504,3.1343064308166504
L188R,VHL,188,1,-1.1321992874145508,1.1321992874145508
V2407E,BRCA2,2407,1,-0.26738429069519043,0.26738429069519043
L423I,TSC2,423,0,-0.7419382333755493,0.7419382333755493
Q20H,NF1,20,1,-0.3770735263824463,0.3770735263824463
C1930R,NF1,1930,1,-2.3589086532592773,2.3589086532592773
L93Q,TSC1,93,1,-8.12065315246582,8.12065315246582
Y177H,PTEN,177,1,-11.911089897155762,11.911089897155762
A165D,MYCN,165,0,-2.4509782791137695,2.4509782791137695
R391S,MYCN,391,1,-14.66092586517334,14.66092586517334
F90S,PTEN,90,1,-14.060495376586914,14.060495376586914
S1150P,NF1,1150,1,-1.3573429584503174,1.3573429584503174
M35L,PTEN,35,1,-9.494609832763672,9.494609832763672
R426T,BRAF,426,1,-15.699419021606445,15.699419021606445
G93A,WT1,93,1,-0.7851611375808716,0.7851611375808716
R393C,MYCN,393,1,-12.47826099395752,12.47826099395752
K13E,PTEN,13,1,-12.709196090698242,12.709196090698242
Q192H,TP53,192,0,-3.755807876586914,3.755807876586914
C696F,TSC2,696,1,-0.35805273056030273,0.35805273056030273
G2596R,BRCA2,2596,1,0.2551751136779785,-0.2551751136779785
A2603P,BRCA2,2603,1,-2.502005100250244,2.502005100250244
K2630Q,BRCA2,2630,1,-0.3112771511077881,0.3112771511077881
G3076R,BRCA2,3076,1,-7.31734037399292,7.31734037399292
A246E,NF1,246,1,-1.5840189456939697,1.5840189456939697
M895I,NF1,895,0,0.4481332302093506,-0.4481332302093506
A1071P,NF1,1071,1,-1.0658149719238281,1.0658149719238281
S1599Y,NF1,1599,1,-4.4071760177612305,4.4071760177612305
G1890R,NF1,1890,1,1.348459243774414,-1.348459243774414
L2125R,NF1,2125,1,-1.71015202999115,1.71015202999115
L161P,TSC1,161,1,-5.037358283996582,5.037358283996582
T876S,TSC2,876,0,0.43547964096069336,-0.43547964096069336
M1180R,NF1,1180,1,0.016147136688232422,-0.016147136688232422
D1644G,NF1,1644,1,-3.270643711090088,3.270643711090088
S231D,BRCA2,231,1,-0.4514179229736328,0.4514179229736328
H1856C,BRCA2,1856,1,-1.689453125,1.689453125
R64S,VHL,64,1,-0.5211029052734375,0.5211029052734375
A149V,VHL,149,1,0.21413111686706543,-0.21413111686706543
K311N,APC,311,1,0.559516429901123,-0.559516429901123
H1083R,ATM,1083,1,-0.036455631256103516,0.036455631256103516
L2767P,ATM,2767,1,-6.933803081512451,6.933803081512451
I810V,TSC2,810,0,0.7793192863464355,-0.7793192863464355
N1731S,TSC2,1731,0,1.0246899127960205,-1.0246899127960205
R337S,TP53,337,1,-6.056112289428711,6.056112289428711
A159D,TP53,159,1,-12.442882537841797,12.442882537841797
C977R,ATM,977,1,-0.8932597637176514,0.8932597637176514
L320S,PTEN,320,1,-12.047993659973145,12.047993659973145
K530R,RB1,530,1,-4.208073616027832,4.208073616027832
P868T,RB1,868,0,1.342109203338623,-1.342109203338623
L426V,TSC2,426,0,-0.18327271938323975,0.18327271938323975
W1060S,TSC2,1060,1,3.1782495975494385,-3.1782495975494385
D1644Y,TSC2,1644,1,-8.405876159667969,8.405876159667969
M242R,NF1,242,1,0.6335501670837402,-0.6335501670837402
E775A,NF1,775,1,-0.0014691352844238281,0.0014691352844238281
V1146L,NF1,1146,1,0.5487550497055054,-0.5487550497055054
G1166C,NF1,1166,1,0.3447902202606201,-0.3447902202606201
L1196F,NF1,1196,1,-0.9967033863067627,0.9967033863067627
D1644A,NF1,1644,1,-2.560476779937744,2.560476779937744
A2737D,NF1,2737,1,0.16377997398376465,-0.16377997398376465
W1048R,NF1,1048,1,0.08891558647155762,-0.08891558647155762
L1079P,NF1,1079,1,-2.0592432022094727,2.0592432022094727
Q1101L,NF1,1101,1,-0.0198211669921875,0.0198211669921875
R1612S,NF1,1612,1,-0.33759570121765137,0.33759570121765137
T1800P,NF1,1800,1,-1.2309925556182861,1.2309925556182861
D2008H,NF1,2008,1,-1.1481094360351562,1.1481094360351562
S303F,BRCA2,303,0,-1.8696482181549072,1.8696482181549072
D988N,BRCA2,988,0,0.1096963882446289,-0.1096963882446289
P1039L,BRCA2,1039,0,-0.1495351791381836,0.1495351791381836
S1075N,BRCA2,1075,0,-0.41878676414489746,0.41878676414489746
D1199G,BRCA2,1199,0,-0.6796493530273438,0.6796493530273438
D1267N,BRCA2,1267,0,0.1833350658416748,-0.1833350658416748
N1778K,BRCA2,1778,0,-0.2645707130432129,0.2645707130432129
T2097K,BRCA2,2097,0,0.004652500152587891,-0.004652500152587891
R1188M,BRCA1,1188,0,-1.2957043647766113,1.2957043647766113
T617N,BRCA1,617,0,-0.24511933326721191,0.24511933326721191
D414Y,BRCA1,414,0,-2.699164390563965,2.699164390563965
K301Q,BRCA1,301,0,-0.8624053001403809,0.8624053001403809
R350S,TP63,350,1,-11.170858383178711,11.170858383178711
T1159S,TSC1,1159,0,0.44382143020629883,-0.44382143020629883
P323T,TSC1,323,0,-0.73197340965271,0.73197340965271
D2721N,ATM,2721,1,-5.952929973602295,5.952929973602295
L620V,TSC2,620,0,-0.8292360305786133,0.8292360305786133
S1341N,TSC2,1341,0,-2.9927425384521484,2.9927425384521484
Y1639N,NF1,1639,1,-3.21298885345459,3.21298885345459
Q444P,RB1,444,1,-5.396879196166992,5.396879196166992
L198Q,VHL,198,1,-3.4480180740356445,3.4480180740356445
L25F,PTEN,25,1,-9.427619934082031,9.427619934082031
A126P,PTEN,126,1,-16.253267288208008,16.253267288208008
V175M,PTEN,175,1,-11.238386154174805,11.238386154174805
V249G,PTEN,249,1,-11.622934341430664,11.622934341430664
K342N,PTEN,342,1,-9.401496887207031,9.401496887207031
L400P,RB1,400,1,-10.508584976196289,10.508584976196289
V184D,TSC2,184,1,-3.757613182067871,3.757613182067871
L58R,NF1,58,1,-2.641754627227783,2.641754627227783
I603K,NF1,603,1,-1.163250207901001,1.163250207901001
T1191R,NF1,1191,1,-0.016553640365600586,0.016553640365600586
F1193Y,NF1,1193,1,-0.3853473663330078,0.3853473663330078
L1208W,NF1,1208,1,-2.6055500507354736,2.6055500507354736
N1415Y,NF1,1415,1,-0.6942806243896484,0.6942806243896484
L2315R,NF1,2315,1,-3.065204620361328,3.065204620361328
G2334D,NF1,2334,1,-2.27274751663208,2.27274751663208
W1837S,BRCA1,1837,1,-8.682971954345703,8.682971954345703
R158S,TP53,158,1,-8.037431716918945,8.037431716918945
S80N,VHL,80,1,0.32160282135009766,-0.32160282135009766
G336D,TP63,336,1,-13.255929946899414,13.255929946899414
G557V,TP63,557,1,-12.530166625976562,12.530166625976562
R77C,RET,77,1,-1.0766034126281738,1.0766034126281738
S47P,NF1,47,1,-1.1917717456817627,1.1917717456817627
V1182L,NF1,1182,1,0.5227622985839844,-0.5227622985839844
R1870L,NF1,1870,1,-1.7594481706619263,1.7594481706619263
L2338P,NF1,2338,1,-4.2834272384643555,4.2834272384643555
L2416P,NF1,2416,1,-5.465324401855469,5.465324401855469
G629S,TP63,629,0,-3.9366612434387207,3.9366612434387207
M392I,STK11,392,0,0.32480812072753906,-0.32480812072753906
I926N,EGFR,926,0,-4.639428615570068,4.639428615570068
T630A,RB1,630,0,-0.1001434326171875,0.1001434326171875
A270S,ERBB2,270,0,0.5232846736907959,-0.5232846736907959
R929Q,ERBB2,929,0,-6.166408538818359,6.166408538818359
F468L,BRAF,468,1,-17.67360496520996,17.67360496520996
A184S,MYCN,184,0,1.331968069076538,-1.331968069076538
K2950N,BRCA2,2950,0,-1.114881157875061,1.114881157875061
P1135S,ERBB2,1135,0,-0.4610782861709595,0.4610782861709595
M658I,BRCA1,658,0,1.210280179977417,-1.210280179977417
L289P,TP53,289,0,-6.178923606872559,6.178923606872559
N1098Y,BRCA2,1098,0,-1.050074577331543,1.050074577331543
F154C,PTEN,154,1,-10.069803237915039,10.069803237915039
T1738I,BRCA2,1738,0,0.24614477157592773,-0.24614477157592773
D1156A,BRCA1,1156,0,-0.015552282333374023,0.015552282333374023
R173G,PTEN,173,1,-12.198944091796875,12.198944091796875
M1I,TP63,1,1,-5.559908866882324,5.559908866882324
A710V,ERBB2,710,1,-4.436762809753418,4.436762809753418
R1575T,NF1,1575,1,-0.24777936935424805,0.24777936935424805
K483I,BRAF,483,1,-17.806716918945312,17.806716918945312
Q171K,PTEN,171,1,-14.451603889465332,14.451603889465332
F156L,HRAS,156,1,-10.556768417358398,10.556768417358398
P1084R,NF1,1084,1,-0.22425055503845215,0.22425055503845215
K2266N,ATM,2266,1,-0.525120735168457,0.525120735168457
L128P,VHL,128,1,-0.47233128547668457,0.47233128547668457
L100F,PTEN,100,1,-9.586081504821777,9.586081504821777
L1511P,NF1,1511,1,-5.217391014099121,5.217391014099121
I548S,BRCA1,548,0,0.48787498474121094,-0.48787498474121094
Q709E,BRAF,709,1,-16.249311447143555,16.249311447143555
L94P,CDKN2A,94,1,-11.454570770263672,11.454570770263672
T780P,NF1,780,1,-1.3070764541625977,1.3070764541625977
K1915N,APC,1915,0,-0.8113391399383545,0.8113391399383545
P3067S,BRCA2,3067,0,0.4667530059814453,-0.4667530059814453
V1671E,TSC2,1671,1,-6.188413619995117,6.188413619995117
S1486N,BRCA1,1486,0,-0.945702314376831,0.945702314376831
L1306F,BRCA1,1306,0,-0.9921491146087646,0.9921491146087646
N1377I,BRCA2,1377,0,-0.43371057510375977,0.43371057510375977
R376H,TP63,376,0,-11.415334701538086,11.415334701538086
R82G,VHL,82,1,0.04074525833129883,-0.04074525833129883
P740L,BRCA2,740,0,0.28987622261047363,-0.28987622261047363
Q294R,TP63,294,1,-9.694512367248535,9.694512367248535
N580D,BRAF,580,1,-14.375208854675293,14.375208854675293
N236K,BRAF,236,1,-12.572345733642578,12.572345733642578
F468C,BRAF,468,1,-13.678427696228027,13.678427696228027
E275K,BRAF,275,1,-11.807323455810547,11.807323455810547
P1445A,BRCA1,1445,0,-0.29648327827453613,0.29648327827453613
L485W,BRAF,485,1,-15.480175018310547,15.480175018310547
L201P,VHL,201,1,-4.0124311447143555,4.0124311447143555
K1036E,NF1,1036,1,0.7890760898590088,-0.7890760898590088
K2577N,BRCA2,2577,0,-0.5950298309326172,0.5950298309326172
L2394P,NF1,2394,1,-6.909577369689941,6.909577369689941
K125E,PTEN,125,1,-12.990368843078613,12.990368843078613
I597F,TP63,597,1,-8.258182525634766,8.258182525634766
R338C,TP63,338,1,-11.847612380981445,11.847612380981445
V1683G,TSC2,1683,1,-3.0099315643310547,3.0099315643310547
I251F,TP53,251,1,-8.835198402404785,8.835198402404785
C1016W,NF1,1016,1,-0.8281593322753906,0.8281593322753906
C582F,NF1,582,1,0.36620402336120605,-0.36620402336120605
R261L,TSC2,261,0,-0.48445606231689453,0.48445606231689453
S310N,TP63,310,1,-7.875970840454102,7.875970840454102
L1854P,NF1,1854,1,-2.472043991088867,2.472043991088867
S6T,TSC2,6,0,-0.485074520111084,0.485074520111084
G1303R,TSC2,1303,0,-0.6510419845581055,0.6510419845581055
L898Q,NF1,898,1,-3.876901149749756,3.876901149749756
P1265L,TSC2,1265,0,-0.8773701190948486,0.8773701190948486
S65T,VHL,65,1,0.252535343170166,-0.252535343170166
H553P,NF1,553,1,-0.1878986358642578,0.1878986358642578
G173S,TP63,173,1,-8.418850898742676,8.418850898742676
Y1678H,TSC2,1678,0,1.1649222373962402,-1.1649222373962402
N131Y,VHL,131,1,0.20492124557495117,-0.20492124557495117
S2855I,ATM,2855,1,-8.138692855834961,8.138692855834961
W164R,TSC1,164,0,-7.0569353103637695,7.0569353103637695
A1540P,NF1,1540,1,-1.6626455783843994,1.6626455783843994
T3085I,BRCA2,3085,1,-1.4572670459747314,1.4572670459747314
D2008Y,NF1,2008,1,-1.8239092826843262,1.8239092826843262
H1746P,TSC2,1746,1,-0.29551267623901367,0.29551267623901367
P1497L,TSC2,1497,1,-0.2318716049194336,0.2318716049194336
P96Q,PTEN,96,1,-12.694640159606934,12.694640159606934
S671G,TSC1,671,0,-0.2307751178741455,0.2307751178741455
A84D,TSC1,84,0,-2.3109185695648193,2.3109185695648193
N1861K,NF1,1861,1,-0.4669671058654785,0.4669671058654785
N1026S,APC,1026,1,-1.6076998710632324,1.6076998710632324
F565L,TP63,565,1,-3.8559627532958984,3.8559627532958984
T1923S,NF1,1923,1,0.48651695251464844,-0.48651695251464844
P2829S,ATM,2829,1,-1.0549712181091309,1.0549712181091309
M1K,TSC2,1,1,-5.820563316345215,5.820563316345215
L112V,PTEN,112,1,-10.517349243164062,10.517349243164062
L1183R,NF1,1183,1,-3.810856342315674,3.810856342315674
W837G,NF1,837,1,1.1294376850128174,-1.1294376850128174
L1015R,NF1,1015,1,-3.343353748321533,3.343353748321533
V1093E,NF1,1093,1,0.804915189743042,-0.804915189743042
A1148E,NF1,1148,1,-0.8357622623443604,0.8357622623443604
L1187R,NF1,1187,1,-1.5244483947753906,1.5244483947753906
R381G,TSC2,381,0,-1.8058099746704102,1.8058099746704102
A2S,TSC2,2,0,-0.01896977424621582,0.01896977424621582
H306Y,STK11,306,1,-4.884012699127197,4.884012699127197
Y1549H,TSC2,1549,1,-3.2752153873443604,3.2752153873443604
G1890A,NF1,1890,1,0.7654218673706055,-0.7654218673706055
Y2726N,BRCA2,2726,1,-0.3618295192718506,0.3618295192718506
Y1736S,TSC2,1736,0,1.3718681335449219,-1.3718681335449219
G1219R,NF1,1219,1,-0.13602852821350098,0.13602852821350098
L43Q,NF1,43,1,-0.8667047023773193,0.8667047023773193
Q510H,TSC2,510,0,-1.382941484451294,1.382941484451294
W412S,ATM,412,1,2.0246706008911133,-2.0246706008911133
M2806I,ATM,2806,1,-0.30182433128356934,0.30182433128356934
T1191S,NF1,1191,1,0.294360876083374,-0.294360876083374
L2133R,NF1,2133,1,-3.9626924991607666,3.9626924991607666
D24V,PTEN,24,1,-12.959978103637695,12.959978103637695
N1278I,NF1,1278,1,-2.0939221382141113,2.0939221382141113
C900Y,TSC2,900,1,-0.13780975341796875,0.13780975341796875
G1168D,NF1,1168,1,-0.26821160316467285,0.26821160316467285
M1I,PTEN,1,1,-5.02907657623291,5.02907657623291
R1044T,TSC2,1044,1,0.10450577735900879,-0.10450577735900879
F113I,TP53,113,1,-6.5445404052734375,6.5445404052734375
Q2829P,BRCA2,2829,1,-0.14723587036132812,0.14723587036132812
L1243R,NF1,1243,1,-2.795457363128662,2.795457363128662
C904S,NF1,904,1,1.6079192161560059,-1.6079192161560059
L2103P,NF1,2103,1,-4.344465255737305,4.344465255737305
I415L,RB1,415,0,-1.9965920448303223,1.9965920448303223
R1038T,NF1,1038,1,-0.01103973388671875,0.01103973388671875
N48S,PTEN,48,1,-9.265799522399902,9.265799522399902
P651S,TSC2,651,0,0.2194666862487793,-0.2194666862487793
I177R,NF1,177,1,-0.40791988372802734,0.40791988372802734
R266L,TP63,266,1,-14.141274452209473,14.141274452209473
L2153P,NF1,2153,1,-2.218355417251587,2.218355417251587
L1855R,NF1,1855,1,-1.0859088897705078,1.0859088897705078
A1966I,NF1,1966,0,-0.13687443733215332,0.13687443733215332
T2666I,ATM,2666,1,0.0906219482421875,-0.0906219482421875
M1236L,TSC2,1236,0,1.5976638793945312,-1.5976638793945312
A1261V,TSC2,1261,0,-0.5205037593841553,0.5205037593841553
V1646L,TSC2,1646,1,-3.56022310256958,3.56022310256958
Y884C,TSC2,884,0,-1.3042433261871338,1.3042433261871338
P590L,TP63,590,1,-8.962860107421875,8.962860107421875
L1456H,TSC2,1456,0,-0.9658768177032471,0.9658768177032471
Q1507H,BRCA2,1507,0,-0.49355125427246094,0.49355125427246094
A150T,TP63,150,0,-7.024374008178711,7.024374008178711
A1598V,ALK,1598,0,-0.4281587600708008,0.4281587600708008
Q95R,HRAS,95,0,-5.536168098449707,5.536168098449707
E2947K,BRCA2,2947,0,-0.33457112312316895,0.33457112312316895
R7L,TP63,7,0,0.7691068649291992,-0.7691068649291992
M1321I,ATM,1321,0,1.1677887439727783,-1.1677887439727783
R97P,TP63,97,1,0.9027361869812012,-0.9027361869812012
R647C,TP63,647,1,-9.160209655761719,9.160209655761719
L220V,RB1,220,1,-2.3839845657348633,2.3839845657348633
H474Y,WT1,474,1,-17.036165237426758,17.036165237426758
R383H,MYCN,383,1,-11.616867065429688,11.616867065429688
H1568L,ATM,1568,0,0.7759087085723877,-0.7759087085723877
W488R,ATM,488,0,0.9052863121032715,-0.9052863121032715
P26L,MYCN,26,1,-8.321791648864746,8.321791648864746
L218V,BRCA1,218,0,-0.3174729347229004,0.3174729347229004
T1915K,BRCA2,1915,0,0.6152877807617188,-0.6152877807617188
W531R,BRAF,531,1,-17.996477127075195,17.996477127075195
M1T,PTEN,1,1,-5.620817184448242,5.620817184448242
E52D,WT1,52,0,-1.0491247177124023,1.0491247177124023
L695R,NF1,695,1,-1.6279405355453491,1.6279405355453491
V1078G,BRCA2,1078,0,-0.5882208347320557,0.5882208347320557
Y179F,BRCA1,179,0,0.28694796562194824,-0.28694796562194824
D438V,BRCA2,438,0,0.21430587768554688,-0.21430587768554688
D197N,VHL,197,1,-1.0144081115722656,1.0144081115722656
K66N,PTEN,66,1,-11.213468551635742,11.213468551635742
D1849N,NF1,1849,1,-0.514650821685791,0.514650821685791
P1675R,TSC2,1675,1,-0.24004149436950684,0.24004149436950684
G97R,APC,97,1,-0.45261573791503906,0.45261573791503906
F760S,RB1,760,1,-12.755480766296387,12.755480766296387
M1214K,NF1,1214,1,1.4846603870391846,-1.4846603870391846
E281D,TSC2,281,1,-1.1412463188171387,1.1412463188171387
A1722D,TSC2,1722,1,-1.7631278038024902,1.7631278038024902
Y46H,PTEN,46,1,-7.80610990524292,7.80610990524292
M992R,NF1,992,1,-0.5045225620269775,0.5045225620269775
V951F,NF1,951,1,-0.918487548828125,0.918487548828125
R1038G,NF1,1038,1,-0.6084728240966797,0.6084728240966797
Y1639D,NF1,1639,1,-3.6895503997802734,3.6895503997802734
Q1370P,NF1,1370,1,-0.5158841609954834,0.5158841609954834
D2008A,NF1,2008,1,-0.7212800979614258,0.7212800979614258
W2229G,NF1,2229,1,-0.5512094497680664,0.5512094497680664
L2338R,NF1,2338,1,-3.4284071922302246,3.4284071922302246
V1180L,ALK,1180,1,-8.06592845916748,8.06592845916748
L410P,NF1,410,1,-3.0237927436828613,3.0237927436828613
H141L,PTEN,141,1,-9.57317066192627,9.57317066192627
D441V,WT1,441,1,-13.75955867767334,13.75955867767334
K1099E,NF1,1099,1,0.16167354583740234,-0.16167354583740234
R1243T,BRCA1,1243,0,0.8117773532867432,-0.8117773532867432
S3250L,BRCA2,3250,0,-0.44713473320007324,0.44713473320007324
A1155D,NF1,1155,1,-0.1603710651397705,0.1603710651397705
P1020S,BRCA1,1020,0,0.9484145641326904,-0.9484145641326904
F188V,TSC1,188,1,-7.043457984924316,7.043457984924316
E1353D,BRCA2,1353,0,-0.27023816108703613,0.27023816108703613
S1045F,TSC2,1045,1,-1.3350510597229004,1.3350510597229004
C312G,TP63,312,1,-13.92556381225586,13.92556381225586
H174P,STK11,174,1,-14.069191932678223,14.069191932678223
P832S,KIT,832,1,-14.963420867919922,14.963420867919922
A108S,BRCA1,108,0,1.0855765342712402,-1.0855765342712402
G1184R,BRCA1,1184,0,0.32282328605651855,-0.32282328605651855
C124W,PTEN,124,1,-13.725486755371094,13.725486755371094
S1306G,ATM,1306,0,-0.2639021873474121,0.2639021873474121
F136V,VHL,136,1,0.5307230949401855,-0.5307230949401855
C136F,PTEN,136,1,-10.091788291931152,10.091788291931152
N1363H,BRCA2,1363,0,-2.120354652404785,2.120354652404785
E388D,TP53,388,0,-1.61780846118927,1.61780846118927
S1390L,MET,1390,0,0.16230988502502441,-0.16230988502502441
Y112S,VHL,112,1,0.9974331855773926,-0.9974331855773926
G1166R,NF1,1166,1,0.5137159824371338,-0.5137159824371338
A129D,TP53,129,0,-5.925061225891113,5.925061225891113
E388Q,TP53,388,0,-2.314004898071289,2.314004898071289
L111V,TP53,111,0,-3.9544129371643066,3.9544129371643066
S334G,STK11,334,0,-7.975046157836914,7.975046157836914
V13L,KIT,13,0,1.0964525938034058,-1.0964525938034058
S1449C,TSC2,1449,0,-2.863478660583496,2.863478660583496
V391E,TSC2,391,1,-3.9139413833618164,3.9139413833618164
F1536S,NF1,1536,1,1.1981258392333984,-1.1981258392333984
C105G,PTEN,105,1,-10.029979705810547,10.029979705810547
E114D,TSC2,114,0,-0.3651261329650879,0.3651261329650879
Y1202H,BRCA1,1202,0,0.5667791366577148,-0.5667791366577148
S1259G,TSC2,1259,0,-0.4492192268371582,0.4492192268371582
K1310N,APC,1310,0,0.010941028594970703,-0.010941028594970703
L138R,BRCA1,138,0,0.4138524532318115,-0.4138524532318115
K1444T,NF1,1444,1,-1.7457705736160278,1.7457705736160278
E1426D,TSC2,1426,0,0.060164451599121094,-0.060164451599121094
N149K,MET,149,0,-1.253314733505249,1.253314733505249
E173Q,VHL,173,0,-1.1807835102081299,1.1807835102081299
K1749R,NF1,1749,0,-0.6913058757781982,0.6913058757781982
I1823V,ATM,1823,0,-0.0732126235961914,0.0732126235961914
K1828E,BRCA2,1828,0,0.05159401893615723,-0.05159401893615723
P2115T,NF1,2115,1,-0.3725295066833496,0.3725295066833496
L1623R,ATM,1623,0,-0.8061790466308594,0.8061790466308594
D162E,TSC2,162,0,0.09489202499389648,-0.09489202499389648
S170T,PTEN,170,1,-12.994439125061035,12.994439125061035
E171G,TP53,171,1,-7.869520664215088,7.869520664215088
V1789I,APC,1789,0,-0.478304386138916,0.478304386138916
Q1982H,ATM,1982,0,-0.6179018020629883,0.6179018020629883
E1985V,APC,1985,0,-0.8917217254638672,0.8917217254638672
L2069S,BRCA2,2069,0,4.296834468841553,-4.296834468841553
I407V,ALK,407,0,0.7864558696746826,-0.7864558696746826
E218A,BRCA2,218,0,-0.8982617855072021,0.8982617855072021
V218E,TP53,218,1,-12.527812957763672,12.527812957763672
N1532K,ALK,1532,0,0.24523305892944336,-0.24523305892944336
N1603K,BRCA2,1603,0,-0.048094987869262695,0.048094987869262695
H1626P,NF1,1626,1,-5.2086286544799805,5.2086286544799805
R161P,VHL,161,1,-1.1544227600097656,1.1544227600097656
H168L,TP53,168,1,-5.578696250915527,5.578696250915527
L1682P,TSC2,1682,1,-2.871973991394043,2.871973991394043
S1770L,ATM,1770,1,0.9777932167053223,-0.9777932167053223
S185R,TP53,185,0,-2.2972195148468018,2.2972195148468018
T1854A,ATM,1854,0,-0.458054780960083,0.458054780960083
N186S,RB1,186,0,0.3897221088409424,-0.3897221088409424
L1874F,ATM,1874,0,-1.0630873441696167,1.0630873441696167
F195S,PTEN,195,1,-11.677881240844727,11.677881240844727
G196R,STK11,196,1,-8.373722076416016,8.373722076416016
A216T,ATM,216,0,-0.06048130989074707,0.06048130989074707
D393Y,TP53,393,0,-3.4683051109313965,3.4683051109313965
P40A,BRCA2,40,0,0.15913915634155273,-0.15913915634155273
V1750A,APC,1750,0,0.2691469192504883,-0.2691469192504883
A193S,ATM,193,0,0.19927406311035156,-0.19927406311035156
E1928Q,BRCA2,1928,0,-0.908602237701416,0.908602237701416
M1936I,BRCA2,1936,0,1.9384269714355469,-1.9384269714355469
S2123N,ATM,2123,0,-0.8156828880310059,0.8156828880310059
H2195D,ATM,2195,0,0.5957326889038086,-0.5957326889038086
G2529R,BRCA2,2529,0,0.346815824508667,-0.346815824508667
I254T,TP53,254,1,-7.535299301147461,7.535299301147461
R266S,MET,266,0,-0.4351928234100342,0.4351928234100342
R267G,TP53,267,1,-11.461055755615234,11.461055755615234
R2787L,BRCA2,2787,0,0.2625260353088379,-0.2625260353088379
F2795V,BRCA2,2795,0,0.3595089912414551,-0.3595089912414551
D2797H,BRCA2,2797,0,-0.11878132820129395,0.11878132820129395
Q2945E,BRCA2,2945,0,0.49177801609039307,-0.49177801609039307
A2951P,BRCA2,2951,0,-1.7721350193023682,1.7721350193023682
V3082L,BRCA2,3082,0,-0.6126854419708252,0.6126854419708252
E3096Q,BRCA2,3096,0,-0.9283576011657715,0.9283576011657715
N310S,TP53,310,0,2.0848400592803955,-2.0848400592803955
P2276A,BRCA2,2276,0,-0.746229887008667,0.746229887008667
N2288S,BRCA2,2288,0,0.9570910930633545,-0.9570910930633545
E3403Q,BRCA2,3403,0,-0.682974100112915,0.682974100112915
P2505S,BRCA2,2505,0,0.7281372547149658,-0.7281372547149658
M340I,TP53,340,0,0.0006587505340576172,-0.0006587505340576172
A2632G,BRCA2,2632,0,0.2168872356414795,-0.2168872356414795
A2633V,BRCA2,2633,0,-0.5601892471313477,0.5601892471313477
L2740I,BRCA2,2740,0,-0.3827085494995117,0.3827085494995117
I2752V,BRCA2,2752,0,0.0543522834777832,-0.0543522834777832
T2881P,BRCA2,2881,0,-0.12833189964294434,0.12833189964294434
P2886Q,BRCA2,2886,0,-0.3290252685546875,0.3290252685546875
L2890P,BRCA2,2890,0,-1.342687964439392,1.342687964439392
N2910D,BRCA2,2910,0,-0.01598191261291504,0.01598191261291504
E3043D,BRCA2,3043,0,0.10269021987915039,-0.10269021987915039
D305V,ALK,305,0,0.5976870059967041,-0.5976870059967041
L3055I,BRCA2,3055,0,-0.3198659420013428,0.3198659420013428
H3056P,BRCA2,3056,0,1.5351285934448242,-1.5351285934448242
S225N,ALK,225,0,-1.7315187454223633,1.7315187454223633
K2363N,ATM,2363,1,-1.793707251548767,1.793707251548767
K24E,RET,24,0,1.8456439971923828,-1.8456439971923828
S2376N,ATM,2376,0,-0.788783073425293,0.788783073425293
D2479E,BRCA2,2479,0,-0.2234506607055664,0.2234506607055664
A2487T,BRCA2,2487,0,-0.21024608612060547,0.21024608612060547
R2488T,BRCA2,2488,0,-0.4532656669616699,0.4532656669616699
L2581V,BRCA2,2581,0,-0.8635380268096924,0.8635380268096924
I2588L,BRCA2,2588,0,0.672783613204956,-0.672783613204956
T2708S,BRCA2,2708,0,0.7114973068237305,-0.7114973068237305
L2743M,NF1,2743,0,-1.6420419216156006,1.6420419216156006
E2871D,BRCA2,2871,0,-1.1490867137908936,1.1490867137908936
P300L,TP53,300,0,-0.5721435546875,0.5721435546875
L3027I,BRCA2,3027,0,-0.44547760486602783,0.44547760486602783
S316T,RET,316,0,0.3981618881225586,-0.3981618881225586
L32V,TP53,32,0,-1.7742724418640137,1.7742724418640137
K2448N,BRCA2,2448,0,-0.046883344650268555,0.046883344650268555
D2451G,BRCA2,2451,0,-0.0349125862121582,0.0349125862121582
F2457L,BRCA2,2457,0,1.0933706760406494,-1.0933706760406494
K2670N,ATM,2670,1,-0.7448961734771729,0.7448961734771729
D270N,MET,270,0,-0.04888200759887695,0.04888200759887695
S2697I,BRCA2,2697,0,-1.5419533252716064,1.5419533252716064
N270S,APC,270,0,1.044433832168579,-1.044433832168579
S2701F,BRCA2,2701,0,-1.0639150142669678,1.0639150142669678
E2807D,ATM,2807,0,-0.929145097732544,0.929145097732544
R2824K,BRCA2,2824,0,0.37895774841308594,-0.37895774841308594
E2832K,BRCA2,2832,0,0.2712106704711914,-0.2712106704711914
M2952T,BRCA2,2952,0,0.4964938163757324,-0.4964938163757324
Y2977C,BRCA2,2977,0,0.2042238712310791,-0.2042238712310791
L2987V,BRCA2,2987,0,-0.07198452949523926,0.07198452949523926
T312N,TP53,312,0,-0.670107364654541,0.670107364654541
S3123R,BRCA2,3123,0,0.7914619445800781,-0.7914619445800781
E3130V,BRCA2,3130,0,-0.12986516952514648,0.12986516952514648
W3106R,BRCA2,3106,0,0.22040367126464844,-0.22040367126464844
I332N,TP53,332,1,-10.020978927612305,10.020978927612305
F3325L,BRCA2,3325,0,1.2330355644226074,-1.2330355644226074
Q476E,ATM,476,0,-0.12436556816101074,0.12436556816101074
S5C,BRCA2,5,0,-2.180696487426758,2.180696487426758
T555K,MET,555,0,0.5073626041412354,-0.5073626041412354
F555C,RET,555,1,1.4804165363311768,-1.4804165363311768
V581G,ALK,581,0,-3.752436637878418,3.752436637878418
E446D,TSC1,446,0,-0.458575963973999,0.458575963973999
E349G,TP53,349,0,-2.3117470741271973,2.3117470741271973
P351T,MET,351,0,0.5286614894866943,-0.5286614894866943
H553D,NF1,553,1,-0.6010951995849609,0.6010951995849609
P58A,TP53,58,0,-0.6591322422027588,0.6591322422027588
Y606F,RET,606,0,0.2611982822418213,-0.2611982822418213
I442V,MET,442,0,1.4054539203643799,-1.4054539203643799
P490S,BRCA1,490,0,0.3251326084136963,-0.3251326084136963
Q490H,RET,490,0,-0.8235733509063721,0.8235733509063721
L520W,ALK,520,0,-3.153733015060425,3.153733015060425
H542D,MET,542,0,-0.44304609298706055,0.44304609298706055
A57T,CDKN2A,57,0,-1.81300687789917,1.81300687789917
D57V,TP53,57,0,0.36798524856567383,-0.36798524856567383
V572A,RET,572,0,-0.08431625366210938,0.08431625366210938
K342T,KIT,342,0,-3.835103988647461,3.835103988647461
R46K,RB1,46,1,1.2290594577789307,-1.2290594577789307
D507N,RB1,507,0,-1.0955449342727661,1.0955449342727661
R512I,NF1,512,0,-0.10224771499633789,0.10224771499633789
P513L,TSC1,513,0,0.2301790714263916,-0.2301790714263916
F56S,PTEN,56,1,-12.537935256958008,12.537935256958008
T620A,RB1,620,0,-0.3468780517578125,0.3468780517578125
A355T,TP53,355,0,-0.6468229293823242,0.6468229293823242
M66V,TP53,66,0,2.2270336151123047,-2.2270336151123047
S657F,NF1,657,0,-1.3652684688568115,1.3652684688568115
C693Y,ATM,693,0,0.17455387115478516,-0.17455387115478516
P8R,TP53,8,0,-0.9904738664627075,0.9904738664627075
N367S,RET,367,0,0.5163750648498535,-0.5163750648498535
V84E,VHL,84,1,0.4062502384185791,-0.4062502384185791
T635A,TSC1,635,0,-0.06072258949279785,0.06072258949279785
K651T,ALK,651,0,0.42938709259033203,-0.42938709259033203
N71K,CDKN2A,71,1,-7.363663673400879,7.363663673400879
Y748C,BRCA2,748,0,0.25898194313049316,-0.25898194313049316
N369S,ALK,369,0,0.5741519927978516,-0.5741519927978516
S646N,BRCA2,646,0,-0.2485642433166504,0.2485642433166504
C711F,BRCA2,711,0,0.3115217685699463,-0.3115217685699463
L90V,BRCA2,90,0,-0.15966463088989258,0.15966463088989258
L901P,BRCA2,901,0,-1.2277097702026367,1.2277097702026367
F901L,BRCA1,901,0,0.9793987274169922,-0.9793987274169922
L358P,BRCA1,358,0,-0.4825277328491211,0.4825277328491211
T733A,MET,733,0,-0.9110448360443115,0.9110448360443115
H812Q,ALK,812,0,0.864349365234375,-0.864349365234375
R841S,BRCA2,841,0,1.7262940406799316,-1.7262940406799316
S94L,TP53,94,0,-2.2612621784210205,2.2612621784210205
D92V,PTEN,92,1,-13.150253295898438,13.150253295898438
A891S,MET,891,0,1.7032856941223145,-1.7032856941223145
T913P,TSC2,913,1,-1.1980302333831787,1.1980302333831787
P968A,BRCA1,968,0,-0.07399439811706543,0.07399439811706543
R945M,APC,945,0,-1.3436217308044434,1.3436217308044434
R945S,APC,945,0,0.7168593406677246,-0.7168593406677246
L954Q,BRCA1,954,0,-0.7532198429107666,0.7532198429107666
L101Q,VHL,101,1,-4.620311737060547,4.620311737060547
L101R,VHL,101,1,-4.246124267578125,4.246124267578125
Q375K,TP53,375,0,0.9731321334838867,-0.9731321334838867
R969W,RET,969,1,-10.406318664550781,10.406318664550781
Q1686K,TSC2,1686,1,0.053557395935058594,-0.053557395935058594
F81L,PTEN,81,1,-5.759230613708496,5.759230613708496
K125R,PTEN,125,1,-9.946438789367676,9.946438789367676
A59G,HRAS,59,1,-10.757268905639648,10.757268905639648
T59P,NF1,59,1,-0.488741397857666,0.488741397857666
A545E,NF1,545,1,-2.942054271697998,2.942054271697998
D84V,CDKN2A,84,1,-0.6856595277786255,0.6856595277786255
C458R,WT1,458,1,-13.831381797790527,13.831381797790527
M117V,BRAF,117,0,-8.802056312561035,8.802056312561035
P323A,TSC1,323,0,-0.956169605255127,0.956169605255127
P1222L,NF1,1222,0,-0.19903182983398438,0.19903182983398438
I177K,NF1,177,1,0.2691676616668701,-0.2691676616668701
D1656Y,TSC2,1656,1,-1.5705056190490723,1.5705056190490723
D338N,NF1,338,1,0.08166766166687012,-0.08166766166687012
D1849Y,NF1,1849,1,-0.7077498435974121,0.7077498435974121
K2273T,NF1,2273,1,-0.06473851203918457,0.06473851203918457
P677S,TSC2,677,0,-0.6040025949478149,0.6040025949478149
D121N,VHL,121,1,0.1446843147277832,-0.1446843147277832
V155G,VHL,155,1,-0.03518199920654297,0.03518199920654297
L529P,NF1,529,1,-3.995941638946533,3.995941638946533
W784G,NF1,784,1,-0.7859606742858887,0.7859606742858887
R2642S,ATM,2642,1,0.21846437454223633,-0.21846437454223633
T625A,TP63,625,0,-3.5916991233825684,3.5916991233825684
E637K,TSC1,637,0,-0.6752746105194092,0.6752746105194092
A481E,TSC1,481,0,0.4275343418121338,-0.4275343418121338
D19V,PTEN,19,1,-11.912220001220703,11.912220001220703
K24N,ATM,24,1,-1.3734440803527832,1.3734440803527832
E1592V,ATM,1592,1,-0.8523507118225098,0.8523507118225098
I2315L,BRCA2,2315,0,0.48912715911865234,-0.48912715911865234
T317R,BRCA2,317,0,0.49022674560546875,-0.49022674560546875
E48D,TP63,48,0,0.1749727725982666,-0.1749727725982666
C244F,TP63,244,1,-15.254500389099121,15.254500389099121
R1412I,NF1,1412,1,-6.970218658447266,6.970218658447266
P173R,HRAS,173,0,-0.504389762878418,0.504389762878418
Y1678D,NF1,1678,1,-5.103920936584473,5.103920936584473
I1284R,NF1,1284,1,-1.4574170112609863,1.4574170112609863
L249P,NF1,249,1,-5.484726905822754,5.484726905822754
L552H,NF1,552,1,-2.568840980529785,2.568840980529785
N1651H,TSC2,1651,1,0.31301259994506836,-0.31301259994506836
R319P,TP63,319,1,-15.159544944763184,15.159544944763184
L1196P,NF1,1196,1,-0.7257850170135498,0.7257850170135498
M54R,VHL,54,1,1.2823715209960938,-1.2823715209960938
S1170P,TSC2,1170,0,0.4957677125930786,-0.4957677125930786
R1611L,NF1,1611,1,-2.034587860107422,2.034587860107422
D1028V,TSC2,1028,1,-0.6146621704101562,0.6146621704101562
A1432T,TSC2,1432,0,-0.6062016487121582,0.6062016487121582
I1351V,NF1,1351,0,0.4392361640930176,-0.4392361640930176
G2724R,BRCA2,2724,1,-3.255092144012451,3.255092144012451
R1200G,TSC2,1200,1,-0.08718371391296387,0.08718371391296387
S1563C,TSC2,1563,0,-1.8304035663604736,1.8304035663604736
P672R,TSC2,672,0,-1.0278490781784058,1.0278490781784058
T849P,TSC2,849,1,-2.4475760459899902,2.4475760459899902
P590S,TP63,590,1,-4.884186744689941,4.884186744689941
G2765A,ATM,2765,1,-4.391201496124268,4.391201496124268
W2317R,NF1,2317,1,3.54986310005188,-3.54986310005188
L1411R,NF1,1411,1,-5.9936723709106445,5.9936723709106445
Q90H,TSC2,90,0,-0.963822603225708,0.963822603225708
L1877M,NF1,1877,1,-2.426271438598633,2.426271438598633
W31S,BRCA2,31,1,3.65385365486145,-3.65385365486145
D1217G,NF1,1217,1,0.3563222885131836,-0.3563222885131836
W117R,VHL,117,1,1.259124994277954,-1.259124994277954
E1390Q,TSC2,1390,0,-0.3556661605834961,0.3556661605834961
F2386I,NF1,2386,1,0.21211719512939453,-0.21211719512939453
L1877P,NF1,1877,1,-5.6382551193237305,5.6382551193237305
D1217V,NF1,1217,1,0.29155969619750977,-0.29155969619750977
C900G,TSC2,900,1,0.48968935012817383,-0.48968935012817383
R1570S,TSC2,1570,1,-0.9757404327392578,0.9757404327392578
Y1169N,NF1,1169,1,0.633573055267334,-0.633573055267334
D282N,TSC2,282,0,-0.0987544059753418,0.0987544059753418
F113L,TP53,113,1,-3.470461368560791,3.470461368560791
A2440V,NF1,2440,1,-0.45961666107177734,0.45961666107177734
G2023R,ATM,2023,0,0.07163763046264648,-0.07163763046264648
Y130H,TSC2,130,0,-0.8578958511352539,0.8578958511352539
C541Y,RET,541,1,-1.563310980796814,1.563310980796814
V1833G,BRCA1,1833,1,-7.985879421234131,7.985879421234131
H2623P,BRCA2,2623,1,0.10505008697509766,-0.10505008697509766
N309D,TP63,309,1,-11.914263725280762,11.914263725280762
I67R,PTEN,67,1,-13.788987159729004,13.788987159729004
C403G,WT1,403,1,-12.563004493713379,12.563004493713379
R873W,RET,873,1,-13.489012718200684,13.489012718200684
G2063K,BRCA2,2063,0,-3.7810182571411133,3.7810182571411133
P60L,MYCN,60,1,-9.682184219360352,9.682184219360352
E66Q,TSC2,66,0,-1.3981200456619263,1.3981200456619263
P236R,ALK,236,0,-1.148486614227295,1.148486614227295
G94D,WT1,94,0,-2.4452552795410156,2.4452552795410156
C1249S,APC,1249,0,2.795497179031372,-2.795497179031372
E2339K,NF1,2339,0,-0.7971267700195312,0.7971267700195312
T625P,EGFR,625,0,-4.719535827636719,4.719535827636719
N338S,ATM,338,0,0.45232677459716797,-0.45232677459716797
H839Y,BRCA1,839,0,-0.31175732612609863,0.31175732612609863
S1120R,EGFR,1120,0,-1.0960822105407715,1.0960822105407715
S1483P,ALK,1483,0,0.2582564353942871,-0.2582564353942871
L1394P,TSC2,1394,1,-0.5832628011703491,0.5832628011703491
G2677R,APC,2677,1,0.5842299461364746,-0.5842299461364746
K2421Q,ATM,2421,1,-0.5168652534484863,0.5168652534484863
P184H,WT1,184,1,-0.13231277465820312,0.13231277465820312
I646F,EGFR,646,1,-3.442108392715454,3.442108392715454
N1142I,APC,1142,1,-2.977405548095703,2.977405548095703
M349L,NF1,349,0,1.7270530462265015,-1.7270530462265015
P273H,RET,273,1,-0.767667293548584,0.767667293548584
A154V,WT1,154,0,-1.2482690811157227,1.2482690811157227
H318L,BRCA1,318,1,1.3450374603271484,-1.3450374603271484
K134N,ALK,134,1,-0.8159995079040527,0.8159995079040527
E171D,TP53,171,1,-2.5780367851257324,2.5780367851257324
L887S,MET,887,0,-0.6977434158325195,0.6977434158325195
P114R,CDKN2A,114,1,-11.51343059539795,11.51343059539795
P4Q,TP53,4,0,-0.5466008186340332,0.5466008186340332
F341S,TP53,341,1,-5.636907577514648,5.636907577514648
S313N,TP53,313,0,-1.5635138750076294,1.5635138750076294
E336Q,TP53,336,0,-4.422795295715332,4.422795295715332
D324E,TP53,324,0,0.1282196044921875,-0.1282196044921875
D228Y,TP53,228,0,-6.918986797332764,6.918986797332764
Q270P,NF1,270,1,-1.1148109436035156,1.1148109436035156
I1011K,NF1,1011,0,-0.625237226486206,0.625237226486206
E1031D,ATM,1031,1,0.5303215980529785,-0.5303215980529785
A2324T,ATM,2324,0,-0.09377861022949219,0.09377861022949219
S809A,TSC2,809,0,-0.016701936721801758,0.016701936721801758
H115Y,VHL,115,1,-0.33037543296813965,0.33037543296813965
G408R,STK11,408,0,0.19565439224243164,-0.19565439224243164
V220D,TSC1,220,1,-6.729256629943848,6.729256629943848
K944T,BRCA2,944,0,-0.5233328342437744,0.5233328342437744
E2903K,BRCA2,2903,0,-0.05058741569519043,0.05058741569519043
V2211I,BRCA2,2211,0,0.2638885974884033,-0.2638885974884033
K2524N,BRCA2,2524,0,-0.2158982753753662,0.2158982753753662
D2692G,BRCA2,2692,0,0.44724416732788086,-0.44724416732788086
V72L,MET,72,0,-0.1417543888092041,0.1417543888092041
G334R,MET,334,0,-4.304976940155029,4.304976940155029
D1377V,MET,1377,0,-0.2913227081298828,0.2913227081298828
F2873S,BRCA2,2873,0,1.1435909271240234,-1.1435909271240234
G2678E,ATM,2678,0,0.30411314964294434,-0.30411314964294434
D326N,PTEN,326,1,-8.454774856567383,8.454774856567383
K66E,PTEN,66,1,-11.671222686767578,11.671222686767578
T300M,TP63,300,1,-8.153152465820312,8.153152465820312
N276S,PTEN,276,1,-8.944534301757812,8.944534301757812
A121T,PTEN,121,1,-6.574397087097168,6.574397087097168
S240N,TP53,240,1,-4.624884605407715,4.624884605407715
V709G,TSC2,709,1,-1.9233920574188232,1.9233920574188232
R500W,WT1,500,1,-15.601075172424316,15.601075172424316
Q165L,TP53,165,1,-2.3555164337158203,2.3555164337158203
A2389S,NF1,2389,0,0.31064939498901367,-0.31064939498901367
P179R,STK11,179,1,-16.00221061706543,16.00221061706543
G1408D,TSC2,1408,1,-0.5521776676177979,0.5521776676177979
L404R,MYCN,404,1,-15.31224536895752,15.31224536895752
L1104R,NF1,1104,1,-0.41802048683166504,0.41802048683166504
G104D,MYCN,104,0,-0.8504234552383423,0.8504234552383423
T142A,MYCN,142,0,2.396664619445801,-2.396664619445801
W2619G,BRCA2,2619,1,1.5097811222076416,-1.5097811222076416
L63R,VHL,63,1,0.09165191650390625,-0.09165191650390625
I1022M,ALK,1022,0,-0.7548670768737793,0.7548670768737793
G126V,APC,126,0,-0.5409018993377686,0.5409018993377686
L108F,PTEN,108,1,-10.762924194335938,10.762924194335938
R15G,PTEN,15,1,-12.408529281616211,12.408529281616211
L2917F,BRCA2,2917,0,-0.9071500301361084,0.9071500301361084
I3075V,BRCA2,3075,0,0.014219045639038086,-0.014219045639038086
I3048M,BRCA2,3048,0,-1.1745452880859375,1.1745452880859375
R2799G,BRCA2,2799,0,-0.4482417106628418,0.4482417106628418
V2728F,BRCA2,2728,0,-1.5671355724334717,1.5671355724334717
F3090S,BRCA2,3090,0,0.7741162776947021,-0.7741162776947021
T2703N,BRCA2,2703,0,-0.13113117218017578,0.13113117218017578
E3367D,BRCA2,3367,0,-0.4308156967163086,0.4308156967163086
D208H,MET,208,0,-0.8640346527099609,0.8640346527099609
I145R,CDKN2A,145,0,2.212050437927246,-2.212050437927246
G2293A,APC,2293,0,0.08106851577758789,-0.08106851577758789
M280T,TSC2,280,1,-1.376460075378418,1.376460075378418
R79P,VHL,79,1,-0.13761377334594727,0.13761377334594727
M470I,ALK,470,0,1.4963810443878174,-1.4963810443878174
M838R,ATM,838,0,-0.5142145156860352,0.5142145156860352
K149T,KIT,149,0,0.354572057723999,-0.354572057723999
T407A,RET,407,0,0.3453714847564697,-0.3453714847564697
K477E,RET,477,0,1.0098011493682861,-1.0098011493682861
L353F,TSC2,353,1,-1.2311444282531738,1.2311444282531738
H64P,PTEN,64,1,-14.271295547485352,14.271295547485352
S269I,TP53,269,1,-9.18340015411377,9.18340015411377
P318S,TP53,318,0,0.3989145755767822,-0.3989145755767822
S269C,TP53,269,0,-3.3351035118103027,3.3351035118103027
E1458V,NF1,1458,1,-3.0574936866760254,3.0574936866760254
Y2624D,BRCA2,2624,1,0.10455989837646484,-0.10455989837646484
E326V,TP53,326,1,-5.873023986816406,5.873023986816406
D324N,TP53,324,0,-4.047704219818115,4.047704219818115
Y202H,TP63,202,1,-9.380441665649414,9.380441665649414
C347R,TP63,347,1,-15.438861846923828,15.438861846923828
I808F,KIT,808,1,-14.989740371704102,14.989740371704102
V697M,ERBB2,697,1,-3.0674235820770264,3.0674235820770264
V839M,ERBB2,839,1,3.955826997756958,-3.955826997756958
G598R,EGFR,598,1,-2.4570672512054443,2.4570672512054443
T854I,EGFR,854,1,-11.090779304504395,11.090779304504395
P596S,EGFR,596,1,-4.771384239196777,4.771384239196777
A763T,EGFR,763,1,-8.406115531921387,8.406115531921387
G309R,ERBB2,309,1,-3.7787814140319824,3.7787814140319824
S653F,ERBB2,653,1,-2.28123140335083,2.28123140335083
G452D,WT1,452,1,-13.575428009033203,13.575428009033203
A237F,EGFR,237,1,-3.650437831878662,3.650437831878662
L833F,EGFR,833,1,-5.304480075836182,5.304480075836182
K852T,EGFR,852,1,-10.930852890014648,10.930852890014648
E423G,WT1,423,1,-12.39734172821045,12.39734172821045
N133D,RB1,133,0,-0.7888979911804199,0.7888979911804199
Y1113H,BRCA1,1113,0,0.576545000076294,-0.576545000076294
F341L,TP53,341,0,4.554410457611084,-4.554410457611084
T387P,TP53,387,0,-1.0500762462615967,1.0500762462615967
P179Q,STK11,179,1,-13.29784107208252,13.29784107208252
I1378S,ALK,1378,0,1.64316725730896,-1.64316725730896
R2659S,BRCA2,2659,1,0.1808466911315918,-0.1808466911315918
K2979Q,BRCA2,2979,0,-0.5390636920928955,0.5390636920928955
Y2920H,BRCA2,2920,0,-0.19496846199035645,0.19496846199035645
F625L,BRCA2,625,0,0.9220871925354004,-0.9220871925354004
D3064H,BRCA2,3064,0,-0.7054827213287354,0.7054827213287354
K2715R,BRCA2,2715,0,-0.1763601303100586,0.1763601303100586
C669Y,ATM,669,0,0.07481980323791504,-0.07481980323791504
P48L,CDKN2A,48,1,-4.516025543212891,4.516025543212891
H118P,PTEN,118,1,-12.060893058776855,12.060893058776855
F109I,TP53,109,1,-4.4785475730896,4.4785475730896
Y98N,VHL,98,1,-0.1618363857269287,0.1618363857269287
C105R,PTEN,105,1,-10.15802001953125,10.15802001953125
H247D,TP63,247,1,-14.318275451660156,14.318275451660156
G305R,TSC1,305,1,-0.44205689430236816,0.44205689430236816
K395N,NF1,395,1,-0.44608092308044434,0.44608092308044434
G315E,TP63,315,1,-14.881258964538574,14.881258964538574
P1851H,NF1,1851,1,-0.6107118129730225,0.6107118129730225
I363V,MYCN,363,0,-1.5707659721374512,1.5707659721374512
Y27F,PTEN,27,1,-9.341554641723633,9.341554641723633
D259A,TP53,259,1,-5.211856842041016,5.211856842041016
E775G,NF1,775,1,-0.37070178985595703,0.37070178985595703
M1R,PTEN,1,1,-6.4165425300598145,6.4165425300598145
A126D,PTEN,126,1,-14.035443305969238,14.035443305969238
A121E,PTEN,121,1,-12.248960494995117,12.248960494995117
L112R,PTEN,112,1,-13.125382423400879,13.125382423400879
K193R,KIT,193,0,-0.9729771614074707,0.9729771614074707
F465S,WT1,465,1,-14.35604476928711,14.35604476928711
F456C,WT1,456,1,-13.927939414978027,13.927939414978027
D502H,WT1,502,1,-16.035058975219727,16.035058975219727
A347G,TP53,347,0,-3.306570053100586,3.306570053100586
Q3409P,BRCA2,3409,0,-0.18953800201416016,0.18953800201416016
N343C,BRCA1,343,0,-1.0914618968963623,1.0914618968963623
D458E,BRCA1,458,0,0.8183972835540771,-0.8183972835540771
D746V,BRCA1,746,0,0.3555026054382324,-0.3555026054382324
P981A,BRCA1,981,0,-0.7349693775177002,0.7349693775177002
I1173M,BRCA2,1173,0,-1.364577293395996,1.364577293395996
T1609S,BRCA2,1609,0,0.3713231086730957,-0.3713231086730957
S1848T,BRCA2,1848,0,-3.115539312362671,3.115539312362671
D1902A,BRCA2,1902,0,-0.6030445098876953,0.6030445098876953
D1911H,BRCA2,1911,0,-0.58595871925354,0.58595871925354
N1012K,APC,1012,1,0.2617948055267334,-0.2617948055267334
E197Q,TP63,197,1,-9.360672950744629,9.360672950744629
P428L,TP63,428,1,-8.758359909057617,8.758359909057617
A121P,PTEN,121,1,-12.673774719238281,12.673774719238281
D1441N,BRCA1,1441,1,0.02249932289123535,-0.02249932289123535
W151G,WT1,151,1,-4.619263172149658,4.619263172149658
T367S,BRCA1,367,0,0.6582708358764648,-0.6582708358764648
S1205Y,BRCA2,1205,0,-2.064361333847046,2.064361333847046
K2017N,BRCA2,2017,0,-0.2386159896850586,0.2386159896850586
F2055Y,BRCA2,2055,0,-0.22181248664855957,0.22181248664855957
A2061V,BRCA2,2061,0,-1.7793127298355103,1.7793127298355103
E493D,TSC1,493,0,-0.5383529663085938,0.5383529663085938
N1156H,NF1,1156,1,0.039870500564575195,-0.039870500564575195
M577R,NF1,577,1,-1.1183688640594482,1.1183688640594482
A86E,TSC2,86,0,-0.25399351119995117,0.25399351119995117
L424P,TSC2,424,0,-2.706256866455078,2.706256866455078
S1764R,TSC2,1764,0,-0.6884822845458984,0.6884822845458984
I346N,TSC2,346,1,-2.496750831604004,2.496750831604004
S311N,TP63,311,1,-7.750735282897949,7.750735282897949
V909D,TSC2,909,1,-1.2856512069702148,1.2856512069702148
S574T,NF1,574,1,-0.11824512481689453,0.11824512481689453
G449E,RB1,449,1,-10.556325912475586,10.556325912475586
C706Y,RB1,706,1,-6.534907341003418,6.534907341003418
E1458D,NF1,1458,1,-1.5962392091751099,1.5962392091751099
S601R,TSC2,601,1,-0.6143507957458496,0.6143507957458496
N1154T,NF1,1154,1,0.35929393768310547,-0.35929393768310547
S2018I,NF1,2018,1,0.7348380088806152,-0.7348380088806152
L2337P,NF1,2337,1,-6.203228950500488,6.203228950500488
W308C,STK11,308,1,-12.01207160949707,12.01207160949707
M1029R,TSC2,1029,1,0.5340840816497803,-0.5340840816497803
L344R,TP53,344,1,-9.693781852722168,9.693781852722168
I883T,KIT,883,1,-8.664129257202148,8.664129257202148
V854I,TSC1,854,0,-1.0952959060668945,1.0952959060668945
L43R,NF1,43,1,-1.2497508525848389,1.2497508525848389
A1778E,TSC2,1778,0,-0.8142518997192383,0.8142518997192383
V767F,TSC2,767,0,-0.6555132865905762,0.6555132865905762
C277G,TP53,277,1,-12.382682800292969,12.382682800292969
E481D,TSC2,481,1,0.38815927505493164,-0.38815927505493164
T1206P,TSC2,1206,1,0.30684614181518555,-0.30684614181518555
S1364Y,TSC2,1364,0,-2.5981128215789795,2.5981128215789795
D1644V,NF1,1644,1,-0.28546857833862305,0.28546857833862305
L108R,PTEN,108,1,-12.099739074707031,12.099739074707031
K238E,TSC1,238,0,0.47530245780944824,-0.47530245780944824
N1451K,NF1,1451,1,-5.234199523925781,5.234199523925781
T1199P,NF1,1199,1,-0.5559184551239014,0.5559184551239014
S54C,TSC1,54,0,-2.8646552562713623,2.8646552562713623
D48G,TP53,48,0,-0.5323410034179688,0.5323410034179688
L1953V,NF1,1953,1,-0.9870470762252808,0.9870470762252808
S47F,NF1,47,1,-0.6026723384857178,0.6026723384857178
D154Y,HRAS,154,0,-8.274608612060547,8.274608612060547
L549R,NF1,549,1,-5.199377059936523,5.199377059936523
A508D,TSC2,508,1,-6.059215545654297,6.059215545654297
T2409R,NF1,2409,1,-3.7217912673950195,3.7217912673950195
L810V,TSC1,810,0,-2.574737310409546,2.574737310409546
D738G,TSC1,738,0,-0.5684173107147217,0.5684173107147217
P28S,TSC2,28,0,0.0416560173034668,-0.0416560173034668
G2397W,NF1,2397,1,-2.4179935455322266,2.4179935455322266
L243P,TSC2,243,1,-4.786642074584961,4.786642074584961
M695K,RB1,695,1,-7.545432090759277,7.545432090759277
D1217N,NF1,1217,1,-0.48595142364501953,0.48595142364501953
F1536V,NF1,1536,1,0.7704389095306396,-0.7704389095306396
L1446R,NF1,1446,1,-7.7545270919799805,7.7545270919799805
G22R,TSC2,22,0,-0.0957643985748291,0.0957643985748291
I912T,TSC2,912,1,-1.262197732925415,1.262197732925415
K1343R,BRCA2,1343,0,-1.2645974159240723,1.2645974159240723
S2012P,BRCA2,2012,0,-1.4471213817596436,1.4471213817596436
S68P,VHL,68,1,0.9224543571472168,-0.9224543571472168
W117S,VHL,117,1,0.9588048458099365,-0.9588048458099365
C458Y,WT1,458,1,-10.164058685302734,10.164058685302734
G114V,VHL,114,1,-1.7328240871429443,1.7328240871429443
R107S,VHL,107,1,-0.7861413955688477,0.7861413955688477
M54I,VHL,54,1,0.03216838836669922,-0.03216838836669922
V74F,VHL,74,1,-1.0317822694778442,1.0317822694778442
P154T,VHL,154,1,-0.8697514533996582,0.8697514533996582
V586L,TSC2,586,0,0.5383069515228271,-0.5383069515228271
S1774R,TSC2,1774,0,-0.7337305545806885,0.7337305545806885
A1610E,NF1,1610,1,-3.4215378761291504,3.4215378761291504
T1646P,NF1,1646,1,-3.8808159828186035,3.8808159828186035
V1175A,TSC2,1175,0,0.5798027515411377,-0.5798027515411377
R775S,RB1,775,1,-6.587777137756348,6.587777137756348
R1412K,NF1,1412,1,-3.386953353881836,3.386953353881836
K221E,PTEN,221,1,-9.759238243103027,9.759238243103027
C403F,WT1,403,1,-12.020796775817871,12.020796775817871
A608D,KIT,608,1,-12.260863304138184,12.260863304138184
G93S,RET,93,1,-2.467226982116699,2.467226982116699
E271V,TP53,271,1,-10.970897674560547,10.970897674560547
M1L,PTEN,1,1,-5.3937835693359375,5.3937835693359375
K1994N,ATM,1994,0,-0.8286540508270264,0.8286540508270264
L283R,ALK,283,0,-1.0014934539794922,1.0014934539794922
I614M,BRCA2,614,0,-1.1273505687713623,1.1273505687713623
N1718D,BRCA2,1718,0,-0.5151324272155762,0.5151324272155762
E254D,BRCA2,254,0,-0.7985923290252686,0.7985923290252686
E2558A,BRCA2,2558,0,-0.02639007568359375,0.02639007568359375
T2607P,BRCA2,2607,1,-0.750363826751709,0.750363826751709
N1801H,ATM,1801,0,-0.5063352584838867,0.5063352584838867
E1320G,BRCA2,1320,0,-0.9720661640167236,0.9720661640167236
N2452Y,BRCA2,2452,0,-1.2154440879821777,1.2154440879821777
I3113S,BRCA2,3113,0,-0.12109160423278809,0.12109160423278809
T402N,STK11,402,0,-0.5072252750396729,0.5072252750396729
Q354L,TP53,354,0,0.31995606422424316,-0.31995606422424316
N210S,TP53,210,0,1.4731316566467285,-1.4731316566467285
C734S,TSC2,734,0,-0.036396026611328125,0.036396026611328125
H148R,MET,148,0,0.9063122272491455,-0.9063122272491455
Q155H,MET,155,0,-0.6412382125854492,0.6412382125854492
I1337V,ATM,1337,0,-0.0027163028717041016,0.0027163028717041016
C1366Y,ATM,1366,0,0.9619076251983643,-0.9619076251983643
R653T,APC,653,1,-2.6418285369873047,2.6418285369873047
N1043S,BRCA1,1043,0,2.4451489448547363,-2.4451489448547363
D1162N,BRCA1,1162,0,0.06776189804077148,-0.06776189804077148
K1082E,BRCA2,1082,0,0.16107439994812012,-0.16107439994812012
I1275V,BRCA2,1275,0,-0.22925186157226562,0.22925186157226562
T3085R,BRCA2,3085,0,0.011477470397949219,-0.011477470397949219
L3093F,BRCA2,3093,0,-2.2728559970855713,2.2728559970855713
D358N,MET,358,0,-0.07919836044311523,0.07919836044311523
P1069S,ATM,1069,0,0.3541605472564697,-0.3541605472564697
E75K,MET,75,0,2.1634788513183594,-2.1634788513183594
E75D,MET,75,0,-1.0123767852783203,1.0123767852783203
N854K,MET,854,0,1.0236988067626953,-1.0236988067626953
S2218N,ATM,2218,0,-0.9853379726409912,0.9853379726409912
Q341P,RET,341,0,0.5549967288970947,-0.5549967288970947
L1108F,RET,1108,0,-0.7631309032440186,0.7631309032440186
E164D,RET,164,0,-0.3499159812927246,0.3499159812927246
P218L,RET,218,0,-1.0684046745300293,1.0684046745300293
E252D,RET,252,0,-0.042711496353149414,0.042711496353149414
E2757V,BRCA2,2757,0,0.06403946876525879,-0.06403946876525879
S2782N,BRCA2,2782,0,-0.8498575687408447,0.8498575687408447
D2811N,BRCA2,2811,0,-0.1705331802368164,0.1705331802368164
E2903Q,BRCA2,2903,0,-0.7056641578674316,0.7056641578674316
H61P,PTEN,61,1,-11.962017059326172,11.962017059326172
D22V,PTEN,22,1,-12.848679542541504,12.848679542541504
G587A,ATM,587,0,-0.21497893333435059,0.21497893333435059
I678V,ATM,678,0,0.16839957237243652,-0.16839957237243652
E678Q,TP63,678,1,-8.291877746582031,8.291877746582031
L963P,RET,963,1,-11.954227447509766,11.954227447509766
Q444L,RB1,444,1,-3.391077995300293,3.391077995300293
H483R,RB1,483,1,-6.857879638671875,6.857879638671875
L657P,RB1,657,1,-11.079717636108398,11.079717636108398
L662P,RB1,662,1,-12.868834495544434,12.868834495544434
Q702K,RB1,702,1,-8.921049118041992,8.921049118041992
G751V,NF1,751,1,0.7379441261291504,-0.7379441261291504
A797T,NF1,797,0,-0.12722134590148926,0.12722134590148926
T862N,NF1,862,0,-0.425900936126709,0.425900936126709
P2477H,NF1,2477,0,-0.6190705299377441,0.6190705299377441
N45H,NF1,45,0,-0.9649457931518555,0.9649457931518555
T676S,NF1,676,0,0.6954376697540283,-0.6954376697540283
L3344H,BRCA2,3344,0,-1.1851677894592285,1.1851677894592285
S136A,BRAF,136,0,-4.592836856842041,4.592836856842041
P348S,TP63,348,1,-9.788372039794922,9.788372039794922
I5T,PTEN,5,1,-8.595606803894043,8.595606803894043
N369S,BRCA2,369,0,0.7590148448944092,-0.7590148448944092
V2179A,BRCA2,2179,0,-0.6270956993103027,0.6270956993103027
H601Q,BRCA1,601,0,1.2185337543487549,-1.2185337543487549
V119A,PTEN,119,1,-6.420841693878174,6.420841693878174
R500L,WT1,500,1,-16.914352416992188,16.914352416992188
L245F,STK11,245,1,-9.418377876281738,9.418377876281738
L37P,CDKN2A,37,0,2.5259509086608887,-2.5259509086608887
E10D,CDKN2A,10,0,-0.012006044387817383,0.012006044387817383
N433K,BRCA2,433,0,0.1678006649017334,-0.1678006649017334
N1201S,BRCA2,1201,0,0.6256003379821777,-0.6256003379821777
L2936V,BRCA2,2936,0,-0.935826301574707,0.935826301574707
I921N,BRCA2,921,0,0.020748138427734375,-0.020748138427734375
I542M,BRCA2,542,0,-1.2166094779968262,1.2166094779968262
C2605R,BRCA2,2605,0,0.7187087535858154,-0.7187087535858154
H179R,BRCA2,179,0,1.1176657676696777,-1.1176657676696777
L2987R,BRCA2,2987,1,-4.139927387237549,4.139927387237549
N2937T,BRCA2,2937,0,0.0380864143371582,-0.0380864143371582
R2799S,BRCA2,2799,0,0.8241140842437744,-0.8241140842437744
T87I,BRCA2,87,0,-1.1363458633422852,1.1363458633422852
V2855M,BRCA2,2855,0,-0.6928300857543945,0.6928300857543945
I2495V,BRCA2,2495,0,-0.28336381912231445,0.28336381912231445
E3157G,BRCA2,3157,0,-1.0317320823669434,1.0317320823669434
N361D,BRCA2,361,0,-0.2840263843536377,0.2840263843536377
A3023D,BRCA2,3023,0,-0.5752687454223633,0.5752687454223633
T1609I,BRCA2,1609,0,-1.3096117973327637,1.3096117973327637
L1260S,BRCA2,1260,0,0.4796619415283203,-0.4796619415283203
F354L,BRCA2,354,0,0.48616838455200195,-0.48616838455200195
S1744N,BRCA2,1744,0,-0.30455517768859863,0.30455517768859863
Q2943E,BRCA2,2943,0,0.8698763847351074,-0.8698763847351074
Y3225N,BRCA2,3225,0,1.243678092956543,-1.243678092956543
Q2960E,BRCA2,2960,0,0.8337604999542236,-0.8337604999542236
L728S,MET,728,0,1.4768953323364258,-1.4768953323364258
H644Y,MET,644,0,0.5216457843780518,-0.5216457843780518
K424R,MYCN,424,0,-7.330146789550781,7.330146789550781
A1184T,APC,1184,0,0.5303642749786377,-0.5303642749786377
W227R,RET,227,0,3.2131872177124023,-3.2131872177124023
A2472D,APC,2472,0,-0.986473798751831,0.986473798751831
G2502S,ATM,2502,0,0.9181208610534668,-0.9181208610534668
L229I,ATM,229,0,-0.3125624656677246,0.3125624656677246
F662I,ATM,662,0,0.31206703186035156,-0.31206703186035156
K1904N,ATM,1904,0,0.08963894844055176,-0.08963894844055176
I1158V,ATM,1158,0,0.13554859161376953,-0.13554859161376953
F209V,ATM,209,0,0.2522439956665039,-0.2522439956665039
S183P,TP53,183,0,-4.426659107208252,4.426659107208252
H168P,TP53,168,1,-6.902865409851074,6.902865409851074
R335L,TP53,335,0,-4.5462236404418945,4.5462236404418945
G302A,TP53,302,0,0.31771421432495117,-0.31771421432495117
K319T,TP53,319,0,-3.618398904800415,3.618398904800415
Q354P,TP53,354,0,0.26786375045776367,-0.26786375045776367
D368E,TSC1,368,0,-0.10865116119384766,0.10865116119384766
K1314N,BRCA2,1314,0,-0.19545435905456543,0.19545435905456543
I365N,EGFR,365,1,-12.236661911010742,12.236661911010742
K556N,ATM,556,0,-0.5843420028686523,0.5843420028686523
D390G,BRCA1,390,0,-0.3491048812866211,0.3491048812866211
P367A,BRAF,367,1,-11.337117195129395,11.337117195129395
F21S,PTEN,21,1,-11.738184928894043,11.738184928894043
A137E,PTEN,137,1,-13.062295913696289,13.062295913696289
I1545T,TSC2,1545,1,-2.984070062637329,2.984070062637329
G2001A,NF1,2001,1,0.21556305885314941,-0.21556305885314941
L711P,BRAF,711,1,-10.465669631958008,10.465669631958008
I1747N,TSC2,1747,1,-1.2044081687927246,1.2044081687927246
T241A,BRAF,241,1,-11.382627487182617,11.382627487182617
L3074P,BRCA2,3074,1,-3.8698854446411133,3.8698854446411133
I549N,TP63,549,1,-12.087132453918457,12.087132453918457
D1636N,TSC2,1636,0,-0.6766362190246582,0.6766362190246582
V255G,PTEN,255,1,-11.567193984985352,11.567193984985352
M2213R,NF1,2213,1,-1.7811050415039062,1.7811050415039062
L282R,STK11,282,1,-12.86984634399414,12.86984634399414
F1247I,NF1,1247,1,-0.34001779556274414,0.34001779556274414
F1168C,MET,1168,1,-4.103790760040283,4.103790760040283
G265A,BRAF,265,1,-15.208090782165527,15.208090782165527
S102R,MET,102,0,-0.46965599060058594,0.46965599060058594
N257I,MET,257,0,-3.4068901538848877,3.4068901538848877
H92Y,MET,92,0,-0.7040071487426758,0.7040071487426758
N379D,MET,379,0,-0.007846832275390625,0.007846832275390625
N199H,MET,199,0,-0.9756984710693359,0.9756984710693359
N2432K,NF1,2432,0,0.4977591037750244,-0.4977591037750244
S2484T,NF1,2484,0,-0.6592936515808105,0.6592936515808105
N697S,NF1,697,0,0.7939745187759399,-0.7939745187759399
K480N,NF1,480,0,-0.12993264198303223,0.12993264198303223
G859S,NF1,859,0,0.9774278402328491,-0.9774278402328491
P1626A,APC,1626,0,-0.6166696548461914,0.6166696548461914
S130N,APC,130,0,-0.8313586711883545,0.8313586711883545
V439I,RB1,439,0,-0.8140072822570801,0.8140072822570801
D697H,RB1,697,0,-7.686838150024414,7.686838150024414
P273L,RET,273,0,1.1907780170440674,-1.1907780170440674
T470P,RET,470,0,-1.5752756595611572,1.5752756595611572
G1071E,RET,1071,0,0.323469877243042,-0.323469877243042
T130I,RET,130,0,-0.6855909824371338,0.6855909824371338
Y54F,ATM,54,0,0.03279852867126465,-0.03279852867126465
V866G,ATM,866,0,-0.009639501571655273,0.009639501571655273
E204D,TP53,204,0,-3.2888474464416504,3.2888474464416504
S94A,TP53,94,0,-1.005722999572754,1.005722999572754
V73E,TP53,73,0,-0.4786534309387207,0.4786534309387207
V274I,TP53,274,0,0.14702415466308594,-0.14702415466308594
E343D,TP53,343,0,-1.9119925498962402,1.9119925498962402
A76G,TP53,76,0,-4.076409816741943,4.076409816741943
R213W,TP53,213,1,-8.463821411132812,8.463821411132812
G356E,TP53,356,0,0.09888529777526855,-0.09888529777526855
F212S,TP53,212,0,-6.624372959136963,6.624372959136963
D2976E,ATM,2976,0,0.4499084949493408,-0.4499084949493408
E2145V,ATM,2145,1,-1.2085566520690918,1.2085566520690918
K1057E,ATM,1057,0,-0.45004773139953613,0.45004773139953613
N2326K,ATM,2326,0,0.018359661102294922,-0.018359661102294922
H42Y,ATM,42,0,0.5487039089202881,-0.5487039089202881
E1995D,ATM,1995,0,-0.7885396480560303,0.7885396480560303
T593A,ATM,593,0,-0.2306675910949707,0.2306675910949707
S707T,ATM,707,0,-0.6917699575424194,0.6917699575424194
T1144N,TSC1,1144,0,-1.0987255573272705,1.0987255573272705
G75D,WT1,75,0,-1.0761141777038574,1.0761141777038574
T1684S,BRCA2,1684,0,0.8317265510559082,-0.8317265510559082
Y1894H,BRCA2,1894,0,0.5255069732666016,-0.5255069732666016
G1515R,BRCA1,1515,0,-0.03720355033874512,0.03720355033874512
V1602L,BRCA1,1602,0,0.29190707206726074,-0.29190707206726074
Q804L,BRCA1,804,0,0.49420928955078125,-0.49420928955078125
N363S,BRCA1,363,0,0.3320333957672119,-0.3320333957672119
T17A,BRCA2,17,0,0.06765961647033691,-0.06765961647033691
K2674M,BRCA2,2674,0,-1.6577961444854736,1.6577961444854736
F3060I,BRCA2,3060,0,1.1414473056793213,-1.1414473056793213
K1691Q,BRCA2,1691,0,-1.1891838312149048,1.1891838312149048
V1283L,BRCA2,1283,0,0.2847628593444824,-0.2847628593444824
E3130K,BRCA2,3130,0,0.13347578048706055,-0.13347578048706055
P2734R,BRCA2,2734,0,-0.8400659561157227,0.8400659561157227
K437T,BRCA2,437,0,-0.0488741397857666,0.0488741397857666
C3304W,BRCA2,3304,0,-1.20131516456604,1.20131516456604
L583M,BRCA2,583,0,-2.114603042602539,2.114603042602539
M1149I,BRCA2,1149,0,1.2328622341156006,-1.2328622341156006
S1770A,BRCA2,1770,0,-1.2880467176437378,1.2880467176437378
K3415E,BRCA2,3415,0,-0.18454575538635254,0.18454575538635254
M3322L,BRCA2,3322,0,1.3390436172485352,-1.3390436172485352
A2902S,BRCA2,2902,0,0.06804418563842773,-0.06804418563842773
K2555T,BRCA2,2555,0,-0.3319699764251709,0.3319699764251709
E1481G,BRCA2,1481,0,-1.101471185684204,1.101471185684204
Q1396E,BRCA2,1396,0,0.813744306564331,-0.813744306564331
L557S,BRCA2,557,0,0.2896842956542969,-0.2896842956542969
N213S,BRCA2,213,0,0.19070672988891602,-0.19070672988891602
N1296H,BRCA2,1296,0,-2.3733885288238525,2.3733885288238525
N818K,BRCA2,818,0,0.03139519691467285,-0.03139519691467285
A145S,BRAF,145,0,3.7897162437438965,-3.7897162437438965
M117T,BRAF,117,0,-1.0484614372253418,1.0484614372253418
I145L,CDKN2A,145,0,1.167424201965332,-1.167424201965332
S7N,CDKN2A,7,0,-1.847808599472046,1.847808599472046
A30E,CDKN2A,30,0,-1.575586199760437,1.575586199760437
Q1203P,EGFR,1203,0,0.34293389320373535,-0.34293389320373535
E160D,EGFR,160,0,0.3029308319091797,-0.3029308319091797
N1116H,EGFR,1116,0,0.02952098846435547,-0.02952098846435547
V660L,EGFR,660,0,0.48600149154663086,-0.48600149154663086
I1461S,ALK,1461,0,1.1574335098266602,-1.1574335098266602
G920V,ALK,920,0,-6.393087863922119,6.393087863922119
T917R,ALK,917,0,-0.4177670478820801,0.4177670478820801
F685V,ALK,685,0,-3.848450183868408,3.848450183868408
P157A,ALK,157,0,0.32639312744140625,-0.32639312744140625
R918G,ALK,918,0,-0.8696208000183105,0.8696208000183105
W913G,ALK,913,0,2.487391948699951,-2.487391948699951
R420K,KIT,420,0,-0.5368082523345947,0.5368082523345947
V422A,KIT,422,0,-0.12317132949829102,0.12317132949829102
R611P,TSC2,611,1,-0.14412188529968262,0.14412188529968262
V917D,NF1,917,1,-1.2876908779144287,1.2876908779144287
A173T,MYCN,173,0,-1.9638936519622803,1.9638936519622803
H478R,WT1,478,1,-15.977741241455078,15.977741241455078
S466F,WT1,466,1,-14.18919563293457,14.18919563293457
S891L,RET,891,1,-10.395210266113281,10.395210266113281
W1952C,NF1,1952,1,0.7040739059448242,-0.7040739059448242
H474Q,WT1,474,1,-13.86445426940918,13.86445426940918
H123N,PTEN,123,1,-12.244230270385742,12.244230270385742
L2125Q,NF1,2125,1,-1.6395832300186157,1.6395832300186157
R147P,STK11,147,1,-5.418457984924316,5.418457984924316
K1037I,BRCA1,1037,0,-0.7603235244750977,0.7603235244750977
F552V,TP63,552,1,-9.74831485748291,9.74831485748291
Q1017E,NF1,1017,1,0.29448723793029785,-0.29448723793029785
V147G,TP53,147,1,-7.824708461761475,7.824708461761475
R266G,TP63,266,1,-12.88870620727539,12.88870620727539
R454K,TSC2,454,1,-0.015489339828491211,0.015489339828491211
N1451H,NF1,1451,1,-4.1024250984191895,4.1024250984191895
S433P,TSC2,433,0,-1.8408474922180176,1.8408474922180176
V54D,NF1,54,1,0.12092399597167969,-0.12092399597167969
L145R,NF1,145,1,-2.427171230316162,2.427171230316162
K1457T,NF1,1457,1,-2.4791336059570312,2.4791336059570312
S1912R,NF1,1912,1,-1.4114892482757568,1.4114892482757568
R1438P,TSC2,1438,0,0.9130886793136597,-0.9130886793136597
I346L,TSC2,346,0,0.9031226634979248,-0.9031226634979248
D416G,TSC2,416,0,0.05746865272521973,-0.05746865272521973
V1492L,TSC2,1492,0,0.14261960983276367,-0.14261960983276367
N1564K,TSC2,1564,1,-5.581386566162109,5.581386566162109
D1652E,TSC2,1652,0,1.3433406352996826,-1.3433406352996826
L1694P,TSC2,1694,0,-0.02736806869506836,0.02736806869506836
D1696H,TSC2,1696,0,-1.2572360038757324,1.2572360038757324
T1733S,TSC2,1733,0,0.46491146087646484,-0.46491146087646484
R343L,TP63,343,1,-12.933122634887695,12.933122634887695
H1053R,TSC1,1053,0,1.2862675189971924,-1.2862675189971924
E647Q,TSC1,647,0,-0.6313302516937256,0.6313302516937256
S1704A,TSC2,1704,0,-0.7103303670883179,0.7103303670883179
W111C,PTEN,111,1,-8.060733795166016,8.060733795166016
M35I,PTEN,35,1,-8.303279876708984,8.303279876708984
R159W,PTEN,159,1,-9.827216148376465,9.827216148376465
A551T,TSC1,551,0,0.14739990234375,-0.14739990234375
S888T,RB1,888,1,-1.0342906713485718,1.0342906713485718
R1000S,NF1,1000,1,0.6360816955566406,-0.6360816955566406
V289L,NF1,289,0,0.39130520820617676,-0.39130520820617676
R1474S,TSC2,1474,0,0.3016953468322754,-0.3016953468322754
D1656N,TSC2,1656,0,-0.1835479736328125,0.1835479736328125
M949I,APC,949,0,0.604403018951416,-0.604403018951416
I280N,TP63,280,0,-6.860383987426758,6.860383987426758
I581S,NF1,581,1,-0.7983458042144775,0.7983458042144775
H1460P,NF1,1460,1,-1.869032859802246,1.869032859802246
L1915R,NF1,1915,1,-3.0584189891815186,3.0584189891815186
L2298R,NF1,2298,1,-4.4024529457092285,4.4024529457092285
P744L,TSC2,744,0,0.8755984306335449,-0.8755984306335449
I2702K,ATM,2702,1,-6.026749610900879,6.026749610900879
L983V,BRCA1,983,0,0.31969261169433594,-0.31969261169433594
Y175N,VHL,175,1,-0.0756223201751709,0.0756223201751709
Q442K,WT1,442,1,-15.296018600463867,15.296018600463867
C162S,VHL,162,1,1.0594654083251953,-1.0594654083251953
R200P,VHL,200,1,-3.125797986984253,3.125797986984253
F1124L,BRCA1,1124,0,0.8482372760772705,-0.8482372760772705
S648P,BRCA2,648,0,-1.5615792274475098,1.5615792274475098
G1376R,BRCA2,1376,0,0.032423973083496094,-0.032423973083496094
G1508V,BRCA2,1508,0,0.5997822284698486,-0.5997822284698486
L98P,PTEN,98,1,-10.629302978515625,10.629302978515625
V1683A,TSC2,1683,1,-1.8355419635772705,1.8355419635772705
G1890F,NF1,1890,1,-0.9245662689208984,0.9245662689208984
A48T,MET,48,0,0.10746169090270996,-0.10746169090270996
N2374I,BRCA2,2374,0,-0.8139066696166992,0.8139066696166992
R391C,MYCN,391,1,-12.505096435546875,12.505096435546875
D1217Y,NF1,1217,1,-0.3835577964782715,0.3835577964782715
L23R,HRAS,23,1,-12.312374114990234,12.312374114990234
M1131I,TSC2,1131,1,0.5444483757019043,-0.5444483757019043
S229Y,BRCA1,229,0,-2.5530683994293213,2.5530683994293213
F1219L,BRCA2,1219,0,-1.657037615776062,1.657037615776062
T1526R,BRCA2,1526,0,-4.864866256713867,4.864866256713867
K178T,BRCA2,178,0,-0.6621849536895752,0.6621849536895752
G400V,APC,400,0,2.0155725479125977,-2.0155725479125977
M1V,RB1,1,1,-6.754887580871582,6.754887580871582
S179N,RB1,179,0,-0.6968038082122803,0.6968038082122803
G211S,RET,211,0,-0.46703922748565674,0.46703922748565674
T1697I,ATM,1697,0,0.19849085807800293,-0.19849085807800293
N1326K,ATM,1326,0,0.41283226013183594,-0.41283226013183594
G2765R,ATM,2765,1,-4.240053176879883,4.240053176879883
S2114C,ATM,2114,0,-2.0209343433380127,2.0209343433380127
E394D,ATM,394,0,-0.4126591682434082,0.4126591682434082
M136R,STK11,136,1,-14.358725547790527,14.358725547790527
S166T,TP53,166,0,-3.1196858882904053,3.1196858882904053
C124W,TP53,124,0,-3.0656142234802246,3.0656142234802246
E62G,TP53,62,0,0.33347201347351074,-0.33347201347351074
D207E,TP53,207,0,-3.40936279296875,3.40936279296875
R622G,TSC1,622,0,-0.3150167465209961,0.3150167465209961
Q1752H,TSC2,1752,0,-1.4980478286743164,1.4980478286743164
V66A,VHL,66,0,-0.3541886806488037,0.3541886806488037
E6K,VHL,6,0,-0.4146883487701416,0.4146883487701416
L118V,VHL,118,0,0.05725383758544922,-0.05725383758544922
M211R,VHL,211,0,2.31219482421875,-2.31219482421875
T152S,VHL,152,0,0.0835270881652832,-0.0835270881652832
I109T,VHL,109,0,-0.8139998912811279,0.8139998912811279
H125N,VHL,125,0,-0.04008054733276367,0.04008054733276367
S11A,WT1,11,0,0.5054714679718018,-0.5054714679718018
L2753F,BRCA2,2753,0,-1.8513551950454712,1.8513551950454712
M751V,BRCA1,751,0,1.4288890361785889,-1.4288890361785889
L1605F,BRCA1,1605,0,-1.6198482513427734,1.6198482513427734
V3365I,BRCA2,3365,0,-0.048590660095214844,0.048590660095214844
N1288D,BRCA2,1288,0,-0.16301274299621582,0.16301274299621582
N560K,BRCA2,560,0,0.3303532600402832,-0.3303532600402832
I1945V,BRCA2,1945,0,-0.18090105056762695,0.18090105056762695
V2138I,BRCA2,2138,0,0.15642738342285156,-0.15642738342285156
G2529V,BRCA2,2529,0,0.3280763626098633,-0.3280763626098633
C3173F,BRCA2,3173,0,0.49102067947387695,-0.49102067947387695
A3235D,BRCA2,3235,0,-0.6896939277648926,0.6896939277648926
S496A,BRCA2,496,0,-1.3298821449279785,1.3298821449279785
P1128S,EGFR,1128,0,-0.33156299591064453,0.33156299591064453
V607I,EGFR,607,0,-0.13269853591918945,0.13269853591918945
K454R,EGFR,454,0,0.04677891731262207,-0.04677891731262207
S31T,ALK,31,0,-0.7124404907226562,0.7124404907226562
H1576Q,ALK,1576,0,0.275723934173584,-0.275723934173584
N1583T,ALK,1583,0,0.15970468521118164,-0.15970468521118164
A532V,ALK,532,0,-0.25655698776245117,0.25655698776245117
G432S,ALK,432,0,0.5734891891479492,-0.5734891891479492
D45E,KIT,45,0,1.5436314344406128,-1.5436314344406128
F68I,KIT,68,0,-0.12364721298217773,0.12364721298217773
D72G,KIT,72,0,1.5307910442352295,-1.5307910442352295
H708N,KIT,708,0,-1.777166485786438,1.777166485786438
N1520K,ALK,1520,0,0.858954668045044,-0.858954668045044
N593S,MET,593,0,0.23395371437072754,-0.23395371437072754
N257T,MET,257,0,-1.1772263050079346,1.1772263050079346
H150R,MET,150,0,0.7040615081787109,-0.7040615081787109
V136L,MET,136,0,0.02832794189453125,-0.02832794189453125
D1377N,MET,1377,0,-0.5741522312164307,0.5741522312164307
E49K,MET,49,0,-0.6460130214691162,0.6460130214691162
M849I,MET,849,0,1.8298358917236328,-1.8298358917236328
E168K,MET,168,0,-0.4715609550476074,0.4715609550476074
P485A,MET,485,0,-0.820549488067627,0.820549488067627
N67D,NF1,67,0,0.1055450439453125,-0.1055450439453125
A2441T,NF1,2441,1,-0.04079794883728027,0.04079794883728027
L81V,NF1,81,0,-0.5003676414489746,0.5003676414489746
N734S,NF1,734,0,0.9040093421936035,-0.9040093421936035
P1923L,APC,1923,0,-1.008345365524292,1.008345365524292
W308G,STK11,308,1,-15.267160415649414,15.267160415649414
C135S,TP53,135,1,-7.040105819702148,7.040105819702148
N246D,ATM,246,0,-0.36106014251708984,0.36106014251708984
L1504P,TSC2,1504,1,0.014876127243041992,-0.014876127243041992
Q549H,KIT,549,1,-6.006765842437744,6.006765842437744
M1625K,TSC2,1625,1,-3.633819103240967,3.633819103240967
K6I,PTEN,6,1,-12.69550609588623,12.69550609588623
A439V,BRCA1,439,0,0.26033639907836914,-0.26033639907836914
S694R,BRCA1,694,0,-1.3419053554534912,1.3419053554534912
C428R,WT1,428,1,-14.18566608428955,14.18566608428955
N198K,MYCN,198,0,-0.45854902267456055,0.45854902267456055
V917G,NF1,917,1,-1.2108826637268066,1.2108826637268066
D85N,RB1,85,0,-0.051935434341430664,0.051935434341430664
E204Q,RB1,204,0,2.007308006286621,-2.007308006286621
C659R,RET,659,0,1.0810000896453857,-1.0810000896453857
H246R,RET,246,0,1.8609731197357178,-1.8609731197357178
M255I,RET,255,0,0.08917236328125,-0.08917236328125
T451A,RET,451,0,0.5694375038146973,-0.5694375038146973
T460A,ATM,460,0,0.5668492317199707,-0.5668492317199707
L2984P,ATM,2984,0,-0.3021526336669922,0.3021526336669922
D176H,STK11,176,1,-13.419805526733398,13.419805526733398
E850Q,ATM,850,0,-0.9681656360626221,0.9681656360626221
D1969V,ATM,1969,0,-0.06264686584472656,0.06264686584472656
I1659L,ATM,1659,0,0.8065142631530762,-0.8065142631530762
H636Q,ATM,636,0,0.6268706321716309,-0.6268706321716309
T1485A,TSC2,1485,0,1.0532426834106445,-1.0532426834106445
E53K,VHL,53,0,-3.215675115585327,3.215675115585327
V66E,VHL,66,0,-0.6114733219146729,0.6114733219146729
E204D,VHL,204,0,-1.0059332847595215,1.0059332847595215
N141Y,VHL,141,0,-1.0843660831451416,1.0843660831451416
A83P,TP53,83,0,-1.3012456893920898,1.3012456893920898
S378T,TP53,378,0,-1.1418999433517456,1.1418999433517456
D21A,TP53,21,0,-2.768996000289917,2.768996000289917
E326D,TP53,326,0,-0.8352761268615723,0.8352761268615723
S240C,TP53,240,1,-7.168608665466309,7.168608665466309
G1543E,BRCA1,1543,0,0.8194093704223633,-0.8194093704223633
F952L,BRCA1,952,0,0.9607634544372559,-0.9607634544372559
L1276S,BRCA1,1276,0,0.9367741346359253,-0.9367741346359253
Q2870P,BRCA2,2870,0,-0.5960562229156494,0.5960562229156494
I2664F,BRCA2,2664,0,-0.18848133087158203,0.18848133087158203
D2983G,BRCA2,2983,0,-0.34543585777282715,0.34543585777282715
E984K,BRCA2,984,0,-0.5879706144332886,0.5879706144332886
D2492N,BRCA2,2492,0,0.32674169540405273,-0.32674169540405273
A1253T,BRCA2,1253,0,0.5705010890960693,-0.5705010890960693
T2542A,BRCA2,2542,0,0.011663198471069336,-0.011663198471069336
K3196N,BRCA2,3196,0,-0.5424163341522217,0.5424163341522217
T1185R,BRCA2,1185,0,-1.3164176940917969,1.3164176940917969
F3060V,BRCA2,3060,0,0.21865391731262207,-0.21865391731262207
Q2539E,BRCA2,2539,0,0.35748815536499023,-0.35748815536499023
D2489H,BRCA2,2489,0,-0.34530115127563477,0.34530115127563477
L3215H,BRCA2,3215,0,-1.3882827758789062,1.3882827758789062
K2551R,BRCA2,2551,0,-0.38727760314941406,0.38727760314941406
R2888S,BRCA2,2888,0,0.4541008472442627,-0.4541008472442627
P2883L,BRCA2,2883,0,0.5820887088775635,-0.5820887088775635
I1607N,BRCA2,1607,0,0.7127606868743896,-0.7127606868743896
Q3037L,BRCA2,3037,0,1.7586379051208496,-1.7586379051208496
N3348D,BRCA2,3348,0,-0.030232906341552734,0.030232906341552734
Q548K,BRCA2,548,0,0.7027592658996582,-0.7027592658996582
N1747S,BRCA2,1747,0,1.0599290132522583,-1.0599290132522583
K3032R,BRCA2,3032,0,-0.4528391361236572,0.4528391361236572
C1081S,BRCA2,1081,0,2.002254009246826,-2.002254009246826
L1357I,BRCA2,1357,0,-0.1793842315673828,0.1793842315673828
K410N,BRCA2,410,0,0.004907369613647461,-0.004907369613647461
P1171A,BRCA2,1171,0,0.19504404067993164,-0.19504404067993164
K1191N,BRCA2,1191,0,0.49488258361816406,-0.49488258361816406
H2548N,BRCA2,2548,0,0.9643473625183105,-0.9643473625183105
L2890R,BRCA2,2890,0,-1.2583211660385132,1.2583211660385132
V358A,BRCA2,358,0,-0.39890217781066895,0.39890217781066895
I3208V,BRCA2,3208,0,-0.15275239944458008,0.15275239944458008
N1473S,BRCA2,1473,0,0.04845142364501953,-0.04845142364501953
A325G,WT1,325,0,-0.2853524684906006,0.2853524684906006
A66G,WT1,66,0,0.7069844007492065,-0.7069844007492065
P9Q,WT1,9,0,-1.4844237565994263,1.4844237565994263
C721S,NF1,721,0,1.015521764755249,-1.015521764755249
T862S,NF1,862,0,0.9029296636581421,-0.9029296636581421
G1075S,EGFR,1075,0,1.601867914199829,-1.601867914199829
H590R,EGFR,590,0,-1.579125165939331,1.579125165939331
A24S,EGFR,24,0,-1.7381057739257812,1.7381057739257812
V1089A,EGFR,1089,0,0.42047595977783203,-0.42047595977783203
Q504E,EGFR,504,0,-0.3697226047515869,0.3697226047515869
A1470V,ALK,1470,0,-0.3054201602935791,0.3054201602935791
D525Y,ALK,525,0,-0.8594048023223877,0.8594048023223877
S1216R,ALK,1216,0,-3.854978561401367,3.854978561401367
G578S,ALK,578,0,0.6454458236694336,-0.6454458236694336
N400I,KIT,400,0,-4.378803730010986,4.378803730010986
A401S,KIT,401,0,-1.4619338512420654,1.4619338512420654
E855K,MET,855,0,0.04589033126831055,-0.04589033126831055
M1V,RET,1,1,-5.944998264312744,5.944998264312744
C124R,TP53,124,1,-7.757144927978516,7.757144927978516
I429V,BRCA1,429,0,0.14227032661437988,-0.14227032661437988
R1095T,ATM,1095,1,0.3988823890686035,-0.3988823890686035
C244Y,TP63,244,1,-13.38023567199707,13.38023567199707
K41E,STK11,41,1,-13.233848571777344,13.233848571777344
A862T,TSC2,862,0,-0.3940258026123047,0.3940258026123047
F904L,TSC2,904,0,0.7050607204437256,-0.7050607204437256
E2918D,BRCA2,2918,1,-0.32489776611328125,0.32489776611328125
Q695H,TSC2,695,0,-0.462627649307251,0.462627649307251
D361V,BRAF,361,1,-13.03990650177002,13.03990650177002
M1R,TP63,1,1,-5.329422950744629,5.329422950744629
Y46N,PTEN,46,1,-10.30962085723877,10.30962085723877
R391L,MYCN,391,1,-14.648600578308105,14.648600578308105
S2022A,BRCA2,2022,0,-1.1722807884216309,1.1722807884216309
S2219L,BRCA2,2219,0,-0.2776474952697754,0.2776474952697754
S3303R,BRCA2,3303,0,-0.5870194435119629,0.5870194435119629
K533N,TSC2,533,1,-0.12040138244628906,0.12040138244628906
V331I,KIT,331,0,-1.0916967391967773,1.0916967391967773
R55S,KIT,55,0,-1.0175868272781372,1.0175868272781372
S255N,MET,255,0,-3.600285053253174,3.600285053253174
D832N,MET,832,0,-0.5311594009399414,0.5311594009399414
I491M,MET,491,0,-1.1208736896514893,1.1208736896514893
S336N,MET,336,0,-0.6067627668380737,0.6067627668380737
L1915Q,NF1,1915,1,-2.971708059310913,2.971708059310913
P2477L,NF1,2477,0,0.19504857063293457,-0.19504857063293457
A927T,APC,927,0,0.3786928653717041,-0.3786928653717041
N361D,RET,361,0,-0.46657276153564453,0.46657276153564453
P354S,PTEN,354,0,-3.0122604370117188,3.0122604370117188
F1087C,RET,1087,0,-0.6821146011352539,0.6821146011352539
A432S,RET,432,0,0.3361790180206299,-0.3361790180206299
K66R,ATM,66,0,-0.4361996650695801,0.4361996650695801
K2639Q,ATM,2639,1,-0.35077667236328125,0.35077667236328125
F858S,ATM,858,0,1.4079108238220215,-1.4079108238220215
S2329N,ATM,2329,0,-0.7836489677429199,0.7836489677429199
K388Q,ATM,388,0,-0.33866119384765625,0.33866119384765625
S1981N,ATM,1981,0,-0.7161452770233154,0.7161452770233154
S421G,STK11,421,0,-0.06899166107177734,0.06899166107177734
W308R,STK11,308,1,-14.593154907226562,14.593154907226562
P367S,TSC1,367,0,-0.02783799171447754,0.02783799171447754
I1131T,TSC1,1131,0,0.9742486476898193,-0.9742486476898193
L350R,TP53,350,0,-3.4441235065460205,3.4441235065460205
N239K,TP53,239,1,-4.669895172119141,4.669895172119141
S95T,TP53,95,0,-1.081375241279602,1.081375241279602
I332L,TP53,332,0,-3.0386343002319336,3.0386343002319336
A79V,TP53,79,0,-2.530174493789673,2.530174493789673
T157A,VHL,157,0,-0.10931801795959473,0.10931801795959473
E53D,VHL,53,0,-0.986314058303833,0.986314058303833
R69H,VHL,69,0,-1.0307776927947998,1.0307776927947998
S140R,CDKN2A,140,0,0.4753844738006592,-0.4753844738006592
D1420G,BRCA2,1420,0,-0.931847333908081,0.931847333908081
Q3394H,BRCA2,3394,0,-1.0825040340423584,1.0825040340423584
I1556T,BRCA2,1556,0,-0.2126774787902832,0.2126774787902832
T680A,BRCA2,680,0,-0.44632387161254883,0.44632387161254883
E3258K,BRCA2,3258,0,0.24134230613708496,-0.24134230613708496
K1281N,BRCA2,1281,0,-0.21166276931762695,0.21166276931762695
E2635D,BRCA2,2635,0,-0.1150209903717041,0.1150209903717041
G3141R,BRCA2,3141,0,0.9644465446472168,-0.9644465446472168
I505L,BRCA2,505,0,0.427814245223999,-0.427814245223999
M1272R,BRCA2,1272,0,0.2670135498046875,-0.2670135498046875
E1407Q,BRCA2,1407,0,-0.8756506443023682,0.8756506443023682
E2475K,BRCA2,2475,0,-0.058355093002319336,0.058355093002319336
K3019N,BRCA2,3019,0,-0.24302101135253906,0.24302101135253906
N2931T,BRCA2,2931,0,0.29374265670776367,-0.29374265670776367
S2782R,BRCA2,2782,0,-0.7572681903839111,0.7572681903839111
E362D,BRCA1,362,0,-0.8198208808898926,0.8198208808898926
L574S,BRCA2,574,0,0.2553555965423584,-0.2553555965423584
S942L,BRCA2,942,0,-0.5383195877075195,0.5383195877075195
K457T,BRCA2,457,0,-0.2674977779388428,0.2674977779388428
V494L,BRCA2,494,0,0.3131387233734131,-0.3131387233734131
E2981V,BRCA2,2981,0,-1.533370018005371,1.533370018005371
N1935I,BRCA2,1935,0,-0.45411062240600586,0.45411062240600586
N289K,BRCA2,289,0,0.5170340538024902,-0.5170340538024902
Q1089E,BRCA2,1089,0,0.9428125619888306,-0.9428125619888306
L443V,EGFR,443,0,-2.7221126556396484,2.7221126556396484
A155V,EGFR,155,0,-1.4019300937652588,1.4019300937652588
E27D,EGFR,27,0,-0.3847682476043701,0.3847682476043701
Y813H,EGFR,813,0,-4.084262847900391,4.084262847900391
A7T,EGFR,7,0,-2.2164294719696045,2.2164294719696045
A1000V,EGFR,1000,0,-2.5346484184265137,2.5346484184265137
R494K,EGFR,494,0,-0.4814164638519287,0.4814164638519287
R414G,EGFR,414,0,-1.2797036170959473,1.2797036170959473
P85A,ALK,85,0,0.5991380214691162,-0.5991380214691162
E1016D,ALK,1016,0,-1.1794726848602295,1.1794726848602295
E310A,ALK,310,0,0.018007278442382812,-0.018007278442382812
A1452V,ALK,1452,0,-0.7027697563171387,0.7027697563171387
R120K,VHL,120,1,-1.1215968132019043,1.1215968132019043
N131H,TP53,131,1,-4.389026165008545,4.389026165008545
Y598N,TSC2,598,1,-0.49823665618896484,0.49823665618896484
R1095I,ATM,1095,1,0.4588031768798828,-0.4588031768798828
T1547A,ALK,1547,0,0.7662694454193115,-0.7662694454193115
P1675S,TSC2,1675,1,-0.23762726783752441,0.23762726783752441
K93N,ATM,93,0,-0.744680643081665,0.744680643081665
D92N,PTEN,92,1,-10.356283187866211,10.356283187866211
W195L,RB1,195,1,-5.554883003234863,5.554883003234863
I808M,KIT,808,1,-9.054378509521484,9.054378509521484
Y174D,PTEN,174,1,-17.568044662475586,17.568044662475586
D362H,BRCA2,362,0,-0.6060395240783691,0.6060395240783691
A1611T,BRCA1,1611,0,0.2653839588165283,-0.2653839588165283
N1519S,BRCA1,1519,0,0.47675085067749023,-0.47675085067749023
T2713A,BRCA2,2713,0,-0.34303855895996094,0.34303855895996094
S3218A,BRCA2,3218,0,-0.8101162910461426,0.8101162910461426
I76M,TSC1,76,0,-0.1129300594329834,0.1129300594329834
V240L,RET,240,0,0.19087862968444824,-0.19087862968444824
S404C,STK11,404,0,-1.3444373607635498,1.3444373607635498
I422V,RET,422,0,1.1042139530181885,-1.1042139530181885
T105R,VHL,105,0,-0.04236650466918945,0.04236650466918945
L158R,VHL,158,1,-0.4684028625488281,0.4684028625488281
L116I,VHL,116,0,-0.7545435428619385,0.7545435428619385
M1300L,TSC2,1300,0,1.5772602558135986,-1.5772602558135986
T1100R,ATM,1100,0,-0.06971073150634766,0.06971073150634766
A1110P,ATM,1110,0,-0.6801671981811523,0.6801671981811523
N429T,ATM,429,0,0.18518877029418945,-0.18518877029418945
L906F,ATM,906,0,-0.6467499732971191,0.6467499732971191
K196E,ATM,196,0,0.33483123779296875,-0.33483123779296875
K1625N,ATM,1625,0,-1.6337480545043945,1.6337480545043945
E1894D,ATM,1894,0,-0.574932336807251,0.574932336807251
A1426G,ATM,1426,0,-1.3563451766967773,1.3563451766967773
E518D,ATM,518,0,-0.27797985076904297,0.27797985076904297
N2470I,NF1,2470,0,-0.7403676509857178,0.7403676509857178
T878S,ATM,878,0,0.8668190240859985,-0.8668190240859985
T417N,ATM,417,0,-0.4168827533721924,0.4168827533721924
H46Y,ATM,46,0,0.5986964702606201,-0.5986964702606201
E1553K,ATM,1553,0,-0.0034699440002441406,0.0034699440002441406
F172L,ATM,172,0,0.8791811466217041,-0.8791811466217041
V2531A,BRCA2,2531,0,-0.17572999000549316,0.17572999000549316
E1780G,BRCA2,1780,0,-1.1413307189941406,1.1413307189941406
I383V,BRCA2,383,0,-0.14705896377563477,0.14705896377563477
A3140S,BRCA2,3140,0,0.7595956325531006,-0.7595956325531006
A3186E,BRCA2,3186,0,0.6416149139404297,-0.6416149139404297
T3413A,BRCA2,3413,0,-0.7532150745391846,0.7532150745391846
W2586C,BRCA2,2586,0,0.5588324069976807,-0.5588324069976807
L2480I,BRCA2,2480,0,-0.6088075637817383,0.6088075637817383
F2794L,BRCA2,2794,0,0.6940093040466309,-0.6940093040466309
P2804A,BRCA2,2804,0,-0.8106894493103027,0.8106894493103027
V2820A,BRCA2,2820,0,-1.1971089839935303,1.1971089839935303
A573T,BRCA2,573,0,0.3306882381439209,-0.3306882381439209
E2856G,BRCA2,2856,0,-2.3279545307159424,2.3279545307159424
P814S,BRCA2,814,0,1.160130500793457,-1.160130500793457
G49A,WT1,49,0,-0.2704704999923706,0.2704704999923706
A204G,WT1,204,0,-1.0104398727416992,1.0104398727416992
C29F,WT1,29,0,-0.08495521545410156,0.08495521545410156
M515V,WT1,515,0,-4.729341983795166,4.729341983795166
H318Q,BRCA1,318,0,1.2125635147094727,-1.2125635147094727
E880K,BRCA1,880,0,0.30281853675842285,-0.30281853675842285
E2850A,BRCA2,2850,0,-0.08130216598510742,0.08130216598510742
L2996S,BRCA2,2996,0,-0.5394530296325684,0.5394530296325684
L2614H,BRCA2,2614,0,-0.5702273845672607,0.5702273845672607
H1467L,BRCA2,1467,0,1.2976746559143066,-1.2976746559143066
N2910S,BRCA2,2910,0,0.1931624412536621,-0.1931624412536621
F2921I,BRCA2,2921,0,0.41782212257385254,-0.41782212257385254
V159M,EGFR,159,0,-1.7289072275161743,1.7289072275161743
G185S,EGFR,185,0,1.001739740371704,-1.001739740371704
S530N,EGFR,530,0,-3.3448355197906494,3.3448355197906494
S943I,KIT,943,0,-1.7891632318496704,1.7891632318496704
W112R,MET,112,0,1.9858880043029785,-1.9858880043029785
N139S,EGFR,139,0,-1.816141963005066,1.816141963005066
P325S,MET,325,0,-1.2070491313934326,1.2070491313934326
L939F,KIT,939,0,-1.0379867553710938,1.0379867553710938
H394R,MET,394,0,0.5850718021392822,-0.5850718021392822
D372Y,MET,372,0,-2.064746856689453,2.064746856689453
K479N,EGFR,479,0,-0.49625349044799805,0.49625349044799805
V1097F,EGFR,1097,0,-0.5864043235778809,0.5864043235778809
E228V,KIT,228,0,-1.6076936721801758,1.6076936721801758
Q788R,ALK,788,0,0.20858049392700195,-0.20858049392700195
S1462P,ALK,1462,0,0.9336588382720947,-0.9336588382720947
E1568D,ALK,1568,0,-0.1370854377746582,0.1370854377746582
G26A,ALK,26,0,-0.24092888832092285,0.24092888832092285
S358P,ALK,358,0,-0.1626049280166626,0.1626049280166626
A121S,PTEN,121,1,-7.070925235748291,7.070925235748291
A509V,ALK,509,0,-0.4483346939086914,0.4483346939086914
G300V,TSC2,300,1,-0.1478266716003418,0.1478266716003418
L618P,TSC2,618,1,-3.5525519847869873,3.5525519847869873
N235H,BRCA2,235,0,-0.8758821487426758,0.8758821487426758
P529A,BRCA1,529,0,0.21990180015563965,-0.21990180015563965
Q2829H,BRCA2,2829,1,-0.04726409912109375,0.04726409912109375
W896C,TSC2,896,0,1.3785896301269531,-1.3785896301269531
L273P,NF1,273,1,-1.2435917854309082,1.2435917854309082
L2133V,NF1,2133,1,-1.2663094997406006,1.2663094997406006
S1498I,TSC2,1498,1,-1.5681195259094238,1.5681195259094238
D372E,MET,372,0,0.1666651964187622,-0.1666651964187622
R2909T,ATM,2909,1,-9.479537010192871,9.479537010192871
G601R,KIT,601,1,-10.38072395324707,10.38072395324707
I32S,PTEN,32,1,-12.656858444213867,12.656858444213867
R1533I,NF1,1533,1,-0.12498617172241211,0.12498617172241211
E287G,TP53,287,0,-5.922736167907715,5.922736167907715
N909D,BRCA1,909,0,-0.5498337745666504,0.5498337745666504
P75S,TP53,75,0,-2.6967833042144775,2.6967833042144775
C1755Y,TSC2,1755,0,0.8710484504699707,-0.8710484504699707
E1167K,TSC2,1167,0,0.4390556812286377,-0.4390556812286377
S625P,TSC2,625,0,-1.2465357780456543,1.2465357780456543
F76V,VHL,76,1,0.5653154850006104,-0.5653154850006104
R176W,VHL,176,1,-2.409733295440674,2.409733295440674
Y156S,VHL,156,1,1.645040512084961,-1.645040512084961
G171C,WT1,171,1,-6.547399520874023,6.547399520874023
S1403N,APC,1403,1,-2.3418166637420654,2.3418166637420654
V1078M,TSC1,1078,0,-0.884315013885498,0.884315013885498
P245S,TP63,245,1,-6.548592567443848,6.548592567443848
K102Q,ATM,102,0,-0.33489274978637695,0.33489274978637695
I117N,NF1,117,1,-4.510828018188477,4.510828018188477
T1191P,NF1,1191,1,-0.20636224746704102,0.20636224746704102
M1R,TSC2,1,1,-6.218589782714844,6.218589782714844
H385Y,TSC2,385,0,1.0664339065551758,-1.0664339065551758
D731H,TSC2,731,0,-0.7757072448730469,0.7757072448730469
D926N,TSC2,926,0,-0.8351612091064453,0.8351612091064453
H61Y,PTEN,61,1,-8.215656280517578,8.215656280517578
D502Y,WT1,502,1,-14.644330978393555,14.644330978393555
F90L,PTEN,90,1,-11.285066604614258,11.285066604614258
H1620P,TSC2,1620,1,-8.587212562561035,8.587212562561035
L2688H,BRCA2,2688,1,-3.3335437774658203,3.3335437774658203
G1494S,TSC2,1494,1,0.7248618602752686,-0.7248618602752686
I463L,BRAF,463,1,-12.24699878692627,12.24699878692627
C572R,TSC1,572,0,1.998443603515625,-1.998443603515625
Q648L,MET,648,0,0.2756776809692383,-0.2756776809692383
I154L,MET,154,0,0.07668161392211914,-0.07668161392211914
P41Q,WT1,41,0,-1.5392541885375977,1.5392541885375977
G1065R,ATM,1065,0,-0.39531922340393066,0.39531922340393066
E2596V,ATM,2596,1,-0.22525262832641602,0.22525262832641602
M1040I,ATM,1040,0,0.5982527732849121,-0.5982527732849121
E834D,ATM,834,0,-0.23432159423828125,0.23432159423828125
S1635F,ATM,1635,0,0.9832210540771484,-0.9832210540771484
A274G,RET,274,0,-0.7161755561828613,0.7161755561828613
V242A,RET,242,0,-0.5647678375244141,0.5647678375244141
T509P,TSC2,509,1,-2.1409313678741455,2.1409313678741455
L688R,RB1,688,1,-11.402018547058105,11.402018547058105
A22T,RB1,22,0,-1.0766091346740723,1.0766091346740723
L299V,TP53,299,0,-0.8161613941192627,0.8161613941192627
Q99E,MET,99,0,0.6392338275909424,-0.6392338275909424
G110V,MET,110,0,0.41432785987854004,-0.41432785987854004
P1137A,MET,1137,0,-2.5083870887756348,2.5083870887756348
V110M,WT1,110,0,-1.8079354763031006,1.8079354763031006
E70K,WT1,70,0,-1.1791088581085205,1.1791088581085205
I1256V,ATM,1256,0,-0.15666556358337402,0.15666556358337402
E739G,ATM,739,0,-0.9618005752563477,0.9618005752563477
N1356K,ATM,1356,0,0.016103506088256836,-0.016103506088256836
R1205G,ATM,1205,0,0.4350318908691406,-0.4350318908691406
A1427V,ATM,1427,0,0.35807299613952637,-0.35807299613952637
T548N,ATM,548,0,0.1397686004638672,-0.1397686004638672
N1045S,RET,1045,0,1.0396451950073242,-1.0396451950073242
H125Q,VHL,125,0,0.3889753818511963,-0.3889753818511963
N119K,STK11,119,0,-12.114109992980957,12.114109992980957
D1728G,BRCA2,1728,0,-0.25981688499450684,0.25981688499450684
K2498R,BRCA2,2498,0,-0.06443119049072266,0.06443119049072266
A3121V,BRCA2,3121,0,0.2064352035522461,-0.2064352035522461
A1453V,ALK,1453,0,-0.5527060031890869,0.5527060031890869
Y178N,PTEN,178,1,-12.51445484161377,12.51445484161377
D326H,PTEN,326,1,-10.336795806884766,10.336795806884766
A188S,RB1,188,0,1.0835652351379395,-1.0835652351379395
L369M,TP53,369,0,-1.5404629707336426,1.5404629707336426
R521G,EGFR,521,0,0.8776636123657227,-0.8776636123657227
D984N,EGFR,984,0,-3.3570215702056885,3.3570215702056885
A1040T,EGFR,1040,0,0.7150447368621826,-0.7150447368621826
M784L,BRCA2,784,0,1.6264355182647705,-1.6264355182647705
Q1934K,BRCA2,1934,0,0.7673296928405762,-0.7673296928405762
G2584V,BRCA2,2584,1,-1.314864993095398,1.314864993095398
I3120V,BRCA2,3120,0,0.27088093757629395,-0.27088093757629395
Q2530P,BRCA2,2530,0,0.4795212745666504,-0.4795212745666504
S3016Y,BRCA2,3016,0,-0.27283191680908203,0.27283191680908203
P92S,TP53,92,0,0.8516098260879517,-0.8516098260879517
Y220F,TP53,220,0,-3.597691059112549,3.597691059112549
L1260F,BRCA2,1260,0,-0.6965184211730957,0.6965184211730957
G614D,EGFR,614,0,1.5309548377990723,-1.5309548377990723
D179E,EGFR,179,0,-0.4950714111328125,0.4950714111328125
I1047T,BRCA2,1047,0,1.2399978637695312,-1.2399978637695312
V2503L,BRCA2,2503,0,0.5441534519195557,-0.5441534519195557
D3261E,BRCA2,3261,0,0.5486354827880859,-0.5486354827880859
S1558T,BRCA2,1558,0,-0.6433277130126953,0.6433277130126953
S2697R,BRCA2,2697,0,-0.39986729621887207,0.39986729621887207
Q1408E,BRCA2,1408,0,0.7256028652191162,-0.7256028652191162
K1406R,BRCA2,1406,0,-1.3753111362457275,1.3753111362457275
M524L,BRCA2,524,0,1.9082872867584229,-1.9082872867584229
S3397C,BRCA2,3397,0,-1.8643851280212402,1.8643851280212402
L2885V,BRCA2,2885,0,-0.1859443187713623,0.1859443187713623
P387R,STK11,387,0,0.7011010646820068,-0.7011010646820068
G834R,BRCA1,834,0,-0.3627336025238037,0.3627336025238037
P1551S,ALK,1551,0,-0.3312263488769531,0.3312263488769531
G667W,ALK,667,0,-1.1255161762237549,1.1255161762237549
R84T,ALK,84,0,-0.558971643447876,0.558971643447876
W15G,CDKN2A,15,0,3.200366497039795,-3.200366497039795
C124F,PTEN,124,1,-12.31398868560791,12.31398868560791
P210L,MET,210,0,-1.0845513343811035,1.0845513343811035
M636L,MET,636,0,1.4692130088806152,-1.4692130088806152
M2806L,ATM,2806,0,0.8091974258422852,-0.8091974258422852
D1007N,ATM,1007,0,-0.13849973678588867,0.13849973678588867
R23G,EGFR,23,0,-0.34309685230255127,0.34309685230255127
P2886L,BRCA2,2886,0,0.46647167205810547,-0.46647167205810547
S3241P,BRCA2,3241,0,-0.9657273292541504,0.9657273292541504
L639S,BRCA2,639,0,0.1382913589477539,-0.1382913589477539
V545I,BRCA2,545,0,-0.3358497619628906,0.3358497619628906
E954D,BRCA2,954,0,-0.5473668575286865,0.5473668575286865
G276A,STK11,276,0,0.1468820571899414,-0.1468820571899414
R144S,CDKN2A,144,0,-0.16293716430664062,0.16293716430664062
I17N,TSC2,17,0,2.495344638824463,-2.495344638824463
P832L,BRCA1,832,0,0.28362250328063965,-0.28362250328063965
V323I,WT1,323,0,-1.9539203643798828,1.9539203643798828
Y1300S,ATM,1300,0,1.5104589462280273,-1.5104589462280273
E2979A,ATM,2979,0,-0.21887660026550293,0.21887660026550293
Q584K,ATM,584,0,-0.1837921142578125,0.1837921142578125
G825S,RET,825,0,0.48602867126464844,-0.48602867126464844
S1279R,NF1,1279,1,-0.6051075458526611,0.6051075458526611
K1251M,TSC2,1251,1,-2.6943020820617676,2.6943020820617676
M1461I,NF1,1461,1,-0.9550217390060425,0.9550217390060425
A1610I,NF1,1610,1,-1.2816991806030273,1.2816991806030273
