variant_id,target_gene,position,label,llr,score
K1444E,NF1,1444,1,0.4013504981994629,-0.4013504981994629
L2164M,NF1,2164,1,-1.8030624389648438,1.8030624389648438
Y2192N,NF1,2192,1,0.7327861785888672,-0.7327861785888672
R1412S,NF1,1412,1,0.3267099857330322,-0.3267099857330322
R1276P,NF1,1276,1,-0.11842489242553711,0.11842489242553711
Y489C,NF1,489,1,0.22703790664672852,-0.22703790664672852
L508P,NF1,508,1,-1.1021411418914795,1.1021411418914795
L316M,NF1,316,1,-1.6709675788879395,1.6709675788879395
L357P,NF1,357,1,-1.563267707824707,1.563267707824707
L1243P,NF1,1243,1,-1.7374279499053955,1.7374279499053955
L844R,NF1,844,1,-1.936923623085022,1.936923623085022
R414C,APC,414,0,0.22423648834228516,-0.22423648834228516
S1395C,APC,1395,1,-3.472322702407837,3.472322702407837
E1317Q,APC,1317,0,-0.5496647357940674,0.5496647357940674
R167Q,VHL,167,1,-0.3807709217071533,0.3807709217071533
R167W,VHL,167,1,-2.6018009185791016,2.6018009185791016
R167G,VHL,167,1,-0.9362587928771973,0.9362587928771973
W88S,VHL,88,1,0.5536215305328369,-0.5536215305328369
L135F,VHL,135,1,-0.08860969543457031,0.08860969543457031
Y112H,VHL,112,1,-0.5128805637359619,0.5128805637359619
Y98H,VHL,98,1,-0.07464957237243652,0.07464957237243652
V166F,VHL,166,1,-0.7163863182067871,0.7163863182067871
R64P,VHL,64,1,0.19204998016357422,-0.19204998016357422
Y112N,VHL,112,1,-0.8178486824035645,0.8178486824035645
V130L,VHL,130,1,0.0411989688873291,-0.0411989688873291
D126Y,VHL,126,1,-0.05058550834655762,0.05058550834655762
L163P,VHL,163,1,-1.484558343887329,1.484558343887329
P81S,VHL,81,0,0.3193521499633789,-0.3193521499633789
H191D,VHL,191,1,1.236345648765564,-1.236345648765564
V84L,VHL,84,1,0.3376576900482178,-0.3376576900482178
G93S,VHL,93,1,-1.060329556465149,1.060329556465149
Q164R,VHL,164,1,0.1598203182220459,-0.1598203182220459
F2827C,ATM,2827,1,-2.1136889457702637,2.1136889457702637
V2424G,ATM,2424,1,-0.8643708229064941,0.8643708229064941
M1040V,ATM,1040,0,0.9601917266845703,-0.9601917266845703
L2656P,ATM,2656,1,-1.1137197017669678,1.1137197017669678
Y2677C,ATM,2677,1,-0.8938863277435303,0.8938863277435303
S49C,ATM,49,0,-1.9397201538085938,1.9397201538085938
R467W,WT1,467,1,-15.57355785369873,15.57355785369873
R439H,WT1,439,1,-11.474928855895996,11.474928855895996
D469G,WT1,469,1,-14.512469291687012,14.512469291687012
D469N,WT1,469,1,-15.780695915222168,15.780695915222168
R467P,WT1,467,1,-17.96739387512207,17.96739387512207
C403Y,WT1,403,1,-15.364295959472656,15.364295959472656
H450Y,WT1,450,1,-12.632553100585938,12.632553100585938
C433G,WT1,433,1,-15.855949401855469,15.855949401855469
H446Q,WT1,446,1,-13.247222900390625,13.247222900390625
S346G,WT1,346,1,-2.832240104675293,2.832240104675293
F456L,WT1,456,1,-17.46795082092285,17.46795082092285
F465L,WT1,465,1,-17.812780380249023,17.812780380249023
R439C,WT1,439,1,-14.162450790405273,14.162450790405273
K587R,TSC1,587,0,0.3679990768432617,-0.3679990768432617
M224R,TSC1,224,1,-1.489243984222412,1.489243984222412
L180P,TSC1,180,1,-2.193240165710449,2.193240165710449
R243W,TP63,243,1,-12.472017288208008,12.472017288208008
R243Q,TP63,243,1,-12.38454818725586,12.38454818725586
C345R,TP63,345,1,-18.07682228088379,18.07682228088379
K233E,TP63,233,1,-15.442606925964355,15.442606925964355
R319C,TP63,319,1,-12.469231605529785,12.469231605529785
R318H,TP63,318,1,-14.342555046081543,14.342555046081543
R343Q,TP63,343,1,-13.567256927490234,13.567256927490234
L553F,TP63,553,1,-8.000436782836914,8.000436782836914
C561G,TP63,561,1,-9.913177490234375,9.913177490234375
R337Q,TP63,337,1,-14.682409286499023,14.682409286499023
D351G,TP63,351,1,-12.000091552734375,12.000091552734375
I549T,TP63,549,1,-8.628961563110352,8.628961563110352
S580P,TP63,580,1,-8.543818473815918,8.543818473815918
R337G,TP63,337,1,-14.47214126586914,14.47214126586914
R266Q,TP63,266,1,-11.260554313659668,11.260554313659668
L67P,STK11,67,1,-12.286365509033203,12.286365509033203
G163D,STK11,163,1,-12.726831436157227,12.726831436157227
D194Y,STK11,194,1,-14.889924049377441,14.889924049377441
Y49D,STK11,49,1,-19.281517028808594,19.281517028808594
G135R,STK11,135,1,-5.945984840393066,5.945984840393066
W239C,STK11,239,1,-12.204607963562012,12.204607963562012
F354L,STK11,354,0,-5.332866668701172,5.332866668701172
G129E,PTEN,129,1,-12.926258087158203,12.926258087158203
S170R,PTEN,170,1,-16.332979202270508,16.332979202270508
H123R,PTEN,123,1,-16.76583480834961,16.76583480834961
C124R,PTEN,124,1,-12.573835372924805,12.573835372924805
M35R,PTEN,35,1,-17.165874481201172,17.165874481201172
L70P,PTEN,70,1,-12.043971061706543,12.043971061706543
R130Q,PTEN,130,1,-10.022855758666992,10.022855758666992
L112P,PTEN,112,1,-10.385760307312012,10.385760307312012
H61D,PTEN,61,1,-12.638802528381348,12.638802528381348
H93R,PTEN,93,1,-13.43883228302002,13.43883228302002
D252G,PTEN,252,1,-10.462137222290039,10.462137222290039
F241S,PTEN,241,1,-12.258269309997559,12.258269309997559
G132V,PTEN,132,1,-12.776775360107422,12.776775360107422
A938P,BRCA2,938,1,-0.13751840591430664,0.13751840591430664
N372H,BRCA2,372,0,-0.8048691749572754,0.8048691749572754
T2722R,BRCA2,2722,1,-4.287476539611816,4.287476539611816
L2510P,BRCA2,2510,1,-0.29221296310424805,0.29221296310424805
G101W,CDKN2A,101,1,-9.371232986450195,9.371232986450195
M53I,CDKN2A,53,1,0.32138538360595703,-0.32138538360595703
R24P,CDKN2A,24,1,-4.935649871826172,4.935649871826172
V126D,CDKN2A,126,1,-6.758214473724365,6.758214473724365
V59G,CDKN2A,59,1,-3.418180465698242,3.418180465698242
S56I,CDKN2A,56,1,-5.366244792938232,5.366244792938232
G89D,CDKN2A,89,1,-5.9326910972595215,5.9326910972595215
R248W,TP53,248,1,-12.667248725891113,12.667248725891113
E258K,TP53,258,1,-11.127378463745117,11.127378463745117
G245C,TP53,245,1,-10.523370742797852,10.523370742797852
P72R,TP53,72,0,-2.7435922622680664,2.7435922622680664
R249S,TP53,249,1,-14.348326683044434,14.348326683044434
V157F,TP53,157,1,-7.141085624694824,7.141085624694824
C242Y,TP53,242,1,-12.261919975280762,12.261919975280762
G245D,TP53,245,1,-10.396160125732422,10.396160125732422
R248Q,TP53,248,1,-12.659104347229004,12.659104347229004
M133T,TP53,133,1,-5.114251136779785,5.114251136779785
V272L,TP53,272,1,-7.869476795196533,7.869476795196533
S241F,TP53,241,1,-10.652715682983398,10.652715682983398
R282W,TP53,282,1,-8.988903045654297,8.988903045654297
G245S,TP53,245,1,-7.941954612731934,7.941954612731934
R273H,TP53,273,1,-8.704383850097656,8.704383850097656
R280T,TP53,280,1,-13.406705856323242,13.406705856323242
P151T,TP53,151,1,-6.818121910095215,6.818121910095215
P151S,TP53,151,1,-6.375645637512207,6.375645637512207
R175H,TP53,175,1,-10.728158950805664,10.728158950805664
L344P,TP53,344,1,-11.645020484924316,11.645020484924316
A138P,TP53,138,1,-8.071775436401367,8.071775436401367
R337H,TP53,337,1,-6.140398979187012,6.140398979187012
Y220S,TP53,220,1,-10.614496231079102,10.614496231079102
E285V,TP53,285,1,-8.909867286682129,8.909867286682129
P1675L,TSC2,1675,1,-1.4313430786132812,1.4313430786132812
R611Q,TSC2,611,1,-1.3756129741668701,1.3756129741668701
L717R,TSC2,717,1,-2.8967325687408447,2.8967325687408447
Q1503P,TSC2,1503,1,0.1958916187286377,-0.1958916187286377
R905Q,TSC2,905,1,-0.21392560005187988,0.21392560005187988
R905W,TSC2,905,1,-1.116337537765503,1.116337537765503
R905G,TSC2,905,1,-0.3883988857269287,0.3883988857269287
G12V,HRAS,12,1,-10.730813980102539,10.730813980102539
Q61K,HRAS,61,1,-14.888105392456055,14.888105392456055
G12S,HRAS,12,1,-10.671378135681152,10.671378135681152
G12A,HRAS,12,1,-8.106091499328613,8.106091499328613
G13D,HRAS,13,1,-12.292861938476562,12.292861938476562
K117R,HRAS,117,1,-10.8475341796875,10.8475341796875
G13C,HRAS,13,1,-11.103639602661133,11.103639602661133
A146T,HRAS,146,1,-11.504003524780273,11.504003524780273
E63K,HRAS,63,1,-12.862346649169922,12.862346649169922
Q22K,HRAS,22,1,-9.231866836547852,9.231866836547852
T58I,HRAS,58,1,-12.363130569458008,12.363130569458008
A146V,HRAS,146,1,-11.96610164642334,11.96610164642334
G12D,HRAS,12,1,-11.036280632019043,11.036280632019043
G12C,HRAS,12,1,-11.283811569213867,11.283811569213867
S567L,RB1,567,1,-8.331000328063965,8.331000328063965
R661W,RB1,661,1,-11.305586814880371,11.305586814880371
C712R,RB1,712,1,-11.742012977600098,11.742012977600098
G664R,KIT,664,1,-7.862564563751221,7.862564563751221
E583K,KIT,583,1,-10.315608978271484,10.315608978271484
V559D,KIT,559,1,-13.288158416748047,13.288158416748047
R796G,KIT,796,1,-17.060131072998047,17.060131072998047
T847P,KIT,847,1,-10.84907341003418,10.84907341003418
E839K,KIT,839,1,-10.578514099121094,10.578514099121094
D816H,KIT,816,1,-12.809120178222656,12.809120178222656
F584C,KIT,584,1,-9.246923446655273,9.246923446655273
V559A,KIT,559,1,-7.639410972595215,7.639410972595215
K642E,KIT,642,1,-10.224810600280762,10.224810600280762
I655V,ERBB2,655,0,-0.39480823278427124,0.39480823278427124
I654V,ERBB2,654,0,-0.044184207916259766,0.044184207916259766
L755P,ERBB2,755,1,-11.550905227661133,11.550905227661133
E914K,ERBB2,914,1,-12.959610939025879,12.959610939025879
G776S,ERBB2,776,1,1.8393940925598145,-1.8393940925598145
N857S,ERBB2,857,1,-2.9278979301452637,2.9278979301452637
M1131T,MET,1131,1,-7.999090194702148,7.999090194702148
V1188L,MET,1188,1,-5.689448356628418,5.689448356628418
V1220I,MET,1220,1,1.352391242980957,-1.352391242980957
D1228N,MET,1228,1,-2.2028188705444336,2.2028188705444336
H1094R,MET,1094,1,2.143566131591797,-2.143566131591797
M1250I,MET,1250,1,-4.665297508239746,4.665297508239746
K1244R,MET,1244,1,-0.5107808709144592,0.5107808709144592
R393H,MYCN,393,1,-12.995291709899902,12.995291709899902
R393S,MYCN,393,1,-14.947486877441406,14.947486877441406
R394H,MYCN,394,1,-12.79965877532959,12.79965877532959
C618G,RET,618,1,-0.7214663028717041,0.7214663028717041
C634G,RET,634,1,1.7549076080322266,-1.7549076080322266
C634Y,RET,634,1,1.463669776916504,-1.463669776916504
C634S,RET,634,1,3.32205867767334,-3.32205867767334
C634F,RET,634,1,0.7103924751281738,-0.7103924751281738
C611W,RET,611,1,-2.2068262100219727,2.2068262100219727
C618S,RET,618,1,-0.7582864761352539,0.7582864761352539
C620R,RET,620,1,-1.5154014825820923,1.5154014825820923
C620Y,RET,620,1,-1.8658567667007446,1.8658567667007446
C634R,RET,634,1,2.566366672515869,-2.566366672515869
C634W,RET,634,1,1.6754755973815918,-1.6754755973815918
M918T,RET,918,1,-7.404592037200928,7.404592037200928
R972G,RET,972,1,-7.0643510818481445,7.0643510818481445
S32L,RET,32,1,-0.5916337966918945,0.5916337966918945
C620F,RET,620,1,-1.7429898977279663,1.7429898977279663
C618R,RET,618,1,-0.7303886413574219,0.7303886413574219
E768D,RET,768,1,-2.4257240295410156,2.4257240295410156
C609Y,RET,609,1,-0.7381913661956787,0.7381913661956787
C620W,RET,620,1,-2.313967704772949,2.313967704772949
L790F,RET,790,1,-0.3301119804382324,0.3301119804382324
A640G,RET,640,1,-0.6814427375793457,0.6814427375793457
C620S,RET,620,1,-1.320724368095398,1.320724368095398
C609R,RET,609,1,-0.17147445678710938,0.17147445678710938
V804M,RET,804,1,-3.0204854011535645,3.0204854011535645
V804L,RET,804,1,-2.7637405395507812,2.7637405395507812
R114H,RET,114,0,-1.3686842918395996,1.3686842918395996
G533C,RET,533,1,-0.9158514738082886,0.9158514738082886
S891A,RET,891,1,1.7622942924499512,-1.7622942924499512
R462I,BRAF,462,1,-12.899605751037598,12.899605751037598
I463S,BRAF,463,1,-15.916251182556152,15.916251182556152
G464E,BRAF,464,1,-16.496442794799805,16.496442794799805
A246P,BRAF,246,1,-13.370521545410156,13.370521545410156
K601E,BRAF,601,1,-12.739145278930664,12.739145278930664
G466V,BRAF,466,1,-16.28523063659668,16.28523063659668
L597R,BRAF,597,1,-16.8221435546875,16.8221435546875
L597V,BRAF,597,1,-15.559542655944824,15.559542655944824
G469R,BRAF,469,1,-14.138996124267578,14.138996124267578
G469A,BRAF,469,1,-14.260047912597656,14.260047912597656
Q257R,BRAF,257,1,-12.628355026245117,12.628355026245117
G469E,BRAF,469,1,-14.917352676391602,14.917352676391602
L485F,BRAF,485,1,-12.724854469299316,12.724854469299316
K499E,BRAF,499,1,-13.30504035949707,13.30504035949707
E501K,BRAF,501,1,-14.177721977233887,14.177721977233887
E501G,BRAF,501,1,-14.328165054321289,14.328165054321289
N581D,BRAF,581,1,-15.134110450744629,15.134110450744629
G534R,BRAF,534,1,-10.522185325622559,10.522185325622559
D638E,BRAF,638,1,-14.000848770141602,14.000848770141602
G719C,EGFR,719,1,-12.30966567993164,12.30966567993164
C64G,BRCA1,64,1,-9.364967346191406,9.364967346191406
C61G,BRCA1,61,1,-11.471152305603027,11.471152305603027
S1040N,BRCA1,1040,0,-1.0492346286773682,1.0492346286773682
R1443G,BRCA1,1443,0,0.405285120010376,-0.405285120010376
R841W,BRCA1,841,0,-2.4615378379821777,2.4615378379821777
R71G,BRCA1,71,1,-2.983448028564453,2.983448028564453
M1775R,BRCA1,1775,1,-2.7519826889038086,2.7519826889038086
M1775K,BRCA1,1775,1,-2.6048707962036133,2.6048707962036133
R1275Q,ALK,1275,1,-11.092320442199707,11.092320442199707
G1128A,ALK,1128,1,-11.48220443725586,11.48220443725586
R1192P,ALK,1192,1,-14.500020027160645,14.500020027160645
V1822D,APC,1822,0,0.16628360748291016,-0.16628360748291016
C609G,RET,609,1,0.2622387409210205,-0.2622387409210205
C609W,RET,609,1,-1.1805741786956787,1.1805741786956787
C611R,RET,611,1,-0.9788495302200317,0.9788495302200317
C611G,RET,611,1,-0.5434590578079224,0.5434590578079224
C611Y,RET,611,1,-1.4310485124588013,1.4310485124588013
C611F,RET,611,1,-1.3973947763442993,1.3973947763442993
C618Y,RET,618,1,-1.562345027923584,1.562345027923584
C618F,RET,618,1,-1.3367741107940674,1.3367741107940674
C620G,RET,620,1,-1.4138349294662476,1.4138349294662476
C630R,RET,630,1,-2.050691604614258,2.050691604614258
C630Y,RET,630,1,-3.1187753677368164,3.1187753677368164
C630S,RET,630,1,-1.6730948686599731,1.6730948686599731
D631Y,RET,631,1,-1.242861032485962,1.242861032485962
K666E,RET,666,1,-2.1302692890167236,2.1302692890167236
K666N,RET,666,1,-1.768967866897583,1.768967866897583
T241M,BRAF,241,1,-10.093637466430664,10.093637466430664
T241R,BRAF,241,1,-11.65542221069336,11.65542221069336
T241P,BRAF,241,1,-10.674639701843262,10.674639701843262
W531C,BRAF,531,1,-11.236043930053711,11.236043930053711
R266P,TP63,266,1,-15.720731735229492,15.720731735229492
L1411F,NF1,1411,1,-1.120506763458252,1.120506763458252
V620A,KIT,620,1,-10.728229522705078,10.728229522705078
G13R,HRAS,13,1,-12.886624336242676,12.886624336242676
P81L,VHL,81,1,0.09528017044067383,-0.09528017044067383
R107P,VHL,107,1,0.4420740604400635,-0.4420740604400635
T124I,VHL,124,1,-0.6210982799530029,0.6210982799530029
L153Q,VHL,153,1,-0.6659185886383057,0.6659185886383057
Y175C,VHL,175,1,-1.0465366840362549,1.0465366840362549
P346S,BRCA1,346,0,1.4093058109283447,-1.4093058109283447
D369N,BRCA1,369,0,0.06982946395874023,-0.06982946395874023
C39Y,BRCA1,39,1,-10.461113929748535,10.461113929748535
C39F,BRCA1,39,1,-10.564492225646973,10.564492225646973
R496C,BRCA1,496,0,-0.5945448875427246,0.5945448875427246
L512F,BRCA1,512,0,-0.7368440628051758,0.7368440628051758
N550H,BRCA1,550,0,-0.8533365726470947,0.8533365726470947
L668F,BRCA1,668,0,-1.2283320426940918,1.2283320426940918
K719E,BRCA1,719,0,-0.2699098587036133,0.2699098587036133
N723D,BRCA1,723,0,-0.36241722106933594,0.36241722106933594
E736A,BRCA1,736,0,-1.0432705879211426,1.0432705879211426
S784L,BRCA1,784,0,-1.682366132736206,1.682366132736206
T826K,BRCA1,826,0,0.13753223419189453,-0.13753223419189453
K862E,BRCA1,862,0,-0.16411137580871582,0.16411137580871582
G890V,BRCA1,890,0,0.3191814422607422,-0.3191814422607422
K912R,BRCA1,912,0,-0.9625740051269531,0.9625740051269531
V920I,BRCA1,920,0,-0.27706432342529297,0.27706432342529297
I925L,BRCA1,925,0,0.4266059398651123,-0.4266059398651123
A102G,BRCA1,102,0,0.4394724369049072,-0.4394724369049072
R1028C,BRCA1,1028,0,-0.44776201248168945,0.44776201248168945
R1028H,BRCA1,1028,0,-0.3662600517272949,0.3662600517272949
I1044V,BRCA1,1044,0,-0.9511539936065674,0.9511539936065674
K1109N,BRCA1,1109,0,-0.3957810401916504,0.3957810401916504
E1219D,BRCA1,1219,0,-0.37311363220214844,0.37311363220214844
P1238L,BRCA1,1238,0,0.022579669952392578,-0.022579669952392578
I1275V,BRCA1,1275,0,0.17132186889648438,-0.17132186889648438
E1346K,BRCA1,1346,0,-0.6348245143890381,0.6348245143890381
I1405V,BRCA1,1405,0,0.3440065383911133,-0.3440065383911133
E143K,BRCA1,143,0,-0.6280300617218018,0.6280300617218018
R1495K,BRCA1,1495,1,0.7633671760559082,-0.7633671760559082
R1495M,BRCA1,1495,1,-0.4275665283203125,0.4275665283203125
S153R,BRCA1,153,0,-1.447049856185913,1.447049856185913
E1559K,BRCA1,1559,1,-0.847111701965332,0.847111701965332
E1559Q,BRCA1,1559,1,-0.5261116027832031,0.5261116027832031
K1606E,BRCA1,1606,0,0.6558170318603516,-0.6558170318603516
S1613C,BRCA1,1613,0,-1.5885241031646729,1.5885241031646729
A1623G,BRCA1,1623,1,-0.3510100841522217,0.3510100841522217
M1652T,BRCA1,1652,0,-4.707058906555176,4.707058906555176
L1664P,BRCA1,1664,0,-5.195974349975586,5.195974349975586
M1689R,BRCA1,1689,1,-10.577492713928223,10.577492713928223
T1691K,BRCA1,1691,1,-1.385218620300293,1.385218620300293
T1691I,BRCA1,1691,1,-4.252100944519043,4.252100944519043
D1692N,BRCA1,1692,1,-1.3516464233398438,1.3516464233398438
D1692H,BRCA1,1692,1,-4.2597503662109375,4.2597503662109375
C1697Y,BRCA1,1697,1,-7.728884220123291,7.728884220123291
R1699Q,BRCA1,1699,1,-6.383295059204102,6.383295059204102
L1705P,BRCA1,1705,1,-8.473930358886719,8.473930358886719
G1706E,BRCA1,1706,1,-8.617294311523438,8.617294311523438
V1736A,BRCA1,1736,1,-3.7283172607421875,3.7283172607421875
G1748C,BRCA1,1748,1,-1.08836030960083,1.08836030960083
I1766S,BRCA1,1766,1,-7.4660844802856445,7.4660844802856445
G1788V,BRCA1,1788,1,-7.7359819412231445,7.7359819412231445
Y179C,BRCA1,179,0,-0.04348468780517578,0.04348468780517578
M18T,BRCA1,18,1,-1.3386528491973877,1.3386528491973877
G1803A,BRCA1,1803,1,0.2621755599975586,-0.2621755599975586
P1812A,BRCA1,1812,1,-1.3748128414154053,1.3748128414154053
D1818G,BRCA1,1818,1,-0.31569623947143555,0.31569623947143555
W1837R,BRCA1,1837,1,-5.991342067718506,5.991342067718506
W1837C,BRCA1,1837,1,-5.285701751708984,5.285701751708984
S1841R,BRCA1,1841,1,-7.748753547668457,7.748753547668457
V191I,BRCA1,191,0,-0.7085964679718018,0.7085964679718018
D214G,BRCA1,214,0,-0.3322312831878662,0.3322312831878662
T276R,BRCA1,276,0,-0.39098620414733887,0.39098620414733887
S316G,BRCA1,316,0,-0.9123716354370117,0.9123716354370117
T3349A,BRCA2,3349,0,0.12870001792907715,-0.12870001792907715
T3371A,BRCA2,3371,0,-0.5582127571105957,0.5582127571105957
R3385C,BRCA2,3385,0,-1.3821697235107422,1.3821697235107422
Y42C,BRCA2,42,0,0.6521656513214111,-0.6521656513214111
E462G,BRCA2,462,0,-0.9963195323944092,0.9963195323944092
I505V,BRCA2,505,0,0.023672103881835938,-0.023672103881835938
N56T,BRCA2,56,0,0.01287388801574707,-0.01287388801574707
T582P,BRCA2,582,0,0.18586015701293945,-0.18586015701293945
K604E,BRCA2,604,0,0.352630615234375,-0.352630615234375
A622V,BRCA2,622,0,-0.08116006851196289,0.08116006851196289
T630I,BRCA2,630,0,-0.38495421409606934,0.38495421409606934
P655R,BRCA2,655,0,0.019896745681762695,-0.019896745681762695
D935H,BRCA2,935,0,-1.0514745712280273,1.0514745712280273
L1019V,BRCA2,1019,0,0.3716108798980713,-0.3716108798980713
N1102Y,BRCA2,1102,0,-1.2384967803955078,1.2384967803955078
N1228D,BRCA2,1228,0,-0.8886725902557373,0.8886725902557373
C1290Y,BRCA2,1290,0,0.13654708862304688,-0.13654708862304688
V1306I,BRCA2,1306,0,0.20549917221069336,-0.20549917221069336
M1I,BRCA2,1,1,-4.37061071395874,4.37061071395874
C1365Y,BRCA2,1365,0,-0.062530517578125,0.062530517578125
Q1396R,BRCA2,1396,0,-0.28216123580932617,0.28216123580932617
G1529R,BRCA2,1529,0,-4.650327205657959,4.650327205657959
T1557S,BRCA2,1557,0,0.9483407735824585,-0.9483407735824585
K1690N,BRCA2,1690,0,-1.8384915590286255,1.8384915590286255
D1699N,BRCA2,1699,0,-0.08740067481994629,0.08740067481994629
G173V,BRCA2,173,1,0.2077960968017578,-0.2077960968017578
S1733F,BRCA2,1733,0,-0.6495201587677002,0.6495201587677002
G1771D,BRCA2,1771,0,0.4294393062591553,-0.4294393062591553
A1825V,BRCA2,1825,0,0.08636665344238281,-0.08636665344238281
I1851S,BRCA2,1851,0,2.835376024246216,-2.835376024246216
N1878K,BRCA2,1878,0,0.21943187713623047,-0.21943187713623047
L1904V,BRCA2,1904,0,-0.6697235107421875,0.6697235107421875
D1923A,BRCA2,1923,0,-1.3852252960205078,1.3852252960205078
I1929V,BRCA2,1929,0,-0.44660162925720215,0.44660162925720215
C1960Y,BRCA2,1960,0,-0.005733489990234375,0.005733489990234375
N2048I,BRCA2,2048,0,-1.9298458099365234,1.9298458099365234
H2074N,BRCA2,2074,0,-0.05069684982299805,0.05069684982299805
T2097M,BRCA2,2097,0,-1.4762330055236816,1.4762330055236816
V211L,BRCA2,211,1,0.4257638454437256,-0.4257638454437256
R2108H,BRCA2,2108,0,0.29990196228027344,-0.29990196228027344
N2113S,BRCA2,2113,0,0.5838363170623779,-0.5838363170623779
F221L,BRCA2,221,0,0.9568629264831543,-0.9568629264831543
T2250A,BRCA2,2250,0,-0.3172016143798828,0.3172016143798828
I2285V,BRCA2,2285,0,0.3889627456665039,-0.3889627456665039
R2336H,BRCA2,2336,1,-0.4578559398651123,0.4578559398651123
A2351G,BRCA2,2351,0,-0.3443267345428467,0.3443267345428467
Q2384K,BRCA2,2384,0,0.5805563926696777,-0.5805563926696777
T2515I,BRCA2,2515,0,-0.43749237060546875,0.43749237060546875
H2623R,BRCA2,2623,1,0.6225366592407227,-0.6225366592407227
W2626C,BRCA2,2626,1,0.6982669830322266,-0.6982669830322266
R2659G,BRCA2,2659,1,-0.04831361770629883,0.04831361770629883
R2659K,BRCA2,2659,1,0.20227384567260742,-0.20227384567260742
D2665G,BRCA2,2665,0,-0.2155454158782959,0.2155454158782959
I2672V,BRCA2,2672,0,-0.2420186996459961,0.2420186996459961
M2676T,BRCA2,2676,0,0.5711479187011719,-0.5711479187011719
L2688P,BRCA2,2688,1,-2.1617610454559326,2.1617610454559326
D2723G,BRCA2,2723,1,-4.746358394622803,4.746358394622803
K2729N,BRCA2,2729,0,-2.1584300994873047,2.1584300994873047
N277K,BRCA2,277,0,0.18552494049072266,-0.18552494049072266
R2784W,BRCA2,2784,1,-1.4995980262756348,1.4995980262756348
G2793E,BRCA2,2793,1,0.5502336025238037,-0.5502336025238037
Q2829R,BRCA2,2829,1,0.23404264450073242,-0.23404264450073242
G2901D,BRCA2,2901,0,0.6795163154602051,-0.6795163154602051
S2922G,BRCA2,2922,0,-2.3409385681152344,2.3409385681152344
R2973C,BRCA2,2973,0,-1.512110948562622,1.512110948562622
R2991H,BRCA2,2991,0,-0.20758676528930664,0.20758676528930664
E3002K,BRCA2,3002,1,-0.22512197494506836,0.22512197494506836
Y3006D,BRCA2,3006,1,-4.810878753662109,4.810878753662109
T3013I,BRCA2,3013,0,1.2201621532440186,-1.2201621532440186
V3079I,BRCA2,3079,0,-0.2525045871734619,0.2525045871734619
Y3098H,BRCA2,3098,0,0.3930056095123291,-0.3930056095123291
L3101R,BRCA2,3101,1,-2.8361382484436035,2.8361382484436035
N3124I,BRCA2,3124,1,-3.1712045669555664,3.1712045669555664
C315S,BRCA2,315,0,2.259347915649414,-2.259347915649414
N3174K,BRCA2,3174,0,0.9347877502441406,-0.9347877502441406
C3198R,BRCA2,3198,0,0.7520101070404053,-0.7520101070404053
P3202L,BRCA2,3202,0,0.5347268581390381,-0.5347268581390381
G3212R,BRCA2,3212,0,0.06225085258483887,-0.06225085258483887
K322Q,BRCA2,322,0,-1.3204395771026611,1.3204395771026611
C609F,RET,609,1,-0.5413942337036133,0.5413942337036133
C609S,RET,609,1,-0.0847635269165039,0.0847635269165039
C611S,RET,611,1,-0.5992480516433716,0.5992480516433716
M918V,RET,918,1,-5.740204334259033,5.740204334259033
A883F,RET,883,1,-7.325856685638428,7.325856685638428
G173D,TP63,173,1,-10.945549011230469,10.945549011230469
T167N,PTEN,167,1,-12.33960247039795,12.33960247039795
T131I,PTEN,131,1,-13.983943939208984,13.983943939208984
A2067D,ATM,2067,1,-0.7996213436126709,0.7996213436126709
D22N,BRAF,22,0,-13.11750602722168,13.11750602722168
E26D,BRAF,26,0,-3.8648080825805664,3.8648080825805664
T244P,BRAF,244,1,-11.271432876586914,11.271432876586914
L245F,BRAF,245,1,-10.775373458862305,10.775373458862305
F247S,BRAF,247,1,-12.67874526977539,12.67874526977539
Q257K,BRAF,257,1,-12.502822875976562,12.502822875976562
Q262K,BRAF,262,1,-14.332578659057617,14.332578659057617
G464V,BRAF,464,1,-16.223236083984375,16.223236083984375
G464A,BRAF,464,1,-14.419968605041504,14.419968605041504
F468S,BRAF,468,1,-9.178413391113281,9.178413391113281
V471F,BRAF,471,1,-12.787389755249023,12.787389755249023
V471I,BRAF,471,1,-12.992446899414062,12.992446899414062
K483Q,BRAF,483,1,-12.355201721191406,12.355201721191406
L485S,BRAF,485,1,-9.858966827392578,9.858966827392578
K499N,BRAF,499,1,-14.318984985351562,14.318984985351562
E501A,BRAF,501,1,-16.94059181213379,16.94059181213379
E501V,BRAF,501,1,-15.433572769165039,15.433572769165039
L505F,BRAF,505,1,-11.303677558898926,11.303677558898926
W531L,BRAF,531,1,-13.694689750671387,13.694689750671387
C532Y,BRAF,532,1,-9.693609237670898,9.693609237670898
D565E,BRAF,565,1,-11.67432689666748,11.67432689666748
F583L,BRAF,583,1,-5.3544464111328125,5.3544464111328125
G596V,BRAF,596,1,-13.248178482055664,13.248178482055664
T599I,BRAF,599,1,-10.26724910736084,10.26724910736084
V600G,BRAF,600,1,-11.839723587036133,11.839723587036133
K601I,BRAF,601,1,-17.274232864379883,17.274232864379883
Q709R,BRAF,709,1,-9.25172233581543,9.25172233581543
A59T,HRAS,59,1,-15.291492462158203,15.291492462158203
G60D,HRAS,60,1,-14.359305381774902,14.359305381774902
N86T,HRAS,86,0,-6.561985492706299,6.561985492706299
S89C,HRAS,89,1,-11.44629192352295,11.44629192352295
P174S,HRAS,174,0,-0.24504828453063965,0.24504828453063965
K601Q,BRAF,601,1,-12.980802536010742,12.980802536010742
P870S,APC,870,0,1.6981382369995117,-1.6981382369995117
L1129S,APC,1129,0,0.8775286674499512,-0.8775286674499512
A2274V,APC,2274,0,-0.0853729248046875,0.0853729248046875
G2502S,APC,2502,0,0.695090651512146,-0.695090651512146
S2621C,APC,2621,0,-3.2269816398620605,3.2269816398620605
A735V,APC,735,0,-0.3786885738372803,0.3786885738372803
D1083E,APC,1083,0,0.29336047172546387,-0.29336047172546387
N1118D,APC,1118,0,-0.2876014709472656,0.2876014709472656
E140D,APC,140,0,-2.51816463470459,2.51816463470459
I3412V,BRCA2,3412,0,-0.18802356719970703,0.18802356719970703
S384F,BRCA2,384,0,-1.4676916599273682,1.4676916599273682
I505T,BRCA2,505,0,0.10578560829162598,-0.10578560829162598
T598A,BRCA2,598,0,-0.5959060192108154,0.5959060192108154
M784V,BRCA2,784,0,1.1791720390319824,-1.1791720390319824
N991D,BRCA2,991,0,-0.46732616424560547,0.46732616424560547
S1172L,BRCA2,1172,0,-0.6427655220031738,0.6427655220031738
G1194D,BRCA2,1194,0,0.12607359886169434,-0.12607359886169434
D1420Y,BRCA2,1420,0,-1.400442361831665,1.400442361831665
K1531N,BRCA2,1531,0,-0.21166038513183594,0.21166038513183594
E1593D,BRCA2,1593,0,-0.4644399881362915,0.4644399881362915
D1911V,BRCA2,1911,0,0.5431299209594727,-0.5431299209594727
T1915M,BRCA2,1915,0,-1.3041024208068848,1.3041024208068848
R2034C,BRCA2,2034,0,-0.1183006763458252,0.1183006763458252
R2108C,BRCA2,2108,0,0.22492241859436035,-0.22492241859436035
H2116R,BRCA2,2116,0,-0.08578824996948242,0.08578824996948242
H2440R,BRCA2,2440,0,0.3949427604675293,-0.3949427604675293
A2717S,BRCA2,2717,0,-1.778913140296936,1.778913140296936
V2728I,BRCA2,2728,0,0.2344822883605957,-0.2344822883605957
N289H,BRCA2,289,0,-0.8508532047271729,0.8508532047271729
I2944F,BRCA2,2944,0,-1.17020845413208,1.17020845413208
A2951T,BRCA2,2951,0,-0.8285775184631348,0.8285775184631348
V3244I,BRCA2,3244,0,-0.11525511741638184,0.11525511741638184
A127S,CDKN2A,127,0,-3.1936116218566895,3.1936116218566895
R144C,CDKN2A,144,0,-2.446408271789551,2.446408271789551
A148T,CDKN2A,148,0,-1.0756537914276123,1.0756537914276123
N400S,KIT,400,0,-3.5117993354797363,3.5117993354797363
M541L,KIT,541,0,-0.471041202545166,0.471041202545166
V37A,MET,37,0,-0.5689208507537842,0.5689208507537842
N375S,MET,375,0,0.016568422317504883,-0.016568422317504883
I316M,MET,316,0,-2.4538941383361816,2.4538941383361816
I1679V,NF1,1679,0,-0.41490960121154785,0.41490960121154785
A2532V,NF1,2532,0,0.008396387100219727,-0.008396387100219727
A79T,PTEN,79,0,-5.687680244445801,5.687680244445801
E137D,RB1,137,0,-0.634392499923706,0.634392499923706
D210Y,RB1,210,0,-4.289602279663086,4.289602279663086
S334L,TSC1,334,0,-0.671750545501709,0.671750545501709
T360N,TSC1,360,0,-1.4622752666473389,1.4622752666473389
Q550E,TSC1,550,0,0.9345231056213379,-0.9345231056213379
T899S,TSC1,899,0,0.3997635841369629,-0.3997635841369629
M322T,TSC1,322,0,2.063098907470703,-2.063098907470703
R367Q,TSC2,367,0,0.025098323822021484,-0.025098323822021484
A583T,TSC2,583,0,-0.9154016971588135,0.9154016971588135
A607T,TSC2,607,0,-0.27309560775756836,0.27309560775756836
A1257V,TSC2,1257,0,-0.5355920791625977,0.5355920791625977
S1276F,TSC2,1276,0,-1.7420037984848022,1.7420037984848022
P1305L,TSC2,1305,0,-0.015839576721191406,0.015839576721191406
R1329H,TSC2,1329,0,-1.34651517868042,1.34651517868042
A1429S,TSC2,1429,0,0.5497760772705078,-0.5497760772705078
S1774T,TSC2,1774,0,-0.5577902793884277,0.5577902793884277
R1795C,TSC2,1795,0,-2.765124797821045,2.765124797821045
Q356R,BRCA1,356,0,0.5147943496704102,-0.5147943496704102
D411E,BRCA1,411,0,0.23619604110717773,-0.23619604110717773
R496H,BRCA1,496,0,-0.4534413814544678,0.4534413814544678
E597K,BRCA1,597,0,-0.42233777046203613,0.42233777046203613
D693N,BRCA1,693,0,0.16611862182617188,-0.16611862182617188
V772A,BRCA1,772,0,-0.3134176731109619,0.3134176731109619
K820E,BRCA1,820,0,0.22401809692382812,-0.22401809692382812
R866C,BRCA1,866,0,-1.390054702758789,1.390054702758789
P871L,BRCA1,871,0,0.5661149024963379,-0.5661149024963379
M1008I,BRCA1,1008,0,1.4692473411560059,-1.4692473411560059
E1038G,BRCA1,1038,0,-1.0672836303710938,1.0672836303710938
P1099L,BRCA1,1099,0,0.6726365089416504,-0.6726365089416504
S1140G,BRCA1,1140,0,-1.0536537170410156,1.0536537170410156
K1183R,BRCA1,1183,0,-0.68678879737854,0.68678879737854
L1261F,BRCA1,1261,0,-1.0409023761749268,1.0409023761749268
R1347G,BRCA1,1347,0,0.11376500129699707,-0.11376500129699707
P142H,BRCA1,142,0,-0.9256434440612793,0.9256434440612793
R1507T,BRCA1,1507,0,0.9989950656890869,-0.9989950656890869
S1512I,BRCA1,1512,0,-1.744936466217041,1.744936466217041
S1613G,BRCA1,1613,0,-0.8828253746032715,0.8828253746032715
M1628T,BRCA1,1628,0,1.4005296230316162,-1.4005296230316162
M1652I,BRCA1,1652,0,-1.2935973405838013,1.2935973405838013
H1860P,BRCA1,1860,0,1.3674399852752686,-1.3674399852752686
L246V,BRCA1,246,0,-0.5205471515655518,0.5205471515655518
R67H,RET,67,0,-0.7896175384521484,0.7896175384521484
T278N,RET,278,0,0.570472002029419,-0.570472002029419
A347D,TP53,347,1,-9.893831253051758,9.893831253051758
P47S,TP53,47,0,0.23231863975524902,-0.23231863975524902
R273C,TP53,273,1,-8.322461128234863,8.322461128234863
S65W,VHL,65,1,-0.9703793525695801,0.9703793525695801
E70K,VHL,70,1,-0.8234541416168213,0.8234541416168213
R107G,VHL,107,1,0.9783003330230713,-0.9783003330230713
Y156C,VHL,156,1,-0.9529643058776855,0.9529643058776855
C162F,VHL,162,1,0.20781850814819336,-0.20781850814819336
V166A,VHL,166,1,-0.21713542938232422,0.21713542938232422
G466R,BRAF,466,1,-13.789789199829102,13.789789199829102
G469V,BRAF,469,1,-15.716209411621094,15.716209411621094
T470R,BRAF,470,1,-12.450414657592773,12.450414657592773
A481E,BRAF,481,1,-15.643704414367676,15.643704414367676
V487G,BRAF,487,1,-11.96552562713623,11.96552562713623
E501Q,BRAF,501,1,-15.343958854675293,15.343958854675293
H574Y,BRAF,574,1,-16.78653335571289,16.78653335571289
N581K,BRAF,581,1,-14.8167085647583,14.8167085647583
D594N,BRAF,594,1,-16.97869300842285,16.97869300842285
V600M,BRAF,600,1,-9.70297908782959,9.70297908782959
V600L,BRAF,600,1,-9.39205265045166,9.39205265045166
K601T,BRAF,601,1,-15.451570510864258,15.451570510864258
T241K,BRAF,241,1,-10.09422779083252,10.09422779083252
F247V,BRAF,247,1,-14.170652389526367,14.170652389526367
Q262P,BRAF,262,1,-16.40294075012207,16.40294075012207
G265R,BRAF,265,1,-7.445652961730957,7.445652961730957
A31G,BRAF,31,0,-3.706897735595703,3.706897735595703
S323L,BRAF,323,0,-8.616179466247559,8.616179466247559
G815R,ERBB2,815,0,-3.2025232315063477,3.2025232315063477
G719R,EGFR,719,1,-12.861539840698242,12.861539840698242
G719A,EGFR,719,1,-9.676980018615723,9.676980018615723
S768I,EGFR,768,1,-6.249617099761963,6.249617099761963
V834L,EGFR,834,1,-2.8119611740112305,2.8119611740112305
R336W,TSC1,336,0,-2.4061052799224854,2.4061052799224854
S403L,TSC1,403,0,-0.518702507019043,0.518702507019043
P448S,TSC1,448,0,0.5280144214630127,-0.5280144214630127
R509Q,TSC1,509,0,-0.23838424682617188,0.23838424682617188
A523P,TSC1,523,0,0.5022473335266113,-0.5022473335266113
L61P,TSC1,61,1,-3.3553457260131836,3.3553457260131836
A659V,TSC1,659,0,-0.04722118377685547,0.04722118377685547
G681S,TSC1,681,1,0.6756436824798584,-0.6756436824798584
L72P,TSC1,72,1,-2.6459319591522217,2.6459319591522217
E809Q,TSC1,809,0,-0.355754017829895,0.355754017829895
S829R,TSC1,829,0,-0.7648138999938965,0.7648138999938965
A84T,TSC1,84,0,0.27939915657043457,-0.27939915657043457
A883T,TSC1,883,0,-0.050647735595703125,0.050647735595703125
R885W,TSC1,885,0,-3.411613702774048,3.411613702774048
R1097H,TSC1,1097,0,-1.1571733951568604,1.1571733951568604
R190P,TSC1,190,1,-2.6058332920074463,2.6058332920074463
L191H,TSC1,191,1,-6.972479820251465,6.972479820251465
L191R,TSC1,191,1,-7.595346450805664,7.595346450805664
F216S,TSC1,216,1,-3.5360920429229736,3.5360920429229736
L362P,TSC2,362,1,0.5112035274505615,-0.5112035274505615
L493V,TSC2,493,1,-1.6570842266082764,1.6570842266082764
Y598H,TSC2,598,1,0.2775285243988037,-0.2775285243988037
R611G,TSC2,611,1,-2.3195152282714844,2.3195152282714844
K7R,TSC2,7,0,-0.844482421875,0.844482421875
E814K,TSC2,814,1,-0.0909273624420166,0.0909273624420166
P91L,TSC2,91,0,0.11794042587280273,-0.11794042587280273
R1032P,TSC2,1032,1,-0.2506144046783447,0.2506144046783447
T1071R,TSC2,1071,1,0.2183370590209961,-0.2183370590209961
A1141T,TSC2,1141,0,-0.15215730667114258,0.15215730667114258
L160V,TSC2,160,1,-0.4223968982696533,0.4223968982696533
L1597P,TSC2,1597,1,-4.922975063323975,4.922975063323975
H1620Y,TSC2,1620,1,-3.6867246627807617,3.6867246627807617
H1640Y,TSC2,1640,1,-0.5716910362243652,0.5716910362243652
N1651S,TSC2,1651,1,0.37177610397338867,-0.37177610397338867
N1681K,TSC2,1681,1,1.081347942352295,-1.081347942352295
S1684P,TSC2,1684,1,-4.468786716461182,4.468786716461182
D1690Y,TSC2,1690,1,-0.8161849975585938,0.8161849975585938
P1709R,TSC2,1709,1,0.07719635963439941,-0.07719635963439941
L1717P,TSC2,1717,1,-1.358452558517456,1.358452558517456
L1750F,TSC2,1750,0,-2.0769619941711426,2.0769619941711426
P1771L,TSC2,1771,0,-0.3422389030456543,0.3422389030456543
R261W,TSC2,261,0,-2.4331986904144287,2.4331986904144287
G294R,TSC2,294,1,0.9903578758239746,-0.9903578758239746
D1690H,TSC2,1690,1,-0.705632209777832,0.705632209777832
S1698R,TSC2,1698,0,-0.47998571395874023,0.47998571395874023
I1648T,TSC2,1648,1,-4.080024719238281,4.080024719238281
G1595R,TSC2,1595,1,-5.546375751495361,5.546375751495361
R1743W,TSC2,1743,1,-2.1974241733551025,2.1974241733551025
Y1549C,TSC2,1549,1,-2.9658148288726807,2.9658148288726807
Q1554H,TSC2,1554,1,-3.812258005142212,3.812258005142212
P1497T,TSC2,1497,1,-0.1989915370941162,0.1989915370941162
P1497R,TSC2,1497,1,0.09790444374084473,-0.09790444374084473
V1673L,TSC2,1673,0,-1.8133704662322998,1.8133704662322998
Q1503H,TSC2,1503,1,-0.4002251625061035,0.4002251625061035
Y1571C,TSC2,1571,1,-4.414602756500244,4.414602756500244
G1204R,TSC2,1204,1,0.013312339782714844,-0.013312339782714844
L1235F,TSC2,1235,0,-1.2334452867507935,1.2334452867507935
D1028N,TSC2,1028,1,-0.32523155212402344,0.32523155212402344
A1141V,TSC2,1141,0,-0.4008045196533203,0.4008045196533203
A889V,TSC2,889,1,0.01519465446472168,-0.01519465446472168
L808S,TSC2,808,1,-1.1329091787338257,1.1329091787338257
F897S,TSC2,897,1,1.2973430156707764,-1.2973430156707764
L737P,TSC2,737,1,-4.7544264793396,4.7544264793396
P579A,TSC2,579,0,-0.44341254234313965,0.44341254234313965
H597R,TSC2,597,1,-0.3514411449432373,0.3514411449432373
R611W,TSC2,611,1,-2.9542438983917236,2.9542438983917236
A460T,TSC2,460,0,-0.3503305912017822,0.3503305912017822
P543L,TSC2,543,0,-0.23213458061218262,0.23213458061218262
I463V,TSC2,463,0,0.6573617458343506,-0.6573617458343506
N525S,TSC2,525,0,1.30564284324646,-1.30564284324646
A614D,TSC2,614,1,-3.048693895339966,3.048693895339966
C804R,TSC2,804,1,-1.0888290405273438,1.0888290405273438
T5A,TSC2,5,0,0.19467735290527344,-0.19467735290527344
L826P,TSC2,826,1,-3.172375202178955,3.172375202178955
R1159W,TSC2,1159,0,-2.5932233333587646,2.5932233333587646
Y1186C,TSC2,1186,0,0.035620689392089844,-0.035620689392089844
R1200W,TSC2,1200,1,-2.586428642272949,2.586428642272949
T993M,TSC2,993,0,-1.6053953170776367,1.6053953170776367
E1558K,TSC2,1558,1,-2.805741310119629,2.805741310119629
R1743G,TSC2,1743,1,-0.5672259330749512,0.5672259330749512
L1027P,TSC2,1027,1,-0.44347381591796875,0.44347381591796875
C244R,TSC2,244,1,-0.09166550636291504,0.09166550636291504
N1643H,TSC2,1643,1,-5.639403343200684,5.639403343200684
L264P,TSC2,264,1,-2.083890914916992,2.083890914916992
P1709L,TSC2,1709,1,0.08563852310180664,-0.08563852310180664
R1713H,TSC2,1713,1,-0.7630228996276855,0.7630228996276855
R1713P,TSC2,1713,1,-0.27860045433044434,0.27860045433044434
R1793Q,TSC2,1793,0,-1.2030487060546875,1.2030487060546875
A196T,TSC2,196,0,0.2625083923339844,-0.2625083923339844
G1579S,TSC2,1579,1,-4.143098831176758,4.143098831176758
R1743Q,TSC2,1743,1,-0.6227872371673584,0.6227872371673584
R1743P,TSC2,1743,1,-0.7895972728729248,0.7895972728729248
L1744P,TSC2,1744,1,-1.7215542793273926,1.7215542793273926
G1642D,TSC2,1642,1,-8.142348289489746,8.142348289489746
M286V,TSC2,286,0,0.7692580223083496,-0.7692580223083496
M286T,TSC2,286,0,1.09251070022583,-1.09251070022583
P1265S,TSC2,1265,0,-0.7372583150863647,0.7372583150863647
L1562P,TSC2,1562,1,-3.533057928085327,3.533057928085327
S1095N,TSC2,1095,1,-2.373677968978882,2.373677968978882
G1399R,TSC2,1399,0,0.05276370048522949,-0.05276370048522949
G1134A,TSC2,1134,1,-0.3707122802734375,0.3707122802734375
L850P,TSC2,850,1,-2.9162325859069824,2.9162325859069824
L1578P,TSC2,1578,1,-5.659331798553467,5.659331798553467
L1584R,TSC2,1584,1,-3.6935791969299316,3.6935791969299316
C696R,TSC2,696,1,-0.32616496086120605,0.32616496086120605
C696Y,TSC2,696,1,-0.6790733337402344,0.6790733337402344
E92V,TSC2,92,0,-1.7495300769805908,1.7495300769805908
L733P,TSC2,733,1,-3.7130918502807617,3.7130918502807617
G1204E,TSC2,1204,1,0.03791499137878418,-0.03791499137878418
Y598C,TSC2,598,1,0.4136357307434082,-0.4136357307434082
D1013N,TSC2,1013,0,-0.629896879196167,0.629896879196167
P419S,TSC2,419,1,0.9752166271209717,-0.9752166271209717
M649T,TSC2,649,0,1.1488916873931885,-1.1488916873931885
L466P,TSC2,466,1,-5.669121265411377,5.669121265411377
L466R,TSC2,466,1,-4.169929027557373,4.169929027557373
T3374I,BRCA2,3374,0,0.06014204025268555,-0.06014204025268555
Q347R,BRCA2,347,0,-0.45947790145874023,0.45947790145874023
P375S,BRCA2,375,0,1.169473648071289,-1.169473648071289
E394A,BRCA2,394,0,-0.9816021919250488,0.9816021919250488
P41S,BRCA2,41,0,1.0905418395996094,-1.0905418395996094
L452I,BRCA2,452,0,-0.3876454830169678,0.3876454830169678
Q499R,BRCA2,499,0,-0.23271656036376953,0.23271656036376953
C554W,BRCA2,554,0,-2.461005449295044,2.461005449295044
N560D,BRCA2,560,0,-0.025286436080932617,0.025286436080932617
D596H,BRCA2,596,0,-1.2057890892028809,1.2057890892028809
Y600H,BRCA2,600,0,-0.027236461639404297,0.027236461639404297
G602R,BRCA2,602,0,0.060152530670166016,-0.060152530670166016
A618P,BRCA2,618,0,-0.025852203369140625,0.025852203369140625
D707Y,BRCA2,707,0,-1.3449296951293945,1.3449296951293945
Q713L,BRCA2,713,0,0.5069541931152344,-0.5069541931152344
A737S,BRCA2,737,0,1.120901107788086,-1.120901107788086
V741L,BRCA2,741,0,0.3533153533935547,-0.3533153533935547
A75P,BRCA2,75,0,0.47509050369262695,-0.47509050369262695
L759F,BRCA2,759,0,-0.5920753479003906,0.5920753479003906
D806H,BRCA2,806,0,-0.9856905937194824,0.9856905937194824
Y828C,BRCA2,828,0,0.30911850929260254,-0.30911850929260254
P835S,BRCA2,835,0,1.3286751508712769,-1.3286751508712769
V894I,BRCA2,894,0,0.20379209518432617,-0.20379209518432617
N900D,BRCA2,900,0,-0.5195369720458984,0.5195369720458984
L929S,BRCA2,929,0,0.479453444480896,-0.479453444480896
D935N,BRCA2,935,0,0.6167950630187988,-0.6167950630187988
S958G,BRCA2,958,0,-1.3767082691192627,1.3767082691192627
N987I,BRCA2,987,0,0.5199923515319824,-0.5199923515319824
Y989D,BRCA2,989,0,0.9441559314727783,-0.9441559314727783
L996R,BRCA2,996,0,-1.9840269088745117,1.9840269088745117
M1T,BRCA2,1,1,-4.11276388168335,4.11276388168335
M1R,BRCA2,1,1,-4.392866134643555,4.392866134643555
S1041N,BRCA2,1041,0,0.006283760070800781,-0.006283760070800781
C1044W,BRCA2,1044,0,-3.369821071624756,3.369821071624756
N108H,BRCA2,108,0,-1.083024501800537,1.083024501800537
Y1135H,BRCA2,1135,0,0.5694622993469238,-0.5694622993469238
M1149V,BRCA2,1149,0,0.7386407852172852,-0.7386407852172852
R1190W,BRCA2,1190,0,-3.9852147102355957,3.9852147102355957
F1192C,BRCA2,1192,0,-1.155764102935791,1.155764102935791
D1280V,BRCA2,1280,0,0.04078030586242676,-0.04078030586242676
V1283G,BRCA2,1283,0,-1.439305305480957,1.439305305480957
T1302N,BRCA2,1302,0,0.31992554664611816,-0.31992554664611816
R1315K,BRCA2,1315,0,1.2798786163330078,-1.2798786163330078
I1349T,BRCA2,1349,0,-0.6031322479248047,0.6031322479248047
T1354M,BRCA2,1354,0,-1.1960911750793457,1.1960911750793457
I1364L,BRCA2,1364,0,-0.12194466590881348,0.12194466590881348
T1388N,BRCA2,1388,0,0.43933534622192383,-0.43933534622192383
T1414M,BRCA2,1414,0,-1.3777246475219727,1.3777246475219727
S1424C,BRCA2,1424,0,-1.4045181274414062,1.4045181274414062
Q147R,BRCA2,147,0,-0.18951845169067383,0.18951845169067383
S1479T,BRCA2,1479,0,-0.9178907871246338,0.9178907871246338
L1522F,BRCA2,1522,0,-0.8210172653198242,0.8210172653198242
F1524V,BRCA2,1524,0,-3.741455554962158,3.741455554962158
C1573Y,BRCA2,1573,0,-0.3695826530456543,0.3695826530456543
V159M,BRCA2,159,1,-1.496595859527588,1.496595859527588
A1668G,BRCA2,1668,0,0.10905313491821289,-0.10905313491821289
P168T,BRCA2,168,0,-0.9980118274688721,0.9980118274688721
R18H,BRCA2,18,0,-0.6193792819976807,0.6193792819976807
P1819S,BRCA2,1819,0,1.421558141708374,-1.421558141708374
K1823Q,BRCA2,1823,0,-0.4516756534576416,0.4516756534576416
N1880K,BRCA2,1880,0,-0.24974751472473145,0.24974751472473145
E1895Q,BRCA2,1895,0,-0.764958381652832,0.764958381652832
H1918Y,BRCA2,1918,0,-0.5916967391967773,0.5916967391967773
H1918R,BRCA2,1918,0,0.522209644317627,-0.522209644317627
S2006R,BRCA2,2006,0,-1.2241566181182861,1.2241566181182861
V211I,BRCA2,211,1,-0.35297107696533203,0.35297107696533203
K2128N,BRCA2,2128,0,-0.13535189628601074,0.13535189628601074
S2152Y,BRCA2,2152,0,-2.24961519241333,2.24961519241333
H2178Y,BRCA2,2178,0,-0.7918872833251953,0.7918872833251953
D23Y,BRCA2,23,1,-1.2966182231903076,1.2966182231903076
D2312V,BRCA2,2312,0,0.6508703231811523,-0.6508703231811523
R2318Q,BRCA2,2318,0,-0.09901952743530273,0.09901952743530273
R2336P,BRCA2,2336,1,0.13982510566711426,-0.13982510566711426
R2336L,BRCA2,2336,1,0.5580403804779053,-0.5580403804779053
K2339N,BRCA2,2339,0,-0.4871401786804199,0.4871401786804199
G2353R,BRCA2,2353,0,0.36218929290771484,-0.36218929290771484
K2411T,BRCA2,2411,0,-0.15773963928222656,0.15773963928222656
N2436I,BRCA2,2436,0,-0.1990673542022705,0.1990673542022705
K2472T,BRCA2,2472,0,-0.17146039009094238,0.17146039009094238
R2502H,BRCA2,2502,0,-0.819535493850708,0.819535493850708
L2512F,BRCA2,2512,0,-0.9500601291656494,0.9500601291656494
T2542R,BRCA2,2542,0,0.15779423713684082,-0.15779423713684082
G2585R,BRCA2,2585,1,0.5281240940093994,-0.5281240940093994
R2602T,BRCA2,2602,1,-0.7045714855194092,0.7045714855194092
G2609D,BRCA2,2609,1,-0.18291306495666504,0.18291306495666504
I2627F,BRCA2,2627,1,0.007388114929199219,-0.007388114929199219
L2647P,BRCA2,2647,1,-0.6851193904876709,0.6851193904876709
L2653P,BRCA2,2653,1,-0.6139135360717773,0.6139135360717773
Q2655R,BRCA2,2655,1,-0.05806398391723633,0.05806398391723633
R2659T,BRCA2,2659,1,-0.3102884292602539,0.3102884292602539
Y2660D,BRCA2,2660,1,0.43506860733032227,-0.43506860733032227
E2663K,BRCA2,2663,1,-0.37248730659484863,0.37248730659484863
E2663V,BRCA2,2663,1,-0.5194780826568604,0.5194780826568604
S2670L,BRCA2,2670,1,0.3422205448150635,-0.3422205448150635
I2675V,BRCA2,2675,1,-0.5518860816955566,0.5518860816955566
L2686P,BRCA2,2686,1,-0.9055683612823486,0.9055683612823486
L2721H,BRCA2,2721,1,-6.129748821258545,6.129748821258545
D2723H,BRCA2,2723,1,-4.7437591552734375,4.7437591552734375
D2723A,BRCA2,2723,1,-4.810692310333252,4.810692310333252
G2724V,BRCA2,2724,1,-4.900537014007568,4.900537014007568
Y2726C,BRCA2,2726,1,0.13573884963989258,-0.13573884963989258
G2748D,BRCA2,2748,1,-4.36269474029541,4.36269474029541
A2770T,BRCA2,2770,0,0.5872442722320557,-0.5872442722320557
W2788R,BRCA2,2788,1,1.694972276687622,-1.694972276687622
L2792P,BRCA2,2792,1,-0.12732911109924316,0.12732911109924316
G2793R,BRCA2,2793,1,0.9556376934051514,-0.9556376934051514
S2835P,BRCA2,2835,0,-0.5433404445648193,0.5433404445648193
R2842H,BRCA2,2842,0,-0.987295389175415,0.987295389175415
S286P,BRCA2,286,0,-1.35642409324646,1.35642409324646
V2969M,BRCA2,2969,0,-1.2787871360778809,1.2787871360778809
R3052W,BRCA2,3052,1,-1.7348649501800537,1.7348649501800537
K3059E,BRCA2,3059,0,0.413907527923584,-0.413907527923584
P3063S,BRCA2,3063,0,0.0231020450592041,-0.0231020450592041
W31R,BRCA2,31,1,2.4423253536224365,-2.4423253536224365
G3076E,BRCA2,3076,1,-6.788049221038818,6.788049221038818
D3095E,BRCA2,3095,1,-4.640345573425293,4.640345573425293
L3125H,BRCA2,3125,1,-3.726846933364868,3.726846933364868
D3170G,BRCA2,3170,0,-1.0026359558105469,1.0026359558105469
L3180F,BRCA2,3180,0,-1.151524543762207,1.151524543762207
S326R,BRCA2,326,0,-0.1939246654510498,0.1939246654510498
P3292L,BRCA2,3292,0,-2.020859718322754,2.020859718322754
P334L,BRCA1,334,0,0.7241427898406982,-0.7241427898406982
K355R,BRCA1,355,0,-0.6831855773925781,0.6831855773925781
T37K,BRCA1,37,1,-9.443933486938477,9.443933486938477
T37R,BRCA1,37,1,-9.895051002502441,9.895051002502441
N376S,BRCA1,376,0,-0.8757345676422119,0.8757345676422119
S377N,BRCA1,377,0,-1.3912125825881958,1.3912125825881958
I379M,BRCA1,379,0,-2.4545674324035645,2.4545674324035645
C39S,BRCA1,39,1,-10.5115966796875,10.5115966796875
C39R,BRCA1,39,1,-9.975297927856445,9.975297927856445
C39G,BRCA1,39,1,-11.33354377746582,11.33354377746582
S403F,BRCA1,403,0,-1.4593925476074219,1.4593925476074219
H41R,BRCA1,41,1,-9.562450408935547,9.562450408935547
E421K,BRCA1,421,0,-0.14557456970214844,0.14557456970214844
C44S,BRCA1,44,1,-8.27577018737793,8.27577018737793
C44R,BRCA1,44,1,-10.594047546386719,10.594047546386719
C44Y,BRCA1,44,1,-8.750526428222656,8.750526428222656
C44F,BRCA1,44,1,-10.104619026184082,10.104619026184082
F461L,BRCA1,461,0,1.0129706859588623,-1.0129706859588623
Y465D,BRCA1,465,0,0.7416906356811523,-0.7416906356811523
C47G,BRCA1,47,1,-7.817244529724121,7.817244529724121
C47Y,BRCA1,47,1,-7.894407272338867,7.894407272338867
C47F,BRCA1,47,1,-7.459539890289307,7.459539890289307
N473S,BRCA1,473,0,0.7951152324676514,-0.7951152324676514
N473I,BRCA1,473,0,-0.9909734725952148,0.9909734725952148
H476R,BRCA1,476,0,0.23471665382385254,-0.23471665382385254
F486L,BRCA1,486,0,1.2123157978057861,-1.2123157978057861
R504H,BRCA1,504,0,-2.5120086669921875,2.5120086669921875
D522N,BRCA1,522,0,0.2833113670349121,-0.2833113670349121
T539M,BRCA1,539,0,-1.3391077518463135,1.3391077518463135
G552V,BRCA1,552,0,0.5963358879089355,-0.5963358879089355
P568L,BRCA1,568,0,1.1675901412963867,-1.1675901412963867
T582A,BRCA1,582,0,-0.30100464820861816,0.30100464820861816
I600M,BRCA1,600,0,-1.3196511268615723,1.3196511268615723
C61S,BRCA1,61,1,-10.607843399047852,10.607843399047852
C61R,BRCA1,61,1,-10.8487548828125,10.8487548828125
C61Y,BRCA1,61,1,-9.06492805480957,9.06492805480957
R612G,BRCA1,612,0,-1.6349422931671143,1.6349422931671143
A622V,BRCA1,622,0,-0.672853946685791,0.672853946685791
P633T,BRCA1,633,0,0.24535560607910156,-0.24535560607910156
P634R,BRCA1,634,0,-0.023506879806518555,0.023506879806518555
C64R,BRCA1,64,1,-9.706222534179688,9.706222534179688
C64Y,BRCA1,64,1,-7.893999099731445,7.893999099731445
D642H,BRCA1,642,0,-0.9479560852050781,0.9479560852050781
S643G,BRCA1,643,0,-1.1585901975631714,1.1585901975631714
C644W,BRCA1,644,0,-2.745656728744507,2.745656728744507
K654E,BRCA1,654,0,-0.05864691734313965,0.05864691734313965
Y655D,BRCA1,655,0,1.1440062522888184,-1.1440062522888184
D67Y,BRCA1,67,0,-2.4674813747406006,2.4674813747406006
M1V,BRCA1,1,1,-6.4470930099487305,6.4470930099487305
D695Y,BRCA1,695,0,-0.9919071197509766,0.9919071197509766
R71K,BRCA1,71,1,-0.652134895324707,0.652134895324707
P727L,BRCA1,727,0,0.8191499710083008,-0.8191499710083008
R762S,BRCA1,762,0,1.3221492767333984,-1.3221492767333984
I783V,BRCA1,783,0,0.5098841190338135,-0.5098841190338135
Q804H,BRCA1,804,0,-0.6087675094604492,0.6087675094604492
C805R,BRCA1,805,0,0.6508162021636963,-0.6508162021636963
N810Y,BRCA1,810,0,-1.8989343643188477,1.8989343643188477
D825V,BRCA1,825,0,0.3067030906677246,-0.3067030906677246
R841Q,BRCA1,841,0,0.5320229530334473,-0.5320229530334473
Y856H,BRCA1,856,0,0.7190122604370117,-0.7190122604370117
R866H,BRCA1,866,0,-1.1518473625183105,1.1518473625183105
E879K,BRCA1,879,0,0.17823553085327148,-0.17823553085327148
L892S,BRCA1,892,0,0.06840372085571289,-0.06840372085571289
D96N,BRCA1,96,1,-0.30777835845947266,0.30777835845947266
G960D,BRCA1,960,0,-0.07682991027832031,0.07682991027832031
E962K,BRCA1,962,0,1.0283277034759521,-1.0283277034759521
T967S,BRCA1,967,0,0.9359339475631714,-0.9359339475631714
H971N,BRCA1,971,0,0.905703067779541,-0.905703067779541
R979C,BRCA1,979,0,-1.0834636688232422,1.0834636688232422
M1T,BRCA1,1,1,-7.009067535400391,7.009067535400391
M1R,BRCA1,1,1,-6.3172736167907715,6.3172736167907715
M1008V,BRCA1,1008,0,1.8036468029022217,-1.8036468029022217
S1024R,BRCA1,1024,0,-1.5235252380371094,1.5235252380371094
V1047A,BRCA1,1047,0,-2.7863032817840576,2.7863032817840576
G1048V,BRCA1,1048,0,-3.8550546169281006,3.8550546169281006
Y105C,BRCA1,105,0,0.5844430923461914,-0.5844430923461914
R1076S,BRCA1,1076,0,1.134484052658081,-1.134484052658081
S1101N,BRCA1,1101,0,-0.5512599945068359,0.5512599945068359
S1139I,BRCA1,1139,0,-0.9056999683380127,0.9056999683380127
Q1144H,BRCA1,1144,0,-0.7197396755218506,0.7197396755218506
P1150S,BRCA1,1150,0,1.1683285236358643,-1.1683285236358643
D1155H,BRCA1,1155,0,-0.6663124561309814,0.6663124561309814
V1176D,BRCA1,1176,0,0.02170848846435547,-0.02170848846435547
V1181I,BRCA1,1181,0,-0.28191208839416504,0.28191208839416504
V1181A,BRCA1,1181,0,-0.20246338844299316,0.20246338844299316
Q1200H,BRCA1,1200,0,-0.6557912826538086,0.6557912826538086
G1201S,BRCA1,1201,0,0.5954599380493164,-0.5954599380493164
R1203Q,BRCA1,1203,0,0.47766900062561035,-0.47766900062561035
G1205R,BRCA1,1205,0,-0.12804746627807617,0.12804746627807617
E1214K,BRCA1,1214,0,-0.957434892654419,0.957434892654419
S1218C,BRCA1,1218,0,-2.210609197616577,2.210609197616577
K1233R,BRCA1,1233,0,-0.9064924716949463,0.9064924716949463
N1236K,BRCA1,1236,0,-0.03336524963378906,0.03336524963378906
I124V,BRCA1,124,0,-0.6831135749816895,0.6831135749816895
S1241C,BRCA1,1241,0,-1.7941067218780518,1.7941067218780518
T1242A,BRCA1,1242,0,-0.13501214981079102,0.13501214981079102
V1247I,BRCA1,1247,0,-0.6775424480438232,0.6775424480438232
E1250K,BRCA1,1250,0,-0.7750413417816162,0.7750413417816162
S1253Y,BRCA1,1253,0,-2.396759033203125,2.396759033203125
S1266T,BRCA1,1266,0,-0.8116354942321777,0.8116354942321777
A1277P,BRCA1,1277,0,0.4396800994873047,-0.4396800994873047
H1283R,BRCA1,1283,0,0.02263498306274414,-0.02263498306274414
H1284R,BRCA1,1284,0,-0.08199477195739746,0.08199477195739746
N132K,BRCA1,132,0,-0.14050698280334473,0.14050698280334473
R133C,BRCA1,133,0,-2.9159011840820312,2.9159011840820312
M1I,BRCA1,1,1,-7.086536407470703,7.086536407470703
D1337E,BRCA1,1337,0,0.6657042503356934,-0.6657042503356934
T1349M,BRCA1,1349,0,-1.2758886814117432,1.2758886814117432
M1361L,BRCA1,1361,0,1.6937627792358398,-1.6937627792358398
V1378I,BRCA1,1378,0,-0.48218441009521484,0.48218441009521484
H1402Y,BRCA1,1402,0,-1.2369422912597656,1.2369422912597656
M1411T,BRCA1,1411,1,-1.1705846786499023,1.1705846786499023
E1419Q,BRCA1,1419,0,0.03306412696838379,-0.03306412696838379
I1432L,BRCA1,1432,0,0.819828987121582,-0.819828987121582
N1468H,BRCA1,1468,0,-0.8890740871429443,0.8890740871429443
V1534M,BRCA1,1534,0,-0.9308481216430664,0.9308481216430664
D1546N,BRCA1,1546,0,-0.023493528366088867,0.023493528366088867
D1546Y,BRCA1,1546,0,-1.188089370727539,1.188089370727539
Q155E,BRCA1,155,0,0.4638676643371582,-0.4638676643371582
T1561I,BRCA1,1561,0,-0.23926401138305664,0.23926401138305664
L1564P,BRCA1,1564,0,-0.3750448226928711,0.3750448226928711
S1577P,BRCA1,1577,0,-0.7233352661132812,0.7233352661132812
A1584S,BRCA1,1584,0,0.8063571453094482,-0.8063571453094482
R1589H,BRCA1,1589,0,-0.05877232551574707,0.05877232551574707
I1593L,BRCA1,1593,0,0.5413937568664551,-0.5413937568664551
P1614S,BRCA1,1614,0,0.8524260520935059,-0.8524260520935059
P1637L,BRCA1,1637,0,-0.03589296340942383,0.03589296340942383
A1641T,BRCA1,1641,0,0.004091501235961914,-0.004091501235961914
S1655F,BRCA1,1655,1,-6.679775238037109,6.679775238037109
F1662S,BRCA1,1662,0,2.234701633453369,-2.234701633453369
E1682K,BRCA1,1682,0,-1.707183599472046,1.707183599472046
E1682V,BRCA1,1682,1,-2.7254598140716553,2.7254598140716553
T1685A,BRCA1,1685,1,-6.4138312339782715,6.4138312339782715
T1685I,BRCA1,1685,1,-7.1035966873168945,7.1035966873168945
H1686Q,BRCA1,1686,1,-7.068442344665527,7.068442344665527
T1691R,BRCA1,1691,1,-2.0946896076202393,2.0946896076202393
D1692Y,BRCA1,1692,1,-7.11039924621582,7.11039924621582
D1692V,BRCA1,1692,1,-6.224707126617432,6.224707126617432
C1697R,BRCA1,1697,1,-8.292888641357422,8.292888641357422
R170W,BRCA1,170,0,-2.9823880195617676,2.9823880195617676
R1699W,BRCA1,1699,1,-7.998056411743164,7.998056411743164
R1699L,BRCA1,1699,1,-7.36919641494751,7.36919641494751
T1700A,BRCA1,1700,1,-5.402395248413086,5.402395248413086
G1706A,BRCA1,1706,0,-0.9507050514221191,0.9507050514221191
A1708E,BRCA1,1708,1,-9.718242645263672,9.718242645263672
V1713A,BRCA1,1713,1,-3.295447826385498,3.295447826385498
V1714G,BRCA1,1714,1,-8.224390983581543,8.224390983581543
S1715R,BRCA1,1715,1,-4.557363510131836,4.557363510131836
S1715C,BRCA1,1715,1,-5.66229248046875,5.66229248046875
S1715N,BRCA1,1715,1,-1.4467716217041016,1.4467716217041016
W1718C,BRCA1,1718,1,-8.005516052246094,8.005516052246094
T1720A,BRCA1,1720,0,-1.4863245487213135,1.4863245487213135
D1733G,BRCA1,1733,0,-1.7932360172271729,1.7932360172271729
F1734S,BRCA1,1734,1,-8.017930030822754,8.017930030822754
V1736G,BRCA1,1736,1,-6.129942893981934,6.129942893981934
G1738R,BRCA1,1738,1,-1.9997358322143555,1.9997358322143555
G1738E,BRCA1,1738,1,-0.7075705528259277,0.7075705528259277
D1739Y,BRCA1,1739,1,-4.029829025268555,4.029829025268555
D1739G,BRCA1,1739,1,-3.7164292335510254,3.7164292335510254
D1739V,BRCA1,1739,1,-4.079387187957764,4.079387187957764
D1739E,BRCA1,1739,1,-1.6527255773544312,1.6527255773544312
G1748D,BRCA1,1748,1,-2.307122230529785,2.307122230529785
P1749R,BRCA1,1749,1,2.400209665298462,-2.400209665298462
R1751Q,BRCA1,1751,0,-4.079747676849365,4.079747676849365
R1751P,BRCA1,1751,1,-4.833771705627441,4.833771705627441
A1752P,BRCA1,1752,1,-3.027543544769287,3.027543544769287
F1761S,BRCA1,1761,1,-7.766788959503174,7.766788959503174
L1764P,BRCA1,1764,1,-6.594831466674805,6.594831466674805
D1778N,BRCA1,1778,1,-1.5512129068374634,1.5512129068374634
L1780P,BRCA1,1780,1,-8.402896881103516,8.402896881103516
G1788C,BRCA1,1788,1,-6.234488487243652,6.234488487243652
A1789T,BRCA1,1789,1,-7.239657402038574,7.239657402038574
M18K,BRCA1,18,1,-5.154409408569336,5.154409408569336
V1804D,BRCA1,1804,0,0.10833024978637695,-0.10833024978637695
V1809F,BRCA1,1809,1,-2.2458839416503906,2.2458839416503906
Q1811R,BRCA1,1811,1,-0.21022915840148926,0.21022915840148926
N1819S,BRCA1,1819,0,1.4406030178070068,-1.4406030178070068
A1823T,BRCA1,1823,1,-0.15815401077270508,0.15815401077270508
V1833M,BRCA1,1833,1,-2.0056092739105225,2.0056092739105225
W1837G,BRCA1,1837,1,-7.454167366027832,7.454167366027832
V1838E,BRCA1,1838,1,-9.939386367797852,9.939386367797852
A1843P,BRCA1,1843,1,-6.874300003051758,6.874300003051758
L1844R,BRCA1,1844,0,0.4450383186340332,-0.4450383186340332
Y1853C,BRCA1,1853,1,-3.532325029373169,3.532325029373169
L1854P,BRCA1,1854,1,-3.850029706954956,3.850029706954956
P1856S,BRCA1,1856,0,-1.1746153831481934,1.1746153831481934
P1859R,BRCA1,1859,0,-1.0988025665283203,1.0988025665283203
S186Y,BRCA1,186,0,-4.0565900802612305,4.0565900802612305
H1862L,BRCA1,1862,0,1.2709403038024902,-1.2709403038024902
L22S,BRCA1,22,1,-3.9923934936523438,3.9923934936523438
C24R,BRCA1,24,1,-10.013472557067871,10.013472557067871
H239R,BRCA1,239,0,0.05707073211669922,-0.05707073211669922
C24Y,BRCA1,24,1,-6.907151222229004,6.907151222229004
T248N,BRCA1,248,0,-0.060062408447265625,0.060062408447265625
G263C,BRCA1,263,0,-0.554774284362793,0.554774284362793
G263A,BRCA1,263,0,-0.07128429412841797,0.07128429412841797
S264C,BRCA1,264,0,-1.5681219100952148,1.5681219100952148
V271M,BRCA1,271,0,-0.9533407688140869,0.9533407688140869
G275S,BRCA1,275,0,0.956108808517456,-0.956108808517456
G275D,BRCA1,275,0,0.11667943000793457,-0.11667943000793457
A280G,BRCA1,280,0,0.20983266830444336,-0.20983266830444336
M297I,BRCA1,297,0,0.8375580310821533,-0.8375580310821533
F247L,BRAF,247,1,-14.106075286865234,14.106075286865234
G132D,TSC1,132,1,-4.934865951538086,4.934865951538086
L61R,TSC1,61,1,-3.987884998321533,3.987884998321533
V126I,TSC1,126,0,-0.820652961730957,0.820652961730957
H181P,TSC1,181,1,-3.1132519245147705,3.1132519245147705
A567V,TSC1,567,0,-0.26156020164489746,0.26156020164489746
V384I,TSC2,384,0,-0.4134700298309326,0.4134700298309326
S1094L,TSC2,1094,0,-0.5118317604064941,0.5118317604064941
R622W,TSC2,622,1,-1.9769349098205566,1.9769349098205566
L1061P,TSC2,1061,1,-0.004629850387573242,0.004629850387573242
L528P,TSC2,528,1,-1.525977373123169,1.525977373123169
R1122C,TSC2,1122,0,-2.0429301261901855,2.0429301261901855
L844P,TSC2,844,1,-2.06390380859375,2.06390380859375
S235N,TSC2,235,0,-0.9027831554412842,0.9027831554412842
R537C,TSC2,537,0,-0.2860538959503174,0.2860538959503174
V1008M,TSC2,1008,0,-1.3905062675476074,1.3905062675476074
V1711M,TSC2,1711,0,-1.1132807731628418,1.1132807731628418
R988P,TSC2,988,0,0.2416973114013672,-0.2416973114013672
G1596V,TSC2,1596,1,-3.3540475368499756,3.3540475368499756
R1268H,TSC2,1268,0,-2.3930017948150635,2.3930017948150635
A889P,TSC2,889,1,-2.2256503105163574,2.2256503105163574
A1323V,TSC2,1323,0,-0.30438971519470215,0.30438971519470215
L1548P,TSC2,1548,1,-5.551998138427734,5.551998138427734
N1522S,TSC2,1522,0,0.9726033210754395,-0.9726033210754395
G1439D,TSC2,1439,0,-0.7211265563964844,0.7211265563964844
N958S,TSC2,958,0,1.6235580444335938,-1.6235580444335938
E456K,TSC2,456,0,-1.0963101387023926,1.0963101387023926
S1433L,TSC2,1433,0,-0.5699782371520996,0.5699782371520996
S1653P,TSC2,1653,1,-1.1737933158874512,1.1737933158874512
P1145L,TSC2,1145,0,0.21579265594482422,-0.21579265594482422
L733V,TSC2,733,1,-0.612013578414917,0.612013578414917
E254K,TSC2,254,0,-0.45845580101013184,0.45845580101013184
N1643S,TSC2,1643,1,-4.884758949279785,4.884758949279785
H1620R,TSC2,1620,1,-4.956992149353027,4.956992149353027
M1I,TSC2,1,1,-6.8145952224731445,6.8145952224731445
R1743L,TSC2,1743,1,-0.15304970741271973,0.15304970741271973
T1623I,TSC2,1623,1,-3.4903576374053955,3.4903576374053955
S1498T,TSC2,1498,1,-0.47873950004577637,0.47873950004577637
K658T,TSC2,658,0,0.23570847511291504,-0.23570847511291504
R1044K,TSC2,1044,1,-0.059389591217041016,0.059389591217041016
G1567V,TSC2,1567,1,-3.4044857025146484,3.4044857025146484
A1479V,TSC2,1479,0,0.16201448440551758,-0.16201448440551758
H597Y,TSC2,597,1,0.04764747619628906,-0.04764747619628906
D1028G,TSC2,1028,1,-0.3949003219604492,0.3949003219604492
A1722P,TSC2,1722,1,-0.5810928344726562,0.5810928344726562
L1708P,TSC2,1708,1,-0.7360684871673584,0.7360684871673584
T1068I,TSC2,1068,1,-2.1462595462799072,2.1462595462799072
F1174V,ALK,1174,1,-13.064695358276367,13.064695358276367
D338G,NF1,338,1,-0.7320451736450195,0.7320451736450195
L549P,NF1,549,1,-4.075137615203857,4.075137615203857
L578R,NF1,578,1,-3.467970371246338,3.467970371246338
K583R,NF1,583,1,-0.26114559173583984,0.26114559173583984
G629R,NF1,629,1,-0.39000511169433594,0.39000511169433594
L695P,NF1,695,1,-1.4516425132751465,1.4516425132751465
L763P,NF1,763,1,-3.443986177444458,3.443986177444458
W777S,NF1,777,1,2.3562843799591064,-2.3562843799591064
T780K,NF1,780,1,-0.32534170150756836,0.32534170150756836
H781P,NF1,781,1,0.347506046295166,-0.347506046295166
W784R,NF1,784,1,0.5973336696624756,-0.5973336696624756
W784C,NF1,784,1,0.07970356941223145,-0.07970356941223145
S82F,NF1,82,1,-0.2646474838256836,0.2646474838256836
L844F,NF1,844,1,-1.3347855806350708,1.3347855806350708
L844P,NF1,844,1,-1.990636944770813,1.990636944770813
L847P,NF1,847,1,-1.610755443572998,1.610755443572998
G848E,NF1,848,1,-0.06515336036682129,0.06515336036682129
L898P,NF1,898,1,-5.113557815551758,5.113557815551758
C93Y,NF1,93,1,0.23410677909851074,-0.23410677909851074
M968R,NF1,968,1,-3.7379281520843506,3.7379281520843506
F1193C,NF1,1193,1,-0.8238883018493652,0.8238883018493652
L1196R,NF1,1196,1,-0.7378373146057129,0.7378373146057129
R1204G,NF1,1204,1,0.42214155197143555,-0.42214155197143555
R1204W,NF1,1204,1,-1.1646966934204102,1.1646966934204102
R1276G,NF1,1276,1,-0.13931536674499512,0.13931536674499512
R1276Q,NF1,1276,1,0.10218167304992676,-0.10218167304992676
K1440Q,NF1,1440,1,0.19445490837097168,-0.19445490837097168
K1444R,NF1,1444,1,-0.12144207954406738,0.12144207954406738
K1444N,NF1,1444,1,-0.04112720489501953,0.04112720489501953
L1446P,NF1,1446,1,-2.2716612815856934,2.2716612815856934
L145P,NF1,145,1,-2.5325570106506348,2.5325570106506348
S1489G,NF1,1489,1,-0.9223170280456543,0.9223170280456543
R160T,NF1,160,1,0.7463943958282471,-0.7463943958282471
L194R,NF1,194,1,-1.0670218467712402,1.0670218467712402
W1952R,NF1,1952,1,0.3449110984802246,-0.3449110984802246
G2001R,NF1,2001,1,-0.6229491233825684,0.6229491233825684
C324R,NF1,324,1,-2.2596964836120605,2.2596964836120605
S304F,WT1,304,1,-12.141809463500977,12.141809463500977
P1851S,NF1,1851,1,-0.18429851531982422,0.18429851531982422
H365Y,TP53,365,0,-1.7544317245483398,1.7544317245483398
E842G,BRCA1,842,0,-0.8070497512817383,0.8070497512817383
N916Y,BRCA1,916,0,-1.13254976272583,1.13254976272583
S1266R,BRCA1,1266,0,-1.8518834114074707,1.8518834114074707
G1515E,BRCA1,1515,0,0.5924875736236572,-0.5924875736236572
L1786P,BRCA1,1786,1,-4.677827835083008,4.677827835083008
L1839S,BRCA1,1839,1,-6.253481388092041,6.253481388092041
E2878K,BRCA2,2878,1,0.48538875579833984,-0.48538875579833984
R2888C,BRCA2,2888,0,-1.066277027130127,1.066277027130127
D381N,BRCA2,381,0,-0.013392448425292969,0.013392448425292969
S1134T,BRCA2,1134,0,-0.8107051849365234,0.8107051849365234
P96S,PTEN,96,1,-11.53927230834961,11.53927230834961
W111R,PTEN,111,1,-13.81701374053955,13.81701374053955
G132D,PTEN,132,1,-12.821371078491211,12.821371078491211
R15I,PTEN,15,1,-13.08808422088623,13.08808422088623
Y155N,PTEN,155,1,-10.550354957580566,10.550354957580566
N78S,VHL,78,1,0.8282113075256348,-0.8282113075256348
P86A,VHL,86,1,0.06619071960449219,-0.06619071960449219
P25L,VHL,25,0,-2.0050246715545654,2.0050246715545654
M362T,MET,362,0,-2.4718363285064697,2.4718363285064697
S3389F,BRCA2,3389,0,-1.3235177993774414,1.3235177993774414
P389Q,BRCA2,389,0,-0.26460862159729004,0.26460862159729004
E919K,BRCA2,919,0,0.28727149963378906,-0.28727149963378906
I1724V,BRCA2,1724,0,-0.13380193710327148,0.13380193710327148
I2490T,BRCA2,2490,0,-0.3395967483520508,0.3395967483520508
R2520Q,BRCA2,2520,0,-0.11085057258605957,0.11085057258605957
L2604P,BRCA2,2604,1,-1.844912052154541,1.844912052154541
P334H,BRCA1,334,0,-0.4307222366333008,0.4307222366333008
Q1273R,BRCA1,1273,0,-0.6171000003814697,0.6171000003814697
L1780R,BRCA1,1780,1,-6.602860450744629,6.602860450744629
V654M,RB1,654,1,-1.4142277240753174,1.4142277240753174
M246V,TP53,246,1,-6.162406921386719,6.162406921386719
H296R,TP53,296,1,-0.5287630558013916,0.5287630558013916
D693Y,BRCA1,693,0,-0.8042502403259277,0.8042502403259277
D749H,BRCA1,749,0,-0.9236493110656738,0.9236493110656738
S1320P,BRCA1,1320,0,-1.2970571517944336,1.2970571517944336
S1722P,BRCA1,1722,1,-9.246384620666504,9.246384620666504
Q321H,BRCA2,321,0,-0.5776984691619873,0.5776984691619873
K513R,BRCA2,513,0,-0.9562802314758301,0.9562802314758301
S646R,BRCA2,646,0,-0.5720157623291016,0.5720157623291016
K1132N,BRCA2,1132,0,-0.3576146364212036,0.3576146364212036
A2730P,BRCA2,2730,1,-3.5022964477539062,3.5022964477539062
A3028P,BRCA2,3028,1,-0.1632859706878662,0.1632859706878662
G3076V,BRCA2,3076,1,-2.6304666996002197,2.6304666996002197
K643E,RB1,643,1,-8.208789825439453,8.208789825439453
D701N,RB1,701,1,-7.926617622375488,7.926617622375488
H733Y,RB1,733,1,-3.104814052581787,3.104814052581787
G449V,RB1,449,1,-8.082290649414062,8.082290649414062
V609I,APC,609,0,-0.3356611728668213,0.3356611728668213
A1446T,APC,1446,0,-0.0017247200012207031,0.0017247200012207031
R2505Q,APC,2505,0,-1.3647751808166504,1.3647751808166504
A2690T,APC,2690,0,0.45533275604248047,-0.45533275604248047
N358S,ATM,358,0,0.8948476314544678,-0.8948476314544678
P604S,ATM,604,0,0.8941996097564697,-0.8941996097564697
S788R,ATM,788,0,-0.632077693939209,0.632077693939209
S978P,ATM,978,0,-1.2341914176940918,1.2341914176940918
I124V,ATM,124,0,-0.3710594177246094,0.3710594177246094
A1309T,ATM,1309,0,0.13313603401184082,-0.13313603401184082
N1650S,ATM,1650,0,0.7462735176086426,-0.7462735176086426
T1743I,ATM,1743,1,0.032004594802856445,-0.032004594802856445
V1941L,ATM,1941,0,0.5427935123443604,-0.5427935123443604
S2394L,ATM,2394,1,0.8532506227493286,-0.8532506227493286
R2832C,ATM,2832,1,-4.749371528625488,4.749371528625488
S294R,PTEN,294,0,-1.4003806114196777,1.4003806114196777
Q298E,PTEN,298,0,0.6147561073303223,-0.6147561073303223
V10I,TP53,10,0,-1.5262093544006348,1.5262093544006348
R110H,TP53,110,0,-3.2474915981292725,3.2474915981292725
Y163C,TP53,163,1,-9.082362174987793,9.082362174987793
H179Y,TP53,179,1,-9.107465744018555,9.107465744018555
P191R,TP53,191,0,-9.300933837890625,9.300933837890625
L194F,TP53,194,1,-8.341167449951172,8.341167449951172
Y220C,TP53,220,1,-7.596230983734131,7.596230983734131
Y234C,TP53,234,1,-9.63138198852539,9.63138198852539
N235S,TP53,235,0,-9.010332107543945,9.010332107543945
R283C,TP53,283,0,-5.875931739807129,5.875931739807129
R290H,TP53,290,0,-6.40852689743042,6.40852689743042
G293W,TP53,293,0,-4.423177242279053,4.423177242279053
A149S,VHL,149,1,0.22347426414489746,-0.22347426414489746
S707P,ATM,707,0,-1.2757000923156738,1.2757000923156738
D126E,ATM,126,0,0.39710021018981934,-0.39710021018981934
L1420F,ATM,1420,0,-1.3539438247680664,1.3539438247680664
D1853N,ATM,1853,0,-0.008324384689331055,0.008324384689331055
V182L,ATM,182,0,0.19466185569763184,-0.19466185569763184
P1054R,ATM,1054,0,-0.8401913642883301,0.8401913642883301
F858L,ATM,858,0,1.1648859977722168,-1.1648859977722168
H296Y,TP53,296,0,-2.7040908336639404,2.7040908336639404
P36S,ALK,36,0,0.03781270980834961,-0.03781270980834961
V163L,ALK,163,0,0.5940752029418945,-0.5940752029418945
V198M,ALK,198,0,-1.1253223419189453,1.1253223419189453
T648I,ALK,648,0,-0.7692837715148926,0.7692837715148926
T680I,ALK,680,0,-1.453538417816162,1.453538417816162
N709K,ALK,709,0,-0.9242739677429199,0.9242739677429199
T1012M,ALK,1012,0,-1.0527377128601074,1.0527377128601074
A1047T,ALK,1047,0,-0.9878182411193848,0.9878182411193848
R259H,ALK,259,0,-0.4465596675872803,0.4465596675872803
I1461V,ALK,1461,0,1.1317481994628906,-1.1317481994628906
K1491R,ALK,1491,0,0.11385536193847656,-0.11385536193847656
K1525E,ALK,1525,0,0.20122456550598145,-0.20122456550598145
D1529E,ALK,1529,0,0.2790863513946533,-0.2790863513946533
E1419K,ALK,1419,0,-0.43813610076904297,0.43813610076904297
A371T,ALK,371,0,0.31789088249206543,-0.31789088249206543
E405D,ALK,405,0,-2.0560150146484375,2.0560150146484375
V476A,ALK,476,0,1.4081346988677979,-1.4081346988677979
N1217T,APC,1217,0,0.2922194004058838,-0.2922194004058838
I2515V,APC,2515,0,0.5115242004394531,-0.5115242004394531
N862K,APC,862,0,-0.4164397716522217,0.4164397716522217
R1171C,APC,1171,0,-1.3872654438018799,1.3872654438018799
A1474T,APC,1474,0,-0.12568092346191406,0.12568092346191406
R1640Q,APC,1640,0,1.2987548112869263,-1.2987548112869263
M1211R,APC,1211,0,1.8288602828979492,-1.8288602828979492
G514D,ATM,514,0,-0.5252187252044678,0.5252187252044678
L546V,ATM,546,0,-0.6800553798675537,0.6800553798675537
D814E,ATM,814,0,0.40450119972229004,-0.40450119972229004
P872S,ATM,872,0,1.5193390846252441,-1.5193390846252441
Q1128R,ATM,1128,0,0.07642889022827148,-0.07642889022827148
H1380Y,ATM,1380,0,-0.10798931121826172,0.10798931121826172
R1898Q,ATM,1898,0,-0.2529149055480957,0.2529149055480957
I2030V,ATM,2030,0,-0.34570741653442383,0.34570741653442383
V2079I,ATM,2079,0,-0.18194079399108887,0.18194079399108887
L2332P,ATM,2332,0,-1.1453454494476318,1.1453454494476318
L824S,BRCA2,824,0,0.025655269622802734,-0.025655269622802734
V2466A,BRCA2,2466,0,0.1959245204925537,-0.1959245204925537
R521K,EGFR,521,0,0.630211591720581,-0.630211591720581
H988P,EGFR,988,0,-1.8159828186035156,1.8159828186035156
S1162N,EGFR,1162,0,0.11499166488647461,-0.11499166488647461
L15F,ERBB2,15,0,-3.519948959350586,3.519948959350586
A386D,ERBB2,386,0,-1.4653229713439941,1.4653229713439941
W452C,ERBB2,452,0,-1.6569867134094238,1.6569867134094238
R47H,ERBB2,47,0,-2.5752744674682617,2.5752744674682617
M31I,ERBB2,31,0,0.6461811065673828,-0.6461811065673828
E930D,ERBB2,930,0,-4.762730598449707,4.762730598449707
P1170A,ERBB2,1170,0,-1.411848783493042,1.411848783493042
A1216D,ERBB2,1216,0,-0.4992215633392334,0.4992215633392334
R1161Q,ERBB2,1161,0,-0.28164052963256836,0.28164052963256836
E79A,ERBB2,79,0,-6.271879196166992,6.271879196166992
L145F,ERBB2,145,0,-7.263971328735352,7.263971328735352
R143Q,ERBB2,143,0,-1.2944941520690918,1.2944941520690918
H888Y,MET,888,0,-0.48551225662231445,0.48551225662231445
A1363T,MET,1363,0,-0.03805375099182129,0.03805375099182129
L575I,MET,575,0,0.42052435874938965,-0.42052435874938965
M645V,NF1,645,0,0.5489685535430908,-0.5489685535430908
V2511L,NF1,2511,0,0.45383620262145996,-0.45383620262145996
A525G,RB1,525,0,-5.981788635253906,5.981788635253906
T633I,RB1,633,0,-1.4097304344177246,1.4097304344177246
T58I,RB1,58,0,-0.740607500076294,0.740607500076294
T307I,RB1,307,0,-0.9777634143829346,0.9777634143829346
G446R,RET,446,0,-1.0079503059387207,1.0079503059387207
D489N,RET,489,0,-2.2853903770446777,2.2853903770446777
R213Q,TP53,213,1,-5.5459089279174805,5.5459089279174805
S366A,TP53,366,0,-0.9688462018966675,0.9688462018966675
G1057S,TSC1,1057,0,1.4135055541992188,-1.4135055541992188
T783I,TSC2,783,0,-0.8078970909118652,0.8078970909118652
L921V,TSC2,921,0,-0.5230271816253662,0.5230271816253662
R1138Q,TSC2,1138,0,-0.6166958808898926,0.6166958808898926
P40L,VHL,40,0,-2.5417873859405518,2.5417873859405518
R99W,APC,99,0,-2.89865779876709,2.89865779876709
P2681L,APC,2681,0,-0.2003469467163086,0.2003469467163086
D49H,TP53,49,0,0.19875121116638184,-0.19875121116638184
G127R,PTEN,127,1,-10.129082679748535,10.129082679748535
S360G,PTEN,360,0,-1.134650707244873,1.134650707244873
D7E,TP53,7,0,0.5644609928131104,-0.5644609928131104
Y107H,TP53,107,0,-0.06983184814453125,0.06983184814453125
S1983N,ATM,1983,0,-0.7995514869689941,0.7995514869689941
C141Y,TP53,141,1,-8.562947273254395,8.562947273254395
R282G,TP53,282,1,-10.246901512145996,10.246901512145996
D2016G,ATM,2016,1,0.009397506713867188,-0.009397506713867188
A84T,TP53,84,0,-2.0909266471862793,2.0909266471862793
D2723V,BRCA2,2723,1,-4.9618940353393555,4.9618940353393555
F3057V,BRCA2,3057,0,-0.07621192932128906,0.07621192932128906
D48E,TP53,48,0,0.9345308542251587,-0.9345308542251587
V122M,TP53,122,0,-6.257219314575195,6.257219314575195
T312S,TP53,312,0,0.9379094839096069,-0.9379094839096069
K3015E,BRCA2,3015,0,-0.8167836666107178,0.8167836666107178
I323V,ATM,323,1,-0.18763089179992676,0.18763089179992676
D281G,TP53,281,1,-10.621986389160156,10.621986389160156
R335C,TP53,335,0,-7.674968242645264,7.674968242645264
I232T,TP53,232,1,-6.243252754211426,6.243252754211426
G262S,TP53,262,0,-4.365884780883789,4.365884780883789
L2587F,BRCA2,2587,0,-0.669064998626709,0.669064998626709
S185N,TP53,185,0,1.0357286930084229,-1.0357286930084229
E388A,TP53,388,0,-0.23925566673278809,0.23925566673278809
W837R,NF1,837,1,1.5336430072784424,-1.5336430072784424
P1092L,TSC2,1092,0,-0.015421152114868164,0.015421152114868164
E298K,TP53,298,0,-1.4475507736206055,1.4475507736206055
T3030I,BRCA2,3030,0,0.10304975509643555,-0.10304975509643555
R1095K,ATM,1095,1,0.5673673152923584,-0.5673673152923584
A74V,TP53,74,0,-1.7463690042495728,1.7463690042495728
R1676T,APC,1676,0,0.4107034206390381,-0.4107034206390381
R2336G,BRCA2,2336,0,0.23145270347595215,-0.23145270347595215
E171K,TP53,171,0,-10.692645072937012,10.692645072937012
P36Q,TP53,36,0,-1.0922012329101562,1.0922012329101562
R3008H,ATM,3008,1,-2.0720696449279785,2.0720696449279785
A742S,NF1,742,0,0.40311121940612793,-0.40311121940612793
M646V,TSC1,646,0,0.9996874332427979,-0.9996874332427979
L2396F,BRCA2,2396,0,-0.5840175151824951,0.5840175151824951
D2708E,ATM,2708,1,-2.9584171772003174,2.9584171772003174
R267W,TP53,267,1,-12.116018295288086,12.116018295288086
S229T,PTEN,229,0,-1.5327417850494385,1.5327417850494385
E339Q,TP53,339,0,-5.5716094970703125,5.5716094970703125
R158H,TP53,158,1,-7.817679405212402,7.817679405212402
G360A,TP53,360,0,-0.11665034294128418,0.11665034294128418
L826V,APC,826,0,-0.17756867408752441,0.17756867408752441
R130P,PTEN,130,1,-14.235316276550293,14.235316276550293
R3008C,ATM,3008,1,-2.507662296295166,2.507662296295166
Y174N,PTEN,174,1,-15.097295761108398,15.097295761108398
C105Y,PTEN,105,1,-12.702969551086426,12.702969551086426
P246L,PTEN,246,1,-5.64084529876709,5.64084529876709
R333H,TP53,333,0,-6.708651542663574,6.708651542663574
I135V,PTEN,135,1,-3.303678035736084,3.303678035736084
R181H,TP53,181,1,-6.96656608581543,6.96656608581543
S303G,TP53,303,0,-0.7284865379333496,0.7284865379333496
V73M,TP53,73,0,-1.716465711593628,1.716465711593628
F266L,BRCA2,266,0,0.6359286308288574,-0.6359286308288574
G108S,TP53,108,0,-3.284482002258301,3.284482002258301
F200V,PTEN,200,1,-9.997961044311523,9.997961044311523
R337C,TP53,337,1,-7.128255367279053,7.128255367279053
L35F,TP53,35,0,-1.391169548034668,1.391169548034668
R181C,TP53,181,1,-7.477550029754639,7.477550029754639
N3187K,BRCA2,3187,0,0.4203367233276367,-0.4203367233276367
V143M,TP53,143,1,-6.1353936195373535,6.1353936195373535
D1911G,BRCA2,1911,0,-0.37323498725891113,0.37323498725891113
V2716A,ATM,2716,1,-3.301419258117676,3.301419258117676
M237I,TP53,237,1,-9.344751358032227,9.344751358032227
P152L,TP53,152,1,-0.6157293319702148,0.6157293319702148
F2562C,BRCA2,2562,1,-0.644171953201294,0.644171953201294
D2708N,ATM,2708,1,-2.1851019859313965,2.1851019859313965
R337L,TP53,337,1,-8.137577056884766,8.137577056884766
P72A,TP53,72,0,0.4673922061920166,-0.4673922061920166
D84A,CDKN2A,84,1,0.4484982490539551,-0.4484982490539551
I190K,ATM,190,0,-2.413543701171875,2.413543701171875
H1805Y,BRCA1,1805,0,-1.2156562805175781,1.2156562805175781
A2825S,BRCA2,2825,0,0.3196678161621094,-0.3196678161621094
R189K,ATM,189,0,0.42772841453552246,-0.42772841453552246
P354Q,PTEN,354,0,-5.014796257019043,5.014796257019043
K556Q,BRCA1,556,0,-0.4718668460845947,0.4718668460845947
Q713P,BRCA2,713,0,-0.10615277290344238,0.10615277290344238
G428D,EGFR,428,1,-9.033711433410645,9.033711433410645
Q61R,HRAS,61,1,-13.410158157348633,13.410158157348633
E52K,VHL,52,0,-3.5282042026519775,3.5282042026519775
N56S,TSC2,56,0,0.539888858795166,-0.539888858795166
E75K,TSC2,75,0,-0.7200117111206055,0.7200117111206055
G266E,TP53,266,1,-11.110283851623535,11.110283851623535
C238W,TP53,238,1,-12.940349578857422,12.940349578857422
A161T,TP53,161,1,-6.857699394226074,6.857699394226074
P86S,VHL,86,1,0.30054450035095215,-0.30054450035095215
F595L,BRAF,595,1,-9.634737014770508,9.634737014770508
A712D,BRAF,712,1,-13.245085716247559,13.245085716247559
N581S,BRAF,581,1,-13.392523765563965,13.392523765563965
L861Q,EGFR,861,1,-8.804099082946777,8.804099082946777
A59L,HRAS,59,1,-21.66034698486328,21.66034698486328
G12E,HRAS,12,1,-10.11212158203125,10.11212158203125
S241C,TP53,241,1,-10.370281219482422,10.370281219482422
R337P,TP53,337,1,-9.255759239196777,9.255759239196777
W117C,VHL,117,1,-0.9852819442749023,0.9852819442749023
Q262R,BRAF,262,1,-13.962483406066895,13.962483406066895
H574Q,BRAF,574,1,-16.728303909301758,16.728303909301758
G13V,HRAS,13,1,-14.196647644042969,14.196647644042969
S65L,VHL,65,1,1.0319619178771973,-1.0319619178771973
P86L,VHL,86,1,-0.5680370330810547,0.5680370330810547
L89P,VHL,89,1,-0.8305537700653076,0.8305537700653076
L158P,VHL,158,1,-1.134554386138916,1.134554386138916
R161Q,VHL,161,1,-0.5198700428009033,0.5198700428009033
D108Y,CDKN2A,108,1,-9.751729965209961,9.751729965209961
M1V,ATM,1,1,-5.312033653259277,5.312033653259277
E26Q,ATM,26,0,-0.4788544178009033,0.4788544178009033
E699G,ATM,699,0,-1.663809061050415,1.663809061050415
L1283P,ATM,1283,1,-0.769660472869873,0.769660472869873
L1465P,ATM,1465,1,-1.1314804553985596,1.1314804553985596
A1942V,ATM,1942,1,0.056130170822143555,-0.056130170822143555
R2032K,ATM,2032,1,0.10897350311279297,-0.10897350311279297
R2227C,ATM,2227,1,-0.5097224712371826,0.5097224712371826
T2666N,ATM,2666,1,0.15807223320007324,-0.15807223320007324
V2716F,ATM,2716,1,1.347460389137268,-1.347460389137268
G173R,BRCA2,173,1,0.8952465057373047,-0.8952465057373047
M384V,TP53,384,0,1.7181673049926758,-1.7181673049926758
D281V,TP53,281,1,-12.772178649902344,12.772178649902344
I251L,TP53,251,1,-6.87716007232666,6.87716007232666
C238Y,TP53,238,1,-12.039851188659668,12.039851188659668
V216M,TP53,216,1,-7.359709739685059,7.359709739685059
R175L,TP53,175,1,-11.181779861450195,11.181779861450195
S127F,TP53,127,1,-11.397281646728516,11.397281646728516
C124S,TP53,124,0,-7.806856155395508,7.806856155395508
H115R,TP53,115,0,-6.018768310546875,6.018768310546875
P82L,TP53,82,0,-2.830862522125244,2.830862522125244
A63V,TP53,63,0,-1.0496264696121216,1.0496264696121216
G163R,STK11,163,1,-13.612876892089844,13.612876892089844
D176N,STK11,176,1,-12.28175163269043,12.28175163269043
N181K,STK11,181,1,-15.563029289245605,15.563029289245605
S240W,STK11,240,1,-12.998702049255371,12.998702049255371
R297G,STK11,297,1,-12.679640769958496,12.679640769958496
R297S,STK11,297,1,-11.995380401611328,11.995380401611328
D1636Y,APC,1636,0,-2.7093868255615234,2.7093868255615234
H1686R,BRCA1,1686,1,-8.22907543182373,8.22907543182373
F841V,MET,841,1,1.8610655069351196,-1.8610655069351196
S80G,VHL,80,1,0.046166181564331055,-0.046166181564331055
R332Q,APC,332,0,-0.5215260982513428,0.5215260982513428
I983T,APC,983,0,0.3409709930419922,-0.3409709930419922
A1247T,APC,1247,0,-0.13889074325561523,0.13889074325561523
V1092I,MET,1092,1,-5.142653465270996,5.142653465270996
A60E,CDKN2A,60,1,-5.699178695678711,5.699178695678711
Q50P,CDKN2A,50,1,-2.461507797241211,2.461507797241211
D24N,PTEN,24,1,-7.708646297454834,7.708646297454834
D24H,PTEN,24,1,-11.180156707763672,11.180156707763672
L57W,PTEN,57,1,-11.553873062133789,11.553873062133789
C124G,PTEN,124,1,-12.561264038085938,12.561264038085938
C136R,PTEN,136,1,-10.848527908325195,10.848527908325195
R159G,PTEN,159,1,-14.050376892089844,14.050376892089844
R173P,PTEN,173,1,-13.45634651184082,13.45634651184082
T277I,PTEN,277,1,-9.244140625,9.244140625
M1L,ATM,1,1,-4.493180274963379,4.493180274963379
M1T,ATM,1,1,-5.750633239746094,5.750633239746094
L615P,ATM,615,1,0.491058349609375,-0.491058349609375
L950R,ATM,950,1,-2.6969165802001953,2.6969165802001953
L1046P,ATM,1046,1,-6.05415153503418,6.05415153503418
A2524P,ATM,2524,1,-1.4866244792938232,1.4866244792938232
G2765S,ATM,2765,1,-5.754115104675293,5.754115104675293
E2904G,ATM,2904,1,-10.344964981079102,10.344964981079102
Y2601C,BRCA2,2601,1,-0.6036920547485352,0.6036920547485352
P2785T,BRCA2,2785,0,-0.08626985549926758,0.08626985549926758
P2785L,BRCA2,2785,0,0.4062483310699463,-0.4062483310699463
A210T,TSC2,210,0,0.2830798625946045,-0.2830798625946045
A678T,TSC2,678,0,-1.058379054069519,1.058379054069519
A1759T,TSC2,1759,0,-0.41504406929016113,0.41504406929016113
R1870Q,NF1,1870,1,-1.0046825408935547,1.0046825408935547
I1858L,BRCA1,1858,0,0.8913977146148682,-0.8913977146148682
A744T,BRCA1,744,0,0.5424385070800781,-0.5424385070800781
T333A,BRCA1,333,0,-0.38947415351867676,0.38947415351867676
R71M,BRCA1,71,1,-4.279840469360352,4.279840469360352
K45Q,BRCA1,45,0,-5.3704633712768555,5.3704633712768555
P34L,BRCA1,34,1,-6.7928466796875,6.7928466796875
R379S,TP53,379,0,1.2090749740600586,-1.2090749740600586
R333C,TP53,333,0,-6.9656572341918945,6.9656572341918945
S315T,TP53,315,0,-0.23087692260742188,0.23087692260742188
E286K,TP53,286,1,-8.479897499084473,8.479897499084473
A276G,TP53,276,1,-7.901784420013428,7.901784420013428
V272M,TP53,272,1,-7.676033973693848,7.676033973693848
N247I,TP53,247,1,-10.619669914245605,10.619669914245605
H193R,TP53,193,1,-10.84193229675293,10.84193229675293
C176Y,TP53,176,1,-12.453193664550781,12.453193664550781
T170M,TP53,170,0,-6.929820537567139,6.929820537567139
V157I,TP53,157,0,-0.8139496445655823,0.8139496445655823
A138V,TP53,138,1,-4.554531097412109,4.554531097412109
P72H,TP53,72,0,-3.3311657905578613,3.3311657905578613
D49N,TP53,49,0,0.059409379959106445,-0.059409379959106445
D194E,STK11,194,1,-12.010770797729492,12.010770797729492
R304W,STK11,304,1,-8.772549629211426,8.772549629211426
R1022Q,MET,1022,0,0.07285046577453613,-0.07285046577453613
P48T,CDKN2A,48,1,-4.964269638061523,4.964269638061523
I88V,RET,88,0,1.0773868560791016,-1.0773868560791016
A373V,RET,373,0,0.6137402057647705,-0.6137402057647705
I1165K,NF1,1165,1,-0.42450714111328125,0.42450714111328125
Q1447R,NF1,1447,1,-0.22354578971862793,0.22354578971862793
V197M,TP53,197,1,-6.6753387451171875,6.6753387451171875
D194N,STK11,194,1,-8.393739700317383,8.393739700317383
M1I,ATM,1,1,-5.604248046875,5.604248046875
D24Y,PTEN,24,1,-11.766332626342773,11.766332626342773
T26I,PTEN,26,1,-9.240500450134277,9.240500450134277
Y27N,PTEN,27,1,-13.068964004516602,13.068964004516602
G36R,PTEN,36,1,-11.64980411529541,11.64980411529541
R47G,PTEN,47,1,-11.901143074035645,11.901143074035645
H61R,PTEN,61,1,-10.996536254882812,10.996536254882812
Y68H,PTEN,68,1,-13.011247634887695,13.011247634887695
H93D,PTEN,93,1,-12.706581115722656,12.706581115722656
P95L,PTEN,95,1,-10.747777938842773,10.747777938842773
D107G,PTEN,107,1,-10.69882869720459,10.69882869720459
H123Y,PTEN,123,1,-13.751113891601562,13.751113891601562
G129R,PTEN,129,1,-12.26360034942627,12.26360034942627
C136Y,PTEN,136,1,-8.599960327148438,8.599960327148438
G165V,PTEN,165,1,-11.344036102294922,11.344036102294922
Q171R,PTEN,171,1,-16.725343704223633,16.725343704223633
R173C,PTEN,173,1,-11.248551368713379,11.248551368713379
F200S,PTEN,200,1,-13.005261421203613,13.005261421203613
P204A,PTEN,204,1,-7.9340925216674805,7.9340925216674805
R82P,VHL,82,1,0.2563352584838867,-0.2563352584838867
Q471H,RB1,471,1,-2.6975724697113037,2.6975724697113037
H1640P,TSC2,1640,1,-4.465476036071777,4.465476036071777
T946I,RET,946,1,-9.392677307128906,9.392677307128906
T1065M,TSC1,1065,0,-1.4782638549804688,1.4782638549804688
A1011E,TSC1,1011,0,0.2793126106262207,-0.2793126106262207
P603L,TSC1,603,0,-0.9107666015625,0.9107666015625
F239C,TSC2,239,0,-1.0545313358306885,1.0545313358306885
A289V,TSC2,289,0,0.2065715789794922,-0.2065715789794922
A431V,TSC2,431,0,0.5130894184112549,-0.5130894184112549
A673V,TSC2,673,0,-0.790977954864502,0.790977954864502
T783S,TSC2,783,0,0.3152174949645996,-0.3152174949645996
S1292C,TSC2,1292,0,-4.251157760620117,4.251157760620117
A1349T,TSC2,1349,0,-0.5476322174072266,0.5476322174072266
P1786R,TSC2,1786,0,-0.5120325088500977,0.5120325088500977
H247R,TP63,247,1,-11.900283813476562,11.900283813476562
A346G,TP63,346,1,-10.748974800109863,10.748974800109863
D24G,PTEN,24,1,-10.558797836303711,10.558797836303711
R1830S,NF1,1830,1,0.5784554481506348,-0.5784554481506348
R1830G,NF1,1830,1,-0.22853422164916992,0.22853422164916992
R1830C,NF1,1830,1,-0.5970051288604736,0.5970051288604736
R1830P,NF1,1830,1,-0.35545921325683594,0.35545921325683594
R1830L,NF1,1830,1,1.0600457191467285,-1.0600457191467285
C1265S,BRCA2,1265,0,1.6035759449005127,-1.6035759449005127
E1537K,BRCA2,1537,0,-2.733137845993042,2.733137845993042
R141S,APC,141,1,-2.6122913360595703,2.6122913360595703
G265E,APC,265,1,0.04306221008300781,-0.04306221008300781
D153Y,CDKN2A,153,1,-1.6105458736419678,1.6105458736419678
H141P,PTEN,141,1,-12.568625450134277,12.568625450134277
V2662D,ATM,2662,1,-1.3827404975891113,1.3827404975891113
M1V,BRCA2,1,1,-3.988522529602051,3.988522529602051
L3101P,BRCA2,3101,1,-3.42519474029541,3.42519474029541
L763R,NF1,763,1,-1.7627980709075928,1.7627980709075928
I766S,NF1,766,1,-0.43329787254333496,0.43329787254333496
Q950H,NF1,950,1,-0.7449464797973633,0.7449464797973633
R1325T,NF1,1325,1,0.7326183319091797,-0.7326183319091797
R379L,TP53,379,0,-0.04682755470275879,0.04682755470275879
R342P,TP53,342,1,-8.496423721313477,8.496423721313477
R290C,TP53,290,0,-6.2232561111450195,6.2232561111450195
T284I,TP53,284,0,-3.6233038902282715,3.6233038902282715
C275Y,TP53,275,1,-11.942296981811523,11.942296981811523
Y236H,TP53,236,1,-8.746288299560547,8.746288299560547
I195T,TP53,195,1,-6.202741622924805,6.202741622924805
T125K,TP53,125,1,-10.101400375366211,10.101400375366211
I50T,TP53,50,0,0.3139345645904541,-0.3139345645904541
Y1278S,ALK,1278,1,-13.935188293457031,13.935188293457031
F1245L,ALK,1245,1,-8.19140625,8.19140625
F1245C,ALK,1245,1,-12.076713562011719,12.076713562011719
F1245I,ALK,1245,1,-11.9051513671875,11.9051513671875
L1240V,ALK,1240,1,-10.591883659362793,10.591883659362793
F1174L,ALK,1174,1,-7.3281731605529785,7.3281731605529785
F1174I,ALK,1174,1,-11.355379104614258,11.355379104614258
Y98S,VHL,98,1,0.5075113773345947,-0.5075113773345947
E160V,VHL,160,1,-1.5405477285385132,1.5405477285385132
V170A,VHL,170,1,0.009912252426147461,-0.009912252426147461
A239P,APC,239,0,-0.6298708915710449,0.6298708915710449
L16R,CDKN2A,16,1,-7.013458251953125,7.013458251953125
R749T,RET,749,0,1.932051658630371,-1.932051658630371
Y174C,PTEN,174,1,-12.149721145629883,12.149721145629883
D96G,BRCA1,96,1,-0.9784958362579346,0.9784958362579346
Y234D,TP53,234,1,-16.12800407409668,16.12800407409668
S127C,TP53,127,1,-8.659576416015625,8.659576416015625
W308L,STK11,308,1,-12.620819091796875,12.620819091796875
L525P,BRAF,525,1,-15.9033203125,15.9033203125
G422V,WT1,422,1,-16.298023223876953,16.298023223876953
S467A,BRAF,467,1,-17.33582878112793,17.33582878112793
L247S,PTEN,247,1,-9.944534301757812,9.944534301757812
S65A,VHL,65,1,0.26930904388427734,-0.26930904388427734
S72P,VHL,72,1,0.2332324981689453,-0.2332324981689453
N78Y,VHL,78,1,-0.04542803764343262,0.04542803764343262
N78T,VHL,78,1,0.45061397552490234,-0.45061397552490234
N78I,VHL,78,1,-0.2799344062805176,0.2799344062805176
P86R,VHL,86,1,0.393798828125,-0.393798828125
W88C,VHL,88,1,-0.9741384983062744,0.9741384983062744
N90I,VHL,90,1,-0.14304351806640625,0.14304351806640625
G93R,VHL,93,1,-0.9648622274398804,0.9648622274398804
G93C,VHL,93,1,-2.6822571754455566,2.6822571754455566
Y98C,VHL,98,1,-0.8067491054534912,0.8067491054534912
R107H,VHL,107,1,-0.409712553024292,0.409712553024292
S111N,VHL,111,1,-0.5909392833709717,0.5909392833709717
S111R,VHL,111,1,0.26520371437072754,-0.26520371437072754
Y112C,VHL,112,1,-1.9064955711364746,1.9064955711364746
G114R,VHL,114,1,-1.2741055488586426,1.2741055488586426
R120G,VHL,120,1,-0.5014333724975586,0.5014333724975586
D121G,VHL,121,1,-0.4649052619934082,0.4649052619934082
H125P,VHL,125,1,1.6599130630493164,-1.6599130630493164
L128F,VHL,128,1,-0.433072566986084,0.433072566986084
A149T,VHL,149,1,0.04752302169799805,-0.04752302169799805
A149P,VHL,149,1,0.11639881134033203,-0.11639881134033203
I151S,VHL,151,1,1.1673800945281982,-1.1673800945281982
V155M,VHL,155,1,-1.3023369312286377,1.3023369312286377
T157I,VHL,157,1,-0.9506187438964844,0.9506187438964844
C162Y,VHL,162,1,0.37926650047302246,-0.37926650047302246
C162W,VHL,162,1,-0.9356629848480225,0.9356629848480225
L198P,VHL,198,1,-2.6083106994628906,2.6083106994628906
S1387P,BRCA1,1387,0,-1.255202293395996,1.255202293395996
C64W,BRCA1,64,1,-9.534677505493164,9.534677505493164
C136W,PTEN,136,1,-9.514177322387695,9.514177322387695
D162E,PTEN,162,1,-8.402810096740723,8.402810096740723
F1734L,BRCA1,1734,1,-5.399497985839844,5.399497985839844
L23V,PTEN,23,1,-10.363661766052246,10.363661766052246
T26P,PTEN,26,1,-11.764215469360352,11.764215469360352
F81C,PTEN,81,1,-11.60389518737793,11.60389518737793
V173M,TP53,173,1,-8.797616958618164,8.797616958618164
I151L,VHL,151,1,0.9386327266693115,-0.9386327266693115
S1028R,APC,1028,1,-4.818646430969238,4.818646430969238
R112G,CDKN2A,112,1,-4.652589797973633,4.652589797973633
D84N,CDKN2A,84,1,-2.4260365962982178,2.4260365962982178
A68L,CDKN2A,68,1,-9.058267593383789,9.058267593383789
Q50R,CDKN2A,50,1,-1.626126766204834,1.626126766204834
D22H,PTEN,22,1,-10.03528881072998,10.03528881072998
M35V,PTEN,35,1,-11.034878730773926,11.034878730773926
P38T,PTEN,38,1,-7.918243408203125,7.918243408203125
N48K,PTEN,48,1,-13.514918327331543,13.514918327331543
Y68C,PTEN,68,1,-11.599663734436035,11.599663734436035
C124Y,PTEN,124,1,-12.375732421875,12.375732421875
S170I,PTEN,170,1,-16.99758529663086,16.99758529663086
P292L,ATM,292,1,0.8168454170227051,-0.8168454170227051
P862T,ATM,862,0,0.6664345264434814,-0.6664345264434814
W1026C,ATM,1026,1,1.850597858428955,-1.850597858428955
Y2470D,ATM,2470,1,-0.26168155670166016,0.26168155670166016
I2702R,ATM,2702,1,-4.531771183013916,4.531771183013916
S2855R,ATM,2855,1,-10.318848609924316,10.318848609924316
D2913Y,ATM,2913,1,-7.1248016357421875,7.1248016357421875
L3035F,ATM,3035,1,-5.434272289276123,5.434272289276123
L2396S,BRCA2,2396,0,0.4702329635620117,-0.4702329635620117
G2609V,BRCA2,2609,1,-0.2531406879425049,0.2531406879425049
I2627N,BRCA2,2627,1,0.8743531703948975,-0.8743531703948975
T2722K,BRCA2,2722,1,-4.400487422943115,4.400487422943115
A2738T,BRCA2,2738,0,-0.14612436294555664,0.14612436294555664
L2776I,BRCA2,2776,0,-0.8310182094573975,0.8310182094573975
P2804H,BRCA2,2804,0,-1.3099349737167358,1.3099349737167358
K2833N,BRCA2,2833,0,-0.6133825778961182,0.6133825778961182
P2886T,BRCA2,2886,0,-0.5480668544769287,0.5480668544769287
Q2957H,BRCA2,2957,0,-1.3368868827819824,1.3368868827819824
Y3035F,BRCA2,3035,0,0.6883325576782227,-0.6883325576782227
I634T,NF1,634,0,0.2200002670288086,-0.2200002670288086
W777R,NF1,777,1,1.0373330116271973,-1.0373330116271973
Q1447H,NF1,1447,1,-0.33289289474487305,0.33289289474487305
P1749T,BRCA1,1749,0,0.7659797668457031,-0.7659797668457031
F1734I,BRCA1,1734,1,-7.37060022354126,7.37060022354126
Y1703C,BRCA1,1703,1,-3.7313904762268066,3.7313904762268066
Q1395H,BRCA1,1395,1,-0.940037727355957,0.940037727355957
G933A,BRCA1,933,0,0.01963639259338379,-0.01963639259338379
S387T,BRCA1,387,0,-1.7731479406356812,1.7731479406356812
N247D,BRCA1,247,0,-0.21970462799072266,0.21970462799072266
H41L,BRCA1,41,1,-11.131072044372559,11.131072044372559
P25L,BRCA1,25,1,-7.897680759429932,7.897680759429932
G374R,TP53,374,0,-0.29679155349731445,0.29679155349731445
G356R,TP53,356,0,-0.9894106388092041,0.9894106388092041
Q354K,TP53,354,0,-0.49443864822387695,0.49443864822387695
R342Q,TP53,342,0,-2.4740071296691895,2.4740071296691895
Q317K,TP53,317,0,0.24194622039794922,-0.24194622039794922
P316T,TP53,316,0,-0.7597981691360474,0.7597981691360474
P278L,TP53,278,1,-9.343749046325684,9.343749046325684
R273P,TP53,273,1,-13.305682182312012,13.305682182312012
S260Y,TP53,260,0,-7.957239151000977,7.957239151000977
R248L,TP53,248,1,-13.698859214782715,13.698859214782715
R213P,TP53,213,1,-8.912398338317871,8.912398338317871
R196P,TP53,196,1,-11.923919677734375,11.923919677734375
H193Y,TP53,193,1,-10.260316848754883,10.260316848754883
D186E,TP53,186,0,-0.027811050415039062,0.027811050415039062
M160I,TP53,160,0,-4.081601619720459,4.081601619720459
F134C,TP53,134,1,-6.859983444213867,6.859983444213867
R110P,TP53,110,1,-5.809893608093262,5.809893608093262
A63G,TP53,63,0,-0.6668335199356079,0.6668335199356079
A63T,TP53,63,0,-0.9856315851211548,0.9856315851211548
V10L,TP53,10,0,0.4459066390991211,-0.4459066390991211
P8L,TP53,8,0,-0.648820161819458,0.648820161819458
P671S,ALK,671,0,0.17476367950439453,-0.17476367950439453
R412C,ALK,412,0,-1.3736274242401123,1.3736274242401123
T84M,KIT,84,0,0.5329163074493408,-0.5329163074493408
V374I,KIT,374,0,-0.16046643257141113,0.16046643257141113
N2752T,APC,2752,0,0.554030179977417,-0.554030179977417
K261R,TSC1,261,0,0.2036595344543457,-0.2036595344543457
N198S,TSC1,198,0,0.5577690601348877,-0.5577690601348877
R87P,CDKN2A,87,1,-6.7006378173828125,6.7006378173828125
L32P,CDKN2A,32,1,-12.35538387298584,12.35538387298584
E208D,RET,208,0,-0.8130080699920654,0.8130080699920654
I852V,RET,852,0,0.6145424842834473,-0.6145424842834473
L1048F,RET,1048,0,-2.033376932144165,2.033376932144165
E2596D,ATM,2596,1,-0.7035374641418457,0.7035374641418457
Q72H,WT1,72,0,-1.2229456901550293,1.2229456901550293
H166Q,HRAS,166,0,-3.6027345657348633,3.6027345657348633
A18S,RB1,18,0,-1.9260057210922241,1.9260057210922241
T377S,RB1,377,0,-0.4334322214126587,0.4334322214126587
Q436K,RB1,436,0,0.37751078605651855,-0.37751078605651855
R621G,RB1,621,0,0.5681436061859131,-0.5681436061859131
A272T,TSC2,272,0,-0.5221526622772217,0.5221526622772217
A614P,TSC2,614,1,-2.9852488040924072,2.9852488040924072
G661S,TSC2,661,0,1.0912847518920898,-1.0912847518920898
V766M,TSC2,766,0,-1.8384894132614136,1.8384894132614136
E1490G,TSC2,1490,0,0.14693784713745117,-0.14693784713745117
L532R,NF1,532,1,-0.9907941818237305,0.9907941818237305
C1016R,NF1,1016,1,-0.6048974990844727,0.6048974990844727
G1168R,NF1,1168,1,-0.025934696197509766,0.025934696197509766
G1219V,NF1,1219,1,0.1583242416381836,-0.1583242416381836
K1440E,NF1,1440,1,0.6263091564178467,-0.6263091564178467
K1457E,NF1,1457,1,0.45097970962524414,-0.45097970962524414
L1854R,NF1,1854,1,-3.847754955291748,3.847754955291748
G1748R,BRCA1,1748,1,0.6423358917236328,-0.6423358917236328
T1675I,BRCA1,1675,0,-1.0927345752716064,1.0927345752716064
R337G,TP53,337,1,-7.804171085357666,7.804171085357666
R248P,TP53,248,1,-15.697824478149414,15.697824478149414
P4L,TP53,4,0,-0.6621818542480469,0.6621818542480469
K516N,APC,516,1,-4.684713363647461,4.684713363647461
I1557V,APC,1557,0,0.620957612991333,-0.620957612991333
R2549C,APC,2549,0,-3.529858112335205,3.529858112335205
R1495T,BRCA1,1495,1,0.9586429595947266,-0.9586429595947266
V11G,BRCA1,11,1,-1.9714107513427734,1.9714107513427734
R379H,TP53,379,0,-0.3235056400299072,0.3235056400299072
L265P,TP53,265,1,-11.199645042419434,11.199645042419434
E180K,TP53,180,1,-8.015554428100586,8.015554428100586
K164E,TP53,164,1,-10.44784927368164,10.44784927368164
R158P,TP53,158,1,-13.594011306762695,13.594011306762695
T1410N,BRCA2,1410,1,0.3041219711303711,-0.3041219711303711
Y1703D,BRCA1,1703,1,-9.11516284942627,9.11516284942627
I26N,BRCA1,26,1,-8.97724723815918,8.97724723815918
C326F,EGFR,326,1,-9.900849342346191,9.900849342346191
N181D,STK11,181,1,-13.90611743927002,13.90611743927002
V1838G,BRCA1,1838,1,-8.14842414855957,8.14842414855957
N181S,STK11,181,1,-14.848861694335938,14.848861694335938
N935D,NF1,935,0,0.5177826881408691,-0.5177826881408691
R319H,TP63,319,1,-12.192276954650879,12.192276954650879
Y126D,TP53,126,1,-13.010396003723145,13.010396003723145
V1665S,BRCA1,1665,1,-5.545658111572266,5.545658111572266
N1766K,BRCA2,1766,0,-0.029081106185913086,0.029081106185913086
G1706R,BRCA1,1706,1,-8.344182968139648,8.344182968139648
I1766N,BRCA1,1766,1,-9.61842155456543,9.61842155456543
R71T,BRCA1,71,1,-3.099238395690918,3.099238395690918
C47S,BRCA1,47,1,-7.785542964935303,7.785542964935303
C39W,BRCA1,39,1,-13.159799575805664,13.159799575805664
R343W,TP63,343,1,-15.06920337677002,15.06920337677002
F498Y,BRAF,498,1,-11.259895324707031,11.259895324707031
G464R,BRAF,464,1,-13.337064743041992,13.337064743041992
T599R,BRAF,599,1,-10.674976348876953,10.674976348876953
C211W,PTEN,211,1,-10.302162170410156,10.302162170410156
Y27S,PTEN,27,1,-14.291398048400879,14.291398048400879
F1499V,TSC2,1499,1,0.316007137298584,-0.316007137298584
M1T,NF1,1,1,-4.434966087341309,4.434966087341309
P511T,TP63,511,0,-2.241077423095703,2.241077423095703
S737L,ALK,737,0,-4.598047256469727,4.598047256469727
P1029A,ALK,1029,0,-0.6307435035705566,0.6307435035705566
S2594C,APC,2594,0,-3.0819573402404785,3.0819573402404785
V1047M,EGFR,1047,0,-0.9325981140136719,0.9325981140136719
E884D,RB1,884,0,-0.22529053688049316,0.22529053688049316
D1644N,TSC2,1644,0,-4.650040149688721,4.650040149688721
L550P,NF1,550,1,-1.8817260265350342,1.8817260265350342
S581R,TSC2,581,0,-1.2017321586608887,1.2017321586608887
R398W,MYCN,398,1,-10.501092910766602,10.501092910766602
Y202C,TP63,202,1,-11.88973331451416,11.88973331451416
R350G,TP63,350,1,-13.807055473327637,13.807055473327637
C561Y,TP63,561,1,-1.6592154502868652,1.6592154502868652
I576T,TP63,576,1,-9.250906944274902,9.250906944274902
T589P,BRAF,589,1,-16.02434539794922,16.02434539794922
L525R,BRAF,525,1,-15.542913436889648,15.542913436889648
R47K,PTEN,47,1,-11.173040390014648,11.173040390014648
D107V,PTEN,107,1,-12.477700233459473,12.477700233459473
G244D,TP53,244,1,-9.574226379394531,9.574226379394531
S1655P,BRCA1,1655,1,-6.64260196685791,6.64260196685791
F1174C,ALK,1174,1,-11.681063652038574,11.681063652038574
W557R,KIT,557,1,-12.449798583984375,12.449798583984375
V560D,KIT,560,1,-12.294510841369629,12.294510841369629
L576P,KIT,576,1,-11.938238143920898,11.938238143920898
N655K,KIT,655,1,-11.466940879821777,11.466940879821777
D820Y,KIT,820,1,-10.775370597839355,10.775370597839355
N822I,KIT,822,1,-10.174078941345215,10.174078941345215
N822K,KIT,822,1,-11.299567222595215,11.299567222595215
A829P,KIT,829,1,-10.804201126098633,10.804201126098633
D594E,BRAF,594,1,-15.430312156677246,15.430312156677246
D594V,BRAF,594,1,-19.152074813842773,19.152074813842773
R130G,PTEN,130,1,-15.249404907226562,15.249404907226562
R159S,PTEN,159,1,-13.5123929977417,13.5123929977417
G12R,HRAS,12,1,-8.88530158996582,8.88530158996582
R249T,TP53,249,1,-15.951316833496094,15.951316833496094
V173A,TP53,173,1,-8.31407356262207,8.31407356262207
R173H,PTEN,173,1,-11.57077407836914,11.57077407836914
M1250T,MET,1250,1,-3.1473240852355957,3.1473240852355957
L1196M,ALK,1196,1,-1.544053554534912,1.544053554534912
G309E,ERBB2,309,1,-1.8794502019882202,1.8794502019882202
S310Y,ERBB2,310,1,-4.560576438903809,4.560576438903809
Q61H,HRAS,61,1,-14.52553939819336,14.52553939819336
G13S,HRAS,13,1,-9.98638916015625,9.98638916015625
R130L,PTEN,130,1,-11.49680233001709,11.49680233001709
C135F,TP53,135,1,-10.662711143493652,10.662711143493652
C135R,TP53,135,1,-12.969079971313477,12.969079971313477
C135G,TP53,135,1,-12.007750511169434,12.007750511169434
C141W,TP53,141,1,-10.55471134185791,10.55471134185791
C176F,TP53,176,1,-13.575706481933594,13.575706481933594
C238F,TP53,238,1,-12.267509460449219,12.267509460449219
C238S,TP53,238,1,-12.684511184692383,12.684511184692383
C238R,TP53,238,1,-13.225858688354492,13.225858688354492
C238G,TP53,238,1,-12.867094993591309,12.867094993591309
C242W,TP53,242,1,-13.479623794555664,13.479623794555664
C275F,TP53,275,1,-14.07027816772461,14.07027816772461
D281Y,TP53,281,1,-13.291260719299316,13.291260719299316
D281N,TP53,281,1,-8.026604652404785,8.026604652404785
D281E,TP53,281,1,-6.714013576507568,6.714013576507568
D281H,TP53,281,1,-11.935446739196777,11.935446739196777
D281A,TP53,281,1,-11.843835830688477,11.843835830688477
E286A,TP53,286,1,-7.440939903259277,7.440939903259277
F270S,TP53,270,1,-10.538171768188477,10.538171768188477
F270V,TP53,270,1,-4.998404026031494,4.998404026031494
G244S,TP53,244,1,-6.538258075714111,6.538258075714111
G244V,TP53,244,1,-8.71440601348877,8.71440601348877
G245V,TP53,245,1,-10.320927619934082,10.320927619934082
G266R,TP53,266,1,-10.328974723815918,10.328974723815918
H179R,TP53,179,1,-9.636561393737793,9.636561393737793
H179Q,TP53,179,1,-7.21486759185791,7.21486759185791
H179D,TP53,179,1,-11.339800834655762,11.339800834655762
H193P,TP53,193,1,-12.645242691040039,12.645242691040039
H193N,TP53,193,1,-10.36373233795166,10.36373233795166
H214R,TP53,214,1,-8.9005126953125,8.9005126953125
H214L,TP53,214,1,-9.325386047363281,9.325386047363281
K132N,TP53,132,1,-8.836638450622559,8.836638450622559
K132R,TP53,132,1,-4.6056671142578125,4.6056671142578125
L111P,TP53,111,1,-9.912552833557129,9.912552833557129
L111R,TP53,111,1,-14.304533004760742,14.304533004760742
L111Q,TP53,111,1,-12.321093559265137,12.321093559265137
L194R,TP53,194,1,-10.796672821044922,10.796672821044922
M237K,TP53,237,1,-13.155451774597168,13.155451774597168
N239S,TP53,239,1,-10.161415100097656,10.161415100097656
P151R,TP53,151,1,-9.785035133361816,9.785035133361816
P151A,TP53,151,1,-5.3306145668029785,5.3306145668029785
P278S,TP53,278,1,-9.878625869750977,9.878625869750977
P278T,TP53,278,1,-10.71692180633545,10.71692180633545
R175G,TP53,175,1,-13.677781105041504,13.677781105041504
R248G,TP53,248,1,-13.472070693969727,13.472070693969727
R273L,TP53,273,1,-10.470568656921387,10.470568656921387
R273S,TP53,273,1,-11.578015327453613,11.578015327453613
R282P,TP53,282,1,-11.080909729003906,11.080909729003906
S241Y,TP53,241,1,-14.478376388549805,14.478376388549805
S241A,TP53,241,1,-8.819772720336914,8.819772720336914
T125R,TP53,125,1,-9.962699890136719,9.962699890136719
V173L,TP53,173,1,-7.779728412628174,7.779728412628174
Y163H,TP53,163,1,-8.495735168457031,8.495735168457031
Y205C,TP53,205,1,-7.047779083251953,7.047779083251953
Y205H,TP53,205,1,-6.901034832000732,6.901034832000732
Y205D,TP53,205,1,-12.66622257232666,12.66622257232666
Y220H,TP53,220,1,-7.42292594909668,7.42292594909668
Y234H,TP53,234,1,-9.629018783569336,9.629018783569336
Y234N,TP53,234,1,-12.552183151245117,12.552183151245117
Y236C,TP53,236,1,-8.516830444335938,8.516830444335938
I177N,STK11,177,1,-16.974361419677734,16.974361419677734
S399F,MYCN,399,0,-10.12083625793457,10.12083625793457
M1V,TP63,1,1,-4.8340888023376465,4.8340888023376465
G173R,TP63,173,1,-9.839025497436523,9.839025497436523
C312Y,TP63,312,1,-13.997361183166504,13.997361183166504
L602P,TP63,602,1,-10.862202644348145,10.862202644348145
P333S,TSC1,333,0,-0.2657041549682617,0.2657041549682617
G599R,TSC1,599,0,-0.07825255393981934,0.07825255393981934
I3412S,BRCA2,3412,0,0.6152029037475586,-0.6152029037475586
Q373H,TSC2,373,1,-0.5610418319702148,0.5610418319702148
G60V,HRAS,60,1,-18.616214752197266,18.616214752197266
V1298M,TSC2,1298,0,-1.5745511054992676,1.5745511054992676
V241I,TSC2,241,0,-0.6695647239685059,0.6695647239685059
G2181R,BRCA2,2181,0,-0.536081075668335,0.536081075668335
G2724W,BRCA2,2724,1,-5.811511993408203,5.811511993408203
Y1948D,NF1,1948,1,-0.6182413101196289,0.6182413101196289
C414G,TSC2,414,1,-0.7392499446868896,0.7392499446868896
A623V,TSC2,623,0,-0.24687886238098145,0.24687886238098145
R1204L,NF1,1204,1,1.7238833904266357,-1.7238833904266357
L667R,KIT,667,1,-13.929234504699707,13.929234504699707
G1494R,ALK,1494,0,-0.6848480701446533,0.6848480701446533
S426T,ALK,426,0,-0.6185111999511719,0.6185111999511719
L163R,VHL,163,1,-0.3243241310119629,0.3243241310119629
R653M,APC,653,1,-3.5537662506103516,3.5537662506103516
P1467S,APC,1467,0,0.9312911033630371,-0.9312911033630371
T2813K,APC,2813,0,-0.3771932125091553,0.3771932125091553
I326V,BRAF,326,0,-4.20506477355957,4.20506477355957
M209V,TSC1,209,0,1.0413711071014404,-1.0413711071014404
D510N,TSC1,510,0,-0.609245777130127,0.609245777130127
P591L,TSC1,591,0,-0.5345089435577393,0.5345089435577393
G544E,TSC1,544,0,0.05782198905944824,-0.05782198905944824
K121M,TSC1,121,1,-0.5074403285980225,0.5074403285980225
P1140L,TSC1,1140,0,-0.02092719078063965,0.02092719078063965
R87W,CDKN2A,87,1,-0.9738129377365112,0.9738129377365112
L98R,PTEN,98,1,-11.876985549926758,11.876985549926758
R15K,PTEN,15,1,-6.983377933502197,6.983377933502197
Y27C,PTEN,27,1,-11.671070098876953,11.671070098876953
Y155C,PTEN,155,1,-8.24421501159668,8.24421501159668
G1746R,ATM,1746,1,-0.15083932876586914,0.15083932876586914
D2708H,ATM,2708,1,-5.292064666748047,5.292064666748047
A2233V,BRCA2,2233,0,0.1546173095703125,-0.1546173095703125
L2656Q,BRCA2,2656,1,-0.44097161293029785,0.44097161293029785
R656Q,RB1,656,0,-5.879878997802734,5.879878997802734
G38D,RB1,38,0,0.7405476570129395,-0.7405476570129395
V654L,RB1,654,1,2.7976198196411133,-2.7976198196411133
Y828H,BRCA2,828,0,0.03856182098388672,-0.03856182098388672
W2626R,BRCA2,2626,1,2.062107563018799,-2.062107563018799
N248I,TSC2,248,0,-1.3675591945648193,1.3675591945648193
S802G,TSC2,802,0,-0.8432126045227051,0.8432126045227051
H798Y,TSC2,798,0,-0.33626842498779297,0.33626842498779297
S1364V,TSC2,1364,0,-0.13668537139892578,0.13668537139892578
I39T,TSC2,39,0,0.7085208892822266,-0.7085208892822266
P330L,TSC2,330,0,-1.3993268013000488,1.3993268013000488
S491L,TSC2,491,0,-0.4804682731628418,0.4804682731628418
T1068P,TSC2,1068,1,0.5926215648651123,-0.5926215648651123
R1174W,TSC2,1174,0,-1.7419540882110596,1.7419540882110596
M1V,NF1,1,1,-3.841503143310547,3.841503143310547
L1504F,TSC2,1504,0,-0.6361854076385498,0.6361854076385498
I1648V,TSC2,1648,0,-0.7193474173545837,0.7193474173545837
C845R,NF1,845,1,1.051492691040039,-1.051492691040039
C845Y,NF1,845,1,-0.16479706764221191,0.16479706764221191
T1923R,NF1,1923,1,-0.1628127098083496,0.1628127098083496
C379R,NF1,379,1,-0.5779306888580322,0.5779306888580322
I1845S,NF1,1845,1,-0.21519875526428223,0.21519875526428223
W2229R,NF1,2229,1,-1.2583913803100586,1.2583913803100586
K2273M,NF1,2273,1,-1.3183133602142334,1.3183133602142334
G848R,NF1,848,1,-0.3849313259124756,0.3849313259124756
N1154I,NF1,1154,1,-0.46120548248291016,0.46120548248291016
F1884L,NF1,1884,1,0.848259687423706,-0.848259687423706
I254V,TP53,254,0,-4.4911603927612305,4.4911603927612305
D186N,TP53,186,0,-5.352958679199219,5.352958679199219
T155N,TP53,155,1,-6.678200721740723,6.678200721740723
R110L,TP53,110,1,-6.783072471618652,6.783072471618652
H41N,BRCA1,41,1,-7.223289489746094,7.223289489746094
G105R,TP53,105,1,-8.923675537109375,8.923675537109375
R1753S,BRCA1,1753,1,-1.3703393936157227,1.3703393936157227
M384T,TP53,384,0,2.5186047554016113,-2.5186047554016113
K292R,TP53,292,0,-0.26662731170654297,0.26662731170654297
E377Q,BRCA2,377,0,-0.5370254516601562,0.5370254516601562
G1770V,BRCA1,1770,1,-5.1365861892700195,5.1365861892700195
G30E,VHL,30,0,0.08251953125,-0.08251953125
I75S,VHL,75,1,-0.06697988510131836,0.06697988510131836
N131K,VHL,131,1,-0.48893094062805176,0.48893094062805176
L184P,VHL,184,1,-2.2819089889526367,2.2819089889526367
C347F,TP63,347,1,-15.936283111572266,15.936283111572266
A641V,TP63,641,1,-8.4516019821167,8.4516019821167
R1171H,APC,1171,0,0.4372689723968506,-0.4372689723968506
L191P,TSC1,191,1,-8.291329383850098,8.291329383850098
N71S,CDKN2A,71,1,-2.670091390609741,2.670091390609741
G23D,CDKN2A,23,1,-2.287653923034668,2.287653923034668
R15S,PTEN,15,1,-9.845096588134766,9.845096588134766
Y16D,PTEN,16,1,-15.483722686767578,15.483722686767578
P38R,PTEN,38,1,-13.552172660827637,13.552172660827637
L108P,PTEN,108,1,-10.648468017578125,10.648468017578125
L316P,PTEN,316,1,-10.228092193603516,10.228092193603516
Y2080D,ATM,2080,1,-0.33049535751342773,0.33049535751342773
R467Q,WT1,467,1,-13.763132095336914,13.763132095336914
G2596E,BRCA2,2596,1,0.38724756240844727,-0.38724756240844727
R2625I,BRCA2,2625,1,-0.5965194702148438,0.5965194702148438
H1620L,TSC2,1620,1,-5.134363174438477,5.134363174438477
V1646M,TSC2,1646,1,-4.175925254821777,4.175925254821777
H553R,NF1,553,1,0.15576386451721191,-0.15576386451721191
M1149I,NF1,1149,1,0.8123641014099121,-0.8123641014099121
P34S,BRCA1,34,1,-5.964890480041504,5.964890480041504
E285K,TP53,285,1,-8.790731430053711,8.790731430053711
P250L,TP53,250,1,-9.565816879272461,9.565816879272461
P190L,TP53,190,1,-6.593325138092041,6.593325138092041
T118I,TP53,118,0,-5.731620788574219,5.731620788574219
D176G,STK11,176,1,-10.955509185791016,10.955509185791016
M1R,NF1,1,1,-4.505725860595703,4.505725860595703
R997S,NF1,997,1,0.7202038764953613,-0.7202038764953613
N12T,PTEN,12,1,-7.269719123840332,7.269719123840332
G44D,PTEN,44,1,-9.019599914550781,9.019599914550781
H123Q,PTEN,123,1,-16.315587997436523,16.315587997436523
M134T,PTEN,134,1,-11.04342269897461,11.04342269897461
T202I,PTEN,202,1,-8.106895446777344,8.106895446777344
W274L,PTEN,274,1,-12.235054016113281,12.235054016113281
K581N,APC,581,1,1.1275725364685059,-1.1275725364685059
R653G,APC,653,1,-4.095900058746338,4.095900058746338
R653K,APC,653,1,-2.337347984313965,2.337347984313965
S970T,APC,970,0,-0.5346174240112305,0.5346174240112305
S1028N,APC,1028,1,-3.85353422164917,3.85353422164917
R15T,PTEN,15,1,-11.9409761428833,11.9409761428833
G20V,PTEN,20,1,-8.470796585083008,8.470796585083008
M35T,PTEN,35,1,-12.174274444580078,12.174274444580078
D92A,PTEN,92,1,-12.977370262145996,12.977370262145996
V119L,PTEN,119,1,-10.259020805358887,10.259020805358887
V119F,PTEN,119,1,-11.798788070678711,11.798788070678711
H123D,PTEN,123,1,-16.00350570678711,16.00350570678711
A126V,PTEN,126,1,-9.795263290405273,9.795263290405273
K128N,PTEN,128,1,-13.082013130187988,13.082013130187988
M134I,PTEN,134,1,-9.28315544128418,9.28315544128418
I135K,PTEN,135,1,-15.189056396484375,15.189056396484375
Y155H,PTEN,155,1,-8.975045204162598,8.975045204162598
G165R,PTEN,165,1,-11.900883674621582,11.900883674621582
R173L,PTEN,173,1,-12.291143417358398,12.291143417358398
G251V,PTEN,251,1,-9.98873233795166,9.98873233795166
K254T,PTEN,254,1,-11.117158889770508,11.117158889770508
H272P,PTEN,272,1,-11.708871841430664,11.708871841430664
T277R,PTEN,277,1,-13.30744743347168,13.30744743347168
V84M,VHL,84,1,-1.1964466571807861,1.1964466571807861
L118P,VHL,118,1,-1.5612759590148926,1.5612759590148926
L118R,VHL,118,1,-0.10158658027648926,0.10158658027648926
T133P,VHL,133,1,0.5445151329040527,-0.5445151329040527
I151T,VHL,151,1,1.0628349781036377,-1.0628349781036377
R167P,VHL,167,1,-1.4875037670135498,1.4875037670135498
L178P,VHL,178,1,-0.07875895500183105,0.07875895500183105
S127N,RB1,127,1,-0.027396202087402344,0.027396202087402344
S127T,RB1,127,1,-1.1952178478240967,1.1952178478240967
D286G,RB1,286,1,-4.055970668792725,4.055970668792725
D394N,RB1,394,0,2.0028319358825684,-2.0028319358825684
G449R,RB1,449,1,-11.572402954101562,11.572402954101562
Q702R,RB1,702,1,-9.396865844726562,9.396865844726562
G334W,TP53,334,1,-12.513665199279785,12.513665199279785
N310K,TP53,310,0,-0.5093097686767578,0.5093097686767578
P295S,TP53,295,0,0.24055981636047363,-0.24055981636047363
R267P,TP53,267,1,-12.907960891723633,12.907960891723633
N131I,TP53,131,1,-10.783102989196777,10.783102989196777
L130P,TP53,130,1,-10.463177680969238,10.463177680969238
G105S,TP53,105,1,-6.017284870147705,6.017284870147705
D237H,STK11,237,1,-12.720305442810059,12.720305442810059
R304P,STK11,304,1,-10.806519508361816,10.806519508361816
K615N,NF1,615,1,-0.42206358909606934,0.42206358909606934
L691P,NF1,691,1,-2.4996793270111084,2.4996793270111084
C709R,NF1,709,1,-1.2027122974395752,1.2027122974395752
L1015P,NF1,1015,1,-4.690126419067383,4.690126419067383
Q1447P,NF1,1447,1,0.1601414680480957,-0.1601414680480957
D1644Y,NF1,1644,1,-6.05687952041626,6.05687952041626
K1771E,NF1,1771,1,-0.020145416259765625,0.020145416259765625
P2101R,NF1,2101,1,-0.6964256763458252,0.6964256763458252
G23C,CDKN2A,23,1,-5.5787506103515625,5.5787506103515625
G23S,CDKN2A,23,1,-4.690913200378418,4.690913200378418
G173V,TP63,173,1,-10.863356590270996,10.863356590270996
I49S,CDKN2A,49,1,-4.5429182052612305,4.5429182052612305
R2832L,ATM,2832,1,-3.918410301208496,3.918410301208496
V1001E,NF1,1001,1,-0.08416485786437988,0.08416485786437988
L869R,ERBB2,869,1,-10.081327438354492,10.081327438354492
Q1562R,BRCA2,1562,0,-0.9808530807495117,0.9808530807495117
I171V,BRCA1,171,0,-0.0166168212890625,0.0166168212890625
M1K,BRCA2,1,1,-3.668848991394043,3.668848991394043
G1696V,BRCA2,1696,1,0.7211146354675293,-0.7211146354675293
A521P,BRCA1,521,0,0.08185744285583496,-0.08185744285583496
K354R,NF1,354,1,-0.21429944038391113,0.21429944038391113
V630E,NF1,630,0,0.18690013885498047,-0.18690013885498047
K798Q,NF1,798,1,-0.03405141830444336,0.03405141830444336
G922S,NF1,922,1,0.920964241027832,-0.920964241027832
N957I,NF1,957,1,-0.5276720523834229,0.5276720523834229
F1193S,NF1,1193,1,0.8709142208099365,-0.8709142208099365
D1217E,NF1,1217,1,0.2896122932434082,-0.2896122932434082
N1278K,NF1,1278,1,1.319021224975586,-1.319021224975586
K1444Q,NF1,1444,1,0.046502113342285156,-0.046502113342285156
E1458K,NF1,1458,1,-0.8849841356277466,0.8849841356277466
V1468G,NF1,1468,1,-1.7385280132293701,1.7385280132293701
S1500G,NF1,1500,1,-0.695509672164917,0.695509672164917
L1511R,NF1,1511,1,-2.6990978717803955,2.6990978717803955
Q1515R,NF1,1515,1,0.17788982391357422,-0.17788982391357422
K2273N,NF1,2273,1,-0.03649568557739258,0.03649568557739258
L2394R,NF1,2394,1,-5.775163650512695,5.775163650512695
G2397R,NF1,2397,1,-0.6239473819732666,0.6239473819732666
M134R,PTEN,134,1,-16.636802673339844,16.636802673339844
T160I,PTEN,160,1,-9.680177688598633,9.680177688598633
S574N,NF1,574,1,-1.7453088760375977,1.7453088760375977
S574I,NF1,574,1,0.06477022171020508,-0.06477022171020508
L1080P,NF1,1080,1,-4.555371284484863,4.555371284484863
H2658Y,NF1,2658,1,0.05031776428222656,-0.05031776428222656
C207Y,APC,207,0,0.4008917808532715,-0.4008917808532715
G2503E,APC,2503,0,-0.7159481048583984,0.7159481048583984
A487S,BRCA2,487,0,1.1499638557434082,-1.1499638557434082
V1497F,BRCA2,1497,0,-0.5822241306304932,0.5822241306304932
T1586I,BRCA2,1586,0,-0.690894603729248,0.690894603729248
N1805D,BRCA2,1805,0,-0.8185887336730957,0.8185887336730957
G2168A,BRCA2,2168,0,-0.6335389614105225,0.6335389614105225
L3125F,BRCA2,3125,1,-1.339444875717163,1.339444875717163
A3399S,BRCA2,3399,0,1.2312417030334473,-1.2312417030334473
Y1853N,BRCA1,1853,1,-4.139475345611572,4.139475345611572
R1751G,BRCA1,1751,1,-4.9998908042907715,4.9998908042907715
V1687G,BRCA1,1687,1,-9.334637641906738,9.334637641906738
S1125Y,BRCA1,1125,0,-2.469315528869629,2.469315528869629
E1013K,BRCA1,1013,0,-0.08588361740112305,0.08588361740112305
S976T,BRCA2,976,0,-0.8550422191619873,0.8550422191619873
S976F,BRCA2,976,0,-1.7901833057403564,1.7901833057403564
G171V,WT1,171,1,-8.674013137817383,8.674013137817383
W2619C,BRCA2,2619,1,0.7665021419525146,-0.7665021419525146
G129V,PTEN,129,1,-13.620567321777344,13.620567321777344
A3122P,BRCA2,3122,1,-3.664224624633789,3.664224624633789
F1761C,BRCA1,1761,1,-3.790134906768799,3.790134906768799
F241L,PTEN,241,1,-7.6511383056640625,7.6511383056640625
Q1189R,NF1,1189,1,0.6283073425292969,-0.6283073425292969
N1223K,ATM,1223,1,0.5717085599899292,-0.5717085599899292
K172N,BRCA2,172,1,-0.5957636833190918,0.5957636833190918
D427E,BRCA2,427,0,0.07128453254699707,-0.07128453254699707
L2732V,BRCA2,2732,0,-0.8118497133255005,0.8118497133255005
A2951S,BRCA2,2951,0,-0.5732941627502441,0.5732941627502441
D1757Y,BRCA1,1757,0,-1.1538364887237549,1.1538364887237549
I90V,BRCA1,90,0,1.0164294242858887,-1.0164294242858887
Y1234C,MET,1234,1,-7.945415019989014,7.945415019989014
L916P,TSC2,916,1,-2.683502674102783,2.683502674102783
V1673G,TSC2,1673,1,-4.605070114135742,4.605070114135742
R384G,BRAF,384,0,-10.950230598449707,10.950230598449707
P96L,PTEN,96,1,-10.564704895019531,10.564704895019531
A2622V,ATM,2622,1,-0.9832828044891357,0.9832828044891357
T451P,WT1,451,1,-16.36208152770996,16.36208152770996
C93R,NF1,93,1,-0.8154616355895996,0.8154616355895996
R1066K,NF1,1066,1,0.389559268951416,-0.389559268951416
W1236R,NF1,1236,1,2.5078766345977783,-2.5078766345977783
G199V,TP53,199,1,-12.847916603088379,12.847916603088379
W88R,VHL,88,1,0.8009059429168701,-0.8009059429168701
Q164H,VHL,164,1,-0.8533787727355957,0.8533787727355957
H247Y,TP63,247,1,-12.698423385620117,12.698423385620117
T718A,KIT,718,0,-2.4804892539978027,2.4804892539978027
S1028I,APC,1028,1,-5.341951370239258,5.341951370239258
S1015A,MET,1015,0,-0.8624434471130371,0.8624434471130371
S1102T,TSC1,1102,0,-0.7630958557128906,0.7630958557128906
G1089A,TSC1,1089,0,0.25839805603027344,-0.25839805603027344
H71Q,TSC1,71,0,0.36498403549194336,-0.36498403549194336
H93P,PTEN,93,1,-14.418926239013672,14.418926239013672
A126T,PTEN,126,1,-9.888130187988281,9.888130187988281
D92Y,PTEN,92,1,-11.189288139343262,11.189288139343262
R248L,ATM,248,1,-1.0876832008361816,1.0876832008361816
M198K,PTEN,198,1,-13.187156677246094,13.187156677246094
H470Y,WT1,470,1,-16.54231071472168,16.54231071472168
R3052L,BRCA2,3052,1,0.8660647869110107,-0.8660647869110107
E287D,RB1,287,1,-1.0095298290252686,1.0095298290252686
L819V,RB1,819,0,-0.9707537889480591,0.9707537889480591
H962Y,BRCA2,962,0,-0.7347981929779053,0.7347981929779053
L229F,RB1,229,0,-1.4043993949890137,1.4043993949890137
G540V,RB1,540,0,-0.8643407821655273,0.8643407821655273
D36N,RB1,36,0,-1.5686450004577637,1.5686450004577637
M386V,RB1,386,0,-0.17134714126586914,0.17134714126586914
H600Y,TSC2,600,0,-0.40413475036621094,0.40413475036621094
G1654S,TSC2,1654,0,-0.021384000778198242,0.021384000778198242
S1799P,TSC2,1799,0,-1.4795105457305908,1.4795105457305908
Q613H,TSC2,613,1,-0.9627926349639893,0.9627926349639893
Q1503R,TSC2,1503,1,0.5078568458557129,-0.5078568458557129
G1190D,NF1,1190,1,-0.24248552322387695,0.24248552322387695
K1290N,NF1,1290,1,-0.6661989688873291,0.6661989688873291
L691R,NF1,691,1,-1.7704322338104248,1.7704322338104248
T780R,NF1,780,1,-0.19362950325012207,0.19362950325012207
I965R,NF1,965,1,-2.601015567779541,2.601015567779541
W1048G,NF1,1048,1,0.7092428207397461,-0.7092428207397461
L43P,NF1,43,1,-0.9088850021362305,0.9088850021362305
L380P,NF1,380,1,-5.084123134613037,5.084123134613037
H1143Y,NF1,1143,1,-0.5605990886688232,0.5605990886688232
M1461K,NF1,1461,1,0.6600511074066162,-0.6600511074066162
G244A,TP53,244,1,-8.468534469604492,8.468534469604492
S1420P,NF1,1420,1,-0.5687868595123291,0.5687868595123291
A159V,TP53,159,1,-7.803264617919922,7.803264617919922
N1451I,NF1,1451,1,-1.1211631298065186,1.1211631298065186
A846D,NF1,846,1,-0.17905688285827637,0.17905688285827637
R997M,NF1,997,1,-0.8773491382598877,0.8773491382598877
L1780Q,BRCA1,1780,1,-6.352306365966797,6.352306365966797
E2143K,NF1,2143,1,-0.6368681192398071,0.6368681192398071
V1093M,NF1,1093,1,-0.9645864963531494,0.9645864963531494
L1223F,BRCA1,1223,0,-1.0480871200561523,1.0480871200561523
V1182F,NF1,1182,1,-0.32184839248657227,0.32184839248657227
R1412G,NF1,1412,1,-0.49922776222229004,0.49922776222229004
K2823N,NF1,2823,0,-0.7532706260681152,0.7532706260681152
C64S,BRCA1,64,1,-8.205284118652344,8.205284118652344
P177R,TP53,177,1,-10.676323890686035,10.676323890686035
L101P,VHL,101,1,-0.41776132583618164,0.41776132583618164
L163F,VHL,163,1,-1.3154897689819336,1.3154897689819336
P154S,VHL,154,1,-0.8328697681427002,0.8328697681427002
N248S,APC,248,0,0.8449947834014893,-0.8449947834014893
T496I,APC,496,0,-0.7888901233673096,0.7888901233673096
E74K,APC,74,1,-0.4671313762664795,0.4671313762664795
G637R,APC,637,1,-4.143041133880615,4.143041133880615
G861S,APC,861,0,0.6687612533569336,-0.6687612533569336
G1203V,APC,1203,0,1.0800650119781494,-1.0800650119781494
D107Y,PTEN,107,1,-8.661500930786133,8.661500930786133
V166E,PTEN,166,1,-15.709821701049805,15.709821701049805
V253E,RET,253,0,1.142946720123291,-1.142946720123291
M1V,PTEN,1,1,-8.506326675415039,8.506326675415039
R142P,PTEN,142,1,-10.97304916381836,10.97304916381836
L345P,PTEN,345,1,-12.744880676269531,12.744880676269531
G36E,PTEN,36,1,-13.644135475158691,13.644135475158691
V119G,PTEN,119,1,-12.791821479797363,12.791821479797363
I253N,PTEN,253,1,-14.06031608581543,14.06031608581543
F582L,ATM,582,0,0.812326192855835,-0.812326192855835
M2239I,ATM,2239,0,0.5234229564666748,-0.5234229564666748
K2717R,ATM,2717,1,-5.878844738006592,5.878844738006592
L2452P,ATM,2452,1,-1.9495389461517334,1.9495389461517334
Q2637R,ATM,2637,0,0.1547865867614746,-0.1547865867614746
V3005I,ATM,3005,0,-1.3400578498840332,1.3400578498840332
N2370S,ATM,2370,0,0.5492711067199707,-0.5492711067199707
S599F,BRCA2,599,0,-1.0044214725494385,1.0044214725494385
N801K,BRCA2,801,0,0.48164987564086914,-0.48164987564086914
D156E,BRCA2,156,0,0.5214493274688721,-0.5214493274688721
Y1751S,BRCA2,1751,0,1.3787882328033447,-1.3787882328033447
Y2567H,BRCA2,2567,0,-0.36676454544067383,0.36676454544067383
E2599G,BRCA2,2599,1,-0.44422197341918945,0.44422197341918945
Q2749E,BRCA2,2749,0,-0.3843231201171875,0.3843231201171875
E2772V,BRCA2,2772,0,-0.25627803802490234,0.25627803802490234
A2780D,BRCA2,2780,1,0.2943427562713623,-0.2943427562713623
L1384V,BRCA2,1384,0,0.14046907424926758,-0.14046907424926758
L2862Q,BRCA2,2862,0,-0.6461582183837891,0.6461582183837891
N3024D,BRCA2,3024,0,0.19095134735107422,-0.19095134735107422
V358M,BRCA2,358,0,-1.1603856086730957,1.1603856086730957
S2546P,BRCA2,2546,0,-0.023841381072998047,0.023841381072998047
Y2789F,BRCA2,2789,0,0.2853562831878662,-0.2853562831878662
L2792R,BRCA2,2792,1,-0.3732931613922119,0.3732931613922119
N3337D,BRCA2,3337,0,0.25655508041381836,-0.25655508041381836
A145T,TSC2,145,0,-0.5482642650604248,0.5482642650604248
Y1480H,BRCA2,1480,0,0.42755579948425293,-0.42755579948425293
E929K,TSC2,929,0,-0.3603503704071045,0.3603503704071045
K2674N,BRCA2,2674,0,-0.4246814250946045,0.4246814250946045
T2722A,BRCA2,2722,1,-2.1747889518737793,2.1747889518737793
T2880I,BRCA2,2880,0,0.13934946060180664,-0.13934946060180664
R320Q,RB1,320,0,2.3301942348480225,-2.3301942348480225
R160K,NF1,160,1,0.3565394878387451,-0.3565394878387451
L578P,NF1,578,1,-3.851966381072998,3.851966381072998
K1457R,NF1,1457,1,-0.33016204833984375,0.33016204833984375
Q1447K,NF1,1447,1,-0.06765365600585938,0.06765365600585938
L1915P,NF1,1915,1,-2.685818672180176,2.685818672180176
D1739H,BRCA1,1739,1,-4.042346477508545,4.042346477508545
V1719G,BRCA1,1719,1,-8.978113174438477,8.978113174438477
T1684A,BRCA1,1684,0,-2.9572620391845703,2.9572620391845703
T1312S,BRCA1,1312,0,0.6869261264801025,-0.6869261264801025
L413V,BRCA1,413,0,-0.4398770332336426,0.4398770332336426
E736G,BRCA1,736,0,-1.0230717658996582,1.0230717658996582
D1067V,NF1,1067,0,0.4714512825012207,-0.4714512825012207
C27F,BRCA1,27,1,-10.5130615234375,10.5130615234375
F385L,TP53,385,0,2.058042287826538,-2.058042287826538
A307G,TP53,307,0,-0.8825068473815918,0.8825068473815918
R283P,TP53,283,1,-9.985994338989258,9.985994338989258
M246K,TP53,246,1,-12.107544898986816,12.107544898986816
T1640A,BRCA1,1640,0,-0.027297496795654297,0.027297496795654297
M246I,TP53,246,1,-5.872331142425537,5.872331142425537
V143G,TP53,143,1,-12.073799133300781,12.073799133300781
H178D,TP53,178,1,-10.732674598693848,10.732674598693848
L2068S,ATM,2068,1,-1.4279780387878418,1.4279780387878418
S2670W,BRCA2,2670,1,-2.2306506633758545,2.2306506633758545
V2652G,BRCA2,2652,1,-0.626349687576294,0.626349687576294
R99P,CDKN2A,99,1,-8.312970161437988,8.312970161437988
K1192N,ATM,1192,1,-0.5747435092926025,0.5747435092926025
Y2884F,BRCA2,2884,0,0.6281981468200684,-0.6281981468200684
R2849P,ATM,2849,1,-12.137596130371094,12.137596130371094
I50T,PTEN,50,1,-7.997319221496582,7.997319221496582
P96R,PTEN,96,1,-15.208751678466797,15.208751678466797
S106R,TP53,106,1,-6.388222694396973,6.388222694396973
G93D,VHL,93,1,-0.616930365562439,0.616930365562439
T105P,VHL,105,1,-0.5153467655181885,0.5153467655181885
Q132P,VHL,132,1,0.5245254039764404,-0.5245254039764404
F119L,VHL,119,1,0.7625060081481934,-0.7625060081481934
S80R,VHL,80,1,0.5135862827301025,-0.5135862827301025
V130F,VHL,130,1,-0.8117177486419678,0.8117177486419678
N131S,VHL,131,1,0.7288661003112793,-0.7288661003112793
C162R,VHL,162,1,0.5573689937591553,-0.5573689937591553
H115Q,VHL,115,1,0.7703118324279785,-0.7703118324279785
F136S,VHL,136,1,0.22483253479003906,-0.22483253479003906
S474I,RB1,474,1,-4.901547908782959,4.901547908782959
P365A,MYCN,365,0,-0.9533183574676514,0.9533183574676514
S526F,TSC1,526,0,-1.8314120769500732,1.8314120769500732
L1276V,BRCA1,1276,0,-0.6249887943267822,0.6249887943267822
P1370S,TSC2,1370,0,0.8180915117263794,-0.8180915117263794
D559N,BRCA2,559,0,0.12810111045837402,-0.12810111045837402
S167F,TP63,167,1,-10.540844917297363,10.540844917297363
L525Q,BRAF,525,1,-16.248348236083984,16.248348236083984
R1325M,NF1,1325,1,-0.4669620990753174,0.4669620990753174
H420P,WT1,420,1,-14.187631607055664,14.187631607055664
H93N,PTEN,93,1,-8.425521850585938,8.425521850585938
R1412T,NF1,1412,1,-0.2596139907836914,0.2596139907836914
E296K,ALK,296,0,-0.5923607349395752,0.5923607349395752
V126A,ALK,126,0,0.4130556583404541,-0.4130556583404541
R167L,VHL,167,1,-0.5277576446533203,0.5277576446533203
R82L,VHL,82,1,-0.2931032180786133,0.2931032180786133
P154A,VHL,154,1,-1.385986566543579,1.385986566543579
D355N,TP63,355,1,-12.035737991333008,12.035737991333008
G600D,TP63,600,1,-9.119117736816406,9.119117736816406
I247V,MET,247,0,-1.1735210418701172,1.1735210418701172
G344R,MET,344,0,-7.757898807525635,7.757898807525635
M425V,TSC1,425,0,1.2306323051452637,-1.2306323051452637
I580V,TSC1,580,0,0.6361198425292969,-0.6361198425292969
Y68D,PTEN,68,1,-16.87433433532715,16.87433433532715
K267N,PTEN,267,1,-7.388832092285156,7.388832092285156
L152P,PTEN,152,1,-12.106409072875977,12.106409072875977
P1785H,ATM,1785,0,-1.0277752876281738,1.0277752876281738
S114L,RB1,114,0,-0.5738441944122314,0.5738441944122314
K1944E,BRCA2,1944,0,0.054529428482055664,-0.054529428482055664
Q444H,RB1,444,1,-1.5184646844863892,1.5184646844863892
I1258R,BRCA2,1258,0,-1.5009088516235352,1.5009088516235352
E737D,RB1,737,1,-2.4580111503601074,2.4580111503601074
S888N,RB1,888,1,-0.7561540603637695,0.7561540603637695
P1675Q,TSC2,1675,1,-0.761897087097168,0.761897087097168
T147K,TSC2,147,1,-0.7696588039398193,0.7696588039398193
E787D,TSC2,787,1,-0.457183837890625,0.457183837890625
Y1571H,TSC2,1571,1,-2.069929838180542,2.069929838180542
M895R,NF1,895,1,-1.0084991455078125,1.0084991455078125
L929R,NF1,929,1,-1.5033117532730103,1.5033117532730103
S2018R,NF1,2018,1,-1.2160887718200684,1.2160887718200684
I826V,NF1,826,0,0.6872410774230957,-0.6872410774230957
P1084S,NF1,1084,1,0.7172811031341553,-0.7172811031341553
M1149V,NF1,1149,1,0.8105494976043701,-0.8105494976043701
N1156K,NF1,1156,1,0.08042526245117188,-0.08042526245117188
L933P,NF1,933,1,-3.1404576301574707,3.1404576301574707
V1419D,NF1,1419,1,-0.6009676456451416,0.6009676456451416
H1686Y,BRCA1,1686,1,-4.886244773864746,4.886244773864746
D1644H,NF1,1644,1,-5.706497669219971,5.706497669219971
M18R,BRCA1,18,1,-5.633547782897949,5.633547782897949
H1746D,BRCA1,1746,1,-0.5555863380432129,0.5555863380432129
M1215R,NF1,1215,1,0.32203221321105957,-0.32203221321105957
G1788A,BRCA1,1788,1,-5.07639741897583,5.07639741897583
K1457N,NF1,1457,1,0.2178189754486084,-0.2178189754486084
I1723T,BRCA1,1723,0,-3.0955100059509277,3.0955100059509277
T2135I,NF1,2135,1,-0.7995431423187256,0.7995431423187256
A2274S,NF1,2274,1,0.35138368606567383,-0.35138368606567383
R158L,TP53,158,1,-10.338606834411621,10.338606834411621
L140P,STK11,140,1,-11.218612670898438,11.218612670898438
I1171T,ALK,1171,1,-7.683475017547607,7.683475017547607
T2722I,BRCA2,2722,1,-4.024945259094238,4.024945259094238
K1286N,BRCA2,1286,0,0.2735323905944824,-0.2735323905944824
A533D,KIT,533,1,-8.448577880859375,8.448577880859375
D469Y,WT1,469,1,-14.121315002441406,14.121315002441406
S65P,VHL,65,1,0.9213552474975586,-0.9213552474975586
Y155S,PTEN,155,1,-10.881447792053223,10.881447792053223
H1640R,TSC2,1640,1,-3.8852429389953613,3.8852429389953613
W223R,NF1,223,1,0.36051225662231445,-0.36051225662231445
A320D,NF1,320,1,-3.5312957763671875,3.5312957763671875
A330V,NF1,330,1,-0.1927642822265625,0.1927642822265625
L929P,NF1,929,1,-1.8016196489334106,1.8016196489334106
L1196V,NF1,1196,1,-0.2453150749206543,0.2453150749206543
L1411V,NF1,1411,1,-0.651190996170044,0.651190996170044
K1529R,NF1,1529,1,-0.07306814193725586,0.07306814193725586
K2307N,NF1,2307,1,-0.1438431739807129,0.1438431739807129
D2597Y,ATM,2597,1,-0.6007165908813477,0.6007165908813477
D1547N,BRCA2,1547,0,-0.24493169784545898,0.24493169784545898
V1775L,BRCA2,1775,0,0.2658066749572754,-0.2658066749572754
K1025R,BRCA2,1025,0,-1.356886625289917,1.356886625289917
R287Q,RET,287,1,0.3148221969604492,-0.3148221969604492
V290K,PTEN,290,1,-0.14455604553222656,0.14455604553222656
H115P,VHL,115,1,-0.1877422332763672,0.1877422332763672
V1627D,NF1,1627,1,-2.5006186962127686,2.5006186962127686
E2214D,NF1,2214,1,-0.43538641929626465,0.43538641929626465
S483N,WT1,483,1,-8.178047180175781,8.178047180175781
G93V,VHL,93,1,-1.2398375272750854,1.2398375272750854
G114S,VHL,114,1,-1.493196964263916,1.493196964263916
L158V,VHL,158,1,-0.34852147102355957,0.34852147102355957
K232E,TP63,232,1,-13.424132347106934,13.424132347106934
A621T,KIT,621,1,-14.532060623168945,14.532060623168945
S111C,VHL,111,1,-1.4745831489562988,1.4745831489562988
R191W,MET,191,0,-4.095449447631836,4.095449447631836
M23K,BRAF,23,0,-16.753971099853516,16.753971099853516
P166H,TP63,166,1,-11.911895751953125,11.911895751953125
A1026S,TSC1,1026,0,2.138537883758545,-2.138537883758545
L1045V,TSC1,1045,0,-0.20293951034545898,0.20293951034545898
T52I,RB1,52,0,-0.026967763900756836,0.026967763900756836
D92G,PTEN,92,1,-12.177372932434082,12.177372932434082
Y177C,PTEN,177,1,-10.716185569763184,10.716185569763184
D252V,PTEN,252,1,-11.592089653015137,11.592089653015137
T277A,PTEN,277,1,-7.135624408721924,7.135624408721924
D310G,PTEN,310,1,-2.556581974029541,2.556581974029541
Q443H,TSC2,443,0,-0.8212950229644775,0.8212950229644775
S1147F,TSC2,1147,0,-1.8025085926055908,1.8025085926055908
A1164T,TSC2,1164,0,-0.818185567855835,0.818185567855835
I1537T,TSC2,1537,0,0.3971118927001953,-0.3971118927001953
H2623Y,BRCA2,2623,1,-0.17667198181152344,0.17667198181152344
T12S,RB1,12,0,-0.07056379318237305,0.07056379318237305
L218V,RB1,218,1,-4.803215503692627,4.803215503692627
D186V,NF1,186,1,1.9197888374328613,-1.9197888374328613
E244K,NF1,244,1,0.03586840629577637,-0.03586840629577637
R997T,NF1,997,1,0.25046658515930176,-0.25046658515930176
M1214R,NF1,1214,1,1.0533761978149414,-1.0533761978149414
N1415K,NF1,1415,1,0.0495448112487793,-0.0495448112487793
N1451D,NF1,1451,1,-0.020155906677246094,0.020155906677246094
R2349G,NF1,2349,0,0.5313420295715332,-0.5313420295715332
H41Y,BRCA1,41,1,-6.886565685272217,6.886565685272217
H178Q,TP53,178,1,-5.868922710418701,5.868922710418701
N181E,STK11,181,1,-19.063295364379883,19.063295364379883
V1146F,NF1,1146,1,-0.684927225112915,0.684927225112915
K1457Q,NF1,1457,1,-0.24962759017944336,0.24962759017944336
L847R,NF1,847,1,-1.610936164855957,1.610936164855957
R873G,NF1,873,1,0.41238975524902344,-0.41238975524902344
V2603I,NF1,2603,0,-0.1892094612121582,0.1892094612121582
W1314R,NF1,1314,0,0.8309226036071777,-0.8309226036071777
G242R,STK11,242,1,-12.55820369720459,12.55820369720459
Q373R,TSC2,373,1,-0.5693180561065674,0.5693180561065674
V709F,TSC2,709,1,-1.467322826385498,1.467322826385498
N1667S,TSC2,1667,0,1.0995454788208008,-1.0995454788208008
A1716P,NF1,1716,0,-4.5740156173706055,4.5740156173706055
V592I,EGFR,592,0,-2.458413600921631,2.458413600921631
G751R,NF1,751,1,0.3540928363800049,-0.3540928363800049
S240G,TP53,240,1,-8.256795883178711,8.256795883178711
M1030R,TSC2,1030,1,0.22191691398620605,-0.22191691398620605
K354N,NF1,354,1,-0.493593692779541,0.493593692779541
E41V,NF1,41,1,-0.8126964569091797,0.8126964569091797
P798A,BRCA1,798,0,0.3236391544342041,-0.3236391544342041
F147S,RET,147,1,0.6563379764556885,-0.6563379764556885
V202L,RET,202,1,0.16693806648254395,-0.16693806648254395
R161G,VHL,161,1,-0.7876889705657959,0.7876889705657959
V255E,PTEN,255,1,-16.73781967163086,16.73781967163086
H474P,WT1,474,1,-17.14509391784668,17.14509391784668
N78H,VHL,78,1,-0.1018226146697998,0.1018226146697998
N78D,VHL,78,1,0.6692190170288086,-0.6692190170288086
S80I,VHL,80,1,-0.3856801986694336,0.3856801986694336
F91V,VHL,91,0,1.0911221504211426,-1.0911221504211426
V166D,VHL,166,1,-1.4145569801330566,1.4145569801330566
V170D,VHL,170,1,-0.09185433387756348,0.09185433387756348
L178Q,VHL,178,1,-0.5861446857452393,0.5861446857452393
L178R,VHL,178,1,-0.1529829502105713,0.1529829502105713
L188Q,VHL,188,1,-2.0600194931030273,2.0600194931030273
L188P,VHL,188,1,-0.142799973487854,0.142799973487854
E166Q,ATM,166,1,-0.5917012691497803,0.5917012691497803
S79G,APC,79,0,-0.47721123695373535,0.47721123695373535
T3413I,BRCA2,3413,0,0.1380443572998047,-0.1380443572998047
W1718G,BRCA1,1718,1,-10.531747817993164,10.531747817993164
V1714F,BRCA1,1714,1,-5.183579921722412,5.183579921722412
H971R,BRCA1,971,0,0.8754355907440186,-0.8754355907440186
S111G,VHL,111,1,-0.4977903366088867,0.4977903366088867
R280S,TP53,280,1,-12.070149421691895,12.070149421691895
R273G,TP53,273,1,-12.007601737976074,12.007601737976074
I232S,TP53,232,1,-10.400433540344238,10.400433540344238
C176R,TP53,176,1,-12.486563682556152,12.486563682556152
R156P,TP53,156,1,-7.584486961364746,7.584486961364746
F113C,TP53,113,1,-9.374324798583984,9.374324798583984
F109C,TP53,109,1,-10.990069389343262,10.990069389343262
C71L,PTEN,71,1,-11.034255981445312,11.034255981445312
W777G,NF1,777,1,1.6539692878723145,-1.6539692878723145
A481K,BRAF,481,1,-16.017078399658203,16.017078399658203
H115R,VHL,115,1,1.4534417390823364,-1.4534417390823364
P154L,VHL,154,1,-1.8918263912200928,1.8918263912200928
N246K,TP63,246,1,-13.414607048034668,13.414607048034668
C312F,TP63,312,1,-13.721864700317383,13.721864700317383
R318C,TP63,318,1,-12.37712287902832,12.37712287902832
F565V,TP63,565,1,-10.58831787109375,10.58831787109375
K509I,KIT,509,1,0.16224431991577148,-0.16224431991577148
Q542H,APC,542,1,-1.1305265426635742,1.1305265426635742
A366P,BRAF,366,1,-14.387639045715332,14.387639045715332
W347R,TSC1,347,0,1.922830581665039,-1.922830581665039
L16P,CDKN2A,16,1,-5.335433006286621,5.335433006286621
K6E,PTEN,6,1,-11.174302101135254,11.174302101135254
H93Y,PTEN,93,1,-10.952285766601562,10.952285766601562
I101N,PTEN,101,1,-15.518102645874023,15.518102645874023
R159K,PTEN,159,1,-12.241276741027832,12.241276741027832
T2682S,ATM,2682,1,0.08012080192565918,-0.08012080192565918
Q2730P,ATM,2730,1,-8.027042388916016,8.027042388916016
R500Q,WT1,500,1,-12.970072746276855,12.970072746276855
S285N,WT1,285,0,-1.0368115901947021,1.0368115901947021
G60S,HRAS,60,1,-15.473371505737305,15.473371505737305
R320G,RB1,320,0,-1.6531295776367188,1.6531295776367188
I470L,RB1,470,0,-2.099295139312744,2.099295139312744
R668C,RB1,668,0,-2.5430688858032227,2.5430688858032227
L511F,TSC2,511,0,-1.3587641716003418,1.3587641716003418
H855Q,TSC2,855,0,0.04293465614318848,-0.04293465614318848
V1649I,TSC2,1649,0,-1.5341131687164307,1.5341131687164307
M1I,NF1,1,1,-4.468516826629639,4.468516826629639
L58P,NF1,58,1,-3.2942070960998535,3.2942070960998535
S82P,NF1,82,1,-0.8795998096466064,0.8795998096466064
Q83P,NF1,83,1,-0.6718716621398926,0.6718716621398926
A138P,NF1,138,1,-2.8134348392486572,2.8134348392486572
L194P,NF1,194,1,-0.6779685020446777,0.6779685020446777
K263E,NF1,263,1,0.1265850067138672,-0.1265850067138672
L447P,NF1,447,1,-3.5866544246673584,3.5866544246673584
E775D,NF1,775,1,-0.4727303981781006,0.4727303981781006
L792H,NF1,792,1,-1.6935477256774902,1.6935477256774902
R997K,NF1,997,1,0.09775876998901367,-0.09775876998901367
M1035K,NF1,1035,1,0.6822395324707031,-0.6822395324707031
M1149T,NF1,1149,1,-0.3935093879699707,0.3935093879699707
G1166S,NF1,1166,1,0.6067688465118408,-0.6067688465118408
G1190S,NF1,1190,1,0.586768388748169,-0.586768388748169
W1258R,NF1,1258,1,1.7382049560546875,-1.7382049560546875
Q1447E,NF1,1447,1,0.4159860610961914,-0.4159860610961914
D1644N,NF1,1644,1,-2.9071497917175293,2.9071497917175293
N1683K,NF1,1683,1,-1.2218351364135742,1.2218351364135742
L2461F,NF1,2461,0,-1.5352458953857422,1.5352458953857422
C1787Y,BRCA1,1787,1,-3.406813383102417,3.406813383102417
I492V,BRCA1,492,0,0.08334040641784668,-0.08334040641784668
C47R,BRCA1,47,1,-8.051911354064941,8.051911354064941
C44W,BRCA1,44,1,-11.995462417602539,11.995462417602539
C24W,BRCA1,24,1,-9.688933372497559,9.688933372497559
C24G,BRCA1,24,1,-8.717595100402832,8.717595100402832
C24S,BRCA1,24,1,-8.744093894958496,8.744093894958496
S127Y,TP53,127,1,-12.20091438293457,12.20091438293457
K483T,BRAF,483,1,-14.595588684082031,14.595588684082031
T470P,BRAF,470,1,-12.463247299194336,12.463247299194336
A34V,BRAF,34,0,-6.091924667358398,6.091924667358398
L2929W,BRCA2,2929,0,-2.523892879486084,2.523892879486084
L562P,TP63,562,1,-9.208964347839355,9.208964347839355
R287L,RET,287,1,0.09278488159179688,-0.09278488159179688
Q1408H,BRCA1,1408,1,-2.737171173095703,2.737171173095703
M1L,NF1,1,1,-3.2916057109832764,3.2916057109832764
T841P,NF1,841,1,-1.272430419921875,1.272430419921875
F1193L,NF1,1193,1,1.0239040851593018,-1.0239040851593018
L844H,NF1,844,1,-2.4603023529052734,2.4603023529052734
A846P,NF1,846,1,-1.682464599609375,1.682464599609375
R1276L,NF1,1276,1,0.4552183151245117,-0.4552183151245117
C585R,RET,585,1,-0.37767505645751953,0.37767505645751953
P190L,WT1,190,0,-2.8099217414855957,2.8099217414855957
Y91C,RB1,91,0,-0.21236228942871094,0.21236228942871094
D2736N,NF1,2736,0,0.052581787109375,-0.052581787109375
L1033H,ALK,1033,0,-3.0246832370758057,3.0246832370758057
A626T,RB1,626,0,0.24648761749267578,-0.24648761749267578
S758L,RB1,758,0,5.176329135894775,-5.176329135894775
A736V,TSC2,736,0,-0.08452701568603516,0.08452701568603516
A1164S,TSC2,1164,0,-0.22009563446044922,0.22009563446044922
A87T,WT1,87,0,-0.9336063861846924,0.9336063861846924
A1039T,ERBB2,1039,0,-1.1083667278289795,1.1083667278289795
I225V,TP63,225,0,-3.444096565246582,3.444096565246582
T434M,TP63,434,0,-5.627695083618164,5.627695083618164
R669H,TP63,669,0,-8.149901390075684,8.149901390075684
P179A,HRAS,179,0,0.01015472412109375,-0.01015472412109375
H59L,TSC1,59,0,1.2322745323181152,-1.2322745323181152
V904I,EGFR,904,0,0.8542031645774841,-0.8542031645774841
A307V,TSC1,307,0,-0.1940135955810547,0.1940135955810547
S1282R,TSC2,1282,0,-0.40378546714782715,0.40378546714782715
E1669K,ATM,1669,1,-0.48166751861572266,0.48166751861572266
H1826N,NF1,1826,1,0.8321864604949951,-0.8321864604949951
R1753G,BRCA1,1753,1,-3.0976202487945557,3.0976202487945557
M1K,BRCA1,1,1,-5.7225022315979,5.7225022315979
S215F,BRAF,215,1,-11.152318954467773,11.152318954467773
I491T,EGFR,491,0,-1.9454224109649658,1.9454224109649658
T1769K,ATM,1769,0,0.3650505542755127,-0.3650505542755127
D2625E,ATM,2625,1,0.42066144943237305,-0.42066144943237305
A2626P,ATM,2626,1,-1.803868293762207,1.803868293762207
Q3038K,ATM,3038,0,-1.4039273262023926,1.4039273262023926
N856K,BRCA2,856,0,-0.2643759250640869,0.2643759250640869
G2195S,BRCA2,2195,0,1.1705777645111084,-1.1705777645111084
G676A,TSC2,676,0,0.45684492588043213,-0.45684492588043213
L90Q,NF1,90,1,-4.475545883178711,4.475545883178711
D1067Y,NF1,1067,0,-0.6063685417175293,0.6063685417175293
L1068F,NF1,1068,0,-1.1446611881256104,1.1446611881256104
V143A,TP53,143,1,-7.780563831329346,7.780563831329346
L474S,BRCA1,474,0,0.5275082588195801,-0.5275082588195801
I597T,TP63,597,1,-10.076828002929688,10.076828002929688
G175C,WT1,175,1,-4.4464945793151855,4.4464945793151855
D2632G,NF1,2632,1,-0.8436217308044434,0.8436217308044434
A2912T,BRCA2,2912,0,-0.19441938400268555,0.19441938400268555
Q427H,WT1,427,1,-5.449195861816406,5.449195861816406
E46K,VHL,46,0,-4.438449859619141,4.438449859619141
F76I,VHL,76,1,0.04333662986755371,-0.04333662986755371
V155L,VHL,155,1,0.29340624809265137,-0.29340624809265137
K159E,VHL,159,1,1.5686471462249756,-1.5686471462249756
I357T,APC,357,0,-1.470095157623291,1.470095157623291
A29V,MET,29,0,0.49625396728515625,-0.49625396728515625
K121N,TSC1,121,1,-0.7170841693878174,0.7170841693878174
G23R,CDKN2A,23,1,-3.9477343559265137,3.9477343559265137
C634L,RET,634,1,1.9787263870239258,-1.9787263870239258
I880V,RET,880,0,1.232269287109375,-1.232269287109375
A34P,PTEN,34,1,-12.02861213684082,12.02861213684082
P38L,PTEN,38,1,-11.442489624023438,11.442489624023438
I101T,PTEN,101,1,-8.513479232788086,8.513479232788086
C124S,PTEN,124,1,-11.99941349029541,11.99941349029541
L181P,PTEN,181,1,-12.276763916015625,12.276763916015625
F168Y,ATM,168,0,-0.9521088600158691,0.9521088600158691
L643P,ATM,643,0,-1.3103463649749756,1.3103463649749756
V849M,ATM,849,0,-0.48610973358154297,0.48610973358154297
D860E,ATM,860,0,-0.004759788513183594,0.004759788513183594
I1022S,ATM,1022,1,-0.9521267414093018,0.9521267414093018
A2368V,ATM,2368,0,-0.1860816478729248,0.1860816478729248
G2765V,ATM,2765,1,-7.524989128112793,7.524989128112793
A1193S,BRCA2,1193,0,1.0105632543563843,-1.0105632543563843
Y1716C,BRCA2,1716,0,0.18159198760986328,-0.18159198760986328
P2532A,BRCA2,2532,0,-0.17859530448913574,0.17859530448913574
S2616C,BRCA2,2616,0,-1.5073354244232178,1.5073354244232178
P2639R,BRCA2,2639,0,-0.017818927764892578,0.017818927764892578
R2668S,BRCA2,2668,0,0.2478160858154297,-0.2478160858154297
A2698G,BRCA2,2698,0,0.41588377952575684,-0.41588377952575684
Q2731H,BRCA2,2731,0,-0.20534062385559082,0.20534062385559082
G2743C,BRCA2,2743,0,-0.4752511978149414,0.4752511978149414
L2805I,BRCA2,2805,0,-1.0070385932922363,1.0070385932922363
S2810C,BRCA2,2810,0,-1.6195826530456543,1.6195826530456543
L2865F,BRCA2,2865,0,-0.9782023429870605,0.9782023429870605
E2875D,BRCA2,2875,0,-0.8242805004119873,0.8242805004119873
K2950T,BRCA2,2950,0,-1.5304961204528809,1.5304961204528809
N3124H,BRCA2,3124,0,-1.5491328239440918,1.5491328239440918
P3129T,BRCA2,3129,0,-0.08938217163085938,0.08938217163085938
T3137S,BRCA2,3137,0,-0.13014888763427734,0.13014888763427734
F162Y,RB1,162,0,0.5745887756347656,-0.5745887756347656
A188V,RB1,188,0,-0.07038307189941406,0.07038307189941406
Q200H,TSC2,200,0,-0.4406280517578125,0.4406280517578125
R208Q,TSC2,208,0,-0.2784569263458252,0.2784569263458252
P654L,NF1,654,0,1.5520453453063965,-1.5520453453063965
S807N,NF1,807,0,-0.6353168487548828,0.6353168487548828
L995P,NF1,995,1,-2.014064311981201,2.014064311981201
A1024S,NF1,1024,0,0.7608661651611328,-0.7608661651611328
L2390W,NF1,2390,1,-3.3535609245300293,3.3535609245300293
V2839L,NF1,2839,0,0.674126386642456,-0.674126386642456
T1816R,BRCA1,1816,0,0.09541654586791992,-0.09541654586791992
V1809D,BRCA1,1809,1,-8.449050903320312,8.449050903320312
V1665G,BRCA1,1665,0,-6.568039894104004,6.568039894104004
E1644Q,BRCA1,1644,0,-0.11182928085327148,0.11182928085327148
G1332E,BRCA1,1332,0,1.0418846607208252,-1.0418846607208252
Q94H,BRCA1,94,0,-1.3199554681777954,1.3199554681777954
C27Y,BRCA1,27,1,-9.597546577453613,9.597546577453613
R7L,BRCA1,7,0,-0.43576645851135254,0.43576645851135254
N263S,TP53,263,0,-3.4083826541900635,3.4083826541900635
T253A,TP53,253,1,-8.369132995605469,8.369132995605469
R181P,TP53,181,1,-10.676164627075195,10.676164627075195
P152R,TP53,152,1,-6.6596856117248535,6.6596856117248535
P151F,TP53,151,1,-9.92044448852539,9.92044448852539
L130H,TP53,130,1,-11.068950653076172,11.068950653076172
S127T,TP53,127,1,-8.022260665893555,8.022260665893555
R110G,TP53,110,1,-5.257926940917969,5.257926940917969
G59D,TP53,59,0,0.07721185684204102,-0.07721185684204102
N29D,TP53,29,0,2.521963596343994,-2.521963596343994
D237E,STK11,237,1,-8.304569244384766,8.304569244384766
H379P,STK11,379,0,1.3671886920928955,-1.3671886920928955
V170L,VHL,170,1,0.740786075592041,-0.740786075592041
P81L,CDKN2A,81,1,-6.995057582855225,6.995057582855225
G55D,CDKN2A,55,1,-1.1585413217544556,1.1585413217544556
Q1478H,ATM,1478,0,-0.4484903812408447,0.4484903812408447
V875L,BRCA2,875,0,0.40159153938293457,-0.40159153938293457
E70Q,VHL,70,1,-0.21030354499816895,0.21030354499816895
W117G,VHL,117,1,-0.408797025680542,0.408797025680542
R200L,VHL,200,1,-0.8199985027313232,0.8199985027313232
A354E,TP63,354,1,-12.315043449401855,12.315043449401855
G1189A,EGFR,1189,0,-0.9196891784667969,0.9196891784667969
D1146H,TSC1,1146,0,-0.29031825065612793,0.29031825065612793
D605V,TSC1,605,0,-0.34990644454956055,0.34990644454956055
H433Q,TSC1,433,0,0.19205474853515625,-0.19205474853515625
T415I,TSC1,415,0,-1.1168060302734375,1.1168060302734375
V42E,TSC1,42,1,-5.029508113861084,5.029508113861084
K13Q,PTEN,13,1,-9.060382843017578,9.060382843017578
K128R,PTEN,128,1,-8.051445007324219,8.051445007324219
G132S,PTEN,132,1,-10.201859474182129,10.201859474182129
Q171E,PTEN,171,1,-15.703195571899414,15.703195571899414
D326G,PTEN,326,1,-9.99836254119873,9.99836254119873
A20G,ATM,20,1,-0.09595203399658203,0.09595203399658203
L2780P,ATM,2780,1,-10.162948608398438,10.162948608398438
P254T,WT1,254,0,-0.8853665590286255,0.8853665590286255
K2446E,BRCA2,2446,0,-0.06004691123962402,0.06004691123962402
L104P,TSC2,104,1,-3.401226758956909,3.401226758956909
S322L,TSC2,322,0,1.2564306259155273,-1.2564306259155273
P632L,TSC2,632,0,1.2646138668060303,-1.2646138668060303
N633S,TSC2,633,0,1.0809972286224365,-1.0809972286224365
Y875D,TSC2,875,1,0.5992212295532227,-0.5992212295532227
S1130C,TSC2,1130,0,-3.8701252937316895,3.8701252937316895
V1312L,TSC2,1312,0,0.07505488395690918,-0.07505488395690918
L90P,NF1,90,1,-4.736177444458008,4.736177444458008
A323D,NF1,323,1,-3.2012486457824707,3.2012486457824707
K476E,NF1,476,1,-0.25018858909606934,0.25018858909606934
K505E,NF1,505,1,0.03764748573303223,-0.03764748573303223
F894S,NF1,894,1,-0.03767728805541992,0.03767728805541992
L898R,NF1,898,1,-4.496036529541016,4.496036529541016
R1000P,NF1,1000,1,0.5748891830444336,-0.5748891830444336
N1156T,NF1,1156,1,0.21248245239257812,-0.21248245239257812
L1221R,NF1,1221,1,-0.8033721446990967,0.8033721446990967
S1282R,NF1,1282,1,-0.46683835983276367,0.46683835983276367
R1325K,NF1,1325,1,0.542649507522583,-0.542649507522583
E1768D,NF1,1768,0,-0.16934967041015625,0.16934967041015625
I1845T,NF1,1845,1,-0.4467318058013916,0.4467318058013916
S2018N,NF1,2018,1,-1.246626377105713,1.246626377105713
V2391D,NF1,2391,1,-3.3808205127716064,3.3808205127716064
G1738V,BRCA1,1738,1,-2.246293544769287,2.246293544769287
I254N,TP53,254,1,-12.416706085205078,12.416706085205078
I232N,TP53,232,1,-11.721993446350098,11.721993446350098
R158G,TP53,158,1,-10.466196060180664,10.466196060180664
C132R,STK11,132,1,-12.45290756225586,12.45290756225586
Y1853S,BRCA1,1853,1,-3.5649266242980957,3.5649266242980957
Y1853H,BRCA1,1853,1,-2.1024563312530518,2.1024563312530518
E1849K,BRCA1,1849,0,-1.7830371856689453,1.7830371856689453
Q1848R,BRCA1,1848,0,-0.7770712375640869,0.7770712375640869
C1847S,BRCA1,1847,0,-2.570674419403076,2.570674419403076
Q1846H,BRCA1,1846,0,-1.342890977859497,1.342890977859497
Q1846R,BRCA1,1846,0,0.2180018424987793,-0.2180018424987793
V1842L,BRCA1,1842,0,-0.5899596214294434,0.5899596214294434
S1841I,BRCA1,1841,1,-6.546110153198242,6.546110153198242
P1831L,BRCA1,1831,0,-2.220320224761963,2.220320224761963
P1831S,BRCA1,1831,0,-1.1173441410064697,1.1173441410064697
A1830S,BRCA1,1830,1,-1.4549999237060547,1.4549999237060547
M1827L,BRCA1,1827,0,1.188112735748291,-1.188112735748291
Q1826H,BRCA1,1826,0,-1.0022988319396973,1.0022988319396973
Q1826E,BRCA1,1826,0,0.5534367561340332,-0.5534367561340332
G1825R,BRCA1,1825,0,1.3555703163146973,-1.3555703163146973
I1824N,BRCA1,1824,0,-2.059920310974121,2.059920310974121
A1823S,BRCA1,1823,1,0.5119731426239014,-0.5119731426239014
A1823P,BRCA1,1823,1,-1.486799955368042,1.486799955368042
D1818N,BRCA1,1818,0,-0.4597289562225342,0.4597289562225342
T1816A,BRCA1,1816,0,-0.08923530578613281,0.08923530578613281
A1814T,BRCA1,1814,0,0.28726792335510254,-0.28726792335510254
D1813E,BRCA1,1813,0,0.0040198564529418945,-0.0040198564529418945
Q1811P,BRCA1,1811,1,-0.333071231842041,0.333071231842041
L1800I,BRCA1,1800,0,-1.321396827697754,1.321396827697754
F1798I,BRCA1,1798,0,-0.15851402282714844,0.15851402282714844
L1795R,BRCA1,1795,0,-1.2454386949539185,1.2454386949539185
A1789V,BRCA1,1789,1,-5.814002990722656,5.814002990722656
A1789D,BRCA1,1789,1,-9.813284873962402,9.813284873962402
G1788S,BRCA1,1788,1,-3.8641774654388428,3.8641774654388428
V1784E,BRCA1,1784,1,-9.144518852233887,9.144518852233887
M1783L,BRCA1,1783,0,1.7473526000976562,-1.7473526000976562
Q1779H,BRCA1,1779,0,-1.082035779953003,1.082035779953003
M1775V,BRCA1,1775,1,1.153907299041748,-1.153907299041748
I1766T,BRCA1,1766,1,-5.619688034057617,5.619688034057617
D1757E,BRCA1,1757,0,0.16851162910461426,-0.16851162910461426
R1753I,BRCA1,1753,1,-2.800593614578247,2.800593614578247
A1752E,BRCA1,1752,1,-3.60811185836792,3.60811185836792
G1743E,BRCA1,1743,1,-3.877279758453369,3.877279758453369
R1737G,BRCA1,1737,0,-0.7369678020477295,0.7369678020477295
V1736F,BRCA1,1736,1,-1.884907603263855,1.884907603263855
H1732D,BRCA1,1732,0,1.7310025691986084,-1.7310025691986084
N1730K,BRCA1,1730,0,-0.27454614639282227,0.27454614639282227
Q1721H,BRCA1,1721,0,-1.6187739372253418,1.6187739372253418
V1713G,BRCA1,1713,1,-7.138375282287598,7.138375282287598
V1713L,BRCA1,1713,1,-2.4563910961151123,2.4563910961151123
W1712G,BRCA1,1712,1,-9.637633323669434,9.637633323669434
K1711N,BRCA1,1711,0,-5.661141395568848,5.661141395568848
K1711E,BRCA1,1711,1,-7.996792793273926,7.996792793273926
G1706V,BRCA1,1706,1,-7.0511884689331055,7.0511884689331055
K1702Q,BRCA1,1702,1,-6.380728721618652,6.380728721618652
C1697F,BRCA1,1697,1,-7.279644966125488,7.279644966125488
F1695V,BRCA1,1695,1,0.19834208488464355,-0.19834208488464355
M1689K,BRCA1,1689,1,-11.050143241882324,11.050143241882324
V1688F,BRCA1,1688,1,-5.022932052612305,5.022932052612305
V1687I,BRCA1,1687,0,-1.7417149543762207,1.7417149543762207
H1686D,BRCA1,1686,1,-8.785292625427246,8.785292625427246
T1681A,BRCA1,1681,0,-2.5753962993621826,2.5753962993621826
T1677S,BRCA1,1677,0,-0.30608344078063965,0.30608344078063965
T1677N,BRCA1,1677,0,-1.348963975906372,1.348963975906372
I1674V,BRCA1,1674,0,-0.458707332611084,0.458707332611084
H1673Y,BRCA1,1673,0,-2.8370473384857178,2.8370473384857178
H1673D,BRCA1,1673,0,-0.3740520477294922,0.3740520477294922
F1668V,BRCA1,1668,0,0.0243990421295166,-0.0243990421295166
K1667T,BRCA1,1667,0,-1.2855825424194336,1.2855825424194336
Y1666N,BRCA1,1666,0,0.8812885284423828,-0.8812885284423828
M1663R,BRCA1,1663,1,0.9769034385681152,-0.9769034385681152
V1653A,BRCA1,1653,0,-2.464430332183838,2.464430332183838
V1653E,BRCA1,1653,1,-5.472306251525879,5.472306251525879
K1648R,BRCA1,1648,0,-0.18185687065124512,0.18185687065124512
K1648T,BRCA1,1648,0,-0.9285054206848145,0.9285054206848145
N1647K,BRCA1,1647,0,1.2940247058868408,-1.2940247058868408
N1647D,BRCA1,1647,0,-0.15498924255371094,0.15498924255371094
V1646D,BRCA1,1646,0,-0.40192198753356934,0.40192198753356934
V1646F,BRCA1,1646,0,-0.9885449409484863,0.9885449409484863
V1646I,BRCA1,1646,0,-0.2484292984008789,0.2484292984008789
T1643S,BRCA1,1643,0,0.7860665321350098,-0.7860665321350098
S1642L,BRCA1,1642,0,-0.7110893726348877,0.7110893726348877
A1641S,BRCA1,1641,0,0.9465305805206299,-0.9465305805206299
L1639F,BRCA1,1639,0,-1.2150187492370605,1.2150187492370605
E1638V,BRCA1,1638,0,0.09893345832824707,-0.09893345832824707
K1636N,BRCA1,1636,0,-0.08697128295898438,0.08697128295898438
S1633G,BRCA1,1633,0,-0.9368476867675781,0.9368476867675781
S1631R,BRCA1,1631,0,-1.136242151260376,1.136242151260376
T97S,BRCA1,97,0,0.9790101051330566,-0.9790101051330566
D96V,BRCA1,96,1,-2.146331787109375,2.146331787109375
D96A,BRCA1,96,1,-1.3575468063354492,1.3575468063354492
L95P,BRCA1,95,1,0.4314994812011719,-0.4314994812011719
L95I,BRCA1,95,0,-0.5744867324829102,0.5744867324829102
T77A,BRCA1,77,0,-1.181856393814087,1.181856393814087
E75K,BRCA1,75,0,1.2012133598327637,-1.2012133598327637
R71W,BRCA1,71,1,-4.630331993103027,4.630331993103027
N66S,BRCA1,66,0,0.508807897567749,-0.508807897567749
Q60H,BRCA1,60,0,-0.1270134449005127,0.1270134449005127
S59A,BRCA1,59,0,-0.3978104591369629,0.3978104591369629
M48I,BRCA1,48,0,4.524892330169678,-4.524892330169678
H41D,BRCA1,41,1,-6.298856735229492,6.298856735229492
D40G,BRCA1,40,0,-0.7871090173721313,0.7871090173721313
T37A,BRCA1,37,1,-5.1800079345703125,5.1800079345703125
V35A,BRCA1,35,1,-4.795189380645752,4.795189380645752
P34R,BRCA1,34,1,-10.634721755981445,10.634721755981445
E33D,BRCA1,33,0,-1.89546799659729,1.89546799659729
E33K,BRCA1,33,0,-3.2243242263793945,3.2243242263793945
C27W,BRCA1,27,1,-12.144508361816406,12.144508361816406
C27G,BRCA1,27,1,-10.674904823303223,10.674904823303223
C27R,BRCA1,27,1,-10.562607765197754,10.562607765197754
I26M,BRCA1,26,0,-5.625906467437744,5.625906467437744
I21L,BRCA1,21,0,1.0006016492843628,-1.0006016492843628
M18L,BRCA1,18,0,1.4694476127624512,-1.4694476127624512
N16D,BRCA1,16,0,0.5654754638671875,-0.5654754638671875
V14I,BRCA1,14,0,-0.5124707221984863,0.5124707221984863
N13K,BRCA1,13,0,-0.2263202667236328,0.2263202667236328
Q12L,BRCA1,12,0,-1.054384708404541,1.054384708404541
V11I,BRCA1,11,0,-0.4376983642578125,0.4376983642578125
L3F,BRCA1,3,0,-0.3038511276245117,0.3038511276245117
D2N,BRCA1,2,0,-1.829270362854004,1.829270362854004
A877P,RET,877,1,-12.657527923583984,12.657527923583984
Y2627H,ATM,2627,1,-1.2422897815704346,1.2422897815704346
L1339R,NF1,1339,1,-1.3593709468841553,1.3593709468841553
V167D,WT1,167,1,-10.39738655090332,10.39738655090332
M2634I,BRCA2,2634,0,0.7040321826934814,-0.7040321826934814
V157G,TP53,157,1,-11.316364288330078,11.316364288330078
V53A,PTEN,53,1,-9.598687171936035,9.598687171936035
T3411A,BRCA2,3411,0,-0.6080479621887207,0.6080479621887207
S945T,BRCA1,945,0,-0.8135054111480713,0.8135054111480713
S341G,WT1,341,1,-0.9293159246444702,0.9293159246444702
C93W,NF1,93,1,-0.7894234657287598,0.7894234657287598
D121V,VHL,121,1,-0.6055147647857666,0.6055147647857666
C1104Y,TSC1,1104,0,0.29006481170654297,-0.29006481170654297
N12I,PTEN,12,1,-9.860563278198242,9.860563278198242
T26N,PTEN,26,1,-9.549799919128418,9.549799919128418
S170N,PTEN,170,1,-12.98326301574707,12.98326301574707
N133T,TSC2,133,0,0.6254816055297852,-0.6254816055297852
Q354H,TSC2,354,0,-0.5389578342437744,0.5389578342437744
D781N,TSC2,781,0,-0.6459417343139648,0.6459417343139648
A870P,TSC2,870,1,-0.27093935012817383,0.27093935012817383
T1059I,TSC2,1059,0,-1.491530418395996,1.491530418395996
P2282L,NF1,2282,1,0.5206236839294434,-0.5206236839294434
N31D,PTEN,31,1,-10.508362770080566,10.508362770080566
C71Y,PTEN,71,1,-12.040886878967285,12.040886878967285
P1412R,TSC2,1412,0,0.0026488304138183594,-0.0026488304138183594
M991R,NF1,991,1,-0.31223630905151367,0.31223630905151367
C1016Y,NF1,1016,1,-0.32208824157714844,0.32208824157714844
S127P,TP53,127,1,-10.066231727600098,10.066231727600098
C630G,RET,630,1,-2.0993032455444336,2.0993032455444336
K128E,PTEN,128,1,-11.948331832885742,11.948331832885742
S127I,RB1,127,1,-4.859806060791016,4.859806060791016
V1047M,TSC2,1047,0,-1.4823429584503174,1.4823429584503174
S1274P,TSC2,1274,0,-1.8708031177520752,1.8708031177520752
Y1333D,TSC2,1333,0,1.4829978942871094,-1.4829978942871094
S82Y,NF1,82,1,-0.4703714847564697,0.4703714847564697
L380H,NF1,380,1,-4.961458683013916,4.961458683013916
T1175A,NF1,1175,1,-0.1534748077392578,0.1534748077392578
L1411P,NF1,1411,1,-1.538914680480957,1.538914680480957
L1978P,NF1,1978,1,-4.965258598327637,4.965258598327637
L265Q,TP53,265,1,-9.086137771606445,9.086137771606445
S241T,TP53,241,1,-9.625635147094727,9.625635147094727
R209K,TP53,209,0,-2.041588306427002,2.041588306427002
L188R,VHL,188,1,-1.4989255666732788,1.4989255666732788
V2407E,BRCA2,2407,1,-0.2705502510070801,0.2705502510070801
L423I,TSC2,423,0,-1.0230066776275635,1.0230066776275635
Q20H,NF1,20,1,-0.24420690536499023,0.24420690536499023
C1930R,NF1,1930,1,-1.3150579929351807,1.3150579929351807
L93Q,TSC1,93,1,-9.716660499572754,9.716660499572754
Y177H,PTEN,177,1,-10.871177673339844,10.871177673339844
A165D,MYCN,165,0,-2.583155870437622,2.583155870437622
R391S,MYCN,391,1,-16.23557472229004,16.23557472229004
F90S,PTEN,90,1,-12.165018081665039,12.165018081665039
S1150P,NF1,1150,1,-1.8261079788208008,1.8261079788208008
M35L,PTEN,35,1,-12.62210464477539,12.62210464477539
R426T,BRAF,426,1,-15.08633041381836,15.08633041381836
G93A,WT1,93,1,-0.1222987174987793,0.1222987174987793
R393C,MYCN,393,1,-13.071115493774414,13.071115493774414
K13E,PTEN,13,1,-10.771485328674316,10.771485328674316
Q192H,TP53,192,0,-5.63692569732666,5.63692569732666
C696F,TSC2,696,1,-0.5456540584564209,0.5456540584564209
G2596R,BRCA2,2596,1,0.02518606185913086,-0.02518606185913086
A2603P,BRCA2,2603,1,-1.0506107807159424,1.0506107807159424
K2630Q,BRCA2,2630,1,-0.543961763381958,0.543961763381958
G3076R,BRCA2,3076,1,-7.137483596801758,7.137483596801758
A246E,NF1,246,1,-1.091660737991333,1.091660737991333
M895I,NF1,895,0,0.2724020481109619,-0.2724020481109619
A1071P,NF1,1071,1,-1.216284990310669,1.216284990310669
S1599Y,NF1,1599,1,-4.206857681274414,4.206857681274414
G1890R,NF1,1890,1,1.08461332321167,-1.08461332321167
L2125R,NF1,2125,1,-1.016411304473877,1.016411304473877
L161P,TSC1,161,1,-3.732083797454834,3.732083797454834
T876S,TSC2,876,0,0.5552768707275391,-0.5552768707275391
M1180R,NF1,1180,1,-1.3210422992706299,1.3210422992706299
D1644G,NF1,1644,1,-5.682627201080322,5.682627201080322
S231D,BRCA2,231,1,-0.3135721683502197,0.3135721683502197
H1856C,BRCA2,1856,1,-2.120781898498535,2.120781898498535
R64S,VHL,64,1,-0.48953962326049805,0.48953962326049805
A149V,VHL,149,1,-0.31205034255981445,0.31205034255981445
K311N,APC,311,1,0.5512957572937012,-0.5512957572937012
H1083R,ATM,1083,1,0.1788039207458496,-0.1788039207458496
L2767P,ATM,2767,1,-8.284961700439453,8.284961700439453
I810V,TSC2,810,0,0.8486533164978027,-0.8486533164978027
N1731S,TSC2,1731,0,0.7958145141601562,-0.7958145141601562
R337S,TP53,337,1,-6.809609413146973,6.809609413146973
A159D,TP53,159,1,-12.831123352050781,12.831123352050781
C977R,ATM,977,1,-0.3677787780761719,0.3677787780761719
L320S,PTEN,320,1,-11.1830415725708,11.1830415725708
K530R,RB1,530,1,-4.999225616455078,4.999225616455078
P868T,RB1,868,0,0.4076700210571289,-0.4076700210571289
L426V,TSC2,426,0,-0.7605646848678589,0.7605646848678589
W1060S,TSC2,1060,1,3.294673204421997,-3.294673204421997
D1644Y,TSC2,1644,1,-7.94701623916626,7.94701623916626
M242R,NF1,242,1,0.45354676246643066,-0.45354676246643066
E775A,NF1,775,1,0.025506019592285156,-0.025506019592285156
V1146L,NF1,1146,1,0.9839637279510498,-0.9839637279510498
G1166C,NF1,1166,1,-0.4099562168121338,0.4099562168121338
L1196F,NF1,1196,1,-0.9635467529296875,0.9635467529296875
D1644A,NF1,1644,1,-5.9382781982421875,5.9382781982421875
A2737D,NF1,2737,1,0.19831323623657227,-0.19831323623657227
W1048R,NF1,1048,1,0.6968450546264648,-0.6968450546264648
L1079P,NF1,1079,1,-3.6476268768310547,3.6476268768310547
Q1101L,NF1,1101,1,-0.07838678359985352,0.07838678359985352
R1612S,NF1,1612,1,0.630486011505127,-0.630486011505127
T1800P,NF1,1800,1,0.03362107276916504,-0.03362107276916504
D2008H,NF1,2008,1,-1.236147403717041,1.236147403717041
S303F,BRCA2,303,0,-1.5237526893615723,1.5237526893615723
D988N,BRCA2,988,0,-0.005459785461425781,0.005459785461425781
P1039L,BRCA2,1039,0,-0.3212008476257324,0.3212008476257324
S1075N,BRCA2,1075,0,-0.034993648529052734,0.034993648529052734
D1199G,BRCA2,1199,0,-0.92818284034729,0.92818284034729
D1267N,BRCA2,1267,0,-0.12334227561950684,0.12334227561950684
N1778K,BRCA2,1778,0,-0.2502155303955078,0.2502155303955078
T2097K,BRCA2,2097,0,0.15632176399230957,-0.15632176399230957
R1188M,BRCA1,1188,0,-1.0832750797271729,1.0832750797271729
T617N,BRCA1,617,0,-0.6012628078460693,0.6012628078460693
D414Y,BRCA1,414,0,-2.514963150024414,2.514963150024414
K301Q,BRCA1,301,0,-0.9743335247039795,0.9743335247039795
R350S,TP63,350,1,-13.4976806640625,13.4976806640625
T1159S,TSC1,1159,0,0.5456967353820801,-0.5456967353820801
P323T,TSC1,323,0,-0.8246780633926392,0.8246780633926392
D2721N,ATM,2721,1,-6.49576473236084,6.49576473236084
L620V,TSC2,620,0,-0.7357628345489502,0.7357628345489502
S1341N,TSC2,1341,0,-2.5386831760406494,2.5386831760406494
Y1639N,NF1,1639,1,-3.2144103050231934,3.2144103050231934
Q444P,RB1,444,1,-4.078159332275391,4.078159332275391
L198Q,VHL,198,1,-3.4320292472839355,3.4320292472839355
L25F,PTEN,25,1,-7.721810817718506,7.721810817718506
A126P,PTEN,126,1,-12.689966201782227,12.689966201782227
V175M,PTEN,175,1,-10.054981231689453,10.054981231689453
V249G,PTEN,249,1,-12.503385543823242,12.503385543823242
K342N,PTEN,342,1,-8.564040184020996,8.564040184020996
L400P,RB1,400,1,-9.729835510253906,9.729835510253906
V184D,TSC2,184,1,-3.0385236740112305,3.0385236740112305
L58R,NF1,58,1,-3.3889713287353516,3.3889713287353516
I603K,NF1,603,1,-0.712047815322876,0.712047815322876
T1191R,NF1,1191,1,0.015035152435302734,-0.015035152435302734
F1193Y,NF1,1193,1,-0.3679027557373047,0.3679027557373047
L1208W,NF1,1208,1,-3.013370990753174,3.013370990753174
N1415Y,NF1,1415,1,1.7158896923065186,-1.7158896923065186
L2315R,NF1,2315,1,-3.2444519996643066,3.2444519996643066
G2334D,NF1,2334,1,-1.7614340782165527,1.7614340782165527
W1837S,BRCA1,1837,1,-6.2079010009765625,6.2079010009765625
R158S,TP53,158,1,-8.841577529907227,8.841577529907227
S80N,VHL,80,1,-0.152512788772583,0.152512788772583
G336D,TP63,336,1,-12.69690227508545,12.69690227508545
G557V,TP63,557,1,-11.972217559814453,11.972217559814453
R77C,RET,77,1,-1.1856870651245117,1.1856870651245117
S47P,NF1,47,1,-0.9084713459014893,0.9084713459014893
V1182L,NF1,1182,1,0.7226865291595459,-0.7226865291595459
R1870L,NF1,1870,1,-1.6954689025878906,1.6954689025878906
L2338P,NF1,2338,1,-3.9464497566223145,3.9464497566223145
L2416P,NF1,2416,1,-3.3977301120758057,3.3977301120758057
G629S,TP63,629,0,-1.7513371706008911,1.7513371706008911
M392I,STK11,392,0,0.47191524505615234,-0.47191524505615234
I926N,EGFR,926,0,-8.137377738952637,8.137377738952637
T630A,RB1,630,0,0.08426237106323242,-0.08426237106323242
A270S,ERBB2,270,0,0.4180128574371338,-0.4180128574371338
R929Q,ERBB2,929,0,-6.814203262329102,6.814203262329102
F468L,BRAF,468,1,-11.234712600708008,11.234712600708008
A184S,MYCN,184,0,-1.9184954166412354,1.9184954166412354
K2950N,BRCA2,2950,0,-1.2907099723815918,1.2907099723815918
P1135S,ERBB2,1135,0,-0.6369634866714478,0.6369634866714478
M658I,BRCA1,658,0,1.138331413269043,-1.138331413269043
L289P,TP53,289,0,-6.607064723968506,6.607064723968506
N1098Y,BRCA2,1098,0,-0.8894963264465332,0.8894963264465332
F154C,PTEN,154,1,-7.5139570236206055,7.5139570236206055
T1738I,BRCA2,1738,0,0.31095170974731445,-0.31095170974731445
D1156A,BRCA1,1156,0,-0.02644181251525879,0.02644181251525879
R173G,PTEN,173,1,-13.989068984985352,13.989068984985352
M1I,TP63,1,1,-4.646476745605469,4.646476745605469
A710V,ERBB2,710,1,-5.221499919891357,5.221499919891357
R1575T,NF1,1575,1,0.04905533790588379,-0.04905533790588379
K483I,BRAF,483,1,-12.59402847290039,12.59402847290039
Q171K,PTEN,171,1,-17.1514835357666,17.1514835357666
F156L,HRAS,156,1,-11.809908866882324,11.809908866882324
P1084R,NF1,1084,1,-0.44106006622314453,0.44106006622314453
K2266N,ATM,2266,1,-0.43912696838378906,0.43912696838378906
L128P,VHL,128,1,-0.47977447509765625,0.47977447509765625
L100F,PTEN,100,1,-7.03041934967041,7.03041934967041
L1511P,NF1,1511,1,-2.8574769496917725,2.8574769496917725
I548S,BRCA1,548,0,0.5763363838195801,-0.5763363838195801
Q709E,BRAF,709,1,-16.422258377075195,16.422258377075195
L94P,CDKN2A,94,1,-10.304472923278809,10.304472923278809
T780P,NF1,780,1,-1.014007806777954,1.014007806777954
K1915N,APC,1915,0,-1.5510601997375488,1.5510601997375488
P3067S,BRCA2,3067,0,0.5208594799041748,-0.5208594799041748
V1671E,TSC2,1671,1,-5.995234966278076,5.995234966278076
S1486N,BRCA1,1486,0,-1.167323112487793,1.167323112487793
L1306F,BRCA1,1306,0,-1.0602002143859863,1.0602002143859863
N1377I,BRCA2,1377,0,-0.5238375663757324,0.5238375663757324
R376H,TP63,376,0,-11.371040344238281,11.371040344238281
R82G,VHL,82,1,0.5298342704772949,-0.5298342704772949
P740L,BRCA2,740,0,0.38785290718078613,-0.38785290718078613
Q294R,TP63,294,1,-13.014364242553711,13.014364242553711
N580D,BRAF,580,1,-15.603507995605469,15.603507995605469
N236K,BRAF,236,1,-14.0867919921875,14.0867919921875
F468C,BRAF,468,1,-9.724493026733398,9.724493026733398
E275K,BRAF,275,1,-12.110928535461426,12.110928535461426
P1445A,BRCA1,1445,0,0.023180007934570312,-0.023180007934570312
L485W,BRAF,485,1,-14.222318649291992,14.222318649291992
L201P,VHL,201,1,-3.3468575477600098,3.3468575477600098
K1036E,NF1,1036,1,0.9922547340393066,-0.9922547340393066
K2577N,BRCA2,2577,0,-0.7853868007659912,0.7853868007659912
L2394P,NF1,2394,1,-5.404418468475342,5.404418468475342
K125E,PTEN,125,1,-14.542192459106445,14.542192459106445
I597F,TP63,597,1,-7.991608142852783,7.991608142852783
R338C,TP63,338,1,-11.018902778625488,11.018902778625488
V1683G,TSC2,1683,1,-4.651214599609375,4.651214599609375
I251F,TP53,251,1,-10.94343090057373,10.94343090057373
C1016W,NF1,1016,1,-0.666018009185791,0.666018009185791
C582F,NF1,582,1,0.1797029972076416,-0.1797029972076416
R261L,TSC2,261,0,-0.00462031364440918,0.00462031364440918
S310N,TP63,310,1,-5.293972015380859,5.293972015380859
L1854P,NF1,1854,1,-2.2498838901519775,2.2498838901519775
S6T,TSC2,6,0,-0.6141924858093262,0.6141924858093262
G1303R,TSC2,1303,0,-0.7608537673950195,0.7608537673950195
L898Q,NF1,898,1,-3.624009370803833,3.624009370803833
P1265L,TSC2,1265,0,-0.8255051374435425,0.8255051374435425
S65T,VHL,65,1,0.0006306171417236328,-0.0006306171417236328
H553P,NF1,553,1,0.46201467514038086,-0.46201467514038086
G173S,TP63,173,1,-8.779192924499512,8.779192924499512
Y1678H,TSC2,1678,0,0.745208740234375,-0.745208740234375
N131Y,VHL,131,1,-0.23955512046813965,0.23955512046813965
S2855I,ATM,2855,1,-9.87331485748291,9.87331485748291
W164R,TSC1,164,0,1.068310260772705,-1.068310260772705
A1540P,NF1,1540,1,-1.1608448028564453,1.1608448028564453
T3085I,BRCA2,3085,1,-1.1879856586456299,1.1879856586456299
D2008Y,NF1,2008,1,-1.775700569152832,1.775700569152832
H1746P,TSC2,1746,1,-0.909987211227417,0.909987211227417
P1497L,TSC2,1497,1,0.09752011299133301,-0.09752011299133301
P96Q,PTEN,96,1,-13.889128684997559,13.889128684997559
S671G,TSC1,671,0,-0.21480393409729004,0.21480393409729004
A84D,TSC1,84,0,-0.6282198429107666,0.6282198429107666
N1861K,NF1,1861,1,-0.32337284088134766,0.32337284088134766
N1026S,APC,1026,1,-2.007051944732666,2.007051944732666
F565L,TP63,565,1,-5.170380115509033,5.170380115509033
T1923S,NF1,1923,1,0.44747352600097656,-0.44747352600097656
P2829S,ATM,2829,1,-3.807342529296875,3.807342529296875
M1K,TSC2,1,1,-5.617028713226318,5.617028713226318
L112V,PTEN,112,1,-10.487675666809082,10.487675666809082
L1183R,NF1,1183,1,-4.740073204040527,4.740073204040527
W837G,NF1,837,1,0.9084961414337158,-0.9084961414337158
L1015R,NF1,1015,1,-3.762883424758911,3.762883424758911
V1093E,NF1,1093,1,1.0135133266448975,-1.0135133266448975
A1148E,NF1,1148,1,-1.772827386856079,1.772827386856079
L1187R,NF1,1187,1,-2.932823657989502,2.932823657989502
R381G,TSC2,381,0,-1.2110419273376465,1.2110419273376465
A2S,TSC2,2,0,0.20466363430023193,-0.20466363430023193
H306Y,STK11,306,1,-9.363351821899414,9.363351821899414
Y1549H,TSC2,1549,1,-2.9543051719665527,2.9543051719665527
G1890A,NF1,1890,1,0.8136022090911865,-0.8136022090911865
Y2726N,BRCA2,2726,1,0.04755568504333496,-0.04755568504333496
Y1736S,TSC2,1736,0,1.8039023876190186,-1.8039023876190186
G1219R,NF1,1219,1,-0.28481173515319824,0.28481173515319824
L43Q,NF1,43,1,-0.7319149971008301,0.7319149971008301
Q510H,TSC2,510,0,-1.2218894958496094,1.2218894958496094
W412S,ATM,412,1,1.7348432540893555,-1.7348432540893555
M2806I,ATM,2806,1,0.23177671432495117,-0.23177671432495117
T1191S,NF1,1191,1,0.5035474300384521,-0.5035474300384521
L2133R,NF1,2133,1,-4.520444869995117,4.520444869995117
D24V,PTEN,24,1,-12.535005569458008,12.535005569458008
N1278I,NF1,1278,1,0.9315338134765625,-0.9315338134765625
C900Y,TSC2,900,1,-0.049742937088012695,0.049742937088012695
G1168D,NF1,1168,1,0.3354165554046631,-0.3354165554046631
M1I,PTEN,1,1,-8.387959480285645,8.387959480285645
R1044T,TSC2,1044,1,0.16167354583740234,-0.16167354583740234
F113I,TP53,113,1,-9.038982391357422,9.038982391357422
Q2829P,BRCA2,2829,1,0.6171426773071289,-0.6171426773071289
L1243R,NF1,1243,1,-2.037877082824707,2.037877082824707
C904S,NF1,904,1,1.6735738515853882,-1.6735738515853882
L2103P,NF1,2103,1,-4.29923152923584,4.29923152923584
I415L,RB1,415,0,-3.37723445892334,3.37723445892334
R1038T,NF1,1038,1,-0.3973987102508545,0.3973987102508545
N48S,PTEN,48,1,-9.656737327575684,9.656737327575684
P651S,TSC2,651,0,0.43021106719970703,-0.43021106719970703
I177R,NF1,177,1,-0.009763717651367188,0.009763717651367188
R266L,TP63,266,1,-13.723030090332031,13.723030090332031
L2153P,NF1,2153,1,-1.5211124420166016,1.5211124420166016
L1855R,NF1,1855,1,-3.0055017471313477,3.0055017471313477
A1966I,NF1,1966,0,-0.41373181343078613,0.41373181343078613
T2666I,ATM,2666,1,0.12055110931396484,-0.12055110931396484
M1236L,TSC2,1236,0,1.6467952728271484,-1.6467952728271484
A1261V,TSC2,1261,0,-0.49169278144836426,0.49169278144836426
V1646L,TSC2,1646,1,-3.1479721069335938,3.1479721069335938
Y884C,TSC2,884,0,-0.5416779518127441,0.5416779518127441
P590L,TP63,590,1,-7.5380144119262695,7.5380144119262695
L1456H,TSC2,1456,0,-1.012937068939209,1.012937068939209
Q1507H,BRCA2,1507,0,-0.386890172958374,0.386890172958374
A150T,TP63,150,0,-4.795773983001709,4.795773983001709
A1598V,ALK,1598,0,-0.24702024459838867,0.24702024459838867
Q95R,HRAS,95,0,-3.691941499710083,3.691941499710083
E2947K,BRCA2,2947,0,0.03185081481933594,-0.03185081481933594
R7L,TP63,7,0,0.897540807723999,-0.897540807723999
M1321I,ATM,1321,0,1.2233729362487793,-1.2233729362487793
R97P,TP63,97,1,0.2786107063293457,-0.2786107063293457
R647C,TP63,647,1,-11.487588882446289,11.487588882446289
L220V,RB1,220,1,-3.7137374877929688,3.7137374877929688
H474Y,WT1,474,1,-16.3214111328125,16.3214111328125
R383H,MYCN,383,1,-10.73196029663086,10.73196029663086
H1568L,ATM,1568,0,1.1370480060577393,-1.1370480060577393
W488R,ATM,488,0,0.3542017936706543,-0.3542017936706543
P26L,MYCN,26,1,-8.818081855773926,8.818081855773926
L218V,BRCA1,218,0,-0.24738025665283203,0.24738025665283203
T1915K,BRCA2,1915,0,0.5908017158508301,-0.5908017158508301
W531R,BRAF,531,1,-13.949353218078613,13.949353218078613
M1T,PTEN,1,1,-8.939616203308105,8.939616203308105
E52D,WT1,52,0,-0.9743354320526123,0.9743354320526123
L695R,NF1,695,1,-0.6132326126098633,0.6132326126098633
V1078G,BRCA2,1078,0,-0.8023571968078613,0.8023571968078613
Y179F,BRCA1,179,0,0.7433414459228516,-0.7433414459228516
D438V,BRCA2,438,0,0.3102269172668457,-0.3102269172668457
D197N,VHL,197,1,-0.9233698844909668,0.9233698844909668
K66N,PTEN,66,1,-10.829136848449707,10.829136848449707
D1849N,NF1,1849,1,-0.8915519714355469,0.8915519714355469
P1675R,TSC2,1675,1,0.09447288513183594,-0.09447288513183594
G97R,APC,97,1,-0.2279832363128662,0.2279832363128662
F760S,RB1,760,1,-10.715853691101074,10.715853691101074
M1214K,NF1,1214,1,1.2403476238250732,-1.2403476238250732
E281D,TSC2,281,1,-0.922365665435791,0.922365665435791
A1722D,TSC2,1722,1,-0.8790216445922852,0.8790216445922852
Y46H,PTEN,46,1,-11.197504997253418,11.197504997253418
M992R,NF1,992,1,0.5093636512756348,-0.5093636512756348
V951F,NF1,951,1,-0.884009838104248,0.884009838104248
R1038G,NF1,1038,1,-1.199720859527588,1.199720859527588
Y1639D,NF1,1639,1,-4.810803413391113,4.810803413391113
Q1370P,NF1,1370,1,-1.3269469738006592,1.3269469738006592
D2008A,NF1,2008,1,-0.9911375045776367,0.9911375045776367
W2229G,NF1,2229,1,-0.7330493927001953,0.7330493927001953
L2338R,NF1,2338,1,-3.000575065612793,3.000575065612793
V1180L,ALK,1180,1,-7.233554363250732,7.233554363250732
L410P,NF1,410,1,-3.136810302734375,3.136810302734375
H141L,PTEN,141,1,-9.864946365356445,9.864946365356445
D441V,WT1,441,1,-14.6404390335083,14.6404390335083
K1099E,NF1,1099,1,-0.31231260299682617,0.31231260299682617
R1243T,BRCA1,1243,0,0.6863417625427246,-0.6863417625427246
S3250L,BRCA2,3250,0,-0.3685615062713623,0.3685615062713623
A1155D,NF1,1155,1,-0.81675124168396,0.81675124168396
P1020S,BRCA1,1020,0,0.9530154466629028,-0.9530154466629028
F188V,TSC1,188,1,-0.2982451915740967,0.2982451915740967
E1353D,BRCA2,1353,0,-0.5286610126495361,0.5286610126495361
S1045F,TSC2,1045,1,-1.2613787651062012,1.2613787651062012
C312G,TP63,312,1,-14.24002456665039,14.24002456665039
H174P,STK11,174,1,-17.732349395751953,17.732349395751953
P832S,KIT,832,1,-13.980814933776855,13.980814933776855
A108S,BRCA1,108,0,1.0870347023010254,-1.0870347023010254
G1184R,BRCA1,1184,0,-0.03946113586425781,0.03946113586425781
C124W,PTEN,124,1,-13.343072891235352,13.343072891235352
S1306G,ATM,1306,0,-0.6754260063171387,0.6754260063171387
F136V,VHL,136,1,0.8769829273223877,-0.8769829273223877
C136F,PTEN,136,1,-7.830044269561768,7.830044269561768
N1363H,BRCA2,1363,0,-1.7715392112731934,1.7715392112731934
E388D,TP53,388,0,-0.1130828857421875,0.1130828857421875
S1390L,MET,1390,0,-0.2807126045227051,0.2807126045227051
Y112S,VHL,112,1,0.06207466125488281,-0.06207466125488281
G1166R,NF1,1166,1,0.10866737365722656,-0.10866737365722656
A129D,TP53,129,0,-5.87808084487915,5.87808084487915
E388Q,TP53,388,0,-0.8094909191131592,0.8094909191131592
L111V,TP53,111,0,-5.278366565704346,5.278366565704346
S334G,STK11,334,0,3.439638137817383,-3.439638137817383
V13L,KIT,13,0,1.1096992492675781,-1.1096992492675781
S1449C,TSC2,1449,0,-2.9829633235931396,2.9829633235931396
V391E,TSC2,391,1,-3.0334982872009277,3.0334982872009277
F1536S,NF1,1536,1,0.6964144706726074,-0.6964144706726074
C105G,PTEN,105,1,-12.439838409423828,12.439838409423828
E114D,TSC2,114,0,-0.3021819591522217,0.3021819591522217
Y1202H,BRCA1,1202,0,0.6252028942108154,-0.6252028942108154
S1259G,TSC2,1259,0,-0.38599061965942383,0.38599061965942383
K1310N,APC,1310,0,0.09168863296508789,-0.09168863296508789
L138R,BRCA1,138,0,0.03596234321594238,-0.03596234321594238
K1444T,NF1,1444,1,0.46085453033447266,-0.46085453033447266
E1426D,TSC2,1426,0,0.3349149227142334,-0.3349149227142334
N149K,MET,149,0,-1.9361340999603271,1.9361340999603271
E173Q,VHL,173,0,-1.2085248231887817,1.2085248231887817
K1749R,NF1,1749,0,-0.4191253185272217,0.4191253185272217
I1823V,ATM,1823,0,0.12806034088134766,-0.12806034088134766
K1828E,BRCA2,1828,0,0.3111839294433594,-0.3111839294433594
P2115T,NF1,2115,1,-0.18529105186462402,0.18529105186462402
L1623R,ATM,1623,0,-0.514021635055542,0.514021635055542
D162E,TSC2,162,0,-0.012319087982177734,0.012319087982177734
S170T,PTEN,170,1,-9.863442420959473,9.863442420959473
E171G,TP53,171,1,-9.701953887939453,9.701953887939453
V1789I,APC,1789,0,0.018656253814697266,-0.018656253814697266
Q1982H,ATM,1982,0,-0.5669703483581543,0.5669703483581543
E1985V,APC,1985,0,-0.8431768417358398,0.8431768417358398
L2069S,BRCA2,2069,0,2.4818029403686523,-2.4818029403686523
I407V,ALK,407,0,0.5293772220611572,-0.5293772220611572
E218A,BRCA2,218,0,-0.9186623096466064,0.9186623096466064
V218E,TP53,218,1,-12.533071517944336,12.533071517944336
N1532K,ALK,1532,0,0.21942687034606934,-0.21942687034606934
N1603K,BRCA2,1603,0,-0.21878576278686523,0.21878576278686523
H1626P,NF1,1626,1,-3.6380958557128906,3.6380958557128906
R161P,VHL,161,1,-1.3335402011871338,1.3335402011871338
H168L,TP53,168,1,-9.039494514465332,9.039494514465332
L1682P,TSC2,1682,1,-2.0011892318725586,2.0011892318725586
S1770L,ATM,1770,1,0.5807492733001709,-0.5807492733001709
S185R,TP53,185,0,-2.4833381175994873,2.4833381175994873
T1854A,ATM,1854,0,-0.24136137962341309,0.24136137962341309
N186S,RB1,186,0,0.9097164869308472,-0.9097164869308472
L1874F,ATM,1874,0,-1.1259628534317017,1.1259628534317017
F195S,PTEN,195,1,-12.903810501098633,12.903810501098633
G196R,STK11,196,1,-13.50684928894043,13.50684928894043
A216T,ATM,216,0,-0.35366058349609375,0.35366058349609375
D393Y,TP53,393,0,-2.842146396636963,2.842146396636963
P40A,BRCA2,40,0,0.0462336540222168,-0.0462336540222168
V1750A,APC,1750,0,0.30042576789855957,-0.30042576789855957
A193S,ATM,193,0,0.42078709602355957,-0.42078709602355957
E1928Q,BRCA2,1928,0,-0.9148602485656738,0.9148602485656738
M1936I,BRCA2,1936,0,1.8870010375976562,-1.8870010375976562
S2123N,ATM,2123,0,-0.8274533748626709,0.8274533748626709
H2195D,ATM,2195,0,0.5236518383026123,-0.5236518383026123
G2529R,BRCA2,2529,0,0.19229912757873535,-0.19229912757873535
I254T,TP53,254,1,-8.504531860351562,8.504531860351562
R266S,MET,266,0,-0.07309412956237793,0.07309412956237793
R267G,TP53,267,1,-12.417463302612305,12.417463302612305
R2787L,BRCA2,2787,0,0.4725935459136963,-0.4725935459136963
F2795V,BRCA2,2795,0,0.24794483184814453,-0.24794483184814453
D2797H,BRCA2,2797,0,-0.3136861324310303,0.3136861324310303
Q2945E,BRCA2,2945,0,0.7024091482162476,-0.7024091482162476
A2951P,BRCA2,2951,0,-2.159837245941162,2.159837245941162
V3082L,BRCA2,3082,0,-0.690082311630249,0.690082311630249
E3096Q,BRCA2,3096,0,-0.8563330173492432,0.8563330173492432
N310S,TP53,310,0,2.13395619392395,-2.13395619392395
P2276A,BRCA2,2276,0,-0.7532942295074463,0.7532942295074463
N2288S,BRCA2,2288,0,0.6704473495483398,-0.6704473495483398
E3403Q,BRCA2,3403,0,-0.7000405788421631,0.7000405788421631
P2505S,BRCA2,2505,0,0.6566929817199707,-0.6566929817199707
M340I,TP53,340,0,-3.2416234016418457,3.2416234016418457
A2632G,BRCA2,2632,0,-0.11008524894714355,0.11008524894714355
A2633V,BRCA2,2633,0,-0.27678894996643066,0.27678894996643066
L2740I,BRCA2,2740,0,-1.025986909866333,1.025986909866333
I2752V,BRCA2,2752,0,-0.15682601928710938,0.15682601928710938
T2881P,BRCA2,2881,0,0.14351177215576172,-0.14351177215576172
P2886Q,BRCA2,2886,0,-0.6222288608551025,0.6222288608551025
L2890P,BRCA2,2890,0,-1.3093349933624268,1.3093349933624268
N2910D,BRCA2,2910,0,-0.010569334030151367,0.010569334030151367
E3043D,BRCA2,3043,0,0.23574399948120117,-0.23574399948120117
D305V,ALK,305,0,0.5458922386169434,-0.5458922386169434
L3055I,BRCA2,3055,0,-0.2423388957977295,0.2423388957977295
H3056P,BRCA2,3056,0,1.2635633945465088,-1.2635633945465088
S225N,ALK,225,0,-1.7474093437194824,1.7474093437194824
K2363N,ATM,2363,1,-1.6411350965499878,1.6411350965499878
K24E,RET,24,0,1.7225935459136963,-1.7225935459136963
S2376N,ATM,2376,0,-0.7685458660125732,0.7685458660125732
D2479E,BRCA2,2479,0,-0.1414804458618164,0.1414804458618164
A2487T,BRCA2,2487,0,0.20256972312927246,-0.20256972312927246
R2488T,BRCA2,2488,0,0.32643604278564453,-0.32643604278564453
L2581V,BRCA2,2581,0,-0.6050772666931152,0.6050772666931152
I2588L,BRCA2,2588,0,0.5803821086883545,-0.5803821086883545
T2708S,BRCA2,2708,0,0.5945265293121338,-0.5945265293121338
L2743M,NF1,2743,0,-1.931098222732544,1.931098222732544
E2871D,BRCA2,2871,0,-0.8848657608032227,0.8848657608032227
P300L,TP53,300,0,-1.2443110942840576,1.2443110942840576
L3027I,BRCA2,3027,0,-0.35517168045043945,0.35517168045043945
S316T,RET,316,0,0.5794038772583008,-0.5794038772583008
L32V,TP53,32,0,-0.39965057373046875,0.39965057373046875
K2448N,BRCA2,2448,0,-0.09160995483398438,0.09160995483398438
D2451G,BRCA2,2451,0,0.009287834167480469,-0.009287834167480469
F2457L,BRCA2,2457,0,1.0476436614990234,-1.0476436614990234
K2670N,ATM,2670,1,-0.45084357261657715,0.45084357261657715
D270N,MET,270,0,-0.48889803886413574,0.48889803886413574
S2697I,BRCA2,2697,0,-1.4642510414123535,1.4642510414123535
N270S,APC,270,0,1.2195013761520386,-1.2195013761520386
S2701F,BRCA2,2701,0,-1.0352554321289062,1.0352554321289062
E2807D,ATM,2807,0,-0.7392627000808716,0.7392627000808716
R2824K,BRCA2,2824,0,0.2917170524597168,-0.2917170524597168
E2832K,BRCA2,2832,0,0.30539679527282715,-0.30539679527282715
M2952T,BRCA2,2952,0,0.17298555374145508,-0.17298555374145508
Y2977C,BRCA2,2977,0,0.08361077308654785,-0.08361077308654785
L2987V,BRCA2,2987,0,0.019598722457885742,-0.019598722457885742
T312N,TP53,312,0,-0.7741904258728027,0.7741904258728027
S3123R,BRCA2,3123,0,1.7123215198516846,-1.7123215198516846
E3130V,BRCA2,3130,0,0.17647004127502441,-0.17647004127502441
W3106R,BRCA2,3106,0,1.1540799140930176,-1.1540799140930176
I332N,TP53,332,1,-10.724061012268066,10.724061012268066
F3325L,BRCA2,3325,0,1.3592302799224854,-1.3592302799224854
Q476E,ATM,476,0,0.42891359329223633,-0.42891359329223633
S5C,BRCA2,5,0,-1.9979805946350098,1.9979805946350098
T555K,MET,555,0,-0.17921805381774902,0.17921805381774902
F555C,RET,555,1,0.6467118263244629,-0.6467118263244629
V581G,ALK,581,0,-2.2503905296325684,2.2503905296325684
E446D,TSC1,446,0,-0.4767332077026367,0.4767332077026367
E349G,TP53,349,0,-6.058886528015137,6.058886528015137
P351T,MET,351,0,0.27042293548583984,-0.27042293548583984
H553D,NF1,553,1,-0.18534612655639648,0.18534612655639648
P58A,TP53,58,0,-0.3186769485473633,0.3186769485473633
Y606F,RET,606,0,0.1866292953491211,-0.1866292953491211
I442V,MET,442,0,0.8892488479614258,-0.8892488479614258
P490S,BRCA1,490,0,0.5905561447143555,-0.5905561447143555
Q490H,RET,490,0,-1.0856261253356934,1.0856261253356934
L520W,ALK,520,0,-2.6381454467773438,2.6381454467773438
H542D,MET,542,0,0.03177595138549805,-0.03177595138549805
A57T,CDKN2A,57,0,-1.7930206060409546,1.7930206060409546
D57V,TP53,57,0,-0.49359846115112305,0.49359846115112305
V572A,RET,572,0,-0.5885133743286133,0.5885133743286133
K342T,KIT,342,0,-3.6146883964538574,3.6146883964538574
R46K,RB1,46,1,0.4725937843322754,-0.4725937843322754
D507N,RB1,507,0,0.1130361557006836,-0.1130361557006836
R512I,NF1,512,0,0.06107330322265625,-0.06107330322265625
P513L,TSC1,513,0,0.16010522842407227,-0.16010522842407227
F56S,PTEN,56,1,-11.833158493041992,11.833158493041992
T620A,RB1,620,0,-0.43474602699279785,0.43474602699279785
A355T,TP53,355,0,-0.5692977905273438,0.5692977905273438
M66V,TP53,66,0,2.2537713050842285,-2.2537713050842285
S657F,NF1,657,0,-1.715274453163147,1.715274453163147
C693Y,ATM,693,0,0.00991678237915039,-0.00991678237915039
P8R,TP53,8,0,-1.3346922397613525,1.3346922397613525
N367S,RET,367,0,-0.17442655563354492,0.17442655563354492
V84E,VHL,84,1,0.6982431411743164,-0.6982431411743164
T635A,TSC1,635,0,0.1432654857635498,-0.1432654857635498
K651T,ALK,651,0,0.44399333000183105,-0.44399333000183105
N71K,CDKN2A,71,1,-7.159366607666016,7.159366607666016
Y748C,BRCA2,748,0,0.1884002685546875,-0.1884002685546875
N369S,ALK,369,0,1.0738472938537598,-1.0738472938537598
S646N,BRCA2,646,0,0.11533617973327637,-0.11533617973327637
C711F,BRCA2,711,0,0.5653045177459717,-0.5653045177459717
L90V,BRCA2,90,0,-0.18785977363586426,0.18785977363586426
L901P,BRCA2,901,0,-1.4250686168670654,1.4250686168670654
F901L,BRCA1,901,0,1.197084665298462,-1.197084665298462
L358P,BRCA1,358,0,-0.9136290550231934,0.9136290550231934
T733A,MET,733,0,-1.545215368270874,1.545215368270874
H812Q,ALK,812,0,0.9266295433044434,-0.9266295433044434
R841S,BRCA2,841,0,1.6116743087768555,-1.6116743087768555
S94L,TP53,94,0,-2.72406268119812,2.72406268119812
D92V,PTEN,92,1,-12.732190132141113,12.732190132141113
A891S,MET,891,0,1.1098246574401855,-1.1098246574401855
T913P,TSC2,913,1,-1.0889015197753906,1.0889015197753906
P968A,BRCA1,968,0,-0.12644481658935547,0.12644481658935547
R945M,APC,945,0,-1.3787016868591309,1.3787016868591309
R945S,APC,945,0,1.1667629480361938,-1.1667629480361938
L954Q,BRCA1,954,0,-0.66695237159729,0.66695237159729
L101Q,VHL,101,1,-1.5490851402282715,1.5490851402282715
L101R,VHL,101,1,-1.0445685386657715,1.0445685386657715
Q375K,TP53,375,0,1.150040626525879,-1.150040626525879
R969W,RET,969,1,-11.59954833984375,11.59954833984375
Q1686K,TSC2,1686,1,-0.07240104675292969,0.07240104675292969
F81L,PTEN,81,1,-6.462440490722656,6.462440490722656
K125R,PTEN,125,1,-11.940800666809082,11.940800666809082
A59G,HRAS,59,1,-13.602079391479492,13.602079391479492
T59P,NF1,59,1,-0.6602790355682373,0.6602790355682373
A545E,NF1,545,1,-2.203151226043701,2.203151226043701
D84V,CDKN2A,84,1,-0.2297523021697998,0.2297523021697998
C458R,WT1,458,1,-17.690908432006836,17.690908432006836
M117V,BRAF,117,0,-6.568565368652344,6.568565368652344
P323A,TSC1,323,0,-0.7067221403121948,0.7067221403121948
P1222L,NF1,1222,0,0.3120255470275879,-0.3120255470275879
I177K,NF1,177,1,0.6645572185516357,-0.6645572185516357
D1656Y,TSC2,1656,1,-1.4130425453186035,1.4130425453186035
D338N,NF1,338,1,-0.03785562515258789,0.03785562515258789
D1849Y,NF1,1849,1,-0.606985330581665,0.606985330581665
K2273T,NF1,2273,1,0.308549165725708,-0.308549165725708
P677S,TSC2,677,0,-0.41060709953308105,0.41060709953308105
D121N,VHL,121,1,-1.1330790519714355,1.1330790519714355
V155G,VHL,155,1,0.03761625289916992,-0.03761625289916992
L529P,NF1,529,1,-3.40592622756958,3.40592622756958
W784G,NF1,784,1,-0.229081392288208,0.229081392288208
R2642S,ATM,2642,1,0.27245426177978516,-0.27245426177978516
T625A,TP63,625,0,-3.0808868408203125,3.0808868408203125
E637K,TSC1,637,0,-0.21466279029846191,0.21466279029846191
A481E,TSC1,481,0,0.7360062599182129,-0.7360062599182129
D19V,PTEN,19,1,-9.135367393493652,9.135367393493652
K24N,ATM,24,1,-0.8390052318572998,0.8390052318572998
E1592V,ATM,1592,1,-0.988070011138916,0.988070011138916
I2315L,BRCA2,2315,0,0.4585895538330078,-0.4585895538330078
T317R,BRCA2,317,0,0.44556498527526855,-0.44556498527526855
E48D,TP63,48,0,0.10454273223876953,-0.10454273223876953
C244F,TP63,244,1,-14.607008934020996,14.607008934020996
R1412I,NF1,1412,1,-0.9437530040740967,0.9437530040740967
P173R,HRAS,173,0,-2.0977139472961426,2.0977139472961426
Y1678D,NF1,1678,1,-5.209768295288086,5.209768295288086
I1284R,NF1,1284,1,-2.545140266418457,2.545140266418457
L249P,NF1,249,1,-3.8927860260009766,3.8927860260009766
L552H,NF1,552,1,-1.6899802684783936,1.6899802684783936
N1651H,TSC2,1651,1,-0.7313055992126465,0.7313055992126465
R319P,TP63,319,1,-13.584829330444336,13.584829330444336
L1196P,NF1,1196,1,-0.9558544158935547,0.9558544158935547
M54R,VHL,54,1,1.8620884418487549,-1.8620884418487549
S1170P,TSC2,1170,0,0.37143945693969727,-0.37143945693969727
R1611L,NF1,1611,1,-1.4624285697937012,1.4624285697937012
D1028V,TSC2,1028,1,-0.6618585586547852,0.6618585586547852
A1432T,TSC2,1432,0,-0.5874319076538086,0.5874319076538086
I1351V,NF1,1351,0,0.3633747100830078,-0.3633747100830078
G2724R,BRCA2,2724,1,-3.6396775245666504,3.6396775245666504
R1200G,TSC2,1200,1,0.06534671783447266,-0.06534671783447266
S1563C,TSC2,1563,0,-1.6673333644866943,1.6673333644866943
P672R,TSC2,672,0,-1.2225050926208496,1.2225050926208496
T849P,TSC2,849,1,-2.012821674346924,2.012821674346924
P590S,TP63,590,1,-4.937746047973633,4.937746047973633
G2765A,ATM,2765,1,-5.021358489990234,5.021358489990234
W2317R,NF1,2317,1,3.274312734603882,-3.274312734603882
L1411R,NF1,1411,1,-0.7289738655090332,0.7289738655090332
Q90H,TSC2,90,0,-0.2642831802368164,0.2642831802368164
L1877M,NF1,1877,1,-2.62524676322937,2.62524676322937
W31S,BRCA2,31,1,3.689646005630493,-3.689646005630493
D1217G,NF1,1217,1,0.043056488037109375,-0.043056488037109375
W117R,VHL,117,1,0.3236572742462158,-0.3236572742462158
E1390Q,TSC2,1390,0,-0.3901185989379883,0.3901185989379883
F2386I,NF1,2386,1,0.32860589027404785,-0.32860589027404785
L1877P,NF1,1877,1,-5.581076622009277,5.581076622009277
D1217V,NF1,1217,1,-0.09687948226928711,0.09687948226928711
C900G,TSC2,900,1,0.9875454902648926,-0.9875454902648926
R1570S,TSC2,1570,1,0.4850625991821289,-0.4850625991821289
Y1169N,NF1,1169,1,1.0015735626220703,-1.0015735626220703
D282N,TSC2,282,0,0.013732433319091797,-0.013732433319091797
F113L,TP53,113,1,-7.108244895935059,7.108244895935059
A2440V,NF1,2440,1,-0.2679767608642578,0.2679767608642578
G2023R,ATM,2023,0,0.0774681568145752,-0.0774681568145752
Y130H,TSC2,130,0,-0.2985515594482422,0.2985515594482422
C541Y,RET,541,1,-3.0378201007843018,3.0378201007843018
V1833G,BRCA1,1833,1,-6.888248920440674,6.888248920440674
H2623P,BRCA2,2623,1,0.7063250541687012,-0.7063250541687012
N309D,TP63,309,1,-13.558736801147461,13.558736801147461
I67R,PTEN,67,1,-14.912038803100586,14.912038803100586
C403G,WT1,403,1,-16.29259490966797,16.29259490966797
R873W,RET,873,1,-13.070547103881836,13.070547103881836
G2063K,BRCA2,2063,0,-2.8654770851135254,2.8654770851135254
P60L,MYCN,60,1,-7.476965427398682,7.476965427398682
E66Q,TSC2,66,0,-1.0111744403839111,1.0111744403839111
P236R,ALK,236,0,-0.9590415954589844,0.9590415954589844
G94D,WT1,94,0,-2.9210495948791504,2.9210495948791504
C1249S,APC,1249,0,3.294501543045044,-3.294501543045044
E2339K,NF1,2339,0,0.10287928581237793,-0.10287928581237793
T625P,EGFR,625,0,-3.0708231925964355,3.0708231925964355
N338S,ATM,338,0,0.660266637802124,-0.660266637802124
H839Y,BRCA1,839,0,-0.36768198013305664,0.36768198013305664
S1120R,EGFR,1120,0,-0.6383845806121826,0.6383845806121826
S1483P,ALK,1483,0,0.4749617576599121,-0.4749617576599121
L1394P,TSC2,1394,1,-0.6272546052932739,0.6272546052932739
G2677R,APC,2677,1,0.4295527935028076,-0.4295527935028076
K2421Q,ATM,2421,1,-0.3800482749938965,0.3800482749938965
P184H,WT1,184,1,-1.7629380226135254,1.7629380226135254
I646F,EGFR,646,1,-2.3125205039978027,2.3125205039978027
N1142I,APC,1142,1,-3.1532914638519287,3.1532914638519287
M349L,NF1,349,0,1.748576045036316,-1.748576045036316
P273H,RET,273,1,-0.778939962387085,0.778939962387085
A154V,WT1,154,0,-1.4018051624298096,1.4018051624298096
H318L,BRCA1,318,1,1.2046833038330078,-1.2046833038330078
K134N,ALK,134,1,-0.4657716751098633,0.4657716751098633
E171D,TP53,171,1,-4.400536060333252,4.400536060333252
L887S,MET,887,0,-0.2690427303314209,0.2690427303314209
P114R,CDKN2A,114,1,-11.338846206665039,11.338846206665039
P4Q,TP53,4,0,-0.6020779609680176,0.6020779609680176
F341S,TP53,341,1,-8.768684387207031,8.768684387207031
S313N,TP53,313,0,-1.5271767377853394,1.5271767377853394
E336Q,TP53,336,0,-6.416453838348389,6.416453838348389
D324E,TP53,324,0,-2.515957832336426,2.515957832336426
D228Y,TP53,228,0,-12.033466339111328,12.033466339111328
Q270P,NF1,270,1,-0.7771265506744385,0.7771265506744385
I1011K,NF1,1011,0,-1.2299060821533203,1.2299060821533203
E1031D,ATM,1031,1,0.21475708484649658,-0.21475708484649658
A2324T,ATM,2324,0,0.07870674133300781,-0.07870674133300781
S809A,TSC2,809,0,0.22438955307006836,-0.22438955307006836
H115Y,VHL,115,1,-0.3043503761291504,0.3043503761291504
G408R,STK11,408,0,0.0045049190521240234,-0.0045049190521240234
V220D,TSC1,220,1,-4.067200660705566,4.067200660705566
K944T,BRCA2,944,0,-0.7005481719970703,0.7005481719970703
E2903K,BRCA2,2903,0,0.0699915885925293,-0.0699915885925293
V2211I,BRCA2,2211,0,0.27838635444641113,-0.27838635444641113
K2524N,BRCA2,2524,0,-0.28966188430786133,0.28966188430786133
D2692G,BRCA2,2692,0,1.0768766403198242,-1.0768766403198242
V72L,MET,72,0,-0.4725356101989746,0.4725356101989746
G334R,MET,334,0,-3.6850006580352783,3.6850006580352783
D1377V,MET,1377,0,-0.5270521640777588,0.5270521640777588
F2873S,BRCA2,2873,0,1.0435535907745361,-1.0435535907745361
G2678E,ATM,2678,0,-0.06147265434265137,0.06147265434265137
D326N,PTEN,326,1,-7.550335884094238,7.550335884094238
K66E,PTEN,66,1,-12.468172073364258,12.468172073364258
T300M,TP63,300,1,-8.867173194885254,8.867173194885254
N276S,PTEN,276,1,-7.967391490936279,7.967391490936279
A121T,PTEN,121,1,-7.861618518829346,7.861618518829346
S240N,TP53,240,1,-9.445831298828125,9.445831298828125
V709G,TSC2,709,1,-1.3824782371520996,1.3824782371520996
R500W,WT1,500,1,-14.919549942016602,14.919549942016602
Q165L,TP53,165,1,-4.3924078941345215,4.3924078941345215
A2389S,NF1,2389,0,0.5650584697723389,-0.5650584697723389
P179R,STK11,179,1,-17.607425689697266,17.607425689697266
G1408D,TSC2,1408,1,-0.5541861057281494,0.5541861057281494
L404R,MYCN,404,1,-14.991971969604492,14.991971969604492
L1104R,NF1,1104,1,-0.44650745391845703,0.44650745391845703
G104D,MYCN,104,0,-1.060314416885376,1.060314416885376
T142A,MYCN,142,0,2.582190990447998,-2.582190990447998
W2619G,BRCA2,2619,1,1.2949168682098389,-1.2949168682098389
L63R,VHL,63,1,0.0570063591003418,-0.0570063591003418
I1022M,ALK,1022,0,-1.6353862285614014,1.6353862285614014
G126V,APC,126,0,-0.919907808303833,0.919907808303833
L108F,PTEN,108,1,-9.165851593017578,9.165851593017578
R15G,PTEN,15,1,-10.820188522338867,10.820188522338867
L2917F,BRCA2,2917,0,-0.8832330703735352,0.8832330703735352
I3075V,BRCA2,3075,0,-0.2064518928527832,0.2064518928527832
I3048M,BRCA2,3048,0,-1.0680592060089111,1.0680592060089111
R2799G,BRCA2,2799,0,-0.3910553455352783,0.3910553455352783
V2728F,BRCA2,2728,0,-1.2955543994903564,1.2955543994903564
F3090S,BRCA2,3090,0,-0.31985902786254883,0.31985902786254883
T2703N,BRCA2,2703,0,0.04571342468261719,-0.04571342468261719
E3367D,BRCA2,3367,0,-0.24705100059509277,0.24705100059509277
D208H,MET,208,0,-0.9503424167633057,0.9503424167633057
I145R,CDKN2A,145,0,2.1597414016723633,-2.1597414016723633
G2293A,APC,2293,0,0.21954870223999023,-0.21954870223999023
M280T,TSC2,280,1,-0.7501974105834961,0.7501974105834961
R79P,VHL,79,1,0.1512000560760498,-0.1512000560760498
M470I,ALK,470,0,2.156938076019287,-2.156938076019287
M838R,ATM,838,0,0.021543025970458984,-0.021543025970458984
K149T,KIT,149,0,-0.6617074012756348,0.6617074012756348
T407A,RET,407,0,0.26956844329833984,-0.26956844329833984
K477E,RET,477,0,1.1894497871398926,-1.1894497871398926
L353F,TSC2,353,1,-1.4106245040893555,1.4106245040893555
H64P,PTEN,64,1,-13.39604377746582,13.39604377746582
S269I,TP53,269,1,-10.051336288452148,10.051336288452148
P318S,TP53,318,0,-0.4768085479736328,0.4768085479736328
S269C,TP53,269,0,-3.247593402862549,3.247593402862549
E1458V,NF1,1458,1,-1.120439887046814,1.120439887046814
Y2624D,BRCA2,2624,1,0.8515312671661377,-0.8515312671661377
E326V,TP53,326,1,-7.625433444976807,7.625433444976807
D324N,TP53,324,0,-5.3301897048950195,5.3301897048950195
Y202H,TP63,202,1,-10.850615501403809,10.850615501403809
C347R,TP63,347,1,-17.05908966064453,17.05908966064453
I808F,KIT,808,1,-13.282875061035156,13.282875061035156
V697M,ERBB2,697,1,-5.613816261291504,5.613816261291504
V839M,ERBB2,839,1,-1.9896007776260376,1.9896007776260376
G598R,EGFR,598,1,-5.0299072265625,5.0299072265625
T854I,EGFR,854,1,-14.07931137084961,14.07931137084961
P596S,EGFR,596,1,-4.840351104736328,4.840351104736328
A763T,EGFR,763,1,-5.922696113586426,5.922696113586426
G309R,ERBB2,309,1,-1.1516884565353394,1.1516884565353394
S653F,ERBB2,653,1,-0.017581462860107422,0.017581462860107422
G452D,WT1,452,1,-14.516000747680664,14.516000747680664
A237F,EGFR,237,1,-5.103045463562012,5.103045463562012
L833F,EGFR,833,1,-4.355410575866699,4.355410575866699
K852T,EGFR,852,1,-10.439358711242676,10.439358711242676
E423G,WT1,423,1,-18.35808753967285,18.35808753967285
N133D,RB1,133,0,-0.31398916244506836,0.31398916244506836
Y1113H,BRCA1,1113,0,0.7477037906646729,-0.7477037906646729
F341L,TP53,341,0,-3.2928671836853027,3.2928671836853027
T387P,TP53,387,0,-0.8488326072692871,0.8488326072692871
P179Q,STK11,179,1,-17.428470611572266,17.428470611572266
I1378S,ALK,1378,0,4.789402961730957,-4.789402961730957
R2659S,BRCA2,2659,1,0.26663947105407715,-0.26663947105407715
K2979Q,BRCA2,2979,0,-0.7287020683288574,0.7287020683288574
Y2920H,BRCA2,2920,0,-0.22987961769104004,0.22987961769104004
F625L,BRCA2,625,0,0.906782865524292,-0.906782865524292
D3064H,BRCA2,3064,0,0.4118781089782715,-0.4118781089782715
K2715R,BRCA2,2715,0,-0.10262513160705566,0.10262513160705566
C669Y,ATM,669,0,0.49036598205566406,-0.49036598205566406
P48L,CDKN2A,48,1,-3.12764835357666,3.12764835357666
H118P,PTEN,118,1,-14.003913879394531,14.003913879394531
F109I,TP53,109,1,-8.38774585723877,8.38774585723877
Y98N,VHL,98,1,-0.015245676040649414,0.015245676040649414
C105R,PTEN,105,1,-10.589437484741211,10.589437484741211
H247D,TP63,247,1,-15.354547500610352,15.354547500610352
G305R,TSC1,305,1,-0.41317057609558105,0.41317057609558105
K395N,NF1,395,1,-0.46041345596313477,0.46041345596313477
G315E,TP63,315,1,-15.162741661071777,15.162741661071777
P1851H,NF1,1851,1,-1.0909278392791748,1.0909278392791748
I363V,MYCN,363,0,1.4950895309448242,-1.4950895309448242
Y27F,PTEN,27,1,-9.461073875427246,9.461073875427246
D259A,TP53,259,1,-10.55296802520752,10.55296802520752
E775G,NF1,775,1,-0.7451744079589844,0.7451744079589844
M1R,PTEN,1,1,-8.804255485534668,8.804255485534668
A126D,PTEN,126,1,-10.884411811828613,10.884411811828613
A121E,PTEN,121,1,-13.743268966674805,13.743268966674805
L112R,PTEN,112,1,-8.751993179321289,8.751993179321289
K193R,KIT,193,0,-0.2660505771636963,0.2660505771636963
F465S,WT1,465,1,-22.36382293701172,22.36382293701172
F456C,WT1,456,1,-14.399541854858398,14.399541854858398
D502H,WT1,502,1,-14.19604206085205,14.19604206085205
A347G,TP53,347,0,-5.991218090057373,5.991218090057373
Q3409P,BRCA2,3409,0,-0.26902103424072266,0.26902103424072266
N343C,BRCA1,343,0,-1.06575345993042,1.06575345993042
D458E,BRCA1,458,0,0.5290055274963379,-0.5290055274963379
D746V,BRCA1,746,0,0.4569120407104492,-0.4569120407104492
P981A,BRCA1,981,0,-0.6834464073181152,0.6834464073181152
I1173M,BRCA2,1173,0,-1.284045696258545,1.284045696258545
T1609S,BRCA2,1609,0,0.5297508239746094,-0.5297508239746094
S1848T,BRCA2,1848,0,-2.729499101638794,2.729499101638794
D1902A,BRCA2,1902,0,-0.3636209964752197,0.3636209964752197
D1911H,BRCA2,1911,0,-0.6648716926574707,0.6648716926574707
N1012K,APC,1012,1,0.15505409240722656,-0.15505409240722656
E197Q,TP63,197,1,-5.311127662658691,5.311127662658691
P428L,TP63,428,1,-10.748056411743164,10.748056411743164
A121P,PTEN,121,1,-10.933500289916992,10.933500289916992
D1441N,BRCA1,1441,1,-0.06842637062072754,0.06842637062072754
W151G,WT1,151,1,-3.065227508544922,3.065227508544922
T367S,BRCA1,367,0,0.7209988832473755,-0.7209988832473755
S1205Y,BRCA2,1205,0,-1.9639668464660645,1.9639668464660645
K2017N,BRCA2,2017,0,0.13603496551513672,-0.13603496551513672
F2055Y,BRCA2,2055,0,-0.8864727020263672,0.8864727020263672
A2061V,BRCA2,2061,0,-1.5610017776489258,1.5610017776489258
E493D,TSC1,493,0,-0.5549607276916504,0.5549607276916504
N1156H,NF1,1156,1,-0.32016611099243164,0.32016611099243164
M577R,NF1,577,1,-0.7117390632629395,0.7117390632629395
A86E,TSC2,86,0,0.2875096797943115,-0.2875096797943115
L424P,TSC2,424,0,-1.9688818454742432,1.9688818454742432
S1764R,TSC2,1764,0,-0.5950818061828613,0.5950818061828613
I346N,TSC2,346,1,-3.993198871612549,3.993198871612549
S311N,TP63,311,1,-14.298182487487793,14.298182487487793
V909D,TSC2,909,1,-1.683824062347412,1.683824062347412
S574T,NF1,574,1,-0.3811049461364746,0.3811049461364746
G449E,RB1,449,1,-11.320430755615234,11.320430755615234
C706Y,RB1,706,1,-9.644262313842773,9.644262313842773
E1458D,NF1,1458,1,-0.3916100263595581,0.3916100263595581
S601R,TSC2,601,1,-0.7115495204925537,0.7115495204925537
N1154T,NF1,1154,1,0.20114922523498535,-0.20114922523498535
S2018I,NF1,2018,1,0.4511227607727051,-0.4511227607727051
L2337P,NF1,2337,1,-3.4172849655151367,3.4172849655151367
W308C,STK11,308,1,-10.311765670776367,10.311765670776367
M1029R,TSC2,1029,1,0.9576537609100342,-0.9576537609100342
L344R,TP53,344,1,-12.380815505981445,12.380815505981445
I883T,KIT,883,1,-9.309886932373047,9.309886932373047
V854I,TSC1,854,0,-0.6281912326812744,0.6281912326812744
L43R,NF1,43,1,-1.0470752716064453,1.0470752716064453
A1778E,TSC2,1778,0,-0.6510801315307617,0.6510801315307617
V767F,TSC2,767,0,-0.636038064956665,0.636038064956665
C277G,TP53,277,1,-14.277986526489258,14.277986526489258
E481D,TSC2,481,1,0.11533641815185547,-0.11533641815185547
T1206P,TSC2,1206,1,0.23206353187561035,-0.23206353187561035
S1364Y,TSC2,1364,0,-2.205355167388916,2.205355167388916
D1644V,NF1,1644,1,-5.611275672912598,5.611275672912598
L108R,PTEN,108,1,-14.43596076965332,14.43596076965332
K238E,TSC1,238,0,0.8845005035400391,-0.8845005035400391
N1451K,NF1,1451,1,-0.13692450523376465,0.13692450523376465
T1199P,NF1,1199,1,-0.3059084415435791,0.3059084415435791
S54C,TSC1,54,0,-2.5304598808288574,2.5304598808288574
D48G,TP53,48,0,-0.32148098945617676,0.32148098945617676
L1953V,NF1,1953,1,-0.8616118431091309,0.8616118431091309
S47F,NF1,47,1,-0.9444425106048584,0.9444425106048584
D154Y,HRAS,154,0,-9.81562614440918,9.81562614440918
L549R,NF1,549,1,-3.8045401573181152,3.8045401573181152
A508D,TSC2,508,1,-5.548721790313721,5.548721790313721
T2409R,NF1,2409,1,-1.6001520156860352,1.6001520156860352
L810V,TSC1,810,0,-2.8349642753601074,2.8349642753601074
D738G,TSC1,738,0,-0.9270932674407959,0.9270932674407959
P28S,TSC2,28,0,0.4829254150390625,-0.4829254150390625
G2397W,NF1,2397,1,-1.416409969329834,1.416409969329834
L243P,TSC2,243,1,-3.778825044631958,3.778825044631958
M695K,RB1,695,1,-9.9580717086792,9.9580717086792
D1217N,NF1,1217,1,-0.35125160217285156,0.35125160217285156
F1536V,NF1,1536,1,0.5836803913116455,-0.5836803913116455
L1446R,NF1,1446,1,-2.5159976482391357,2.5159976482391357
G22R,TSC2,22,0,-0.27210354804992676,0.27210354804992676
I912T,TSC2,912,1,-1.380575180053711,1.380575180053711
K1343R,BRCA2,1343,0,-1.1079027652740479,1.1079027652740479
S2012P,BRCA2,2012,0,-1.1518064737319946,1.1518064737319946
S68P,VHL,68,1,0.8398966789245605,-0.8398966789245605
W117S,VHL,117,1,-0.03310823440551758,0.03310823440551758
C458Y,WT1,458,1,-14.925004005432129,14.925004005432129
G114V,VHL,114,1,-3.1549952030181885,3.1549952030181885
R107S,VHL,107,1,-0.18277931213378906,0.18277931213378906
M54I,VHL,54,1,0.6288785934448242,-0.6288785934448242
V74F,VHL,74,1,-0.683988094329834,0.683988094329834
P154T,VHL,154,1,-1.3274471759796143,1.3274471759796143
V586L,TSC2,586,0,0.8029298782348633,-0.8029298782348633
S1774R,TSC2,1774,0,-0.4296729564666748,0.4296729564666748
A1610E,NF1,1610,1,-0.7309725284576416,0.7309725284576416
T1646P,NF1,1646,1,-2.942457914352417,2.942457914352417
V1175A,TSC2,1175,0,0.3793759346008301,-0.3793759346008301
R775S,RB1,775,1,-8.95319652557373,8.95319652557373
R1412K,NF1,1412,1,-0.10774397850036621,0.10774397850036621
K221E,PTEN,221,1,-10.224238395690918,10.224238395690918
C403F,WT1,403,1,-15.923343658447266,15.923343658447266
A608D,KIT,608,1,-11.432948112487793,11.432948112487793
G93S,RET,93,1,-3.964158058166504,3.964158058166504
E271V,TP53,271,1,-11.255638122558594,11.255638122558594
M1L,PTEN,1,1,-7.6697587966918945,7.6697587966918945
K1994N,ATM,1994,0,-0.7059729099273682,0.7059729099273682
L283R,ALK,283,0,-0.7869884967803955,0.7869884967803955
I614M,BRCA2,614,0,-0.9313340187072754,0.9313340187072754
N1718D,BRCA2,1718,0,-0.6053338050842285,0.6053338050842285
E254D,BRCA2,254,0,-0.6300573348999023,0.6300573348999023
E2558A,BRCA2,2558,0,-0.3629493713378906,0.3629493713378906
T2607P,BRCA2,2607,1,-0.19019341468811035,0.19019341468811035
N1801H,ATM,1801,0,-0.45472264289855957,0.45472264289855957
E1320G,BRCA2,1320,0,-1.24005126953125,1.24005126953125
N2452Y,BRCA2,2452,0,-1.2433407306671143,1.2433407306671143
I3113S,BRCA2,3113,0,-0.4288442134857178,0.4288442134857178
T402N,STK11,402,0,-0.669266939163208,0.669266939163208
Q354L,TP53,354,0,-1.279144287109375,1.279144287109375
N210S,TP53,210,0,-2.246706962585449,2.246706962585449
C734S,TSC2,734,0,-0.07331418991088867,0.07331418991088867
H148R,MET,148,0,0.31368374824523926,-0.31368374824523926
Q155H,MET,155,0,-0.18046069145202637,0.18046069145202637
I1337V,ATM,1337,0,-0.010705947875976562,0.010705947875976562
C1366Y,ATM,1366,0,0.6692600250244141,-0.6692600250244141
R653T,APC,653,1,-2.9119420051574707,2.9119420051574707
N1043S,BRCA1,1043,0,2.8539113998413086,-2.8539113998413086
D1162N,BRCA1,1162,0,0.28911447525024414,-0.28911447525024414
K1082E,BRCA2,1082,0,0.17659485340118408,-0.17659485340118408
I1275V,BRCA2,1275,0,-0.12756776809692383,0.12756776809692383
T3085R,BRCA2,3085,0,0.11385416984558105,-0.11385416984558105
L3093F,BRCA2,3093,0,-2.1449618339538574,2.1449618339538574
D358N,MET,358,0,-0.4695122241973877,0.4695122241973877
P1069S,ATM,1069,0,0.7155923843383789,-0.7155923843383789
E75K,MET,75,0,0.9091684818267822,-0.9091684818267822
E75D,MET,75,0,-1.427319049835205,1.427319049835205
N854K,MET,854,0,0.6465671062469482,-0.6465671062469482
S2218N,ATM,2218,0,-0.836745023727417,0.836745023727417
Q341P,RET,341,0,0.286057710647583,-0.286057710647583
L1108F,RET,1108,0,-0.8215634822845459,0.8215634822845459
E164D,RET,164,0,0.12435603141784668,-0.12435603141784668
P218L,RET,218,0,-1.1682136058807373,1.1682136058807373
E252D,RET,252,0,-0.28474926948547363,0.28474926948547363
E2757V,BRCA2,2757,0,0.6320705413818359,-0.6320705413818359
S2782N,BRCA2,2782,0,-0.6728634834289551,0.6728634834289551
D2811N,BRCA2,2811,0,-0.1657543182373047,0.1657543182373047
E2903Q,BRCA2,2903,0,-0.6649332046508789,0.6649332046508789
H61P,PTEN,61,1,-15.366216659545898,15.366216659545898
D22V,PTEN,22,1,-11.625625610351562,11.625625610351562
G587A,ATM,587,0,-0.12997889518737793,0.12997889518737793
I678V,ATM,678,0,0.16355466842651367,-0.16355466842651367
E678Q,TP63,678,1,-10.833477973937988,10.833477973937988
L963P,RET,963,1,-11.391901969909668,11.391901969909668
Q444L,RB1,444,1,-2.366694450378418,2.366694450378418
H483R,RB1,483,1,-8.302123069763184,8.302123069763184
L657P,RB1,657,1,-9.874231338500977,9.874231338500977
L662P,RB1,662,1,-13.268519401550293,13.268519401550293
Q702K,RB1,702,1,-10.71249008178711,10.71249008178711
G751V,NF1,751,1,0.6957721710205078,-0.6957721710205078
A797T,NF1,797,0,-0.17406606674194336,0.17406606674194336
T862N,NF1,862,0,-0.438983678817749,0.438983678817749
P2477H,NF1,2477,0,-0.748878002166748,0.748878002166748
N45H,NF1,45,0,-0.6161632537841797,0.6161632537841797
T676S,NF1,676,0,0.6155157089233398,-0.6155157089233398
L3344H,BRCA2,3344,0,-1.236257553100586,1.236257553100586
S136A,BRAF,136,0,-6.843020915985107,6.843020915985107
P348S,TP63,348,1,-13.347681999206543,13.347681999206543
I5T,PTEN,5,1,-5.917542457580566,5.917542457580566
N369S,BRCA2,369,0,0.7880070209503174,-0.7880070209503174
V2179A,BRCA2,2179,0,-0.4272458553314209,0.4272458553314209
H601Q,BRCA1,601,0,1.1017341613769531,-1.1017341613769531
V119A,PTEN,119,1,-8.70866584777832,8.70866584777832
R500L,WT1,500,1,-17.199892044067383,17.199892044067383
L245F,STK11,245,1,-5.509372234344482,5.509372234344482
L37P,CDKN2A,37,0,0.3809375762939453,-0.3809375762939453
E10D,CDKN2A,10,0,0.5799088478088379,-0.5799088478088379
N433K,BRCA2,433,0,0.07851481437683105,-0.07851481437683105
N1201S,BRCA2,1201,0,0.4006679058074951,-0.4006679058074951
L2936V,BRCA2,2936,0,-1.1783796548843384,1.1783796548843384
I921N,BRCA2,921,0,0.09732508659362793,-0.09732508659362793
I542M,BRCA2,542,0,-1.1256318092346191,1.1256318092346191
C2605R,BRCA2,2605,0,1.1270275115966797,-1.1270275115966797
H179R,BRCA2,179,0,0.8294179439544678,-0.8294179439544678
L2987R,BRCA2,2987,1,-5.31718111038208,5.31718111038208
N2937T,BRCA2,2937,0,-0.036621809005737305,0.036621809005737305
R2799S,BRCA2,2799,0,1.0880873203277588,-1.0880873203277588
T87I,BRCA2,87,0,-0.8102960586547852,0.8102960586547852
V2855M,BRCA2,2855,0,-0.45119309425354004,0.45119309425354004
I2495V,BRCA2,2495,0,-0.011690616607666016,0.011690616607666016
E3157G,BRCA2,3157,0,-0.9887480735778809,0.9887480735778809
N361D,BRCA2,361,0,-0.42257070541381836,0.42257070541381836
A3023D,BRCA2,3023,0,0.1484370231628418,-0.1484370231628418
T1609I,BRCA2,1609,0,-1.602750301361084,1.602750301361084
L1260S,BRCA2,1260,0,0.04569530487060547,-0.04569530487060547
F354L,BRCA2,354,0,0.5891540050506592,-0.5891540050506592
S1744N,BRCA2,1744,0,-0.20287251472473145,0.20287251472473145
Q2943E,BRCA2,2943,0,0.8109405040740967,-0.8109405040740967
Y3225N,BRCA2,3225,0,1.6885364055633545,-1.6885364055633545
Q2960E,BRCA2,2960,0,0.8396852016448975,-0.8396852016448975
L728S,MET,728,0,1.5046381950378418,-1.5046381950378418
H644Y,MET,644,0,-0.005799293518066406,0.005799293518066406
K424R,MYCN,424,0,-4.055310249328613,4.055310249328613
A1184T,APC,1184,0,0.45223140716552734,-0.45223140716552734
W227R,RET,227,0,2.8638620376586914,-2.8638620376586914
A2472D,APC,2472,0,-1.243896722793579,1.243896722793579
G2502S,ATM,2502,0,0.627570629119873,-0.627570629119873
L229I,ATM,229,0,-0.453106164932251,0.453106164932251
F662I,ATM,662,0,0.1918797492980957,-0.1918797492980957
K1904N,ATM,1904,0,0.20571327209472656,-0.20571327209472656
I1158V,ATM,1158,0,0.12694454193115234,-0.12694454193115234
F209V,ATM,209,0,0.2899320125579834,-0.2899320125579834
S183P,TP53,183,0,-3.152529001235962,3.152529001235962
H168P,TP53,168,1,-10.143056869506836,10.143056869506836
R335L,TP53,335,0,-7.777346611022949,7.777346611022949
G302A,TP53,302,0,0.21228313446044922,-0.21228313446044922
K319T,TP53,319,0,-4.565607070922852,4.565607070922852
Q354P,TP53,354,0,-0.23845386505126953,0.23845386505126953
D368E,TSC1,368,0,-0.11144518852233887,0.11144518852233887
K1314N,BRCA2,1314,0,0.059532880783081055,-0.059532880783081055
I365N,EGFR,365,1,-11.882630348205566,11.882630348205566
K556N,ATM,556,0,-0.534665584564209,0.534665584564209
D390G,BRCA1,390,0,0.13524580001831055,-0.13524580001831055
P367A,BRAF,367,1,-14.630264282226562,14.630264282226562
F21S,PTEN,21,1,-10.62760066986084,10.62760066986084
A137E,PTEN,137,1,-14.9574556350708,14.9574556350708
I1545T,TSC2,1545,1,-2.5819664001464844,2.5819664001464844
G2001A,NF1,2001,1,-0.03108048439025879,0.03108048439025879
L711P,BRAF,711,1,-15.605045318603516,15.605045318603516
I1747N,TSC2,1747,1,0.34515905380249023,-0.34515905380249023
T241A,BRAF,241,1,-9.821489334106445,9.821489334106445
L3074P,BRCA2,3074,1,-4.714321613311768,4.714321613311768
I549N,TP63,549,1,-12.910540580749512,12.910540580749512
D1636N,TSC2,1636,0,-0.6282689571380615,0.6282689571380615
V255G,PTEN,255,1,-12.759988784790039,12.759988784790039
M2213R,NF1,2213,1,-1.2798042297363281,1.2798042297363281
L282R,STK11,282,1,-12.916366577148438,12.916366577148438
F1247I,NF1,1247,1,-0.01651930809020996,0.01651930809020996
F1168C,MET,1168,1,-4.807617664337158,4.807617664337158
G265A,BRAF,265,1,-7.61013650894165,7.61013650894165
S102R,MET,102,0,-0.5812909603118896,0.5812909603118896
N257I,MET,257,0,-5.011032581329346,5.011032581329346
H92Y,MET,92,0,-1.1111366748809814,1.1111366748809814
N379D,MET,379,0,-0.08286190032958984,0.08286190032958984
N199H,MET,199,0,-1.4865617752075195,1.4865617752075195
N2432K,NF1,2432,0,0.07604217529296875,-0.07604217529296875
S2484T,NF1,2484,0,-0.5321292877197266,0.5321292877197266
N697S,NF1,697,0,1.1986361742019653,-1.1986361742019653
K480N,NF1,480,0,0.014319658279418945,-0.014319658279418945
G859S,NF1,859,0,1.0167834758758545,-1.0167834758758545
P1626A,APC,1626,0,-0.3664875030517578,0.3664875030517578
S130N,APC,130,0,-0.6503515243530273,0.6503515243530273
V439I,RB1,439,0,-0.44712507724761963,0.44712507724761963
D697H,RB1,697,0,-6.768481731414795,6.768481731414795
P273L,RET,273,0,0.2251145839691162,-0.2251145839691162
T470P,RET,470,0,-1.5579609870910645,1.5579609870910645
G1071E,RET,1071,0,-0.0004096031188964844,0.0004096031188964844
T130I,RET,130,0,-0.9389219284057617,0.9389219284057617
Y54F,ATM,54,0,0.1614365577697754,-0.1614365577697754
V866G,ATM,866,0,-0.015101432800292969,0.015101432800292969
E204D,TP53,204,0,0.41731834411621094,-0.41731834411621094
S94A,TP53,94,0,-1.98726224899292,1.98726224899292
V73E,TP53,73,0,-0.3443765640258789,0.3443765640258789
V274I,TP53,274,0,1.5016851425170898,-1.5016851425170898
E343D,TP53,343,0,-1.7648402452468872,1.7648402452468872
A76G,TP53,76,0,-2.9759836196899414,2.9759836196899414
R213W,TP53,213,1,-9.219273567199707,9.219273567199707
G356E,TP53,356,0,0.310931921005249,-0.310931921005249
F212S,TP53,212,0,-7.037274360656738,7.037274360656738
D2976E,ATM,2976,0,0.42476677894592285,-0.42476677894592285
E2145V,ATM,2145,1,-1.4222228527069092,1.4222228527069092
K1057E,ATM,1057,0,-0.8097043037414551,0.8097043037414551
N2326K,ATM,2326,0,0.011974334716796875,-0.011974334716796875
H42Y,ATM,42,0,0.7087512016296387,-0.7087512016296387
E1995D,ATM,1995,0,-0.6869580745697021,0.6869580745697021
T593A,ATM,593,0,-0.2294750213623047,0.2294750213623047
S707T,ATM,707,0,-0.5801990032196045,0.5801990032196045
T1144N,TSC1,1144,0,-0.9356381893157959,0.9356381893157959
G75D,WT1,75,0,-1.0834323167800903,1.0834323167800903
T1684S,BRCA2,1684,0,0.6149427890777588,-0.6149427890777588
Y1894H,BRCA2,1894,0,0.35772132873535156,-0.35772132873535156
G1515R,BRCA1,1515,0,-0.6042990684509277,0.6042990684509277
V1602L,BRCA1,1602,0,0.43611645698547363,-0.43611645698547363
Q804L,BRCA1,804,0,0.2902336120605469,-0.2902336120605469
N363S,BRCA1,363,0,0.38979601860046387,-0.38979601860046387
T17A,BRCA2,17,0,-0.1249992847442627,0.1249992847442627
K2674M,BRCA2,2674,0,-2.1012520790100098,2.1012520790100098
F3060I,BRCA2,3060,0,0.42030787467956543,-0.42030787467956543
K1691Q,BRCA2,1691,0,-1.129780650138855,1.129780650138855
V1283L,BRCA2,1283,0,0.5246759653091431,-0.5246759653091431
E3130K,BRCA2,3130,0,0.237654447555542,-0.237654447555542
P2734R,BRCA2,2734,0,-0.555039644241333,0.555039644241333
K437T,BRCA2,437,0,0.015127182006835938,-0.015127182006835938
C3304W,BRCA2,3304,0,-1.4694855213165283,1.4694855213165283
L583M,BRCA2,583,0,-1.5926847457885742,1.5926847457885742
M1149I,BRCA2,1149,0,0.8864035606384277,-0.8864035606384277
S1770A,BRCA2,1770,0,-1.1190454959869385,1.1190454959869385
K3415E,BRCA2,3415,0,-0.05178976058959961,0.05178976058959961
M3322L,BRCA2,3322,0,1.4081695079803467,-1.4081695079803467
A2902S,BRCA2,2902,0,0.09708428382873535,-0.09708428382873535
K2555T,BRCA2,2555,0,-0.5478143692016602,0.5478143692016602
E1481G,BRCA2,1481,0,-1.2029244899749756,1.2029244899749756
Q1396E,BRCA2,1396,0,0.4644486904144287,-0.4644486904144287
L557S,BRCA2,557,0,0.3055741786956787,-0.3055741786956787
N213S,BRCA2,213,0,0.14560580253601074,-0.14560580253601074
N1296H,BRCA2,1296,0,-2.2177958488464355,2.2177958488464355
N818K,BRCA2,818,0,-0.0587468147277832,0.0587468147277832
A145S,BRAF,145,0,3.1909942626953125,-3.1909942626953125
M117T,BRAF,117,0,-3.6436853408813477,3.6436853408813477
I145L,CDKN2A,145,0,1.1048846244812012,-1.1048846244812012
S7N,CDKN2A,7,0,-2.083296298980713,2.083296298980713
A30E,CDKN2A,30,0,-1.1414802074432373,1.1414802074432373
Q1203P,EGFR,1203,0,-0.45946359634399414,0.45946359634399414
E160D,EGFR,160,0,1.4659578800201416,-1.4659578800201416
N1116H,EGFR,1116,0,-0.0004773139953613281,0.0004773139953613281
V660L,EGFR,660,0,0.12348031997680664,-0.12348031997680664
I1461S,ALK,1461,0,1.6653571128845215,-1.6653571128845215
G920V,ALK,920,0,-4.340662002563477,4.340662002563477
T917R,ALK,917,0,-0.10026025772094727,0.10026025772094727
F685V,ALK,685,0,-0.11155915260314941,0.11155915260314941
P157A,ALK,157,0,-0.13158297538757324,0.13158297538757324
R918G,ALK,918,0,0.596876859664917,-0.596876859664917
W913G,ALK,913,0,2.360257863998413,-2.360257863998413
R420K,KIT,420,0,-0.10498714447021484,0.10498714447021484
V422A,KIT,422,0,0.16400790214538574,-0.16400790214538574
R611P,TSC2,611,1,-2.4817984104156494,2.4817984104156494
V917D,NF1,917,1,-0.9068756103515625,0.9068756103515625
A173T,MYCN,173,0,-2.3664352893829346,2.3664352893829346
H478R,WT1,478,1,-9.873983383178711,9.873983383178711
S466F,WT1,466,1,-13.9028959274292,13.9028959274292
S891L,RET,891,1,-10.398764610290527,10.398764610290527
W1952C,NF1,1952,1,1.606701135635376,-1.606701135635376
H474Q,WT1,474,1,-16.17494010925293,16.17494010925293
H123N,PTEN,123,1,-15.059432029724121,15.059432029724121
L2125Q,NF1,2125,1,-1.0057592391967773,1.0057592391967773
R147P,STK11,147,1,-7.369302272796631,7.369302272796631
K1037I,BRCA1,1037,0,-0.8822441101074219,0.8822441101074219
F552V,TP63,552,1,-10.484574317932129,10.484574317932129
Q1017E,NF1,1017,1,0.371332049369812,-0.371332049369812
V147G,TP53,147,1,-9.133316040039062,9.133316040039062
R266G,TP63,266,1,-16.1447696685791,16.1447696685791
R454K,TSC2,454,1,-0.03427290916442871,0.03427290916442871
N1451H,NF1,1451,1,-0.6560041904449463,0.6560041904449463
S433P,TSC2,433,0,-1.2034122943878174,1.2034122943878174
V54D,NF1,54,1,-0.14718389511108398,0.14718389511108398
L145R,NF1,145,1,-1.981071949005127,1.981071949005127
K1457T,NF1,1457,1,0.2370603084564209,-0.2370603084564209
S1912R,NF1,1912,1,-1.109797716140747,1.109797716140747
R1438P,TSC2,1438,0,1.1603007316589355,-1.1603007316589355
I346L,TSC2,346,0,0.6608614921569824,-0.6608614921569824
D416G,TSC2,416,0,-0.07519173622131348,0.07519173622131348
V1492L,TSC2,1492,0,0.4206583499908447,-0.4206583499908447
N1564K,TSC2,1564,1,-0.3617706298828125,0.3617706298828125
D1652E,TSC2,1652,0,0.906527042388916,-0.906527042388916
L1694P,TSC2,1694,0,-0.2202143669128418,0.2202143669128418
D1696H,TSC2,1696,0,-0.6013426780700684,0.6013426780700684
T1733S,TSC2,1733,0,0.516279935836792,-0.516279935836792
R343L,TP63,343,1,-16.117666244506836,16.117666244506836
H1053R,TSC1,1053,0,0.9813244342803955,-0.9813244342803955
E647Q,TSC1,647,0,-0.8500418663024902,0.8500418663024902
S1704A,TSC2,1704,0,-0.08264303207397461,0.08264303207397461
W111C,PTEN,111,1,-9.926521301269531,9.926521301269531
M35I,PTEN,35,1,-12.634909629821777,12.634909629821777
R159W,PTEN,159,1,-11.798521995544434,11.798521995544434
A551T,TSC1,551,0,0.17424440383911133,-0.17424440383911133
S888T,RB1,888,1,-0.762357234954834,0.762357234954834
R1000S,NF1,1000,1,0.7928874492645264,-0.7928874492645264
V289L,NF1,289,0,0.5088865756988525,-0.5088865756988525
R1474S,TSC2,1474,0,0.5008020401000977,-0.5008020401000977
D1656N,TSC2,1656,0,-0.39280176162719727,0.39280176162719727
M949I,APC,949,0,0.6207013130187988,-0.6207013130187988
I280N,TP63,280,0,-3.416428804397583,3.416428804397583
I581S,NF1,581,1,-1.4338922500610352,1.4338922500610352
H1460P,NF1,1460,1,-0.5068187713623047,0.5068187713623047
L1915R,NF1,1915,1,-3.024317979812622,3.024317979812622
L2298R,NF1,2298,1,-4.359111785888672,4.359111785888672
P744L,TSC2,744,0,0.9155620336532593,-0.9155620336532593
I2702K,ATM,2702,1,-4.709598064422607,4.709598064422607
L983V,BRCA1,983,0,-0.12485909461975098,0.12485909461975098
Y175N,VHL,175,1,0.01814746856689453,-0.01814746856689453
Q442K,WT1,442,1,-16.871660232543945,16.871660232543945
C162S,VHL,162,1,0.7252953052520752,-0.7252953052520752
R200P,VHL,200,1,-2.8431777954101562,2.8431777954101562
F1124L,BRCA1,1124,0,0.8419108390808105,-0.8419108390808105
S648P,BRCA2,648,0,-1.2767760753631592,1.2767760753631592
G1376R,BRCA2,1376,0,-0.37826991081237793,0.37826991081237793
G1508V,BRCA2,1508,0,0.38200950622558594,-0.38200950622558594
L98P,PTEN,98,1,-8.956377983093262,8.956377983093262
V1683A,TSC2,1683,1,-2.838162899017334,2.838162899017334
G1890F,NF1,1890,1,-0.5161676406860352,0.5161676406860352
A48T,MET,48,0,0.12729907035827637,-0.12729907035827637
N2374I,BRCA2,2374,0,-1.0796337127685547,1.0796337127685547
R391C,MYCN,391,1,-13.76443862915039,13.76443862915039
D1217Y,NF1,1217,1,-0.8247482776641846,0.8247482776641846
L23R,HRAS,23,1,-12.085221290588379,12.085221290588379
M1131I,TSC2,1131,1,0.6320185661315918,-0.6320185661315918
S229Y,BRCA1,229,0,-2.5467207431793213,2.5467207431793213
F1219L,BRCA2,1219,0,-1.913933515548706,1.913933515548706
T1526R,BRCA2,1526,0,-4.381964683532715,4.381964683532715
K178T,BRCA2,178,0,-0.5091269016265869,0.5091269016265869
G400V,APC,400,0,2.3571228981018066,-2.3571228981018066
M1V,RB1,1,1,-7.974123477935791,7.974123477935791
S179N,RB1,179,0,-0.6661375761032104,0.6661375761032104
G211S,RET,211,0,0.03296184539794922,-0.03296184539794922
T1697I,ATM,1697,0,0.08486604690551758,-0.08486604690551758
N1326K,ATM,1326,0,0.28975701332092285,-0.28975701332092285
G2765R,ATM,2765,1,-8.19191837310791,8.19191837310791
S2114C,ATM,2114,0,-1.959704875946045,1.959704875946045
E394D,ATM,394,0,-0.13503789901733398,0.13503789901733398
M136R,STK11,136,1,-13.627976417541504,13.627976417541504
S166T,TP53,166,0,-5.859401702880859,5.859401702880859
C124W,TP53,124,0,-3.249462127685547,3.249462127685547
E62G,TP53,62,0,0.025892257690429688,-0.025892257690429688
D207E,TP53,207,0,-0.5673394799232483,0.5673394799232483
R622G,TSC1,622,0,-0.18677520751953125,0.18677520751953125
Q1752H,TSC2,1752,0,-1.3220176696777344,1.3220176696777344
V66A,VHL,66,0,0.010661602020263672,-0.010661602020263672
E6K,VHL,6,0,-0.7943079471588135,0.7943079471588135
L118V,VHL,118,0,0.008162498474121094,-0.008162498474121094
M211R,VHL,211,0,2.359170913696289,-2.359170913696289
T152S,VHL,152,0,0.24025797843933105,-0.24025797843933105
I109T,VHL,109,0,-0.13525629043579102,0.13525629043579102
H125N,VHL,125,0,0.32935166358947754,-0.32935166358947754
S11A,WT1,11,0,0.6429300308227539,-0.6429300308227539
L2753F,BRCA2,2753,0,-1.484637975692749,1.484637975692749
M751V,BRCA1,751,0,1.4243135452270508,-1.4243135452270508
L1605F,BRCA1,1605,0,-1.4295167922973633,1.4295167922973633
V3365I,BRCA2,3365,0,0.022835493087768555,-0.022835493087768555
N1288D,BRCA2,1288,0,-0.028667449951171875,0.028667449951171875
N560K,BRCA2,560,0,0.41838669776916504,-0.41838669776916504
I1945V,BRCA2,1945,0,-0.2607450485229492,0.2607450485229492
V2138I,BRCA2,2138,0,0.17593812942504883,-0.17593812942504883
G2529V,BRCA2,2529,0,0.10814690589904785,-0.10814690589904785
C3173F,BRCA2,3173,0,0.382587194442749,-0.382587194442749
A3235D,BRCA2,3235,0,-0.7952008247375488,0.7952008247375488
S496A,BRCA2,496,0,-1.3412268161773682,1.3412268161773682
P1128S,EGFR,1128,0,-0.566112756729126,0.566112756729126
V607I,EGFR,607,0,-0.05743885040283203,0.05743885040283203
K454R,EGFR,454,0,-1.210855484008789,1.210855484008789
S31T,ALK,31,0,-0.8531484603881836,0.8531484603881836
H1576Q,ALK,1576,0,0.2166118621826172,-0.2166118621826172
N1583T,ALK,1583,0,0.0014595985412597656,-0.0014595985412597656
A532V,ALK,532,0,-0.9684686660766602,0.9684686660766602
G432S,ALK,432,0,0.5294344425201416,-0.5294344425201416
D45E,KIT,45,0,1.1695995330810547,-1.1695995330810547
F68I,KIT,68,0,-0.3542790412902832,0.3542790412902832
D72G,KIT,72,0,0.1333761215209961,-0.1333761215209961
H708N,KIT,708,0,0.10128569602966309,-0.10128569602966309
N1520K,ALK,1520,0,0.06585407257080078,-0.06585407257080078
N593S,MET,593,0,0.4209403991699219,-0.4209403991699219
N257T,MET,257,0,-1.8789299726486206,1.8789299726486206
H150R,MET,150,0,0.4886636734008789,-0.4886636734008789
V136L,MET,136,0,-1.3718478679656982,1.3718478679656982
D1377N,MET,1377,0,-1.0476579666137695,1.0476579666137695
E49K,MET,49,0,-0.2361452579498291,0.2361452579498291
M849I,MET,849,0,1.5194416046142578,-1.5194416046142578
E168K,MET,168,0,-0.354952335357666,0.354952335357666
P485A,MET,485,0,-0.21079277992248535,0.21079277992248535
N67D,NF1,67,0,-0.020346879959106445,0.020346879959106445
A2441T,NF1,2441,1,-0.0422215461730957,0.0422215461730957
L81V,NF1,81,0,-0.45299601554870605,0.45299601554870605
N734S,NF1,734,0,0.7959742546081543,-0.7959742546081543
P1923L,APC,1923,0,-0.4738898277282715,0.4738898277282715
W308G,STK11,308,1,-13.918606758117676,13.918606758117676
C135S,TP53,135,1,-10.831945419311523,10.831945419311523
N246D,ATM,246,0,0.7487503290176392,-0.7487503290176392
L1504P,TSC2,1504,1,-0.22452068328857422,0.22452068328857422
Q549H,KIT,549,1,-4.643743991851807,4.643743991851807
M1625K,TSC2,1625,1,-2.016521692276001,2.016521692276001
K6I,PTEN,6,1,-13.123991966247559,13.123991966247559
A439V,BRCA1,439,0,-0.05906081199645996,0.05906081199645996
S694R,BRCA1,694,0,-1.3011136054992676,1.3011136054992676
C428R,WT1,428,1,-16.90716552734375,16.90716552734375
N198K,MYCN,198,0,-0.9803438186645508,0.9803438186645508
V917G,NF1,917,1,-0.5252499580383301,0.5252499580383301
D85N,RB1,85,0,-0.16585063934326172,0.16585063934326172
E204Q,RB1,204,0,-0.2451021671295166,0.2451021671295166
C659R,RET,659,0,3.163118839263916,-3.163118839263916
H246R,RET,246,0,2.1097147464752197,-2.1097147464752197
M255I,RET,255,0,-0.2733893394470215,0.2733893394470215
T451A,RET,451,0,0.3802804946899414,-0.3802804946899414
T460A,ATM,460,0,0.6118016242980957,-0.6118016242980957
L2984P,ATM,2984,0,-0.10088443756103516,0.10088443756103516
D176H,STK11,176,1,-15.15097427368164,15.15097427368164
E850Q,ATM,850,0,-1.154423475265503,1.154423475265503
D1969V,ATM,1969,0,-0.1548764705657959,0.1548764705657959
I1659L,ATM,1659,0,0.8692721128463745,-0.8692721128463745
H636Q,ATM,636,0,0.4381544589996338,-0.4381544589996338
T1485A,TSC2,1485,0,0.6688077449798584,-0.6688077449798584
E53K,VHL,53,0,-2.9547412395477295,2.9547412395477295
V66E,VHL,66,0,-0.30718469619750977,0.30718469619750977
E204D,VHL,204,0,-1.094645380973816,1.094645380973816
N141Y,VHL,141,0,-0.29302215576171875,0.29302215576171875
A83P,TP53,83,0,-0.004053592681884766,0.004053592681884766
S378T,TP53,378,0,-0.9372751712799072,0.9372751712799072
D21A,TP53,21,0,1.76981520652771,-1.76981520652771
E326D,TP53,326,0,-2.3856711387634277,2.3856711387634277
S240C,TP53,240,1,-10.44668960571289,10.44668960571289
G1543E,BRCA1,1543,0,0.4854857921600342,-0.4854857921600342
F952L,BRCA1,952,0,0.8496706485748291,-0.8496706485748291
L1276S,BRCA1,1276,0,0.7820625305175781,-0.7820625305175781
Q2870P,BRCA2,2870,0,-0.3141136169433594,0.3141136169433594
I2664F,BRCA2,2664,0,-0.4391040802001953,0.4391040802001953
D2983G,BRCA2,2983,0,0.008767843246459961,-0.008767843246459961
E984K,BRCA2,984,0,-0.45720744132995605,0.45720744132995605
D2492N,BRCA2,2492,0,0.37891578674316406,-0.37891578674316406
A1253T,BRCA2,1253,0,0.6474318504333496,-0.6474318504333496
T2542A,BRCA2,2542,0,-0.06592965126037598,0.06592965126037598
K3196N,BRCA2,3196,0,-0.34090471267700195,0.34090471267700195
T1185R,BRCA2,1185,0,-1.131758451461792,1.131758451461792
F3060V,BRCA2,3060,0,-0.43378400802612305,0.43378400802612305
Q2539E,BRCA2,2539,0,0.48937344551086426,-0.48937344551086426
D2489H,BRCA2,2489,0,-0.6718387603759766,0.6718387603759766
L3215H,BRCA2,3215,0,-0.927870512008667,0.927870512008667
K2551R,BRCA2,2551,0,-0.6522901058197021,0.6522901058197021
R2888S,BRCA2,2888,0,0.6577003002166748,-0.6577003002166748
P2883L,BRCA2,2883,0,0.21814179420471191,-0.21814179420471191
I1607N,BRCA2,1607,0,0.8603286743164062,-0.8603286743164062
Q3037L,BRCA2,3037,0,2.328752040863037,-2.328752040863037
N3348D,BRCA2,3348,0,0.07289838790893555,-0.07289838790893555
Q548K,BRCA2,548,0,0.5930066108703613,-0.5930066108703613
N1747S,BRCA2,1747,0,0.5442301034927368,-0.5442301034927368
K3032R,BRCA2,3032,0,-0.3129856586456299,0.3129856586456299
C1081S,BRCA2,1081,0,1.6211352348327637,-1.6211352348327637
L1357I,BRCA2,1357,0,-0.03328537940979004,0.03328537940979004
K410N,BRCA2,410,0,0.05628049373626709,-0.05628049373626709
P1171A,BRCA2,1171,0,-0.07254981994628906,0.07254981994628906
K1191N,BRCA2,1191,0,0.19481325149536133,-0.19481325149536133
H2548N,BRCA2,2548,0,1.1700682640075684,-1.1700682640075684
L2890R,BRCA2,2890,0,-1.172783374786377,1.172783374786377
V358A,BRCA2,358,0,-0.3541524410247803,0.3541524410247803
I3208V,BRCA2,3208,0,-0.3007683753967285,0.3007683753967285
N1473S,BRCA2,1473,0,-0.4086296558380127,0.4086296558380127
A325G,WT1,325,0,0.4906153678894043,-0.4906153678894043
A66G,WT1,66,0,0.5270547866821289,-0.5270547866821289
P9Q,WT1,9,0,-1.0955524444580078,1.0955524444580078
C721S,NF1,721,0,1.685868263244629,-1.685868263244629
T862S,NF1,862,0,0.9442054033279419,-0.9442054033279419
G1075S,EGFR,1075,0,1.7434254884719849,-1.7434254884719849
H590R,EGFR,590,0,-1.4505395889282227,1.4505395889282227
A24S,EGFR,24,0,-1.1192110776901245,1.1192110776901245
V1089A,EGFR,1089,0,0.9072051048278809,-0.9072051048278809
Q504E,EGFR,504,0,-0.11463546752929688,0.11463546752929688
A1470V,ALK,1470,0,-0.4101724624633789,0.4101724624633789
D525Y,ALK,525,0,-1.3831408023834229,1.3831408023834229
S1216R,ALK,1216,0,-4.962667465209961,4.962667465209961
G578S,ALK,578,0,0.34056973457336426,-0.34056973457336426
N400I,KIT,400,0,-6.876370429992676,6.876370429992676
A401S,KIT,401,0,-1.6150678396224976,1.6150678396224976
E855K,MET,855,0,-0.2753615379333496,0.2753615379333496
M1V,RET,1,1,-6.352786064147949,6.352786064147949
C124R,TP53,124,1,-8.193899154663086,8.193899154663086
I429V,BRCA1,429,0,0.34186267852783203,-0.34186267852783203
R1095T,ATM,1095,1,0.48994970321655273,-0.48994970321655273
C244Y,TP63,244,1,-13.128259658813477,13.128259658813477
K41E,STK11,41,1,-13.617356300354004,13.617356300354004
A862T,TSC2,862,0,-0.5038442611694336,0.5038442611694336
F904L,TSC2,904,0,0.8923869132995605,-0.8923869132995605
E2918D,BRCA2,2918,1,-0.3452589511871338,0.3452589511871338
Q695H,TSC2,695,0,-0.5573444366455078,0.5573444366455078
D361V,BRAF,361,1,-11.759451866149902,11.759451866149902
M1R,TP63,1,1,-4.765641212463379,4.765641212463379
Y46N,PTEN,46,1,-12.088434219360352,12.088434219360352
R391L,MYCN,391,1,-13.824052810668945,13.824052810668945
S2022A,BRCA2,2022,0,-1.1796178817749023,1.1796178817749023
S2219L,BRCA2,2219,0,-0.4573063850402832,0.4573063850402832
S3303R,BRCA2,3303,0,-0.5667872428894043,0.5667872428894043
K533N,TSC2,533,1,-0.48131632804870605,0.48131632804870605
V331I,KIT,331,0,-1.4607460498809814,1.4607460498809814
R55S,KIT,55,0,-2.2288436889648438,2.2288436889648438
S255N,MET,255,0,-1.7478487491607666,1.7478487491607666
D832N,MET,832,0,0.003129720687866211,-0.003129720687866211
I491M,MET,491,0,-2.382359504699707,2.382359504699707
S336N,MET,336,0,-0.5908818244934082,0.5908818244934082
L1915Q,NF1,1915,1,-2.9870893955230713,2.9870893955230713
P2477L,NF1,2477,0,0.21305155754089355,-0.21305155754089355
A927T,APC,927,0,0.5278348922729492,-0.5278348922729492
N361D,RET,361,0,0.3951754570007324,-0.3951754570007324
P354S,PTEN,354,0,-2.7903201580047607,2.7903201580047607
F1087C,RET,1087,0,-1.0647828578948975,1.0647828578948975
A432S,RET,432,0,0.2730379104614258,-0.2730379104614258
K66R,ATM,66,0,-0.5202360153198242,0.5202360153198242
K2639Q,ATM,2639,1,-0.46792006492614746,0.46792006492614746
F858S,ATM,858,0,1.9284210205078125,-1.9284210205078125
S2329N,ATM,2329,0,-0.7483429908752441,0.7483429908752441
K388Q,ATM,388,0,-0.43677330017089844,0.43677330017089844
S1981N,ATM,1981,0,-0.8061697483062744,0.8061697483062744
S421G,STK11,421,0,0.0709524154663086,-0.0709524154663086
W308R,STK11,308,1,-12.769508361816406,12.769508361816406
P367S,TSC1,367,0,0.09346389770507812,-0.09346389770507812
I1131T,TSC1,1131,0,1.085400104522705,-1.085400104522705
L350R,TP53,350,0,-1.832322597503662,1.832322597503662
N239K,TP53,239,1,-10.673986434936523,10.673986434936523
S95T,TP53,95,0,-1.5429130792617798,1.5429130792617798
I332L,TP53,332,0,-3.5104637145996094,3.5104637145996094
A79V,TP53,79,0,-1.9068588018417358,1.9068588018417358
T157A,VHL,157,0,0.0744471549987793,-0.0744471549987793
E53D,VHL,53,0,-0.9861230850219727,0.9861230850219727
R69H,VHL,69,0,-1.0050389766693115,1.0050389766693115
S140R,CDKN2A,140,0,0.2799675464630127,-0.2799675464630127
D1420G,BRCA2,1420,0,-0.9849996566772461,0.9849996566772461
Q3394H,BRCA2,3394,0,-0.8645172119140625,0.8645172119140625
I1556T,BRCA2,1556,0,0.02802729606628418,-0.02802729606628418
T680A,BRCA2,680,0,-0.41474413871765137,0.41474413871765137
E3258K,BRCA2,3258,0,0.2887146472930908,-0.2887146472930908
K1281N,BRCA2,1281,0,0.07394671440124512,-0.07394671440124512
E2635D,BRCA2,2635,0,-0.052335500717163086,0.052335500717163086
G3141R,BRCA2,3141,0,0.517606258392334,-0.517606258392334
I505L,BRCA2,505,0,0.6459226608276367,-0.6459226608276367
M1272R,BRCA2,1272,0,0.21053361892700195,-0.21053361892700195
E1407Q,BRCA2,1407,0,-0.8881843090057373,0.8881843090057373
E2475K,BRCA2,2475,0,-0.12797164916992188,0.12797164916992188
K3019N,BRCA2,3019,0,-0.25277042388916016,0.25277042388916016
N2931T,BRCA2,2931,0,0.08510923385620117,-0.08510923385620117
S2782R,BRCA2,2782,0,-0.8493313789367676,0.8493313789367676
E362D,BRCA1,362,0,-0.7677189111709595,0.7677189111709595
L574S,BRCA2,574,0,0.4610610008239746,-0.4610610008239746
S942L,BRCA2,942,0,-0.9575836658477783,0.9575836658477783
K457T,BRCA2,457,0,-0.2539515495300293,0.2539515495300293
V494L,BRCA2,494,0,0.5993504524230957,-0.5993504524230957
E2981V,BRCA2,2981,0,-1.1203384399414062,1.1203384399414062
N1935I,BRCA2,1935,0,-0.5406594276428223,0.5406594276428223
N289K,BRCA2,289,0,0.30225491523742676,-0.30225491523742676
Q1089E,BRCA2,1089,0,0.9587785005569458,-0.9587785005569458
L443V,EGFR,443,0,-3.624100685119629,3.624100685119629
A155V,EGFR,155,0,-2.5006299018859863,2.5006299018859863
E27D,EGFR,27,0,0.03451204299926758,-0.03451204299926758
Y813H,EGFR,813,0,2.2704386711120605,-2.2704386711120605
A7T,EGFR,7,0,-2.110370635986328,2.110370635986328
A1000V,EGFR,1000,0,-2.8002121448516846,2.8002121448516846
R494K,EGFR,494,0,0.7191840410232544,-0.7191840410232544
R414G,EGFR,414,0,-1.8022031784057617,1.8022031784057617
P85A,ALK,85,0,0.2374424934387207,-0.2374424934387207
E1016D,ALK,1016,0,-1.7881718873977661,1.7881718873977661
E310A,ALK,310,0,0.046114206314086914,-0.046114206314086914
A1452V,ALK,1452,0,-0.4859468936920166,0.4859468936920166
R120K,VHL,120,1,-1.0876905918121338,1.0876905918121338
N131H,TP53,131,1,-7.727473735809326,7.727473735809326
Y598N,TSC2,598,1,0.36493492126464844,-0.36493492126464844
R1095I,ATM,1095,1,0.5047643184661865,-0.5047643184661865
T1547A,ALK,1547,0,0.9357917308807373,-0.9357917308807373
P1675S,TSC2,1675,1,-0.03192758560180664,0.03192758560180664
K93N,ATM,93,0,-0.9134917259216309,0.9134917259216309
D92N,PTEN,92,1,-11.128912925720215,11.128912925720215
W195L,RB1,195,1,-5.151348114013672,5.151348114013672
I808M,KIT,808,1,-7.728122234344482,7.728122234344482
Y174D,PTEN,174,1,-16.25531578063965,16.25531578063965
D362H,BRCA2,362,0,-0.48816537857055664,0.48816537857055664
A1611T,BRCA1,1611,0,0.32444310188293457,-0.32444310188293457
N1519S,BRCA1,1519,0,0.5702648162841797,-0.5702648162841797
T2713A,BRCA2,2713,0,-0.31350207328796387,0.31350207328796387
S3218A,BRCA2,3218,0,-1.0305674076080322,1.0305674076080322
I76M,TSC1,76,0,-0.6099860668182373,0.6099860668182373
V240L,RET,240,0,-0.626270055770874,0.626270055770874
S404C,STK11,404,0,-1.5419409275054932,1.5419409275054932
I422V,RET,422,0,0.8141484260559082,-0.8141484260559082
T105R,VHL,105,0,-0.4742715358734131,0.4742715358734131
L158R,VHL,158,1,-1.098564863204956,1.098564863204956
L116I,VHL,116,0,-0.8601617813110352,0.8601617813110352
M1300L,TSC2,1300,0,1.862213134765625,-1.862213134765625
T1100R,ATM,1100,0,-0.19225168228149414,0.19225168228149414
A1110P,ATM,1110,0,-0.9808802604675293,0.9808802604675293
N429T,ATM,429,0,0.16516375541687012,-0.16516375541687012
L906F,ATM,906,0,-0.7502486705780029,0.7502486705780029
K196E,ATM,196,0,0.2863185405731201,-0.2863185405731201
K1625N,ATM,1625,0,-0.7757210731506348,0.7757210731506348
E1894D,ATM,1894,0,-0.3565793037414551,0.3565793037414551
A1426G,ATM,1426,0,-1.0023283958435059,1.0023283958435059
E518D,ATM,518,0,-0.07553648948669434,0.07553648948669434
N2470I,NF1,2470,0,-0.7097897529602051,0.7097897529602051
T878S,ATM,878,0,0.8040745258331299,-0.8040745258331299
T417N,ATM,417,0,-0.6700115203857422,0.6700115203857422
H46Y,ATM,46,0,0.9319381713867188,-0.9319381713867188
E1553K,ATM,1553,0,0.05386209487915039,-0.05386209487915039
F172L,ATM,172,0,0.7085883617401123,-0.7085883617401123
V2531A,BRCA2,2531,0,-0.3044724464416504,0.3044724464416504
E1780G,BRCA2,1780,0,-1.5886805057525635,1.5886805057525635
I383V,BRCA2,383,0,-0.06790280342102051,0.06790280342102051
A3140S,BRCA2,3140,0,1.3416301012039185,-1.3416301012039185
A3186E,BRCA2,3186,0,1.0110929012298584,-1.0110929012298584
T3413A,BRCA2,3413,0,-0.6207370758056641,0.6207370758056641
W2586C,BRCA2,2586,0,0.40038251876831055,-0.40038251876831055
L2480I,BRCA2,2480,0,-0.513460636138916,0.513460636138916
F2794L,BRCA2,2794,0,0.7849721908569336,-0.7849721908569336
P2804A,BRCA2,2804,0,-1.0872362852096558,1.0872362852096558
V2820A,BRCA2,2820,0,0.715214729309082,-0.715214729309082
A573T,BRCA2,573,0,0.2611815929412842,-0.2611815929412842
E2856G,BRCA2,2856,0,-2.64310622215271,2.64310622215271
P814S,BRCA2,814,0,1.0871970653533936,-1.0871970653533936
G49A,WT1,49,0,-0.2324824333190918,0.2324824333190918
A204G,WT1,204,0,-1.1223716735839844,1.1223716735839844
C29F,WT1,29,0,0.11581563949584961,-0.11581563949584961
M515V,WT1,515,0,-2.2651705741882324,2.2651705741882324
H318Q,BRCA1,318,0,0.8761184215545654,-0.8761184215545654
E880K,BRCA1,880,0,0.4084876775741577,-0.4084876775741577
E2850A,BRCA2,2850,0,-0.19330108165740967,0.19330108165740967
L2996S,BRCA2,2996,0,-0.8681148290634155,0.8681148290634155
L2614H,BRCA2,2614,0,-1.1218199729919434,1.1218199729919434
H1467L,BRCA2,1467,0,1.1610896587371826,-1.1610896587371826
N2910S,BRCA2,2910,0,0.3375673294067383,-0.3375673294067383
F2921I,BRCA2,2921,0,0.6665878295898438,-0.6665878295898438
V159M,EGFR,159,0,-1.2651060819625854,1.2651060819625854
G185S,EGFR,185,0,0.907363772392273,-0.907363772392273
S530N,EGFR,530,0,-1.6773813962936401,1.6773813962936401
S943I,KIT,943,0,-1.9186346530914307,1.9186346530914307
W112R,MET,112,0,2.239468574523926,-2.239468574523926
N139S,EGFR,139,0,-0.013527870178222656,0.013527870178222656
P325S,MET,325,0,-1.815889835357666,1.815889835357666
L939F,KIT,939,0,-2.0919132232666016,2.0919132232666016
H394R,MET,394,0,0.46410226821899414,-0.46410226821899414
D372Y,MET,372,0,-2.595644235610962,2.595644235610962
K479N,EGFR,479,0,0.618445873260498,-0.618445873260498
V1097F,EGFR,1097,0,0.020513534545898438,-0.020513534545898438
E228V,KIT,228,0,-1.3502209186553955,1.3502209186553955
Q788R,ALK,788,0,0.23030924797058105,-0.23030924797058105
S1462P,ALK,1462,0,0.5341758728027344,-0.5341758728027344
E1568D,ALK,1568,0,-0.03533220291137695,0.03533220291137695
G26A,ALK,26,0,-0.18543291091918945,0.18543291091918945
S358P,ALK,358,0,-0.5452637672424316,0.5452637672424316
A121S,PTEN,121,1,-9.333553314208984,9.333553314208984
A509V,ALK,509,0,-0.261688232421875,0.261688232421875
G300V,TSC2,300,1,0.07830476760864258,-0.07830476760864258
L618P,TSC2,618,1,-3.130798816680908,3.130798816680908
N235H,BRCA2,235,0,-0.8800537586212158,0.8800537586212158
P529A,BRCA1,529,0,0.28156042098999023,-0.28156042098999023
Q2829H,BRCA2,2829,1,-0.2474517822265625,0.2474517822265625
W896C,TSC2,896,0,2.0490307807922363,-2.0490307807922363
L273P,NF1,273,1,-1.3056252002716064,1.3056252002716064
L2133V,NF1,2133,1,-1.2921162843704224,1.2921162843704224
S1498I,TSC2,1498,1,-0.8855938911437988,0.8855938911437988
D372E,MET,372,0,0.03983712196350098,-0.03983712196350098
R2909T,ATM,2909,1,-10.72728443145752,10.72728443145752
G601R,KIT,601,1,-13.010753631591797,13.010753631591797
I32S,PTEN,32,1,-13.166529655456543,13.166529655456543
R1533I,NF1,1533,1,-0.14459705352783203,0.14459705352783203
E287G,TP53,287,0,-4.492364883422852,4.492364883422852
N909D,BRCA1,909,0,-0.6387391090393066,0.6387391090393066
P75S,TP53,75,0,-1.7241088151931763,1.7241088151931763
C1755Y,TSC2,1755,0,1.761685848236084,-1.761685848236084
E1167K,TSC2,1167,0,0.05668377876281738,-0.05668377876281738
S625P,TSC2,625,0,-0.4755818843841553,0.4755818843841553
F76V,VHL,76,1,0.6355879306793213,-0.6355879306793213
R176W,VHL,176,1,-2.270153284072876,2.270153284072876
Y156S,VHL,156,1,1.6247575283050537,-1.6247575283050537
G171C,WT1,171,1,-8.87608528137207,8.87608528137207
S1403N,APC,1403,1,-2.138758897781372,2.138758897781372
V1078M,TSC1,1078,0,-1.0553526878356934,1.0553526878356934
P245S,TP63,245,1,-6.6871538162231445,6.6871538162231445
K102Q,ATM,102,0,-0.14493513107299805,0.14493513107299805
I117N,NF1,117,1,-4.583226680755615,4.583226680755615
T1191P,NF1,1191,1,0.30223822593688965,-0.30223822593688965
M1R,TSC2,1,1,-6.60080623626709,6.60080623626709
H385Y,TSC2,385,0,0.28433752059936523,-0.28433752059936523
D731H,TSC2,731,0,-0.9814560413360596,0.9814560413360596
D926N,TSC2,926,0,-0.3503608703613281,0.3503608703613281
H61Y,PTEN,61,1,-7.404956340789795,7.404956340789795
D502Y,WT1,502,1,-12.364155769348145,12.364155769348145
F90L,PTEN,90,1,-10.013792991638184,10.013792991638184
H1620P,TSC2,1620,1,-8.550743103027344,8.550743103027344
L2688H,BRCA2,2688,1,-2.55979323387146,2.55979323387146
G1494S,TSC2,1494,1,0.3813471794128418,-0.3813471794128418
I463L,BRAF,463,1,-14.072648048400879,14.072648048400879
C572R,TSC1,572,0,1.6074342727661133,-1.6074342727661133
Q648L,MET,648,0,0.22869157791137695,-0.22869157791137695
I154L,MET,154,0,0.22475171089172363,-0.22475171089172363
P41Q,WT1,41,0,-0.9481163024902344,0.9481163024902344
G1065R,ATM,1065,0,-0.11399269104003906,0.11399269104003906
E2596V,ATM,2596,1,-0.7276203632354736,0.7276203632354736
M1040I,ATM,1040,0,0.7314579486846924,-0.7314579486846924
E834D,ATM,834,0,-0.13326668739318848,0.13326668739318848
S1635F,ATM,1635,0,0.4809861183166504,-0.4809861183166504
A274G,RET,274,0,-0.5945353507995605,0.5945353507995605
V242A,RET,242,0,0.5649805068969727,-0.5649805068969727
T509P,TSC2,509,1,-3.4160327911376953,3.4160327911376953
L688R,RB1,688,1,-13.187602043151855,13.187602043151855
A22T,RB1,22,0,-1.3459649085998535,1.3459649085998535
L299V,TP53,299,0,-0.3055593967437744,0.3055593967437744
Q99E,MET,99,0,0.22519779205322266,-0.22519779205322266
G110V,MET,110,0,-0.04308581352233887,0.04308581352233887
P1137A,MET,1137,0,-2.8023369312286377,2.8023369312286377
V110M,WT1,110,0,-1.0711512565612793,1.0711512565612793
E70K,WT1,70,0,-1.2210381031036377,1.2210381031036377
I1256V,ATM,1256,0,-0.29940366744995117,0.29940366744995117
E739G,ATM,739,0,-0.856115460395813,0.856115460395813
N1356K,ATM,1356,0,0.04679226875305176,-0.04679226875305176
R1205G,ATM,1205,0,0.4154932498931885,-0.4154932498931885
A1427V,ATM,1427,0,0.3020029067993164,-0.3020029067993164
T548N,ATM,548,0,-0.4428832530975342,0.4428832530975342
N1045S,RET,1045,0,-0.1709756851196289,0.1709756851196289
H125Q,VHL,125,0,0.5747649669647217,-0.5747649669647217
N119K,STK11,119,0,-9.289227485656738,9.289227485656738
D1728G,BRCA2,1728,0,-0.5342936515808105,0.5342936515808105
K2498R,BRCA2,2498,0,-0.29519200325012207,0.29519200325012207
A3121V,BRCA2,3121,0,-0.694753885269165,0.694753885269165
A1453V,ALK,1453,0,-0.35851454734802246,0.35851454734802246
Y178N,PTEN,178,1,-13.445425987243652,13.445425987243652
D326H,PTEN,326,1,-10.879317283630371,10.879317283630371
A188S,RB1,188,0,1.2568163871765137,-1.2568163871765137
L369M,TP53,369,0,-1.8763537406921387,1.8763537406921387
R521G,EGFR,521,0,-0.16051769256591797,0.16051769256591797
D984N,EGFR,984,0,-3.9026131629943848,3.9026131629943848
A1040T,EGFR,1040,0,0.7487006187438965,-0.7487006187438965
M784L,BRCA2,784,0,1.58427095413208,-1.58427095413208
Q1934K,BRCA2,1934,0,0.6523504257202148,-0.6523504257202148
G2584V,BRCA2,2584,1,-0.0004477500915527344,0.0004477500915527344
I3120V,BRCA2,3120,0,0.42561864852905273,-0.42561864852905273
Q2530P,BRCA2,2530,0,0.28483128547668457,-0.28483128547668457
S3016Y,BRCA2,3016,0,-0.6358907222747803,0.6358907222747803
P92S,TP53,92,0,-1.1451624631881714,1.1451624631881714
Y220F,TP53,220,0,-3.2560558319091797,3.2560558319091797
L1260F,BRCA2,1260,0,-0.832305908203125,0.832305908203125
G614D,EGFR,614,0,2.9823005199432373,-2.9823005199432373
D179E,EGFR,179,0,-0.15729379653930664,0.15729379653930664
I1047T,BRCA2,1047,0,1.183408260345459,-1.183408260345459
V2503L,BRCA2,2503,0,0.44773030281066895,-0.44773030281066895
D3261E,BRCA2,3261,0,0.48825955390930176,-0.48825955390930176
S1558T,BRCA2,1558,0,-0.7997334003448486,0.7997334003448486
S2697R,BRCA2,2697,0,-0.5499787330627441,0.5499787330627441
Q1408E,BRCA2,1408,0,0.6296768188476562,-0.6296768188476562
K1406R,BRCA2,1406,0,-1.5055427551269531,1.5055427551269531
M524L,BRCA2,524,0,1.7721710205078125,-1.7721710205078125
S3397C,BRCA2,3397,0,-1.5772321224212646,1.5772321224212646
L2885V,BRCA2,2885,0,-0.5358808040618896,0.5358808040618896
P387R,STK11,387,0,0.6843600273132324,-0.6843600273132324
G834R,BRCA1,834,0,-0.634462833404541,0.634462833404541
P1551S,ALK,1551,0,-0.4814516305923462,0.4814516305923462
G667W,ALK,667,0,-1.1698944568634033,1.1698944568634033
R84T,ALK,84,0,-0.46220970153808594,0.46220970153808594
W15G,CDKN2A,15,0,2.547358512878418,-2.547358512878418
C124F,PTEN,124,1,-13.317681312561035,13.317681312561035
P210L,MET,210,0,-0.8215341567993164,0.8215341567993164
M636L,MET,636,0,1.7231321334838867,-1.7231321334838867
M2806L,ATM,2806,0,1.0910720825195312,-1.0910720825195312
D1007N,ATM,1007,0,-0.09206748008728027,0.09206748008728027
R23G,EGFR,23,0,-0.10949897766113281,0.10949897766113281
P2886L,BRCA2,2886,0,0.08774089813232422,-0.08774089813232422
S3241P,BRCA2,3241,0,-1.0009007453918457,1.0009007453918457
L639S,BRCA2,639,0,0.09914302825927734,-0.09914302825927734
V545I,BRCA2,545,0,-0.26235389709472656,0.26235389709472656
E954D,BRCA2,954,0,-0.4886676073074341,0.4886676073074341
G276A,STK11,276,0,0.8993852138519287,-0.8993852138519287
R144S,CDKN2A,144,0,0.30135488510131836,-0.30135488510131836
I17N,TSC2,17,0,1.9625978469848633,-1.9625978469848633
P832L,BRCA1,832,0,0.10277581214904785,-0.10277581214904785
V323I,WT1,323,0,-1.1605205535888672,1.1605205535888672
Y1300S,ATM,1300,0,1.655198335647583,-1.655198335647583
E2979A,ATM,2979,0,-0.0770106315612793,0.0770106315612793
Q584K,ATM,584,0,0.2280135154724121,-0.2280135154724121
G825S,RET,825,0,-0.23404812812805176,0.23404812812805176
S1279R,NF1,1279,1,-0.28724241256713867,0.28724241256713867
K1251M,TSC2,1251,1,-2.558610200881958,2.558610200881958
M1461I,NF1,1461,1,0.8038520812988281,-0.8038520812988281
A1610I,NF1,1610,1,-0.5856897830963135,0.5856897830963135
