variant_id,target_gene,position,label,llr,score
K1444E,NF1,1444,1,-0.42288827896118164,0.42288827896118164
L2164M,NF1,2164,1,-1.755143165588379,1.755143165588379
Y2192N,NF1,2192,1,0.5281803607940674,-0.5281803607940674
R1412S,NF1,1412,1,1.2746541500091553,-1.2746541500091553
R1276P,NF1,1276,1,-0.4010152816772461,0.4010152816772461
Y489C,NF1,489,1,0.39926958084106445,-0.39926958084106445
L508P,NF1,508,1,-0.9124963283538818,0.9124963283538818
L316M,NF1,316,1,-2.000284433364868,2.000284433364868
L357P,NF1,357,1,-1.06172776222229,1.06172776222229
L1243P,NF1,1243,1,-2.0298664569854736,2.0298664569854736
L844R,NF1,844,1,-2.20198917388916,2.20198917388916
R414C,APC,414,0,0.49549436569213867,-0.49549436569213867
S1395C,APC,1395,1,-4.140212059020996,4.140212059020996
E1317Q,APC,1317,0,-0.3870401382446289,0.3870401382446289
R167Q,VHL,167,1,-0.6728997230529785,0.6728997230529785
R167W,VHL,167,1,-2.2453417778015137,2.2453417778015137
R167G,VHL,167,1,-0.8382818698883057,0.8382818698883057
W88S,VHL,88,1,1.1762113571166992,-1.1762113571166992
L135F,VHL,135,1,-0.6700706481933594,0.6700706481933594
Y112H,VHL,112,1,0.28908252716064453,-0.28908252716064453
Y98H,VHL,98,1,-0.3843822479248047,0.3843822479248047
V166F,VHL,166,1,-0.435136079788208,0.435136079788208
R64P,VHL,64,1,-0.07355618476867676,0.07355618476867676
Y112N,VHL,112,1,0.15234112739562988,-0.15234112739562988
V130L,VHL,130,1,0.16876959800720215,-0.16876959800720215
D126Y,VHL,126,1,0.2423241138458252,-0.2423241138458252
L163P,VHL,163,1,-0.9781529903411865,0.9781529903411865
P81S,VHL,81,0,0.4467170238494873,-0.4467170238494873
H191D,VHL,191,1,1.1075574159622192,-1.1075574159622192
V84L,VHL,84,1,0.335019588470459,-0.335019588470459
G93S,VHL,93,1,-1.0441412925720215,1.0441412925720215
Q164R,VHL,164,1,0.4440438747406006,-0.4440438747406006
F2827C,ATM,2827,1,-2.93210768699646,2.93210768699646
V2424G,ATM,2424,1,-1.142136573791504,1.142136573791504
M1040V,ATM,1040,0,0.7487540245056152,-0.7487540245056152
L2656P,ATM,2656,1,-2.6360344886779785,2.6360344886779785
Y2677C,ATM,2677,1,-0.26188135147094727,0.26188135147094727
S49C,ATM,49,0,-1.6675221920013428,1.6675221920013428
R467W,WT1,467,1,-15.025745391845703,15.025745391845703
R439H,WT1,439,1,-13.848210334777832,13.848210334777832
D469G,WT1,469,1,-12.821925163269043,12.821925163269043
D469N,WT1,469,1,-14.354859352111816,14.354859352111816
R467P,WT1,467,1,-20.312314987182617,20.312314987182617
C403Y,WT1,403,1,-13.135644912719727,13.135644912719727
H450Y,WT1,450,1,-14.291183471679688,14.291183471679688
C433G,WT1,433,1,-18.280296325683594,18.280296325683594
H446Q,WT1,446,1,-13.513212203979492,13.513212203979492
S346G,WT1,346,1,-0.2800323963165283,0.2800323963165283
F456L,WT1,456,1,-12.788352012634277,12.788352012634277
F465L,WT1,465,1,-14.300765991210938,14.300765991210938
R439C,WT1,439,1,-15.693563461303711,15.693563461303711
K587R,TSC1,587,0,0.6129627227783203,-0.6129627227783203
M224R,TSC1,224,1,-0.0049571990966796875,0.0049571990966796875
L180P,TSC1,180,1,-4.7329511642456055,4.7329511642456055
R243W,TP63,243,1,-10.667556762695312,10.667556762695312
R243Q,TP63,243,1,-9.45528507232666,9.45528507232666
C345R,TP63,345,1,-12.151260375976562,12.151260375976562
K233E,TP63,233,1,-12.912712097167969,12.912712097167969
R319C,TP63,319,1,-14.062210083007812,14.062210083007812
R318H,TP63,318,1,-13.095850944519043,13.095850944519043
R343Q,TP63,343,1,-12.652556419372559,12.652556419372559
L553F,TP63,553,1,-7.519342422485352,7.519342422485352
C561G,TP63,561,1,-7.919777870178223,7.919777870178223
R337Q,TP63,337,1,-13.25167465209961,13.25167465209961
D351G,TP63,351,1,-13.043158531188965,13.043158531188965
I549T,TP63,549,1,-5.284300327301025,5.284300327301025
S580P,TP63,580,1,-7.425673484802246,7.425673484802246
R337G,TP63,337,1,-15.79597282409668,15.79597282409668
R266Q,TP63,266,1,-11.199885368347168,11.199885368347168
L67P,STK11,67,1,-12.503929138183594,12.503929138183594
G163D,STK11,163,1,-11.724428176879883,11.724428176879883
D194Y,STK11,194,1,-11.703078269958496,11.703078269958496
Y49D,STK11,49,1,-15.308198928833008,15.308198928833008
G135R,STK11,135,1,-7.23243522644043,7.23243522644043
W239C,STK11,239,1,-13.561873435974121,13.561873435974121
F354L,STK11,354,0,2.0375208854675293,-2.0375208854675293
G129E,PTEN,129,1,-9.638986587524414,9.638986587524414
S170R,PTEN,170,1,-15.635686874389648,15.635686874389648
H123R,PTEN,123,1,-15.93830680847168,15.93830680847168
C124R,PTEN,124,1,-13.448878288269043,13.448878288269043
M35R,PTEN,35,1,-15.04240894317627,15.04240894317627
L70P,PTEN,70,1,-12.411998748779297,12.411998748779297
R130Q,PTEN,130,1,-13.9929838180542,13.9929838180542
L112P,PTEN,112,1,-11.209552764892578,11.209552764892578
H61D,PTEN,61,1,-12.117433547973633,12.117433547973633
H93R,PTEN,93,1,-13.330611228942871,13.330611228942871
D252G,PTEN,252,1,-9.988676071166992,9.988676071166992
F241S,PTEN,241,1,-8.235414505004883,8.235414505004883
G132V,PTEN,132,1,-13.811641693115234,13.811641693115234
A938P,BRCA2,938,1,0.06119036674499512,-0.06119036674499512
N372H,BRCA2,372,0,-1.0465984344482422,1.0465984344482422
T2722R,BRCA2,2722,1,-2.604689598083496,2.604689598083496
L2510P,BRCA2,2510,1,-0.19197726249694824,0.19197726249694824
G101W,CDKN2A,101,1,-10.047118186950684,10.047118186950684
M53I,CDKN2A,53,1,0.33837413787841797,-0.33837413787841797
R24P,CDKN2A,24,1,-3.664854049682617,3.664854049682617
V126D,CDKN2A,126,1,-7.906172752380371,7.906172752380371
V59G,CDKN2A,59,1,-4.320743083953857,4.320743083953857
S56I,CDKN2A,56,1,-4.970090389251709,4.970090389251709
G89D,CDKN2A,89,1,-7.008615493774414,7.008615493774414
R248W,TP53,248,1,-11.394573211669922,11.394573211669922
E258K,TP53,258,1,-8.227055549621582,8.227055549621582
G245C,TP53,245,1,-10.088656425476074,10.088656425476074
P72R,TP53,72,0,-2.9553208351135254,2.9553208351135254
R249S,TP53,249,1,-10.593647003173828,10.593647003173828
V157F,TP53,157,1,-6.010592937469482,6.010592937469482
C242Y,TP53,242,1,-11.37919807434082,11.37919807434082
G245D,TP53,245,1,-9.223018646240234,9.223018646240234
R248Q,TP53,248,1,-9.94664192199707,9.94664192199707
M133T,TP53,133,1,-1.8121376037597656,1.8121376037597656
V272L,TP53,272,1,-5.960432052612305,5.960432052612305
S241F,TP53,241,1,-9.227811813354492,9.227811813354492
R282W,TP53,282,1,-9.232474327087402,9.232474327087402
G245S,TP53,245,1,-7.346780300140381,7.346780300140381
R273H,TP53,273,1,-8.278950691223145,8.278950691223145
R280T,TP53,280,1,-11.854459762573242,11.854459762573242
P151T,TP53,151,1,-6.4783101081848145,6.4783101081848145
P151S,TP53,151,1,-5.782517433166504,5.782517433166504
R175H,TP53,175,1,-6.245345115661621,6.245345115661621
L344P,TP53,344,1,-9.981573104858398,9.981573104858398
A138P,TP53,138,1,-6.184088230133057,6.184088230133057
R337H,TP53,337,1,2.105123996734619,-2.105123996734619
Y220S,TP53,220,1,-7.245052814483643,7.245052814483643
E285V,TP53,285,1,-6.2217230796813965,6.2217230796813965
P1675L,TSC2,1675,1,0.4787442684173584,-0.4787442684173584
R611Q,TSC2,611,1,-0.5403237342834473,0.5403237342834473
L717R,TSC2,717,1,-2.8447444438934326,2.8447444438934326
Q1503P,TSC2,1503,1,0.42591047286987305,-0.42591047286987305
R905Q,TSC2,905,1,-0.2164456844329834,0.2164456844329834
R905W,TSC2,905,1,-1.186405897140503,1.186405897140503
R905G,TSC2,905,1,-0.48731017112731934,0.48731017112731934
G12V,HRAS,12,1,-10.61133861541748,10.61133861541748
Q61K,HRAS,61,1,-12.781883239746094,12.781883239746094
G12S,HRAS,12,1,-10.149055480957031,10.149055480957031
G12A,HRAS,12,1,-8.694927215576172,8.694927215576172
G13D,HRAS,13,1,-15.12442398071289,15.12442398071289
K117R,HRAS,117,1,-10.870124816894531,10.870124816894531
G13C,HRAS,13,1,-12.857807159423828,12.857807159423828
A146T,HRAS,146,1,-11.864262580871582,11.864262580871582
E63K,HRAS,63,1,-11.896265983581543,11.896265983581543
Q22K,HRAS,22,1,-12.159242630004883,12.159242630004883
T58I,HRAS,58,1,-10.14373779296875,10.14373779296875
A146V,HRAS,146,1,-12.246173858642578,12.246173858642578
G12D,HRAS,12,1,-12.45048999786377,12.45048999786377
G12C,HRAS,12,1,-11.625909805297852,11.625909805297852
S567L,RB1,567,1,-7.623306751251221,7.623306751251221
R661W,RB1,661,1,-10.297021865844727,10.297021865844727
C712R,RB1,712,1,-9.819252014160156,9.819252014160156
G664R,KIT,664,1,-9.92818832397461,9.92818832397461
E583K,KIT,583,1,-9.362433433532715,9.362433433532715
V559D,KIT,559,1,-10.691547393798828,10.691547393798828
R796G,KIT,796,1,-16.018173217773438,16.018173217773438
T847P,KIT,847,1,-14.124768257141113,14.124768257141113
E839K,KIT,839,1,-10.30124568939209,10.30124568939209
D816H,KIT,816,1,-13.93160343170166,13.93160343170166
F584C,KIT,584,1,-9.922479629516602,9.922479629516602
V559A,KIT,559,1,-5.817155361175537,5.817155361175537
K642E,KIT,642,1,-10.539188385009766,10.539188385009766
I655V,ERBB2,655,0,0.5352950096130371,-0.5352950096130371
I654V,ERBB2,654,0,0.44716596603393555,-0.44716596603393555
L755P,ERBB2,755,1,-9.344979286193848,9.344979286193848
E914K,ERBB2,914,1,-13.298242568969727,13.298242568969727
G776S,ERBB2,776,1,-2.6183834075927734,2.6183834075927734
N857S,ERBB2,857,1,-4.374917030334473,4.374917030334473
M1131T,MET,1131,1,-6.303762435913086,6.303762435913086
V1188L,MET,1188,1,-5.656828880310059,5.656828880310059
V1220I,MET,1220,1,-0.3231935501098633,0.3231935501098633
D1228N,MET,1228,1,-0.3996906280517578,0.3996906280517578
H1094R,MET,1094,1,0.4171261787414551,-0.4171261787414551
M1250I,MET,1250,1,-7.07639741897583,7.07639741897583
K1244R,MET,1244,1,-0.07964468002319336,0.07964468002319336
R393H,MYCN,393,1,-13.395101547241211,13.395101547241211
R393S,MYCN,393,1,-14.328615188598633,14.328615188598633
R394H,MYCN,394,1,-13.817301750183105,13.817301750183105
C618G,RET,618,1,0.7185876369476318,-0.7185876369476318
C634G,RET,634,1,-1.7831807136535645,1.7831807136535645
C634Y,RET,634,1,-1.4876360893249512,1.4876360893249512
C634S,RET,634,1,-0.6468353271484375,0.6468353271484375
C634F,RET,634,1,-1.5185799598693848,1.5185799598693848
C611W,RET,611,1,-1.81435227394104,1.81435227394104
C618S,RET,618,1,0.5116262435913086,-0.5116262435913086
C620R,RET,620,1,-1.0466976165771484,1.0466976165771484
C620Y,RET,620,1,-1.2778844833374023,1.2778844833374023
C634R,RET,634,1,-1.0978450775146484,1.0978450775146484
C634W,RET,634,1,-1.776197910308838,1.776197910308838
M918T,RET,918,1,-9.111854553222656,9.111854553222656
R972G,RET,972,1,-8.031182289123535,8.031182289123535
S32L,RET,32,1,-1.0757627487182617,1.0757627487182617
C620F,RET,620,1,-1.046445608139038,1.046445608139038
C618R,RET,618,1,0.030289173126220703,-0.030289173126220703
E768D,RET,768,1,-1.086359977722168,1.086359977722168
C609Y,RET,609,1,-1.702977180480957,1.702977180480957
C620W,RET,620,1,-0.5677652359008789,0.5677652359008789
L790F,RET,790,1,-2.9268808364868164,2.9268808364868164
A640G,RET,640,1,-0.16170978546142578,0.16170978546142578
C620S,RET,620,1,-0.8363609313964844,0.8363609313964844
C609R,RET,609,1,-1.281975507736206,1.281975507736206
V804M,RET,804,1,-1.4937200546264648,1.4937200546264648
V804L,RET,804,1,-2.1526784896850586,2.1526784896850586
R114H,RET,114,0,-1.1297366619110107,1.1297366619110107
G533C,RET,533,1,-0.41501808166503906,0.41501808166503906
S891A,RET,891,1,1.960461974143982,-1.960461974143982
R462I,BRAF,462,1,-12.406691551208496,12.406691551208496
I463S,BRAF,463,1,-15.77746295928955,15.77746295928955
G464E,BRAF,464,1,-14.050592422485352,14.050592422485352
A246P,BRAF,246,1,-14.857574462890625,14.857574462890625
K601E,BRAF,601,1,-11.783720016479492,11.783720016479492
G466V,BRAF,466,1,-13.163667678833008,13.163667678833008
L597R,BRAF,597,1,-14.04555606842041,14.04555606842041
L597V,BRAF,597,1,-12.828364372253418,12.828364372253418
G469R,BRAF,469,1,-12.816495895385742,12.816495895385742
G469A,BRAF,469,1,-12.701604843139648,12.701604843139648
Q257R,BRAF,257,1,-9.703490257263184,9.703490257263184
G469E,BRAF,469,1,-15.666189193725586,15.666189193725586
L485F,BRAF,485,1,-11.308616638183594,11.308616638183594
K499E,BRAF,499,1,-11.751628875732422,11.751628875732422
E501K,BRAF,501,1,-13.64459228515625,13.64459228515625
E501G,BRAF,501,1,-12.686360359191895,12.686360359191895
N581D,BRAF,581,1,-14.959038734436035,14.959038734436035
G534R,BRAF,534,1,-9.485894203186035,9.485894203186035
D638E,BRAF,638,1,-14.530975341796875,14.530975341796875
G719C,EGFR,719,1,-12.22524642944336,12.22524642944336
C64G,BRCA1,64,1,-9.992940902709961,9.992940902709961
C61G,BRCA1,61,1,-11.382575988769531,11.382575988769531
S1040N,BRCA1,1040,0,-0.7690286636352539,0.7690286636352539
R1443G,BRCA1,1443,0,0.07440066337585449,-0.07440066337585449
R841W,BRCA1,841,0,-2.703770399093628,2.703770399093628
R71G,BRCA1,71,1,-1.8941959142684937,1.8941959142684937
M1775R,BRCA1,1775,1,-0.7088451385498047,0.7088451385498047
M1775K,BRCA1,1775,1,-0.5162138938903809,0.5162138938903809
R1275Q,ALK,1275,1,-8.796398162841797,8.796398162841797
G1128A,ALK,1128,1,-5.292642593383789,5.292642593383789
R1192P,ALK,1192,1,-12.726115226745605,12.726115226745605
V1822D,APC,1822,0,0.42728471755981445,-0.42728471755981445
C609G,RET,609,1,-1.1574180126190186,1.1574180126190186
C609W,RET,609,1,-1.943171501159668,1.943171501159668
C611R,RET,611,1,-0.8822417259216309,0.8822417259216309
C611G,RET,611,1,-1.0859856605529785,1.0859856605529785
C611Y,RET,611,1,-0.8617799282073975,0.8617799282073975
C611F,RET,611,1,-0.73227858543396,0.73227858543396
C618Y,RET,618,1,-0.39533329010009766,0.39533329010009766
C618F,RET,618,1,-0.09259796142578125,0.09259796142578125
C620G,RET,620,1,-1.3949203491210938,1.3949203491210938
C630R,RET,630,1,0.15527033805847168,-0.15527033805847168
C630Y,RET,630,1,-0.72062087059021,0.72062087059021
C630S,RET,630,1,1.163283348083496,-1.163283348083496
D631Y,RET,631,1,-1.1669316291809082,1.1669316291809082
K666E,RET,666,1,-1.2847633361816406,1.2847633361816406
K666N,RET,666,1,-1.8187313079833984,1.8187313079833984
T241M,BRAF,241,1,-15.350202560424805,15.350202560424805
T241R,BRAF,241,1,-13.506242752075195,13.506242752075195
T241P,BRAF,241,1,-14.388137817382812,14.388137817382812
W531C,BRAF,531,1,-12.804864883422852,12.804864883422852
R266P,TP63,266,1,-16.166152954101562,16.166152954101562
L1411F,NF1,1411,1,-1.0797746181488037,1.0797746181488037
V620A,KIT,620,1,-6.718394756317139,6.718394756317139
G13R,HRAS,13,1,-15.93182373046875,15.93182373046875
P81L,VHL,81,1,0.33954453468322754,-0.33954453468322754
R107P,VHL,107,1,-0.2938685417175293,0.2938685417175293
T124I,VHL,124,1,-0.8492081165313721,0.8492081165313721
L153Q,VHL,153,1,-0.6265122890472412,0.6265122890472412
Y175C,VHL,175,1,-0.7642662525177002,0.7642662525177002
P346S,BRCA1,346,0,1.4268288612365723,-1.4268288612365723
D369N,BRCA1,369,0,0.6419334411621094,-0.6419334411621094
C39Y,BRCA1,39,1,-7.736576557159424,7.736576557159424
C39F,BRCA1,39,1,-7.53572416305542,7.53572416305542
R496C,BRCA1,496,0,-0.894146203994751,0.894146203994751
L512F,BRCA1,512,0,-0.6801872253417969,0.6801872253417969
N550H,BRCA1,550,0,-1.0336627960205078,1.0336627960205078
L668F,BRCA1,668,0,-1.079662799835205,1.079662799835205
K719E,BRCA1,719,0,-0.4910304546356201,0.4910304546356201
N723D,BRCA1,723,0,-0.5247817039489746,0.5247817039489746
E736A,BRCA1,736,0,-1.1904208660125732,1.1904208660125732
S784L,BRCA1,784,0,-1.4486054182052612,1.4486054182052612
T826K,BRCA1,826,0,0.1697390079498291,-0.1697390079498291
K862E,BRCA1,862,0,-0.3232717514038086,0.3232717514038086
G890V,BRCA1,890,0,0.43010950088500977,-0.43010950088500977
K912R,BRCA1,912,0,-1.1325407028198242,1.1325407028198242
V920I,BRCA1,920,0,-0.20146989822387695,0.20146989822387695
I925L,BRCA1,925,0,0.3988785743713379,-0.3988785743713379
A102G,BRCA1,102,0,0.2817726135253906,-0.2817726135253906
R1028C,BRCA1,1028,0,-0.6306166648864746,0.6306166648864746
R1028H,BRCA1,1028,0,-0.5397124290466309,0.5397124290466309
I1044V,BRCA1,1044,0,-1.3178056478500366,1.3178056478500366
K1109N,BRCA1,1109,0,-0.301499605178833,0.301499605178833
E1219D,BRCA1,1219,0,-0.11650466918945312,0.11650466918945312
P1238L,BRCA1,1238,0,0.011452198028564453,-0.011452198028564453
I1275V,BRCA1,1275,0,0.2438831329345703,-0.2438831329345703
E1346K,BRCA1,1346,0,-0.42331743240356445,0.42331743240356445
I1405V,BRCA1,1405,0,0.12782859802246094,-0.12782859802246094
E143K,BRCA1,143,0,-0.4299755096435547,0.4299755096435547
R1495K,BRCA1,1495,1,0.590576171875,-0.590576171875
R1495M,BRCA1,1495,1,-0.6190600395202637,0.6190600395202637
S153R,BRCA1,153,0,-1.2314119338989258,1.2314119338989258
E1559K,BRCA1,1559,1,-0.5461196899414062,0.5461196899414062
E1559Q,BRCA1,1559,1,-0.44509053230285645,0.44509053230285645
K1606E,BRCA1,1606,0,0.5077202320098877,-0.5077202320098877
S1613C,BRCA1,1613,0,-1.540309190750122,1.540309190750122
A1623G,BRCA1,1623,1,-0.5793304443359375,0.5793304443359375
M1652T,BRCA1,1652,0,-5.479545593261719,5.479545593261719
L1664P,BRCA1,1664,0,-1.2992701530456543,1.2992701530456543
M1689R,BRCA1,1689,1,-1.6309642791748047,1.6309642791748047
T1691K,BRCA1,1691,1,-1.7683091163635254,1.7683091163635254
T1691I,BRCA1,1691,1,-4.116511344909668,4.116511344909668
D1692N,BRCA1,1692,1,-1.120650053024292,1.120650053024292
D1692H,BRCA1,1692,1,-2.9730255603790283,2.9730255603790283
C1697Y,BRCA1,1697,1,-5.189922332763672,5.189922332763672
R1699Q,BRCA1,1699,1,-3.0789268016815186,3.0789268016815186
L1705P,BRCA1,1705,1,-5.192647933959961,5.192647933959961
G1706E,BRCA1,1706,1,-8.936285018920898,8.936285018920898
V1736A,BRCA1,1736,1,-3.1044092178344727,3.1044092178344727
G1748C,BRCA1,1748,1,-0.9037282466888428,0.9037282466888428
I1766S,BRCA1,1766,1,-7.844161033630371,7.844161033630371
G1788V,BRCA1,1788,1,-8.135846138000488,8.135846138000488
Y179C,BRCA1,179,0,0.8770089149475098,-0.8770089149475098
M18T,BRCA1,18,1,-0.4531068801879883,0.4531068801879883
G1803A,BRCA1,1803,1,0.1562802791595459,-0.1562802791595459
P1812A,BRCA1,1812,1,-0.43407344818115234,0.43407344818115234
D1818G,BRCA1,1818,1,-0.19954156875610352,0.19954156875610352
W1837R,BRCA1,1837,1,-5.757855415344238,5.757855415344238
W1837C,BRCA1,1837,1,-4.71604061126709,4.71604061126709
S1841R,BRCA1,1841,1,-7.342068672180176,7.342068672180176
V191I,BRCA1,191,0,-0.6876564025878906,0.6876564025878906
D214G,BRCA1,214,0,-0.23660659790039062,0.23660659790039062
T276R,BRCA1,276,0,-0.328094482421875,0.328094482421875
S316G,BRCA1,316,0,-0.8897838592529297,0.8897838592529297
T3349A,BRCA2,3349,0,0.28733325004577637,-0.28733325004577637
T3371A,BRCA2,3371,0,-0.5286340713500977,0.5286340713500977
R3385C,BRCA2,3385,0,-1.614250659942627,1.614250659942627
Y42C,BRCA2,42,0,0.6381614208221436,-0.6381614208221436
E462G,BRCA2,462,0,-1.2849149703979492,1.2849149703979492
I505V,BRCA2,505,0,-0.003584623336791992,0.003584623336791992
N56T,BRCA2,56,0,-0.24529719352722168,0.24529719352722168
T582P,BRCA2,582,0,0.6815276145935059,-0.6815276145935059
K604E,BRCA2,604,0,0.46002697944641113,-0.46002697944641113
A622V,BRCA2,622,0,-0.15192317962646484,0.15192317962646484
T630I,BRCA2,630,0,-0.20914292335510254,0.20914292335510254
P655R,BRCA2,655,0,0.35997509956359863,-0.35997509956359863
D935H,BRCA2,935,0,-0.8607916831970215,0.8607916831970215
L1019V,BRCA2,1019,0,0.4474756717681885,-0.4474756717681885
N1102Y,BRCA2,1102,0,-1.1288397312164307,1.1288397312164307
N1228D,BRCA2,1228,0,-1.4092154502868652,1.4092154502868652
C1290Y,BRCA2,1290,0,0.07085275650024414,-0.07085275650024414
V1306I,BRCA2,1306,0,0.1283552646636963,-0.1283552646636963
M1I,BRCA2,1,1,-4.8428425788879395,4.8428425788879395
C1365Y,BRCA2,1365,0,-0.28132104873657227,0.28132104873657227
Q1396R,BRCA2,1396,0,-0.41368889808654785,0.41368889808654785
G1529R,BRCA2,1529,0,-4.730116844177246,4.730116844177246
T1557S,BRCA2,1557,0,0.7958688735961914,-0.7958688735961914
K1690N,BRCA2,1690,0,-1.8919035196304321,1.8919035196304321
D1699N,BRCA2,1699,0,0.12200284004211426,-0.12200284004211426
G173V,BRCA2,173,1,0.6876626014709473,-0.6876626014709473
S1733F,BRCA2,1733,0,-0.9573948383331299,0.9573948383331299
G1771D,BRCA2,1771,0,0.2989652156829834,-0.2989652156829834
A1825V,BRCA2,1825,0,-0.007773399353027344,0.007773399353027344
I1851S,BRCA2,1851,0,2.241499423980713,-2.241499423980713
N1878K,BRCA2,1878,0,-0.051115989685058594,0.051115989685058594
L1904V,BRCA2,1904,0,-0.7330090999603271,0.7330090999603271
D1923A,BRCA2,1923,0,-0.9475655555725098,0.9475655555725098
I1929V,BRCA2,1929,0,-0.531303882598877,0.531303882598877
C1960Y,BRCA2,1960,0,0.27252960205078125,-0.27252960205078125
N2048I,BRCA2,2048,0,-2.173396110534668,2.173396110534668
H2074N,BRCA2,2074,0,0.400726318359375,-0.400726318359375
T2097M,BRCA2,2097,0,-1.6176319122314453,1.6176319122314453
V211L,BRCA2,211,1,0.5575380325317383,-0.5575380325317383
R2108H,BRCA2,2108,0,0.3195326328277588,-0.3195326328277588
N2113S,BRCA2,2113,0,0.9535162448883057,-0.9535162448883057
F221L,BRCA2,221,0,0.8453657627105713,-0.8453657627105713
T2250A,BRCA2,2250,0,-0.4843273162841797,0.4843273162841797
I2285V,BRCA2,2285,0,0.025493144989013672,-0.025493144989013672
R2336H,BRCA2,2336,1,-0.5665111541748047,0.5665111541748047
A2351G,BRCA2,2351,0,-0.35779309272766113,0.35779309272766113
Q2384K,BRCA2,2384,0,0.29678821563720703,-0.29678821563720703
T2515I,BRCA2,2515,0,-0.5446977615356445,0.5446977615356445
H2623R,BRCA2,2623,1,0.9935359954833984,-0.9935359954833984
W2626C,BRCA2,2626,1,0.7458596229553223,-0.7458596229553223
R2659G,BRCA2,2659,1,-0.1425008773803711,0.1425008773803711
R2659K,BRCA2,2659,1,0.1835017204284668,-0.1835017204284668
D2665G,BRCA2,2665,0,-0.11249423027038574,0.11249423027038574
I2672V,BRCA2,2672,0,-0.34536051750183105,0.34536051750183105
M2676T,BRCA2,2676,0,0.14802837371826172,-0.14802837371826172
L2688P,BRCA2,2688,1,-1.0673065185546875,1.0673065185546875
D2723G,BRCA2,2723,1,-5.202439308166504,5.202439308166504
K2729N,BRCA2,2729,0,-2.373032569885254,2.373032569885254
N277K,BRCA2,277,0,0.15001153945922852,-0.15001153945922852
R2784W,BRCA2,2784,1,-1.4660067558288574,1.4660067558288574
G2793E,BRCA2,2793,1,0.05864906311035156,-0.05864906311035156
Q2829R,BRCA2,2829,1,0.12309074401855469,-0.12309074401855469
G2901D,BRCA2,2901,0,0.8404867649078369,-0.8404867649078369
S2922G,BRCA2,2922,0,-2.1359198093414307,2.1359198093414307
R2973C,BRCA2,2973,0,-1.6870789527893066,1.6870789527893066
R2991H,BRCA2,2991,0,-0.41593074798583984,0.41593074798583984
E3002K,BRCA2,3002,1,-0.33965349197387695,0.33965349197387695
Y3006D,BRCA2,3006,1,-3.0784854888916016,3.0784854888916016
T3013I,BRCA2,3013,0,0.2561025619506836,-0.2561025619506836
V3079I,BRCA2,3079,0,-0.6382389068603516,0.6382389068603516
Y3098H,BRCA2,3098,0,0.7421875,-0.7421875
L3101R,BRCA2,3101,1,-1.20133376121521,1.20133376121521
N3124I,BRCA2,3124,1,-3.6230101585388184,3.6230101585388184
C315S,BRCA2,315,0,2.3220787048339844,-2.3220787048339844
N3174K,BRCA2,3174,0,0.6843948364257812,-0.6843948364257812
C3198R,BRCA2,3198,0,0.6052510738372803,-0.6052510738372803
P3202L,BRCA2,3202,0,1.285979986190796,-1.285979986190796
G3212R,BRCA2,3212,0,0.15340757369995117,-0.15340757369995117
K322Q,BRCA2,322,0,-1.4030117988586426,1.4030117988586426
C609F,RET,609,1,-1.4910180568695068,1.4910180568695068
C609S,RET,609,1,-1.3510723114013672,1.3510723114013672
C611S,RET,611,1,-0.7216699123382568,0.7216699123382568
M918V,RET,918,1,-10.020480155944824,10.020480155944824
A883F,RET,883,1,-5.161435127258301,5.161435127258301
G173D,TP63,173,1,-9.883134841918945,9.883134841918945
T167N,PTEN,167,1,-11.17048168182373,11.17048168182373
T131I,PTEN,131,1,-15.361318588256836,15.361318588256836
A2067D,ATM,2067,1,-1.1952929496765137,1.1952929496765137
D22N,BRAF,22,0,-9.067647933959961,9.067647933959961
E26D,BRAF,26,0,-5.971920967102051,5.971920967102051
T244P,BRAF,244,1,-10.700138092041016,10.700138092041016
L245F,BRAF,245,1,-8.33113956451416,8.33113956451416
F247S,BRAF,247,1,-13.811509132385254,13.811509132385254
Q257K,BRAF,257,1,-13.814226150512695,13.814226150512695
Q262K,BRAF,262,1,-12.364169120788574,12.364169120788574
G464V,BRAF,464,1,-15.405298233032227,15.405298233032227
G464A,BRAF,464,1,-9.390501022338867,9.390501022338867
F468S,BRAF,468,1,-12.235734939575195,12.235734939575195
V471F,BRAF,471,1,-14.246394157409668,14.246394157409668
V471I,BRAF,471,1,-12.936063766479492,12.936063766479492
K483Q,BRAF,483,1,-13.762726783752441,13.762726783752441
L485S,BRAF,485,1,-14.68893051147461,14.68893051147461
K499N,BRAF,499,1,-10.660999298095703,10.660999298095703
E501A,BRAF,501,1,-16.1603946685791,16.1603946685791
E501V,BRAF,501,1,-16.16141700744629,16.16141700744629
L505F,BRAF,505,1,-7.871478080749512,7.871478080749512
W531L,BRAF,531,1,-10.145223617553711,10.145223617553711
C532Y,BRAF,532,1,-14.379674911499023,14.379674911499023
D565E,BRAF,565,1,-11.092385292053223,11.092385292053223
F583L,BRAF,583,1,-6.9062299728393555,6.9062299728393555
G596V,BRAF,596,1,-17.064367294311523,17.064367294311523
T599I,BRAF,599,1,-13.668867111206055,13.668867111206055
V600G,BRAF,600,1,-9.931741714477539,9.931741714477539
K601I,BRAF,601,1,-12.457634925842285,12.457634925842285
Q709R,BRAF,709,1,-11.145423889160156,11.145423889160156
A59T,HRAS,59,1,-11.098506927490234,11.098506927490234
G60D,HRAS,60,1,-10.535018920898438,10.535018920898438
N86T,HRAS,86,0,-6.375667572021484,6.375667572021484
S89C,HRAS,89,1,-8.767616271972656,8.767616271972656
P174S,HRAS,174,0,0.13277792930603027,-0.13277792930603027
K601Q,BRAF,601,1,-11.388225555419922,11.388225555419922
P870S,APC,870,0,1.7967664003372192,-1.7967664003372192
L1129S,APC,1129,0,1.0119656324386597,-1.0119656324386597
A2274V,APC,2274,0,-0.0912628173828125,0.0912628173828125
G2502S,APC,2502,0,0.6971702575683594,-0.6971702575683594
S2621C,APC,2621,0,-3.715864896774292,3.715864896774292
A735V,APC,735,0,-0.42790746688842773,0.42790746688842773
D1083E,APC,1083,0,0.35124850273132324,-0.35124850273132324
N1118D,APC,1118,0,-0.49935102462768555,0.49935102462768555
E140D,APC,140,0,-2.2420969009399414,2.2420969009399414
I3412V,BRCA2,3412,0,-0.25484585762023926,0.25484585762023926
S384F,BRCA2,384,0,-1.4726941585540771,1.4726941585540771
I505T,BRCA2,505,0,-0.18027257919311523,0.18027257919311523
T598A,BRCA2,598,0,-0.5756685733795166,0.5756685733795166
M784V,BRCA2,784,0,0.9732060432434082,-0.9732060432434082
N991D,BRCA2,991,0,-0.3257312774658203,0.3257312774658203
S1172L,BRCA2,1172,0,-0.43401432037353516,0.43401432037353516
G1194D,BRCA2,1194,0,0.8696439266204834,-0.8696439266204834
D1420Y,BRCA2,1420,0,-0.9570736885070801,0.9570736885070801
K1531N,BRCA2,1531,0,-0.4476487636566162,0.4476487636566162
E1593D,BRCA2,1593,0,-0.8136229515075684,0.8136229515075684
D1911V,BRCA2,1911,0,0.4277017116546631,-0.4277017116546631
T1915M,BRCA2,1915,0,-1.3304722309112549,1.3304722309112549
R2034C,BRCA2,2034,0,-0.13933634757995605,0.13933634757995605
R2108C,BRCA2,2108,0,0.4013054370880127,-0.4013054370880127
H2116R,BRCA2,2116,0,-0.019970178604125977,0.019970178604125977
H2440R,BRCA2,2440,0,0.18422412872314453,-0.18422412872314453
A2717S,BRCA2,2717,0,-2.372925043106079,2.372925043106079
V2728I,BRCA2,2728,0,0.1581406593322754,-0.1581406593322754
N289H,BRCA2,289,0,-1.126121997833252,1.126121997833252
I2944F,BRCA2,2944,0,-1.3393549919128418,1.3393549919128418
A2951T,BRCA2,2951,0,-1.3165342807769775,1.3165342807769775
V3244I,BRCA2,3244,0,0.010821819305419922,-0.010821819305419922
A127S,CDKN2A,127,0,-3.6812379360198975,3.6812379360198975
R144C,CDKN2A,144,0,-3.129995822906494,3.129995822906494
A148T,CDKN2A,148,0,-1.2661700248718262,1.2661700248718262
N400S,KIT,400,0,1.336928367614746,-1.336928367614746
M541L,KIT,541,0,2.6553144454956055,-2.6553144454956055
V37A,MET,37,0,-0.8252346515655518,0.8252346515655518
N375S,MET,375,0,-0.2167971134185791,0.2167971134185791
I316M,MET,316,0,-1.3008198738098145,1.3008198738098145
I1679V,NF1,1679,0,0.598686933517456,-0.598686933517456
A2532V,NF1,2532,0,-0.1364116668701172,0.1364116668701172
A79T,PTEN,79,0,-3.485157012939453,3.485157012939453
E137D,RB1,137,0,-0.7064913511276245,0.7064913511276245
D210Y,RB1,210,0,-5.102331161499023,5.102331161499023
S334L,TSC1,334,0,-0.4095158576965332,0.4095158576965332
T360N,TSC1,360,0,-1.341153860092163,1.341153860092163
Q550E,TSC1,550,0,0.602013349533081,-0.602013349533081
T899S,TSC1,899,0,0.42047739028930664,-0.42047739028930664
M322T,TSC1,322,0,2.750389337539673,-2.750389337539673
R367Q,TSC2,367,0,-0.3378903865814209,0.3378903865814209
A583T,TSC2,583,0,-0.2434217929840088,0.2434217929840088
A607T,TSC2,607,0,0.21114611625671387,-0.21114611625671387
A1257V,TSC2,1257,0,-0.5030014514923096,0.5030014514923096
S1276F,TSC2,1276,0,-1.8924084901809692,1.8924084901809692
P1305L,TSC2,1305,0,-0.4242668151855469,0.4242668151855469
R1329H,TSC2,1329,0,-1.2065348625183105,1.2065348625183105
A1429S,TSC2,1429,0,0.5725407600402832,-0.5725407600402832
S1774T,TSC2,1774,0,-0.6671319007873535,0.6671319007873535
R1795C,TSC2,1795,0,-2.735997200012207,2.735997200012207
Q356R,BRCA1,356,0,0.3297896385192871,-0.3297896385192871
D411E,BRCA1,411,0,0.2194826602935791,-0.2194826602935791
R496H,BRCA1,496,0,-0.6618540287017822,0.6618540287017822
E597K,BRCA1,597,0,-0.1390848159790039,0.1390848159790039
D693N,BRCA1,693,0,0.5813863277435303,-0.5813863277435303
V772A,BRCA1,772,0,-0.3777482509613037,0.3777482509613037
K820E,BRCA1,820,0,0.39179491996765137,-0.39179491996765137
R866C,BRCA1,866,0,-0.8737919330596924,0.8737919330596924
P871L,BRCA1,871,0,0.4643435478210449,-0.4643435478210449
M1008I,BRCA1,1008,0,1.4863629341125488,-1.4863629341125488
E1038G,BRCA1,1038,0,-0.36841535568237305,0.36841535568237305
P1099L,BRCA1,1099,0,0.3804173469543457,-0.3804173469543457
S1140G,BRCA1,1140,0,-1.351629614830017,1.351629614830017
K1183R,BRCA1,1183,0,-0.7050991058349609,0.7050991058349609
L1261F,BRCA1,1261,0,-1.012220859527588,1.012220859527588
R1347G,BRCA1,1347,0,0.3552055358886719,-0.3552055358886719
P142H,BRCA1,142,0,-1.204026699066162,1.204026699066162
R1507T,BRCA1,1507,0,1.0134079456329346,-1.0134079456329346
S1512I,BRCA1,1512,0,-1.6561384201049805,1.6561384201049805
S1613G,BRCA1,1613,0,-1.1752948760986328,1.1752948760986328
M1628T,BRCA1,1628,0,1.598790168762207,-1.598790168762207
M1652I,BRCA1,1652,0,-0.669224739074707,0.669224739074707
H1860P,BRCA1,1860,0,0.9017913341522217,-0.9017913341522217
L246V,BRCA1,246,0,-0.270190954208374,0.270190954208374
R67H,RET,67,0,-0.9902153015136719,0.9902153015136719
T278N,RET,278,0,-0.7879695892333984,0.7879695892333984
A347D,TP53,347,1,-8.282011032104492,8.282011032104492
P47S,TP53,47,0,-0.17214298248291016,0.17214298248291016
R273C,TP53,273,1,-9.326382637023926,9.326382637023926
S65W,VHL,65,1,-0.5289149284362793,0.5289149284362793
E70K,VHL,70,1,-0.5253057479858398,0.5253057479858398
R107G,VHL,107,1,0.2032005786895752,-0.2032005786895752
Y156C,VHL,156,1,-0.6062884330749512,0.6062884330749512
C162F,VHL,162,1,0.4982304573059082,-0.4982304573059082
V166A,VHL,166,1,0.19785857200622559,-0.19785857200622559
G466R,BRAF,466,1,-11.313737869262695,11.313737869262695
G469V,BRAF,469,1,-14.238614082336426,14.238614082336426
T470R,BRAF,470,1,-13.721354484558105,13.721354484558105
A481E,BRAF,481,1,-16.03354263305664,16.03354263305664
V487G,BRAF,487,1,-10.481998443603516,10.481998443603516
E501Q,BRAF,501,1,-15.910514831542969,15.910514831542969
H574Y,BRAF,574,1,-10.468786239624023,10.468786239624023
N581K,BRAF,581,1,-15.200011253356934,15.200011253356934
D594N,BRAF,594,1,-13.705289840698242,13.705289840698242
V600M,BRAF,600,1,-7.0112996101379395,7.0112996101379395
V600L,BRAF,600,1,-6.094355583190918,6.094355583190918
K601T,BRAF,601,1,-13.286240577697754,13.286240577697754
T241K,BRAF,241,1,-14.990832328796387,14.990832328796387
F247V,BRAF,247,1,-13.419235229492188,13.419235229492188
Q262P,BRAF,262,1,-14.104119300842285,14.104119300842285
G265R,BRAF,265,1,-10.220640182495117,10.220640182495117
A31G,BRAF,31,0,-1.9770249128341675,1.9770249128341675
S323L,BRAF,323,0,-12.853901863098145,12.853901863098145
G815R,ERBB2,815,0,-1.6801142692565918,1.6801142692565918
G719R,EGFR,719,1,-11.11457633972168,11.11457633972168
G719A,EGFR,719,1,-8.528587341308594,8.528587341308594
S768I,EGFR,768,1,-10.033331871032715,10.033331871032715
V834L,EGFR,834,1,-5.125361442565918,5.125361442565918
R336W,TSC1,336,0,-2.3421823978424072,2.3421823978424072
S403L,TSC1,403,0,-0.5668554306030273,0.5668554306030273
P448S,TSC1,448,0,0.5910208225250244,-0.5910208225250244
R509Q,TSC1,509,0,-0.3092503547668457,0.3092503547668457
A523P,TSC1,523,0,0.07863140106201172,-0.07863140106201172
L61P,TSC1,61,1,-3.1526520252227783,3.1526520252227783
A659V,TSC1,659,0,0.10746383666992188,-0.10746383666992188
G681S,TSC1,681,1,0.7138687372207642,-0.7138687372207642
L72P,TSC1,72,1,-2.6185507774353027,2.6185507774353027
E809Q,TSC1,809,0,-0.6305124759674072,0.6305124759674072
S829R,TSC1,829,0,-0.5182187557220459,0.5182187557220459
A84T,TSC1,84,0,-0.39237332344055176,0.39237332344055176
A883T,TSC1,883,0,-0.718458890914917,0.718458890914917
R885W,TSC1,885,0,-3.8133010864257812,3.8133010864257812
R1097H,TSC1,1097,0,-1.2507414817810059,1.2507414817810059
R190P,TSC1,190,1,-4.343592643737793,4.343592643737793
L191H,TSC1,191,1,-4.591061592102051,4.591061592102051
L191R,TSC1,191,1,-6.99090576171875,6.99090576171875
F216S,TSC1,216,1,-2.3342013359069824,2.3342013359069824
L362P,TSC2,362,1,0.8566367626190186,-0.8566367626190186
L493V,TSC2,493,1,-1.6747276782989502,1.6747276782989502
Y598H,TSC2,598,1,-0.36153173446655273,0.36153173446655273
R611G,TSC2,611,1,-1.1954941749572754,1.1954941749572754
K7R,TSC2,7,0,-0.5729849338531494,0.5729849338531494
E814K,TSC2,814,1,-0.03561854362487793,0.03561854362487793
P91L,TSC2,91,0,-1.212294340133667,1.212294340133667
R1032P,TSC2,1032,1,0.04065513610839844,-0.04065513610839844
T1071R,TSC2,1071,1,0.11446714401245117,-0.11446714401245117
A1141T,TSC2,1141,0,-0.11879634857177734,0.11879634857177734
L160V,TSC2,160,1,-0.0020793676376342773,0.0020793676376342773
L1597P,TSC2,1597,1,-2.5606279373168945,2.5606279373168945
H1620Y,TSC2,1620,1,-1.7902014255523682,1.7902014255523682
H1640Y,TSC2,1640,1,-3.192582845687866,3.192582845687866
N1651S,TSC2,1651,1,0.9999148845672607,-0.9999148845672607
N1681K,TSC2,1681,1,0.8400788307189941,-0.8400788307189941
S1684P,TSC2,1684,1,-1.9158744812011719,1.9158744812011719
D1690Y,TSC2,1690,1,-0.9841196537017822,0.9841196537017822
P1709R,TSC2,1709,1,0.5296263694763184,-0.5296263694763184
L1717P,TSC2,1717,1,-1.440269947052002,1.440269947052002
L1750F,TSC2,1750,0,-1.8058149814605713,1.8058149814605713
P1771L,TSC2,1771,0,-0.47078990936279297,0.47078990936279297
R261W,TSC2,261,0,-1.9768898487091064,1.9768898487091064
G294R,TSC2,294,1,1.4786796569824219,-1.4786796569824219
D1690H,TSC2,1690,1,-0.6463353633880615,0.6463353633880615
S1698R,TSC2,1698,0,-0.35874438285827637,0.35874438285827637
I1648T,TSC2,1648,1,-3.5660085678100586,3.5660085678100586
G1595R,TSC2,1595,1,-3.1406235694885254,3.1406235694885254
R1743W,TSC2,1743,1,-2.171304225921631,2.171304225921631
Y1549C,TSC2,1549,1,-0.5143792629241943,0.5143792629241943
Q1554H,TSC2,1554,1,-0.464794397354126,0.464794397354126
P1497T,TSC2,1497,1,-0.5417520999908447,0.5417520999908447
P1497R,TSC2,1497,1,-0.25693607330322266,0.25693607330322266
V1673L,TSC2,1673,0,-2.1478915214538574,2.1478915214538574
Q1503H,TSC2,1503,1,-0.4748814105987549,0.4748814105987549
Y1571C,TSC2,1571,1,-1.2579975128173828,1.2579975128173828
G1204R,TSC2,1204,1,-0.11078262329101562,0.11078262329101562
L1235F,TSC2,1235,0,-1.4487640857696533,1.4487640857696533
D1028N,TSC2,1028,1,-0.5522315502166748,0.5522315502166748
A1141V,TSC2,1141,0,-0.334308385848999,0.334308385848999
A889V,TSC2,889,1,-0.15710139274597168,0.15710139274597168
L808S,TSC2,808,1,-1.9033645391464233,1.9033645391464233
F897S,TSC2,897,1,1.0552480220794678,-1.0552480220794678
L737P,TSC2,737,1,-4.21272611618042,4.21272611618042
P579A,TSC2,579,0,-1.1253178119659424,1.1253178119659424
H597R,TSC2,597,1,-0.7690854072570801,0.7690854072570801
R611W,TSC2,611,1,-1.8586816787719727,1.8586816787719727
A460T,TSC2,460,0,-0.4579203128814697,0.4579203128814697
P543L,TSC2,543,0,-0.4654330015182495,0.4654330015182495
I463V,TSC2,463,0,0.30287694931030273,-0.30287694931030273
N525S,TSC2,525,0,1.0562748908996582,-1.0562748908996582
A614D,TSC2,614,1,-2.918623208999634,2.918623208999634
C804R,TSC2,804,1,-1.6397314071655273,1.6397314071655273
T5A,TSC2,5,0,-0.009995222091674805,0.009995222091674805
L826P,TSC2,826,1,-3.7958035469055176,3.7958035469055176
R1159W,TSC2,1159,0,-2.6083319187164307,2.6083319187164307
Y1186C,TSC2,1186,0,-0.25567054748535156,0.25567054748535156
R1200W,TSC2,1200,1,-2.54048490524292,2.54048490524292
T993M,TSC2,993,0,-1.326141119003296,1.326141119003296
E1558K,TSC2,1558,1,-0.8252246379852295,0.8252246379852295
R1743G,TSC2,1743,1,-0.7676129341125488,0.7676129341125488
L1027P,TSC2,1027,1,-0.8045876026153564,0.8045876026153564
C244R,TSC2,244,1,-0.778331995010376,0.778331995010376
N1643H,TSC2,1643,1,-3.8741416931152344,3.8741416931152344
L264P,TSC2,264,1,-2.1303369998931885,2.1303369998931885
P1709L,TSC2,1709,1,0.5235910415649414,-0.5235910415649414
R1713H,TSC2,1713,1,-0.8631973266601562,0.8631973266601562
R1713P,TSC2,1713,1,-0.5182726383209229,0.5182726383209229
R1793Q,TSC2,1793,0,-1.1994175910949707,1.1994175910949707
A196T,TSC2,196,0,0.018709659576416016,-0.018709659576416016
G1579S,TSC2,1579,1,0.3491215705871582,-0.3491215705871582
R1743Q,TSC2,1743,1,-0.6889286041259766,0.6889286041259766
R1743P,TSC2,1743,1,-1.2750496864318848,1.2750496864318848
L1744P,TSC2,1744,1,-2.2817516326904297,2.2817516326904297
G1642D,TSC2,1642,1,-4.886947154998779,4.886947154998779
M286V,TSC2,286,0,0.6826653480529785,-0.6826653480529785
M286T,TSC2,286,0,1.4950945377349854,-1.4950945377349854
P1265S,TSC2,1265,0,-0.09232902526855469,0.09232902526855469
L1562P,TSC2,1562,1,-0.5392618179321289,0.5392618179321289
S1095N,TSC2,1095,1,-2.5584466457366943,2.5584466457366943
G1399R,TSC2,1399,0,0.13877296447753906,-0.13877296447753906
G1134A,TSC2,1134,1,-0.35587596893310547,0.35587596893310547
L850P,TSC2,850,1,-3.845444679260254,3.845444679260254
L1578P,TSC2,1578,1,-2.713733196258545,2.713733196258545
L1584R,TSC2,1584,1,-1.723556637763977,1.723556637763977
C696R,TSC2,696,1,-0.909534215927124,0.909534215927124
C696Y,TSC2,696,1,-0.46164631843566895,0.46164631843566895
E92V,TSC2,92,0,-1.6342427730560303,1.6342427730560303
L733P,TSC2,733,1,-3.2092082500457764,3.2092082500457764
G1204E,TSC2,1204,1,-0.17199015617370605,0.17199015617370605
Y598C,TSC2,598,1,0.29308032989501953,-0.29308032989501953
D1013N,TSC2,1013,0,-0.5322716236114502,0.5322716236114502
P419S,TSC2,419,1,0.6797435283660889,-0.6797435283660889
M649T,TSC2,649,0,0.8725576400756836,-0.8725576400756836
L466P,TSC2,466,1,-6.389137268066406,6.389137268066406
L466R,TSC2,466,1,-5.763131141662598,5.763131141662598
T3374I,BRCA2,3374,0,0.16478371620178223,-0.16478371620178223
Q347R,BRCA2,347,0,-0.42752671241760254,0.42752671241760254
P375S,BRCA2,375,0,1.363816261291504,-1.363816261291504
E394A,BRCA2,394,0,-0.7532415390014648,0.7532415390014648
P41S,BRCA2,41,0,1.3359177112579346,-1.3359177112579346
L452I,BRCA2,452,0,-0.578254222869873,0.578254222869873
Q499R,BRCA2,499,0,-0.09699678421020508,0.09699678421020508
C554W,BRCA2,554,0,-2.671351671218872,2.671351671218872
N560D,BRCA2,560,0,-0.1974201202392578,0.1974201202392578
D596H,BRCA2,596,0,-0.8913464546203613,0.8913464546203613
Y600H,BRCA2,600,0,0.03174781799316406,-0.03174781799316406
G602R,BRCA2,602,0,0.1358017921447754,-0.1358017921447754
A618P,BRCA2,618,0,0.10180473327636719,-0.10180473327636719
D707Y,BRCA2,707,0,-1.2245116233825684,1.2245116233825684
Q713L,BRCA2,713,0,0.36576294898986816,-0.36576294898986816
A737S,BRCA2,737,0,1.2165576219558716,-1.2165576219558716
V741L,BRCA2,741,0,0.3163564205169678,-0.3163564205169678
A75P,BRCA2,75,0,0.5525720119476318,-0.5525720119476318
L759F,BRCA2,759,0,-0.7064456939697266,0.7064456939697266
D806H,BRCA2,806,0,-0.8663101196289062,0.8663101196289062
Y828C,BRCA2,828,0,0.34723472595214844,-0.34723472595214844
P835S,BRCA2,835,0,1.5711971521377563,-1.5711971521377563
V894I,BRCA2,894,0,0.16892266273498535,-0.16892266273498535
N900D,BRCA2,900,0,-0.44295358657836914,0.44295358657836914
L929S,BRCA2,929,0,0.468570351600647,-0.468570351600647
D935N,BRCA2,935,0,0.6300325393676758,-0.6300325393676758
S958G,BRCA2,958,0,-1.5111966133117676,1.5111966133117676
N987I,BRCA2,987,0,0.1753392219543457,-0.1753392219543457
Y989D,BRCA2,989,0,0.852304220199585,-0.852304220199585
L996R,BRCA2,996,0,-1.3942384719848633,1.3942384719848633
M1T,BRCA2,1,1,-5.075754642486572,5.075754642486572
M1R,BRCA2,1,1,-4.968017578125,4.968017578125
S1041N,BRCA2,1041,0,-0.23451268672943115,0.23451268672943115
C1044W,BRCA2,1044,0,-3.27821683883667,3.27821683883667
N108H,BRCA2,108,0,-1.2553107738494873,1.2553107738494873
Y1135H,BRCA2,1135,0,0.3881697654724121,-0.3881697654724121
M1149V,BRCA2,1149,0,0.788973331451416,-0.788973331451416
R1190W,BRCA2,1190,0,-3.5915184020996094,3.5915184020996094
F1192C,BRCA2,1192,0,-0.3841278553009033,0.3841278553009033
D1280V,BRCA2,1280,0,-0.24138402938842773,0.24138402938842773
V1283G,BRCA2,1283,0,-1.1912999153137207,1.1912999153137207
T1302N,BRCA2,1302,0,0.32105088233947754,-0.32105088233947754
R1315K,BRCA2,1315,0,1.388956069946289,-1.388956069946289
I1349T,BRCA2,1349,0,-0.5270988941192627,0.5270988941192627
T1354M,BRCA2,1354,0,-1.9585084915161133,1.9585084915161133
I1364L,BRCA2,1364,0,0.03637862205505371,-0.03637862205505371
T1388N,BRCA2,1388,0,0.506725549697876,-0.506725549697876
T1414M,BRCA2,1414,0,-1.608454704284668,1.608454704284668
S1424C,BRCA2,1424,0,-1.4179670810699463,1.4179670810699463
Q147R,BRCA2,147,0,-0.19907259941101074,0.19907259941101074
S1479T,BRCA2,1479,0,-0.7654707431793213,0.7654707431793213
L1522F,BRCA2,1522,0,-1.112443447113037,1.112443447113037
F1524V,BRCA2,1524,0,-3.733372449874878,3.733372449874878
C1573Y,BRCA2,1573,0,-0.35888051986694336,0.35888051986694336
V159M,BRCA2,159,1,-1.4715790748596191,1.4715790748596191
A1668G,BRCA2,1668,0,-0.44780635833740234,0.44780635833740234
P168T,BRCA2,168,0,-2.269054412841797,2.269054412841797
R18H,BRCA2,18,0,-0.9630684852600098,0.9630684852600098
P1819S,BRCA2,1819,0,1.3253834247589111,-1.3253834247589111
K1823Q,BRCA2,1823,0,-0.03508567810058594,0.03508567810058594
N1880K,BRCA2,1880,0,-0.47495198249816895,0.47495198249816895
E1895Q,BRCA2,1895,0,-0.6460349559783936,0.6460349559783936
H1918Y,BRCA2,1918,0,-0.5553297996520996,0.5553297996520996
H1918R,BRCA2,1918,0,0.5850009918212891,-0.5850009918212891
S2006R,BRCA2,2006,0,-0.8862709999084473,0.8862709999084473
V211I,BRCA2,211,1,-0.36729955673217773,0.36729955673217773
K2128N,BRCA2,2128,0,0.04469108581542969,-0.04469108581542969
S2152Y,BRCA2,2152,0,-2.2558250427246094,2.2558250427246094
H2178Y,BRCA2,2178,0,-0.7292594909667969,0.7292594909667969
D23Y,BRCA2,23,1,-1.335561752319336,1.335561752319336
D2312V,BRCA2,2312,0,0.48860931396484375,-0.48860931396484375
R2318Q,BRCA2,2318,0,-0.006544589996337891,0.006544589996337891
R2336P,BRCA2,2336,1,-0.029526233673095703,0.029526233673095703
R2336L,BRCA2,2336,1,0.65521240234375,-0.65521240234375
K2339N,BRCA2,2339,0,-0.6168501377105713,0.6168501377105713
G2353R,BRCA2,2353,0,0.3246917724609375,-0.3246917724609375
K2411T,BRCA2,2411,0,-0.12911415100097656,0.12911415100097656
N2436I,BRCA2,2436,0,-0.15587568283081055,0.15587568283081055
K2472T,BRCA2,2472,0,-0.2925386428833008,0.2925386428833008
R2502H,BRCA2,2502,0,-0.7103278636932373,0.7103278636932373
L2512F,BRCA2,2512,0,-0.9426774978637695,0.9426774978637695
T2542R,BRCA2,2542,0,0.07672905921936035,-0.07672905921936035
G2585R,BRCA2,2585,1,1.4041752815246582,-1.4041752815246582
R2602T,BRCA2,2602,1,-0.9664287567138672,0.9664287567138672
G2609D,BRCA2,2609,1,-0.048583269119262695,0.048583269119262695
I2627F,BRCA2,2627,1,-0.2946481704711914,0.2946481704711914
L2647P,BRCA2,2647,1,-0.7987157106399536,0.7987157106399536
L2653P,BRCA2,2653,1,-1.0959306955337524,1.0959306955337524
Q2655R,BRCA2,2655,1,0.19218873977661133,-0.19218873977661133
R2659T,BRCA2,2659,1,-0.15408754348754883,0.15408754348754883
Y2660D,BRCA2,2660,1,0.09686422348022461,-0.09686422348022461
E2663K,BRCA2,2663,1,-0.3246946334838867,0.3246946334838867
E2663V,BRCA2,2663,1,-0.2799723148345947,0.2799723148345947
S2670L,BRCA2,2670,1,0.634331464767456,-0.634331464767456
I2675V,BRCA2,2675,1,-0.5417594909667969,0.5417594909667969
L2686P,BRCA2,2686,1,-1.1870596408843994,1.1870596408843994
L2721H,BRCA2,2721,1,-6.683958530426025,6.683958530426025
D2723H,BRCA2,2723,1,-5.548037528991699,5.548037528991699
D2723A,BRCA2,2723,1,-5.762555122375488,5.762555122375488
G2724V,BRCA2,2724,1,-4.904585361480713,4.904585361480713
Y2726C,BRCA2,2726,1,0.26157331466674805,-0.26157331466674805
G2748D,BRCA2,2748,1,-3.4619240760803223,3.4619240760803223
A2770T,BRCA2,2770,0,0.21007728576660156,-0.21007728576660156
W2788R,BRCA2,2788,1,1.5211238861083984,-1.5211238861083984
L2792P,BRCA2,2792,1,0.06763935089111328,-0.06763935089111328
G2793R,BRCA2,2793,1,0.10127687454223633,-0.10127687454223633
S2835P,BRCA2,2835,0,-0.5920190811157227,0.5920190811157227
R2842H,BRCA2,2842,0,-1.0057957172393799,1.0057957172393799
S286P,BRCA2,286,0,-1.33544921875,1.33544921875
V2969M,BRCA2,2969,0,-1.1559648513793945,1.1559648513793945
R3052W,BRCA2,3052,1,-1.646028995513916,1.646028995513916
K3059E,BRCA2,3059,0,-0.011777400970458984,0.011777400970458984
P3063S,BRCA2,3063,0,1.2145581245422363,-1.2145581245422363
W31R,BRCA2,31,1,2.704348087310791,-2.704348087310791
G3076E,BRCA2,3076,1,-7.114202976226807,7.114202976226807
D3095E,BRCA2,3095,1,-3.278672218322754,3.278672218322754
L3125H,BRCA2,3125,1,-5.071123123168945,5.071123123168945
D3170G,BRCA2,3170,0,-0.4755697250366211,0.4755697250366211
L3180F,BRCA2,3180,0,-1.160770058631897,1.160770058631897
S326R,BRCA2,326,0,-0.1838991641998291,0.1838991641998291
P3292L,BRCA2,3292,0,-2.0437307357788086,2.0437307357788086
P334L,BRCA1,334,0,0.9923141002655029,-0.9923141002655029
K355R,BRCA1,355,0,-0.8613207340240479,0.8613207340240479
T37K,BRCA1,37,1,-7.2289934158325195,7.2289934158325195
T37R,BRCA1,37,1,-8.088814735412598,8.088814735412598
N376S,BRCA1,376,0,0.5560586452484131,-0.5560586452484131
S377N,BRCA1,377,0,-0.9722094535827637,0.9722094535827637
I379M,BRCA1,379,0,-1.308990716934204,1.308990716934204
C39S,BRCA1,39,1,-6.218869209289551,6.218869209289551
C39R,BRCA1,39,1,-7.842056751251221,7.842056751251221
C39G,BRCA1,39,1,-8.305669784545898,8.305669784545898
S403F,BRCA1,403,0,-1.4767391681671143,1.4767391681671143
H41R,BRCA1,41,1,-9.831920623779297,9.831920623779297
E421K,BRCA1,421,0,-0.213240385055542,0.213240385055542
C44S,BRCA1,44,1,-10.827237129211426,10.827237129211426
C44R,BRCA1,44,1,-12.094278335571289,12.094278335571289
C44Y,BRCA1,44,1,-11.730779647827148,11.730779647827148
C44F,BRCA1,44,1,-11.95987319946289,11.95987319946289
F461L,BRCA1,461,0,1.036363124847412,-1.036363124847412
Y465D,BRCA1,465,0,0.552121639251709,-0.552121639251709
C47G,BRCA1,47,1,-9.973748207092285,9.973748207092285
C47Y,BRCA1,47,1,-10.542348861694336,10.542348861694336
C47F,BRCA1,47,1,-11.10262393951416,11.10262393951416
N473S,BRCA1,473,0,0.4257444143295288,-0.4257444143295288
N473I,BRCA1,473,0,-1.0591340065002441,1.0591340065002441
H476R,BRCA1,476,0,0.42710304260253906,-0.42710304260253906
F486L,BRCA1,486,0,1.1033353805541992,-1.1033353805541992
R504H,BRCA1,504,0,-2.655921459197998,2.655921459197998
D522N,BRCA1,522,0,0.6550145149230957,-0.6550145149230957
T539M,BRCA1,539,0,-1.5514438152313232,1.5514438152313232
G552V,BRCA1,552,0,0.5736668109893799,-0.5736668109893799
P568L,BRCA1,568,0,1.3098254203796387,-1.3098254203796387
T582A,BRCA1,582,0,-0.41285061836242676,0.41285061836242676
I600M,BRCA1,600,0,-1.2618815898895264,1.2618815898895264
C61S,BRCA1,61,1,-9.215119361877441,9.215119361877441
C61R,BRCA1,61,1,-9.632164001464844,9.632164001464844
C61Y,BRCA1,61,1,-8.168936729431152,8.168936729431152
R612G,BRCA1,612,0,-1.4701944589614868,1.4701944589614868
A622V,BRCA1,622,0,-0.694878101348877,0.694878101348877
P633T,BRCA1,633,0,0.411182165145874,-0.411182165145874
P634R,BRCA1,634,0,-0.09888267517089844,0.09888267517089844
C64R,BRCA1,64,1,-8.637332916259766,8.637332916259766
C64Y,BRCA1,64,1,-8.119231224060059,8.119231224060059
D642H,BRCA1,642,0,-1.2088968753814697,1.2088968753814697
S643G,BRCA1,643,0,-1.140739917755127,1.140739917755127
C644W,BRCA1,644,0,-2.512352466583252,2.512352466583252
K654E,BRCA1,654,0,-0.2919044494628906,0.2919044494628906
Y655D,BRCA1,655,0,1.20475435256958,-1.20475435256958
D67Y,BRCA1,67,0,0.9530270099639893,-0.9530270099639893
M1V,BRCA1,1,1,-6.120148181915283,6.120148181915283
D695Y,BRCA1,695,0,-1.2618637084960938,1.2618637084960938
R71K,BRCA1,71,1,-0.02906346321105957,0.02906346321105957
P727L,BRCA1,727,0,0.7426266670227051,-0.7426266670227051
R762S,BRCA1,762,0,1.390782356262207,-1.390782356262207
I783V,BRCA1,783,0,0.32149553298950195,-0.32149553298950195
Q804H,BRCA1,804,0,-0.6016159057617188,0.6016159057617188
C805R,BRCA1,805,0,0.465670108795166,-0.465670108795166
N810Y,BRCA1,810,0,-1.880213737487793,1.880213737487793
D825V,BRCA1,825,0,0.4160499572753906,-0.4160499572753906
R841Q,BRCA1,841,0,0.49164581298828125,-0.49164581298828125
Y856H,BRCA1,856,0,0.6068315505981445,-0.6068315505981445
R866H,BRCA1,866,0,-0.8849387168884277,0.8849387168884277
E879K,BRCA1,879,0,0.22947025299072266,-0.22947025299072266
L892S,BRCA1,892,0,0.10828924179077148,-0.10828924179077148
D96N,BRCA1,96,1,0.15644454956054688,-0.15644454956054688
G960D,BRCA1,960,0,0.12529706954956055,-0.12529706954956055
E962K,BRCA1,962,0,0.6221792697906494,-0.6221792697906494
T967S,BRCA1,967,0,0.8925398588180542,-0.8925398588180542
H971N,BRCA1,971,0,1.0898330211639404,-1.0898330211639404
R979C,BRCA1,979,0,-0.9413349628448486,0.9413349628448486
M1T,BRCA1,1,1,-6.634572505950928,6.634572505950928
M1R,BRCA1,1,1,-6.84585428237915,6.84585428237915
M1008V,BRCA1,1008,0,1.81345796585083,-1.81345796585083
S1024R,BRCA1,1024,0,-1.5120344161987305,1.5120344161987305
V1047A,BRCA1,1047,0,-2.1612367630004883,2.1612367630004883
G1048V,BRCA1,1048,0,-4.120213508605957,4.120213508605957
Y105C,BRCA1,105,0,0.5535552501678467,-0.5535552501678467
R1076S,BRCA1,1076,0,1.4185278415679932,-1.4185278415679932
S1101N,BRCA1,1101,0,-0.5416531562805176,0.5416531562805176
S1139I,BRCA1,1139,0,-1.0349866151809692,1.0349866151809692
Q1144H,BRCA1,1144,0,-0.9036211967468262,0.9036211967468262
P1150S,BRCA1,1150,0,1.1667368412017822,-1.1667368412017822
D1155H,BRCA1,1155,0,-0.6645665168762207,0.6645665168762207
V1176D,BRCA1,1176,0,0.21775579452514648,-0.21775579452514648
V1181I,BRCA1,1181,0,-0.3481602668762207,0.3481602668762207
V1181A,BRCA1,1181,0,-0.28389787673950195,0.28389787673950195
Q1200H,BRCA1,1200,0,-0.6698555946350098,0.6698555946350098
G1201S,BRCA1,1201,0,0.7565531730651855,-0.7565531730651855
R1203Q,BRCA1,1203,0,0.469632625579834,-0.469632625579834
G1205R,BRCA1,1205,0,0.13832449913024902,-0.13832449913024902
E1214K,BRCA1,1214,0,-1.2638554573059082,1.2638554573059082
S1218C,BRCA1,1218,0,-2.247607707977295,2.247607707977295
K1233R,BRCA1,1233,0,-1.083690881729126,1.083690881729126
N1236K,BRCA1,1236,0,0.16023921966552734,-0.16023921966552734
I124V,BRCA1,124,0,0.4614429473876953,-0.4614429473876953
S1241C,BRCA1,1241,0,-2.0388402938842773,2.0388402938842773
T1242A,BRCA1,1242,0,-0.161726713180542,0.161726713180542
V1247I,BRCA1,1247,0,-0.6210839748382568,0.6210839748382568
E1250K,BRCA1,1250,0,-0.7511320114135742,0.7511320114135742
S1253Y,BRCA1,1253,0,-2.4052224159240723,2.4052224159240723
S1266T,BRCA1,1266,0,-0.8670753240585327,0.8670753240585327
A1277P,BRCA1,1277,0,0.6434528827667236,-0.6434528827667236
H1283R,BRCA1,1283,0,0.07674956321716309,-0.07674956321716309
H1284R,BRCA1,1284,0,-0.11595606803894043,0.11595606803894043
N132K,BRCA1,132,0,0.8517981767654419,-0.8517981767654419
R133C,BRCA1,133,0,-1.9961161613464355,1.9961161613464355
M1I,BRCA1,1,1,-6.62807559967041,6.62807559967041
D1337E,BRCA1,1337,0,0.5239086151123047,-0.5239086151123047
T1349M,BRCA1,1349,0,-1.181321620941162,1.181321620941162
M1361L,BRCA1,1361,0,1.6850337982177734,-1.6850337982177734
V1378I,BRCA1,1378,0,-0.3840811252593994,0.3840811252593994
H1402Y,BRCA1,1402,0,-0.861638069152832,0.861638069152832
M1411T,BRCA1,1411,1,-0.6243891716003418,0.6243891716003418
E1419Q,BRCA1,1419,0,0.177992582321167,-0.177992582321167
I1432L,BRCA1,1432,0,0.8474242687225342,-0.8474242687225342
N1468H,BRCA1,1468,0,-0.8218188285827637,0.8218188285827637
V1534M,BRCA1,1534,0,-0.7370054721832275,0.7370054721832275
D1546N,BRCA1,1546,0,-0.04187440872192383,0.04187440872192383
D1546Y,BRCA1,1546,0,-1.1931214332580566,1.1931214332580566
Q155E,BRCA1,155,0,0.4995412826538086,-0.4995412826538086
T1561I,BRCA1,1561,0,-0.0393524169921875,0.0393524169921875
L1564P,BRCA1,1564,0,-0.36151933670043945,0.36151933670043945
S1577P,BRCA1,1577,0,-0.7323801517486572,0.7323801517486572
A1584S,BRCA1,1584,0,1.3747668266296387,-1.3747668266296387
R1589H,BRCA1,1589,0,-0.0906057357788086,0.0906057357788086
I1593L,BRCA1,1593,0,0.7688572406768799,-0.7688572406768799
P1614S,BRCA1,1614,0,0.8432058095932007,-0.8432058095932007
P1637L,BRCA1,1637,0,-0.29883480072021484,0.29883480072021484
A1641T,BRCA1,1641,0,-0.038095951080322266,0.038095951080322266
S1655F,BRCA1,1655,1,-5.491615295410156,5.491615295410156
F1662S,BRCA1,1662,0,2.8717875480651855,-2.8717875480651855
E1682K,BRCA1,1682,0,-1.4011584520339966,1.4011584520339966
E1682V,BRCA1,1682,1,-3.577958106994629,3.577958106994629
T1685A,BRCA1,1685,1,-6.186346054077148,6.186346054077148
T1685I,BRCA1,1685,1,-8.379796028137207,8.379796028137207
H1686Q,BRCA1,1686,1,-7.923362731933594,7.923362731933594
T1691R,BRCA1,1691,1,-2.3119349479675293,2.3119349479675293
D1692Y,BRCA1,1692,1,-4.500617027282715,4.500617027282715
D1692V,BRCA1,1692,1,-3.4649202823638916,3.4649202823638916
C1697R,BRCA1,1697,1,-3.517211437225342,3.517211437225342
R170W,BRCA1,170,0,-3.2012252807617188,3.2012252807617188
R1699W,BRCA1,1699,1,-5.525428295135498,5.525428295135498
R1699L,BRCA1,1699,1,-4.466135025024414,4.466135025024414
T1700A,BRCA1,1700,1,-5.482389450073242,5.482389450073242
G1706A,BRCA1,1706,0,-1.650923728942871,1.650923728942871
A1708E,BRCA1,1708,1,-9.639410972595215,9.639410972595215
V1713A,BRCA1,1713,1,-4.026453495025635,4.026453495025635
V1714G,BRCA1,1714,1,-8.27291488647461,8.27291488647461
S1715R,BRCA1,1715,1,-7.5110368728637695,7.5110368728637695
S1715C,BRCA1,1715,1,-7.5077805519104,7.5077805519104
S1715N,BRCA1,1715,1,-4.014031887054443,4.014031887054443
W1718C,BRCA1,1718,1,-8.15399169921875,8.15399169921875
T1720A,BRCA1,1720,0,-0.4954226016998291,0.4954226016998291
D1733G,BRCA1,1733,0,-0.8647749423980713,0.8647749423980713
F1734S,BRCA1,1734,1,-8.379688262939453,8.379688262939453
V1736G,BRCA1,1736,1,-6.087035655975342,6.087035655975342
G1738R,BRCA1,1738,1,-1.992250680923462,1.992250680923462
G1738E,BRCA1,1738,1,-1.0123591423034668,1.0123591423034668
D1739Y,BRCA1,1739,1,-2.7699599266052246,2.7699599266052246
D1739G,BRCA1,1739,1,-1.5282478332519531,1.5282478332519531
D1739V,BRCA1,1739,1,-1.606743335723877,1.606743335723877
D1739E,BRCA1,1739,1,-0.1818838119506836,0.1818838119506836
G1748D,BRCA1,1748,1,-0.6378180980682373,0.6378180980682373
P1749R,BRCA1,1749,1,1.129927396774292,-1.129927396774292
R1751Q,BRCA1,1751,0,-1.5574443340301514,1.5574443340301514
R1751P,BRCA1,1751,1,-1.700141191482544,1.700141191482544
A1752P,BRCA1,1752,1,-0.833528995513916,0.833528995513916
F1761S,BRCA1,1761,1,-8.060556411743164,8.060556411743164
L1764P,BRCA1,1764,1,-6.271484851837158,6.271484851837158
D1778N,BRCA1,1778,1,-0.6432914733886719,0.6432914733886719
L1780P,BRCA1,1780,1,-7.622864723205566,7.622864723205566
G1788C,BRCA1,1788,1,-5.241368293762207,5.241368293762207
A1789T,BRCA1,1789,1,-5.471710205078125,5.471710205078125
M18K,BRCA1,18,1,-2.8568050861358643,2.8568050861358643
V1804D,BRCA1,1804,0,-0.0994107723236084,0.0994107723236084
V1809F,BRCA1,1809,1,-0.830367922782898,0.830367922782898
Q1811R,BRCA1,1811,1,-0.4509260654449463,0.4509260654449463
N1819S,BRCA1,1819,0,1.3591434955596924,-1.3591434955596924
A1823T,BRCA1,1823,1,-0.3010368347167969,0.3010368347167969
V1833M,BRCA1,1833,1,-3.4429471492767334,3.4429471492767334
W1837G,BRCA1,1837,1,-6.783954620361328,6.783954620361328
V1838E,BRCA1,1838,1,-10.566652297973633,10.566652297973633
A1843P,BRCA1,1843,1,-7.673421382904053,7.673421382904053
L1844R,BRCA1,1844,0,0.3215341567993164,-0.3215341567993164
Y1853C,BRCA1,1853,1,-4.768474102020264,4.768474102020264
L1854P,BRCA1,1854,1,-1.260559320449829,1.260559320449829
P1856S,BRCA1,1856,0,-0.24427950382232666,0.24427950382232666
P1859R,BRCA1,1859,0,-0.43059563636779785,0.43059563636779785
S186Y,BRCA1,186,0,-3.3970589637756348,3.3970589637756348
H1862L,BRCA1,1862,0,0.995537281036377,-0.995537281036377
L22S,BRCA1,22,1,-4.041614055633545,4.041614055633545
C24R,BRCA1,24,1,-10.720684051513672,10.720684051513672
H239R,BRCA1,239,0,0.1660478115081787,-0.1660478115081787
C24Y,BRCA1,24,1,-8.55461311340332,8.55461311340332
T248N,BRCA1,248,0,-0.1955554485321045,0.1955554485321045
G263C,BRCA1,263,0,-0.604811429977417,0.604811429977417
G263A,BRCA1,263,0,0.004810810089111328,-0.004810810089111328
S264C,BRCA1,264,0,-1.7784242630004883,1.7784242630004883
V271M,BRCA1,271,0,-1.056288242340088,1.056288242340088
G275S,BRCA1,275,0,1.0677921772003174,-1.0677921772003174
G275D,BRCA1,275,0,0.276653528213501,-0.276653528213501
A280G,BRCA1,280,0,0.016800880432128906,-0.016800880432128906
M297I,BRCA1,297,0,1.0750610828399658,-1.0750610828399658
F247L,BRAF,247,1,-14.864931106567383,14.864931106567383
G132D,TSC1,132,1,-6.394684791564941,6.394684791564941
L61R,TSC1,61,1,-2.5334887504577637,2.5334887504577637
V126I,TSC1,126,0,-0.8160901069641113,0.8160901069641113
H181P,TSC1,181,1,-2.480381965637207,2.480381965637207
A567V,TSC1,567,0,-0.3332686424255371,0.3332686424255371
V384I,TSC2,384,0,-0.45301127433776855,0.45301127433776855
S1094L,TSC2,1094,0,-0.7814371585845947,0.7814371585845947
R622W,TSC2,622,1,-0.9139680862426758,0.9139680862426758
L1061P,TSC2,1061,1,-0.2756195068359375,0.2756195068359375
L528P,TSC2,528,1,-0.84287428855896,0.84287428855896
R1122C,TSC2,1122,0,-2.6566545963287354,2.6566545963287354
L844P,TSC2,844,1,-3.5603954792022705,3.5603954792022705
S235N,TSC2,235,0,-0.6496071815490723,0.6496071815490723
R537C,TSC2,537,0,-0.5004701614379883,0.5004701614379883
V1008M,TSC2,1008,0,-1.4272353649139404,1.4272353649139404
V1711M,TSC2,1711,0,-0.8376498222351074,0.8376498222351074
R988P,TSC2,988,0,-0.24336481094360352,0.24336481094360352
G1596V,TSC2,1596,1,0.16857433319091797,-0.16857433319091797
R1268H,TSC2,1268,0,-3.2653982639312744,3.2653982639312744
A889P,TSC2,889,1,-1.9036269187927246,1.9036269187927246
A1323V,TSC2,1323,0,-0.4895446300506592,0.4895446300506592
L1548P,TSC2,1548,1,-3.318963050842285,3.318963050842285
N1522S,TSC2,1522,0,1.0957598686218262,-1.0957598686218262
G1439D,TSC2,1439,0,-0.5083391666412354,0.5083391666412354
N958S,TSC2,958,0,1.8244280815124512,-1.8244280815124512
E456K,TSC2,456,0,-1.3878004550933838,1.3878004550933838
S1433L,TSC2,1433,0,-1.1956744194030762,1.1956744194030762
S1653P,TSC2,1653,1,-1.291201114654541,1.291201114654541
P1145L,TSC2,1145,0,0.09948444366455078,-0.09948444366455078
L733V,TSC2,733,1,-0.5050177574157715,0.5050177574157715
E254K,TSC2,254,0,-0.2722780704498291,0.2722780704498291
N1643S,TSC2,1643,1,-3.7804901599884033,3.7804901599884033
H1620R,TSC2,1620,1,-2.500319480895996,2.500319480895996
M1I,TSC2,1,1,-7.440797805786133,7.440797805786133
R1743L,TSC2,1743,1,0.15904593467712402,-0.15904593467712402
T1623I,TSC2,1623,1,-3.22121000289917,3.22121000289917
S1498T,TSC2,1498,1,-0.5747349262237549,0.5747349262237549
K658T,TSC2,658,0,0.44407224655151367,-0.44407224655151367
R1044K,TSC2,1044,1,-0.04610705375671387,0.04610705375671387
G1567V,TSC2,1567,1,-1.1075129508972168,1.1075129508972168
A1479V,TSC2,1479,0,-0.20823025703430176,0.20823025703430176
H597Y,TSC2,597,1,0.3772439956665039,-0.3772439956665039
D1028G,TSC2,1028,1,-0.42252063751220703,0.42252063751220703
A1722P,TSC2,1722,1,-0.5765552520751953,0.5765552520751953
L1708P,TSC2,1708,1,-0.7912864685058594,0.7912864685058594
T1068I,TSC2,1068,1,-1.6889252662658691,1.6889252662658691
F1174V,ALK,1174,1,-11.72728157043457,11.72728157043457
D338G,NF1,338,1,-0.7759859561920166,0.7759859561920166
L549P,NF1,549,1,-5.689113140106201,5.689113140106201
L578R,NF1,578,1,-3.8707942962646484,3.8707942962646484
K583R,NF1,583,1,-0.2183232307434082,0.2183232307434082
G629R,NF1,629,1,-0.4834609031677246,0.4834609031677246
L695P,NF1,695,1,-2.590674877166748,2.590674877166748
L763P,NF1,763,1,-3.7522926330566406,3.7522926330566406
W777S,NF1,777,1,2.105003833770752,-2.105003833770752
T780K,NF1,780,1,-0.383359432220459,0.383359432220459
H781P,NF1,781,1,-0.1393136978149414,0.1393136978149414
W784R,NF1,784,1,0.6311366558074951,-0.6311366558074951
W784C,NF1,784,1,-0.0641794204711914,0.0641794204711914
S82F,NF1,82,1,-0.6966304779052734,0.6966304779052734
L844F,NF1,844,1,-1.6050375699996948,1.6050375699996948
L844P,NF1,844,1,-2.0918216705322266,2.0918216705322266
L847P,NF1,847,1,-1.9642083644866943,1.9642083644866943
G848E,NF1,848,1,0.11023139953613281,-0.11023139953613281
L898P,NF1,898,1,-4.256443977355957,4.256443977355957
C93Y,NF1,93,1,0.00048804283142089844,-0.00048804283142089844
M968R,NF1,968,1,-4.024538516998291,4.024538516998291
F1193C,NF1,1193,1,-0.5398578643798828,0.5398578643798828
L1196R,NF1,1196,1,-0.9639825820922852,0.9639825820922852
R1204G,NF1,1204,1,0.40143251419067383,-0.40143251419067383
R1204W,NF1,1204,1,-1.5410065650939941,1.5410065650939941
R1276G,NF1,1276,1,-0.12875986099243164,0.12875986099243164
R1276Q,NF1,1276,1,0.18920469284057617,-0.18920469284057617
K1440Q,NF1,1440,1,0.22367143630981445,-0.22367143630981445
K1444R,NF1,1444,1,0.2033240795135498,-0.2033240795135498
K1444N,NF1,1444,1,-0.4605374336242676,0.4605374336242676
L1446P,NF1,1446,1,-5.352511882781982,5.352511882781982
L145P,NF1,145,1,-4.863968849182129,4.863968849182129
S1489G,NF1,1489,1,-0.75482177734375,0.75482177734375
R160T,NF1,160,1,0.4156944751739502,-0.4156944751739502
L194R,NF1,194,1,-0.9583067893981934,0.9583067893981934
W1952R,NF1,1952,1,0.41098690032958984,-0.41098690032958984
G2001R,NF1,2001,1,-0.9045734405517578,0.9045734405517578
C324R,NF1,324,1,-2.4817957878112793,2.4817957878112793
S304F,WT1,304,1,-9.298590660095215,9.298590660095215
P1851S,NF1,1851,1,0.7066445350646973,-0.7066445350646973
H365Y,TP53,365,0,-1.460515022277832,1.460515022277832
E842G,BRCA1,842,0,-0.8456733226776123,0.8456733226776123
N916Y,BRCA1,916,0,-1.4395363330841064,1.4395363330841064
S1266R,BRCA1,1266,0,-1.6769906282424927,1.6769906282424927
G1515E,BRCA1,1515,0,0.671593189239502,-0.671593189239502
L1786P,BRCA1,1786,1,-5.553117752075195,5.553117752075195
L1839S,BRCA1,1839,1,-5.68248176574707,5.68248176574707
E2878K,BRCA2,2878,1,0.24862134456634521,-0.24862134456634521
R2888C,BRCA2,2888,0,-1.1527533531188965,1.1527533531188965
D381N,BRCA2,381,0,0.06053328514099121,-0.06053328514099121
S1134T,BRCA2,1134,0,-0.8338841199874878,0.8338841199874878
P96S,PTEN,96,1,-11.473274230957031,11.473274230957031
W111R,PTEN,111,1,-11.343213081359863,11.343213081359863
G132D,PTEN,132,1,-14.0750150680542,14.0750150680542
R15I,PTEN,15,1,-13.612898826599121,13.612898826599121
Y155N,PTEN,155,1,-14.746087074279785,14.746087074279785
N78S,VHL,78,1,0.7783224582672119,-0.7783224582672119
P86A,VHL,86,1,-0.4917175769805908,0.4917175769805908
P25L,VHL,25,0,-1.4969943761825562,1.4969943761825562
M362T,MET,362,0,-3.707425594329834,3.707425594329834
S3389F,BRCA2,3389,0,-1.6033909320831299,1.6033909320831299
P389Q,BRCA2,389,0,-0.11689996719360352,0.11689996719360352
E919K,BRCA2,919,0,0.28135180473327637,-0.28135180473327637
I1724V,BRCA2,1724,0,-0.08110594749450684,0.08110594749450684
I2490T,BRCA2,2490,0,-0.7660562992095947,0.7660562992095947
R2520Q,BRCA2,2520,0,-0.17598319053649902,0.17598319053649902
L2604P,BRCA2,2604,1,-2.741487503051758,2.741487503051758
P334H,BRCA1,334,0,-0.3313412666320801,0.3313412666320801
Q1273R,BRCA1,1273,0,-0.8368136882781982,0.8368136882781982
L1780R,BRCA1,1780,1,-6.201429843902588,6.201429843902588
V654M,RB1,654,1,-3.985867738723755,3.985867738723755
M246V,TP53,246,1,-4.139470100402832,4.139470100402832
H296R,TP53,296,1,1.0063202381134033,-1.0063202381134033
D693Y,BRCA1,693,0,-0.4639906883239746,0.4639906883239746
D749H,BRCA1,749,0,-0.8975791931152344,0.8975791931152344
S1320P,BRCA1,1320,0,-1.2162587642669678,1.2162587642669678
S1722P,BRCA1,1722,1,-11.118860244750977,11.118860244750977
Q321H,BRCA2,321,0,-0.8879382610321045,0.8879382610321045
K513R,BRCA2,513,0,-1.2246248722076416,1.2246248722076416
S646R,BRCA2,646,0,-1.4230506420135498,1.4230506420135498
K1132N,BRCA2,1132,0,-0.425304651260376,0.425304651260376
A2730P,BRCA2,2730,1,-5.4236860275268555,5.4236860275268555
A3028P,BRCA2,3028,1,-0.9282350540161133,0.9282350540161133
G3076V,BRCA2,3076,1,-3.2509520053863525,3.2509520053863525
K643E,RB1,643,1,-5.026843070983887,5.026843070983887
D701N,RB1,701,1,-7.468151092529297,7.468151092529297
H733Y,RB1,733,1,-2.655000925064087,2.655000925064087
G449V,RB1,449,1,-8.233593940734863,8.233593940734863
V609I,APC,609,0,-0.21157550811767578,0.21157550811767578
A1446T,APC,1446,0,0.0404658317565918,-0.0404658317565918
R2505Q,APC,2505,0,-1.0710933208465576,1.0710933208465576
A2690T,APC,2690,0,0.5099658966064453,-0.5099658966064453
N358S,ATM,358,0,1.0789453983306885,-1.0789453983306885
P604S,ATM,604,0,0.5656383037567139,-0.5656383037567139
S788R,ATM,788,0,-0.5728542804718018,0.5728542804718018
S978P,ATM,978,0,-1.061047077178955,1.061047077178955
I124V,ATM,124,0,-0.5710185766220093,0.5710185766220093
A1309T,ATM,1309,0,-0.012351036071777344,0.012351036071777344
N1650S,ATM,1650,0,0.6403541564941406,-0.6403541564941406
T1743I,ATM,1743,1,-0.5148913860321045,0.5148913860321045
V1941L,ATM,1941,0,0.607755184173584,-0.607755184173584
S2394L,ATM,2394,1,0.9348938465118408,-0.9348938465118408
R2832C,ATM,2832,1,-4.734169006347656,4.734169006347656
S294R,PTEN,294,0,-3.0564491748809814,3.0564491748809814
Q298E,PTEN,298,0,-0.6478548049926758,0.6478548049926758
V10I,TP53,10,0,-1.3108248710632324,1.3108248710632324
R110H,TP53,110,0,0.2696826457977295,-0.2696826457977295
Y163C,TP53,163,1,-5.002441883087158,5.002441883087158
H179Y,TP53,179,1,-6.687074661254883,6.687074661254883
P191R,TP53,191,0,-9.048646926879883,9.048646926879883
L194F,TP53,194,1,-6.681264877319336,6.681264877319336
Y220C,TP53,220,1,-5.338261604309082,5.338261604309082
Y234C,TP53,234,1,-5.529227256774902,5.529227256774902
N235S,TP53,235,0,-3.46744966506958,3.46744966506958
R283C,TP53,283,0,-6.760073661804199,6.760073661804199
R290H,TP53,290,0,-3.0348687171936035,3.0348687171936035
G293W,TP53,293,0,-5.150852203369141,5.150852203369141
A149S,VHL,149,1,0.2505936622619629,-0.2505936622619629
S707P,ATM,707,0,-1.4382925033569336,1.4382925033569336
D126E,ATM,126,0,0.6389369964599609,-0.6389369964599609
L1420F,ATM,1420,0,-1.392232894897461,1.392232894897461
D1853N,ATM,1853,0,-0.1554882526397705,0.1554882526397705
V182L,ATM,182,0,0.31172752380371094,-0.31172752380371094
P1054R,ATM,1054,0,-0.824937105178833,0.824937105178833
F858L,ATM,858,0,1.0270147323608398,-1.0270147323608398
H296Y,TP53,296,0,-1.2189829349517822,1.2189829349517822
P36S,ALK,36,0,0.08283782005310059,-0.08283782005310059
V163L,ALK,163,0,0.537562370300293,-0.537562370300293
V198M,ALK,198,0,-1.2275254726409912,1.2275254726409912
T648I,ALK,648,0,-0.5146524906158447,0.5146524906158447
T680I,ALK,680,0,-1.9785771369934082,1.9785771369934082
N709K,ALK,709,0,-0.5431985855102539,0.5431985855102539
T1012M,ALK,1012,0,-1.714808702468872,1.714808702468872
A1047T,ALK,1047,0,-1.20951509475708,1.20951509475708
R259H,ALK,259,0,-0.449739933013916,0.449739933013916
I1461V,ALK,1461,0,1.2466087341308594,-1.2466087341308594
K1491R,ALK,1491,0,0.1671161651611328,-0.1671161651611328
K1525E,ALK,1525,0,0.07207441329956055,-0.07207441329956055
D1529E,ALK,1529,0,0.5841798782348633,-0.5841798782348633
E1419K,ALK,1419,0,0.349987268447876,-0.349987268447876
A371T,ALK,371,0,0.2630479335784912,-0.2630479335784912
E405D,ALK,405,0,-1.5847886800765991,1.5847886800765991
V476A,ALK,476,0,1.400869369506836,-1.400869369506836
N1217T,APC,1217,0,0.17364287376403809,-0.17364287376403809
I2515V,APC,2515,0,0.10837030410766602,-0.10837030410766602
N862K,APC,862,0,-0.35831165313720703,0.35831165313720703
R1171C,APC,1171,0,-0.9944381713867188,0.9944381713867188
A1474T,APC,1474,0,-0.28128623962402344,0.28128623962402344
R1640Q,APC,1640,0,1.405273199081421,-1.405273199081421
M1211R,APC,1211,0,2.1155171394348145,-2.1155171394348145
G514D,ATM,514,0,-0.2295699119567871,0.2295699119567871
L546V,ATM,546,0,-0.7399821281433105,0.7399821281433105
D814E,ATM,814,0,0.12190985679626465,-0.12190985679626465
P872S,ATM,872,0,1.4250197410583496,-1.4250197410583496
Q1128R,ATM,1128,0,0.1694469451904297,-0.1694469451904297
H1380Y,ATM,1380,0,-0.12733125686645508,0.12733125686645508
R1898Q,ATM,1898,0,0.2299485206604004,-0.2299485206604004
I2030V,ATM,2030,0,-0.29265451431274414,0.29265451431274414
V2079I,ATM,2079,0,-0.17604494094848633,0.17604494094848633
L2332P,ATM,2332,0,-1.6404898166656494,1.6404898166656494
L824S,BRCA2,824,0,0.1033787727355957,-0.1033787727355957
V2466A,BRCA2,2466,0,0.15197515487670898,-0.15197515487670898
R521K,EGFR,521,0,0.5031049251556396,-0.5031049251556396
H988P,EGFR,988,0,0.5556638240814209,-0.5556638240814209
S1162N,EGFR,1162,0,-0.6554324626922607,0.6554324626922607
L15F,ERBB2,15,0,-3.8368473052978516,3.8368473052978516
A386D,ERBB2,386,0,-0.3845045566558838,0.3845045566558838
W452C,ERBB2,452,0,-1.6251349449157715,1.6251349449157715
R47H,ERBB2,47,0,-2.872363567352295,2.872363567352295
M31I,ERBB2,31,0,1.0992217063903809,-1.0992217063903809
E930D,ERBB2,930,0,-1.1550054550170898,1.1550054550170898
P1170A,ERBB2,1170,0,-0.7183220386505127,0.7183220386505127
A1216D,ERBB2,1216,0,-0.2040557861328125,0.2040557861328125
R1161Q,ERBB2,1161,0,-0.14041757583618164,0.14041757583618164
E79A,ERBB2,79,0,-6.455108642578125,6.455108642578125
L145F,ERBB2,145,0,-6.205498695373535,6.205498695373535
R143Q,ERBB2,143,0,-0.31777048110961914,0.31777048110961914
H888Y,MET,888,0,-0.5250020027160645,0.5250020027160645
A1363T,MET,1363,0,0.2212691307067871,-0.2212691307067871
L575I,MET,575,0,0.42024660110473633,-0.42024660110473633
M645V,NF1,645,0,0.7043368816375732,-0.7043368816375732
V2511L,NF1,2511,0,0.6662135124206543,-0.6662135124206543
A525G,RB1,525,0,-4.961865425109863,4.961865425109863
T633I,RB1,633,0,-1.1330344676971436,1.1330344676971436
T58I,RB1,58,0,-0.3451213836669922,0.3451213836669922
T307I,RB1,307,0,-0.975353479385376,0.975353479385376
G446R,RET,446,0,-0.9236447811126709,0.9236447811126709
D489N,RET,489,0,-0.5095148086547852,0.5095148086547852
R213Q,TP53,213,1,-3.8265299797058105,3.8265299797058105
S366A,TP53,366,0,-1.2105356454849243,1.2105356454849243
G1057S,TSC1,1057,0,1.320631504058838,-1.320631504058838
T783I,TSC2,783,0,-0.8327524662017822,0.8327524662017822
L921V,TSC2,921,0,-0.7028756141662598,0.7028756141662598
R1138Q,TSC2,1138,0,-0.3770122528076172,0.3770122528076172
P40L,VHL,40,0,-2.2792410850524902,2.2792410850524902
R99W,APC,99,0,-4.203682899475098,4.203682899475098
P2681L,APC,2681,0,-0.3501701354980469,0.3501701354980469
D49H,TP53,49,0,-1.601996898651123,1.601996898651123
G127R,PTEN,127,1,-13.47189998626709,13.47189998626709
S360G,PTEN,360,0,-1.2255908250808716,1.2255908250808716
D7E,TP53,7,0,0.7972903251647949,-0.7972903251647949
Y107H,TP53,107,0,2.3287477493286133,-2.3287477493286133
S1983N,ATM,1983,0,-0.783597469329834,0.783597469329834
C141Y,TP53,141,1,-7.762488842010498,7.762488842010498
R282G,TP53,282,1,-9.895696640014648,9.895696640014648
D2016G,ATM,2016,1,-0.0748586654663086,0.0748586654663086
A84T,TP53,84,0,-2.0514333248138428,2.0514333248138428
D2723V,BRCA2,2723,1,-6.444132328033447,6.444132328033447
F3057V,BRCA2,3057,0,0.29684019088745117,-0.29684019088745117
D48E,TP53,48,0,0.8703956604003906,-0.8703956604003906
V122M,TP53,122,0,-2.432948589324951,2.432948589324951
T312S,TP53,312,0,1.332328200340271,-1.332328200340271
K3015E,BRCA2,3015,0,-0.270794153213501,0.270794153213501
I323V,ATM,323,1,-0.285142183303833,0.285142183303833
D281G,TP53,281,1,-9.158175468444824,9.158175468444824
R335C,TP53,335,0,-6.207942008972168,6.207942008972168
I232T,TP53,232,1,-6.980129241943359,6.980129241943359
G262S,TP53,262,0,-5.935914039611816,5.935914039611816
L2587F,BRCA2,2587,0,-0.8823201656341553,0.8823201656341553
S185N,TP53,185,0,-2.0867486000061035,2.0867486000061035
E388A,TP53,388,0,-0.3354775905609131,0.3354775905609131
W837R,NF1,837,1,1.682401180267334,-1.682401180267334
P1092L,TSC2,1092,0,-0.03594779968261719,0.03594779968261719
E298K,TP53,298,0,0.9467051029205322,-0.9467051029205322
T3030I,BRCA2,3030,0,0.5721023082733154,-0.5721023082733154
R1095K,ATM,1095,1,0.43883562088012695,-0.43883562088012695
A74V,TP53,74,0,-1.9431943893432617,1.9431943893432617
R1676T,APC,1676,0,0.8307597637176514,-0.8307597637176514
R2336G,BRCA2,2336,0,-0.06770730018615723,0.06770730018615723
E171K,TP53,171,0,-6.906259536743164,6.906259536743164
P36Q,TP53,36,0,-0.3616943359375,0.3616943359375
R3008H,ATM,3008,1,-2.555764675140381,2.555764675140381
A742S,NF1,742,0,0.4696927070617676,-0.4696927070617676
M646V,TSC1,646,0,0.9027159214019775,-0.9027159214019775
L2396F,BRCA2,2396,0,-0.6154582500457764,0.6154582500457764
D2708E,ATM,2708,1,-3.5994131565093994,3.5994131565093994
R267W,TP53,267,1,-9.334966659545898,9.334966659545898
S229T,PTEN,229,0,-0.1368732452392578,0.1368732452392578
E339Q,TP53,339,0,-4.056564807891846,4.056564807891846
R158H,TP53,158,1,-6.271859169006348,6.271859169006348
G360A,TP53,360,0,-0.2533230781555176,0.2533230781555176
L826V,APC,826,0,-0.1824512481689453,0.1824512481689453
R130P,PTEN,130,1,-14.99733829498291,14.99733829498291
R3008C,ATM,3008,1,-4.252983570098877,4.252983570098877
Y174N,PTEN,174,1,-14.22109603881836,14.22109603881836
C105Y,PTEN,105,1,-11.844317436218262,11.844317436218262
P246L,PTEN,246,1,-6.412154674530029,6.412154674530029
R333H,TP53,333,0,-4.680042266845703,4.680042266845703
I135V,PTEN,135,1,-6.54509162902832,6.54509162902832
R181H,TP53,181,1,-5.259879112243652,5.259879112243652
S303G,TP53,303,0,-0.7628746032714844,0.7628746032714844
V73M,TP53,73,0,-2.0264782905578613,2.0264782905578613
F266L,BRCA2,266,0,0.5155019760131836,-0.5155019760131836
G108S,TP53,108,0,-3.7762577533721924,3.7762577533721924
F200V,PTEN,200,1,-7.569255828857422,7.569255828857422
R337C,TP53,337,1,1.3851900100708008,-1.3851900100708008
L35F,TP53,35,0,-1.3279120922088623,1.3279120922088623
R181C,TP53,181,1,-6.839835166931152,6.839835166931152
N3187K,BRCA2,3187,0,0.39382314682006836,-0.39382314682006836
V143M,TP53,143,1,-3.4415030479431152,3.4415030479431152
D1911G,BRCA2,1911,0,-0.10433745384216309,0.10433745384216309
V2716A,ATM,2716,1,-3.189127206802368,3.189127206802368
M237I,TP53,237,1,-5.1743669509887695,5.1743669509887695
P152L,TP53,152,1,-4.120550155639648,4.120550155639648
F2562C,BRCA2,2562,1,-0.9417648315429688,0.9417648315429688
D2708N,ATM,2708,1,-2.1962594985961914,2.1962594985961914
R337L,TP53,337,1,3.0886449813842773,-3.0886449813842773
P72A,TP53,72,0,0.43660688400268555,-0.43660688400268555
D84A,CDKN2A,84,1,0.1498713493347168,-0.1498713493347168
I190K,ATM,190,0,-2.3648245334625244,2.3648245334625244
H1805Y,BRCA1,1805,0,-1.3432388305664062,1.3432388305664062
A2825S,BRCA2,2825,0,-0.15544843673706055,0.15544843673706055
R189K,ATM,189,0,0.3271660804748535,-0.3271660804748535
P354Q,PTEN,354,0,-3.4139740467071533,3.4139740467071533
K556Q,BRCA1,556,0,-0.40460944175720215,0.40460944175720215
Q713P,BRCA2,713,0,-0.13716483116149902,0.13716483116149902
G428D,EGFR,428,1,-7.706354141235352,7.706354141235352
Q61R,HRAS,61,1,-13.000467300415039,13.000467300415039
E52K,VHL,52,0,-3.2404956817626953,3.2404956817626953
N56S,TSC2,56,0,0.2761092185974121,-0.2761092185974121
E75K,TSC2,75,0,-0.24454712867736816,0.24454712867736816
G266E,TP53,266,1,-10.063373565673828,10.063373565673828
C238W,TP53,238,1,-12.60702896118164,12.60702896118164
A161T,TP53,161,1,-3.602229595184326,3.602229595184326
P86S,VHL,86,1,-0.2368624210357666,0.2368624210357666
F595L,BRAF,595,1,-10.797172546386719,10.797172546386719
A712D,BRAF,712,1,-12.875078201293945,12.875078201293945
N581S,BRAF,581,1,-14.320556640625,14.320556640625
L861Q,EGFR,861,1,-8.326261520385742,8.326261520385742
A59L,HRAS,59,1,-15.647906303405762,15.647906303405762
G12E,HRAS,12,1,-13.496882438659668,13.496882438659668
S241C,TP53,241,1,-6.3575544357299805,6.3575544357299805
R337P,TP53,337,1,-1.4104461669921875,1.4104461669921875
W117C,VHL,117,1,0.05372357368469238,-0.05372357368469238
Q262R,BRAF,262,1,-13.63301944732666,13.63301944732666
H574Q,BRAF,574,1,-13.234100341796875,13.234100341796875
G13V,HRAS,13,1,-13.91776180267334,13.91776180267334
S65L,VHL,65,1,1.199718952178955,-1.199718952178955
P86L,VHL,86,1,-0.7654414176940918,0.7654414176940918
L89P,VHL,89,1,-1.3326263427734375,1.3326263427734375
L158P,VHL,158,1,0.10093927383422852,-0.10093927383422852
R161Q,VHL,161,1,-0.6402287483215332,0.6402287483215332
D108Y,CDKN2A,108,1,-7.490374565124512,7.490374565124512
M1V,ATM,1,1,-5.570675849914551,5.570675849914551
E26Q,ATM,26,0,-0.4384469985961914,0.4384469985961914
E699G,ATM,699,0,-1.4138984680175781,1.4138984680175781
L1283P,ATM,1283,1,-0.35765600204467773,0.35765600204467773
L1465P,ATM,1465,1,-1.0946886539459229,1.0946886539459229
A1942V,ATM,1942,1,-0.13225340843200684,0.13225340843200684
R2032K,ATM,2032,1,0.21300148963928223,-0.21300148963928223
R2227C,ATM,2227,1,-0.9334681034088135,0.9334681034088135
T2666N,ATM,2666,1,-0.23407530784606934,0.23407530784606934
V2716F,ATM,2716,1,1.2488408088684082,-1.2488408088684082
G173R,BRCA2,173,1,1.4126005172729492,-1.4126005172729492
M384V,TP53,384,0,1.0152556896209717,-1.0152556896209717
D281V,TP53,281,1,-11.074827194213867,11.074827194213867
I251L,TP53,251,1,-6.019161224365234,6.019161224365234
C238Y,TP53,238,1,-10.861677169799805,10.861677169799805
V216M,TP53,216,1,-4.916474342346191,4.916474342346191
R175L,TP53,175,1,-7.8513641357421875,7.8513641357421875
S127F,TP53,127,1,-7.489535808563232,7.489535808563232
C124S,TP53,124,0,-2.1351871490478516,2.1351871490478516
H115R,TP53,115,0,-1.0359382629394531,1.0359382629394531
P82L,TP53,82,0,-2.6849732398986816,2.6849732398986816
A63V,TP53,63,0,0.16005969047546387,-0.16005969047546387
G163R,STK11,163,1,-14.86078929901123,14.86078929901123
D176N,STK11,176,1,-12.174493789672852,12.174493789672852
N181K,STK11,181,1,-8.210382461547852,8.210382461547852
S240W,STK11,240,1,-19.02908706665039,19.02908706665039
R297G,STK11,297,1,-13.66925048828125,13.66925048828125
R297S,STK11,297,1,-15.337924003601074,15.337924003601074
D1636Y,APC,1636,0,-2.1813981533050537,2.1813981533050537
H1686R,BRCA1,1686,1,-8.634032249450684,8.634032249450684
F841V,MET,841,1,0.20827913284301758,-0.20827913284301758
S80G,VHL,80,1,0.16546940803527832,-0.16546940803527832
R332Q,APC,332,0,-0.49674832820892334,0.49674832820892334
I983T,APC,983,0,0.5401477813720703,-0.5401477813720703
A1247T,APC,1247,0,-0.0032236576080322266,0.0032236576080322266
V1092I,MET,1092,1,-4.3969244956970215,4.3969244956970215
A60E,CDKN2A,60,1,-5.995696544647217,5.995696544647217
Q50P,CDKN2A,50,1,-0.530942440032959,0.530942440032959
D24N,PTEN,24,1,-6.930574893951416,6.930574893951416
D24H,PTEN,24,1,-11.766334533691406,11.766334533691406
L57W,PTEN,57,1,-12.448140144348145,12.448140144348145
C124G,PTEN,124,1,-12.249865531921387,12.249865531921387
C136R,PTEN,136,1,-18.437820434570312,18.437820434570312
R159G,PTEN,159,1,-13.987432479858398,13.987432479858398
R173P,PTEN,173,1,-16.453712463378906,16.453712463378906
T277I,PTEN,277,1,-7.7659478187561035,7.7659478187561035
M1L,ATM,1,1,-4.747572898864746,4.747572898864746
M1T,ATM,1,1,-5.912299156188965,5.912299156188965
L615P,ATM,615,1,-0.3486001491546631,0.3486001491546631
L950R,ATM,950,1,-3.2278459072113037,3.2278459072113037
L1046P,ATM,1046,1,-6.251864433288574,6.251864433288574
A2524P,ATM,2524,1,-2.424266815185547,2.424266815185547
G2765S,ATM,2765,1,-5.909101486206055,5.909101486206055
E2904G,ATM,2904,1,-9.27186393737793,9.27186393737793
Y2601C,BRCA2,2601,1,-0.713134765625,0.713134765625
P2785T,BRCA2,2785,0,0.4415774345397949,-0.4415774345397949
P2785L,BRCA2,2785,0,1.8616821765899658,-1.8616821765899658
A210T,TSC2,210,0,-0.24965763092041016,0.24965763092041016
A678T,TSC2,678,0,-0.9386470317840576,0.9386470317840576
A1759T,TSC2,1759,0,-0.4593620300292969,0.4593620300292969
R1870Q,NF1,1870,1,-0.16722965240478516,0.16722965240478516
I1858L,BRCA1,1858,0,0.6403586864471436,-0.6403586864471436
A744T,BRCA1,744,0,0.447925329208374,-0.447925329208374
T333A,BRCA1,333,0,-0.47331929206848145,0.47331929206848145
R71M,BRCA1,71,1,-3.0939841270446777,3.0939841270446777
K45Q,BRCA1,45,0,-3.437940835952759,3.437940835952759
P34L,BRCA1,34,1,-7.148194789886475,7.148194789886475
R379S,TP53,379,0,0.004536867141723633,-0.004536867141723633
R333C,TP53,333,0,-6.354337692260742,6.354337692260742
S315T,TP53,315,0,-0.7805396318435669,0.7805396318435669
E286K,TP53,286,1,-8.204727172851562,8.204727172851562
A276G,TP53,276,1,-6.068818092346191,6.068818092346191
V272M,TP53,272,1,-6.385117530822754,6.385117530822754
N247I,TP53,247,1,-11.767637252807617,11.767637252807617
H193R,TP53,193,1,-6.265109062194824,6.265109062194824
C176Y,TP53,176,1,-10.420544624328613,10.420544624328613
T170M,TP53,170,0,-4.048738479614258,4.048738479614258
V157I,TP53,157,0,-0.5795459151268005,0.5795459151268005
A138V,TP53,138,1,-5.056911468505859,5.056911468505859
P72H,TP53,72,0,-3.72684907913208,3.72684907913208
D49N,TP53,49,0,-1.156672477722168,1.156672477722168
D194E,STK11,194,1,-10.123957633972168,10.123957633972168
R304W,STK11,304,1,-7.506857395172119,7.506857395172119
R1022Q,MET,1022,0,0.3044123649597168,-0.3044123649597168
P48T,CDKN2A,48,1,-4.9429779052734375,4.9429779052734375
I88V,RET,88,0,0.5600719451904297,-0.5600719451904297
A373V,RET,373,0,0.2785632610321045,-0.2785632610321045
I1165K,NF1,1165,1,-0.47570371627807617,0.47570371627807617
Q1447R,NF1,1447,1,-2.6910552978515625,2.6910552978515625
V197M,TP53,197,1,-6.989377021789551,6.989377021789551
D194N,STK11,194,1,-11.856973648071289,11.856973648071289
M1I,ATM,1,1,-5.559187412261963,5.559187412261963
D24Y,PTEN,24,1,-12.65146541595459,12.65146541595459
T26I,PTEN,26,1,-9.879997253417969,9.879997253417969
Y27N,PTEN,27,1,-13.51680850982666,13.51680850982666
G36R,PTEN,36,1,-11.235630989074707,11.235630989074707
R47G,PTEN,47,1,-13.127055168151855,13.127055168151855
H61R,PTEN,61,1,-10.135980606079102,10.135980606079102
Y68H,PTEN,68,1,-9.212871551513672,9.212871551513672
H93D,PTEN,93,1,-16.61518669128418,16.61518669128418
P95L,PTEN,95,1,-12.343423843383789,12.343423843383789
D107G,PTEN,107,1,-8.413745880126953,8.413745880126953
H123Y,PTEN,123,1,-13.306357383728027,13.306357383728027
G129R,PTEN,129,1,-10.520498275756836,10.520498275756836
C136Y,PTEN,136,1,-18.525732040405273,18.525732040405273
G165V,PTEN,165,1,-11.79387092590332,11.79387092590332
Q171R,PTEN,171,1,-14.714688301086426,14.714688301086426
R173C,PTEN,173,1,-10.909401893615723,10.909401893615723
F200S,PTEN,200,1,-11.548245429992676,11.548245429992676
P204A,PTEN,204,1,-10.823715209960938,10.823715209960938
R82P,VHL,82,1,-0.13559365272521973,0.13559365272521973
Q471H,RB1,471,1,-0.09086966514587402,0.09086966514587402
H1640P,TSC2,1640,1,-7.006511688232422,7.006511688232422
T946I,RET,946,1,-8.386341094970703,8.386341094970703
T1065M,TSC1,1065,0,-1.4095573425292969,1.4095573425292969
A1011E,TSC1,1011,0,0.3200535774230957,-0.3200535774230957
P603L,TSC1,603,0,-0.2594618797302246,0.2594618797302246
F239C,TSC2,239,0,-0.6640815734863281,0.6640815734863281
A289V,TSC2,289,0,0.18301105499267578,-0.18301105499267578
A431V,TSC2,431,0,0.3860359191894531,-0.3860359191894531
A673V,TSC2,673,0,-0.770197868347168,0.770197868347168
T783S,TSC2,783,0,0.3874187469482422,-0.3874187469482422
S1292C,TSC2,1292,0,-4.68430757522583,4.68430757522583
A1349T,TSC2,1349,0,-0.5860800743103027,0.5860800743103027
P1786R,TSC2,1786,0,-0.5381627082824707,0.5381627082824707
H247R,TP63,247,1,-10.119876861572266,10.119876861572266
A346G,TP63,346,1,-9.399940490722656,9.399940490722656
D24G,PTEN,24,1,-9.126546859741211,9.126546859741211
R1830S,NF1,1830,1,0.576826810836792,-0.576826810836792
R1830G,NF1,1830,1,-0.31118273735046387,0.31118273735046387
R1830C,NF1,1830,1,-0.9353899955749512,0.9353899955749512
R1830P,NF1,1830,1,-0.4577178955078125,0.4577178955078125
R1830L,NF1,1830,1,0.5655755996704102,-0.5655755996704102
C1265S,BRCA2,1265,0,1.3716118335723877,-1.3716118335723877
E1537K,BRCA2,1537,0,-2.3038430213928223,2.3038430213928223
R141S,APC,141,1,-3.8172225952148438,3.8172225952148438
G265E,APC,265,1,-0.17319536209106445,0.17319536209106445
D153Y,CDKN2A,153,1,-2.2606027126312256,2.2606027126312256
H141P,PTEN,141,1,-15.943988800048828,15.943988800048828
V2662D,ATM,2662,1,-0.9652376174926758,0.9652376174926758
M1V,BRCA2,1,1,-4.825030326843262,4.825030326843262
L3101P,BRCA2,3101,1,-0.662139892578125,0.662139892578125
L763R,NF1,763,1,-1.6194626092910767,1.6194626092910767
I766S,NF1,766,1,-0.6748523712158203,0.6748523712158203
Q950H,NF1,950,1,-0.8019731044769287,0.8019731044769287
R1325T,NF1,1325,1,0.8298919200897217,-0.8298919200897217
R379L,TP53,379,0,-0.45345306396484375,0.45345306396484375
R342P,TP53,342,1,-7.401798248291016,7.401798248291016
R290C,TP53,290,0,-3.824260711669922,3.824260711669922
T284I,TP53,284,0,-3.6142537593841553,3.6142537593841553
C275Y,TP53,275,1,-10.534438133239746,10.534438133239746
Y236H,TP53,236,1,-6.9406232833862305,6.9406232833862305
I195T,TP53,195,1,-5.731514930725098,5.731514930725098
T125K,TP53,125,1,-6.354752540588379,6.354752540588379
I50T,TP53,50,0,-1.090986967086792,1.090986967086792
Y1278S,ALK,1278,1,-14.122180938720703,14.122180938720703
F1245L,ALK,1245,1,-10.048273086547852,10.048273086547852
F1245C,ALK,1245,1,-10.962303161621094,10.962303161621094
F1245I,ALK,1245,1,-11.766597747802734,11.766597747802734
L1240V,ALK,1240,1,-9.070518493652344,9.070518493652344
F1174L,ALK,1174,1,-9.38633918762207,9.38633918762207
F1174I,ALK,1174,1,-11.432218551635742,11.432218551635742
Y98S,VHL,98,1,0.31205224990844727,-0.31205224990844727
E160V,VHL,160,1,-1.1560437679290771,1.1560437679290771
V170A,VHL,170,1,0.1743175983428955,-0.1743175983428955
A239P,APC,239,0,-0.9657695293426514,0.9657695293426514
L16R,CDKN2A,16,1,-8.379241943359375,8.379241943359375
R749T,RET,749,0,-0.19209599494934082,0.19209599494934082
Y174C,PTEN,174,1,-11.247079849243164,11.247079849243164
D96G,BRCA1,96,1,-0.46079277992248535,0.46079277992248535
Y234D,TP53,234,1,-11.294425964355469,11.294425964355469
S127C,TP53,127,1,-4.588947296142578,4.588947296142578
W308L,STK11,308,1,-11.547721862792969,11.547721862792969
L525P,BRAF,525,1,-12.30288028717041,12.30288028717041
G422V,WT1,422,1,-16.78160285949707,16.78160285949707
S467A,BRAF,467,1,-11.215484619140625,11.215484619140625
L247S,PTEN,247,1,-9.53870677947998,9.53870677947998
S65A,VHL,65,1,0.33569979667663574,-0.33569979667663574
S72P,VHL,72,1,0.23567485809326172,-0.23567485809326172
N78Y,VHL,78,1,0.004569292068481445,-0.004569292068481445
N78T,VHL,78,1,0.40134429931640625,-0.40134429931640625
N78I,VHL,78,1,-0.0003142356872558594,0.0003142356872558594
P86R,VHL,86,1,-0.02146291732788086,0.02146291732788086
W88C,VHL,88,1,-0.1721358299255371,0.1721358299255371
N90I,VHL,90,1,0.35907483100891113,-0.35907483100891113
G93R,VHL,93,1,-0.8377053737640381,0.8377053737640381
G93C,VHL,93,1,-2.402918815612793,2.402918815612793
Y98C,VHL,98,1,-0.5446281433105469,0.5446281433105469
R107H,VHL,107,1,-0.3158266544342041,0.3158266544342041
S111N,VHL,111,1,-0.6456198692321777,0.6456198692321777
S111R,VHL,111,1,0.4344456195831299,-0.4344456195831299
Y112C,VHL,112,1,-0.7270400524139404,0.7270400524139404
G114R,VHL,114,1,-0.5252679586410522,0.5252679586410522
R120G,VHL,120,1,-0.5415961742401123,0.5415961742401123
D121G,VHL,121,1,0.005054473876953125,-0.005054473876953125
H125P,VHL,125,1,1.595524549484253,-1.595524549484253
L128F,VHL,128,1,-0.6080491542816162,0.6080491542816162
A149T,VHL,149,1,0.08798456192016602,-0.08798456192016602
A149P,VHL,149,1,0.21776914596557617,-0.21776914596557617
I151S,VHL,151,1,0.7481622695922852,-0.7481622695922852
V155M,VHL,155,1,-1.3507003784179688,1.3507003784179688
T157I,VHL,157,1,-0.9946484565734863,0.9946484565734863
C162Y,VHL,162,1,0.4478330612182617,-0.4478330612182617
C162W,VHL,162,1,-0.6540603637695312,0.6540603637695312
L198P,VHL,198,1,-2.7461118698120117,2.7461118698120117
S1387P,BRCA1,1387,0,-1.4677319526672363,1.4677319526672363
C64W,BRCA1,64,1,-9.735064506530762,9.735064506530762
C136W,PTEN,136,1,-19.017807006835938,19.017807006835938
D162E,PTEN,162,1,-9.023460388183594,9.023460388183594
F1734L,BRCA1,1734,1,-5.990776062011719,5.990776062011719
L23V,PTEN,23,1,-10.249395370483398,10.249395370483398
T26P,PTEN,26,1,-12.792552947998047,12.792552947998047
F81C,PTEN,81,1,-11.662118911743164,11.662118911743164
V173M,TP53,173,1,-5.774885177612305,5.774885177612305
I151L,VHL,151,1,0.7740941047668457,-0.7740941047668457
S1028R,APC,1028,1,-4.209728240966797,4.209728240966797
R112G,CDKN2A,112,1,-3.9737424850463867,3.9737424850463867
D84N,CDKN2A,84,1,-2.096438407897949,2.096438407897949
A68L,CDKN2A,68,1,-7.362245082855225,7.362245082855225
Q50R,CDKN2A,50,1,-0.1799793243408203,0.1799793243408203
D22H,PTEN,22,1,-10.918891906738281,10.918891906738281
M35V,PTEN,35,1,-10.506124496459961,10.506124496459961
P38T,PTEN,38,1,-13.568852424621582,13.568852424621582
N48K,PTEN,48,1,-12.150832176208496,12.150832176208496
Y68C,PTEN,68,1,-11.277139663696289,11.277139663696289
C124Y,PTEN,124,1,-13.72652816772461,13.72652816772461
S170I,PTEN,170,1,-15.50623893737793,15.50623893737793
P292L,ATM,292,1,0.7213344573974609,-0.7213344573974609
P862T,ATM,862,0,0.39768362045288086,-0.39768362045288086
W1026C,ATM,1026,1,1.792478322982788,-1.792478322982788
Y2470D,ATM,2470,1,-0.28659725189208984,0.28659725189208984
I2702R,ATM,2702,1,-4.745255470275879,4.745255470275879
S2855R,ATM,2855,1,-8.39522933959961,8.39522933959961
D2913Y,ATM,2913,1,-6.3124098777771,6.3124098777771
L3035F,ATM,3035,1,-5.058359622955322,5.058359622955322
L2396S,BRCA2,2396,0,0.301513671875,-0.301513671875
G2609V,BRCA2,2609,1,-0.3189568519592285,0.3189568519592285
I2627N,BRCA2,2627,1,1.2703542709350586,-1.2703542709350586
T2722K,BRCA2,2722,1,-2.5834059715270996,2.5834059715270996
A2738T,BRCA2,2738,0,-0.029264450073242188,0.029264450073242188
L2776I,BRCA2,2776,0,-0.3351997137069702,0.3351997137069702
P2804H,BRCA2,2804,0,-0.8297882080078125,0.8297882080078125
K2833N,BRCA2,2833,0,-0.6501889228820801,0.6501889228820801
P2886T,BRCA2,2886,0,-0.5706534385681152,0.5706534385681152
Q2957H,BRCA2,2957,0,-1.68983793258667,1.68983793258667
Y3035F,BRCA2,3035,0,0.6488673686981201,-0.6488673686981201
I634T,NF1,634,0,0.6500701904296875,-0.6500701904296875
W777R,NF1,777,1,0.690056324005127,-0.690056324005127
Q1447H,NF1,1447,1,-1.717923879623413,1.717923879623413
P1749T,BRCA1,1749,0,-0.26242828369140625,0.26242828369140625
F1734I,BRCA1,1734,1,-7.282561302185059,7.282561302185059
Y1703C,BRCA1,1703,1,-3.265336751937866,3.265336751937866
Q1395H,BRCA1,1395,1,-1.3056044578552246,1.3056044578552246
G933A,BRCA1,933,0,0.14387130737304688,-0.14387130737304688
S387T,BRCA1,387,0,-1.1120669841766357,1.1120669841766357
N247D,BRCA1,247,0,-0.48920440673828125,0.48920440673828125
H41L,BRCA1,41,1,-10.339317321777344,10.339317321777344
P25L,BRCA1,25,1,-5.706977367401123,5.706977367401123
G374R,TP53,374,0,0.3219733238220215,-0.3219733238220215
G356R,TP53,356,0,-0.5309920310974121,0.5309920310974121
Q354K,TP53,354,0,-0.6245241165161133,0.6245241165161133
R342Q,TP53,342,0,1.1685209274291992,-1.1685209274291992
Q317K,TP53,317,0,0.30447840690612793,-0.30447840690612793
P316T,TP53,316,0,-1.0171916484832764,1.0171916484832764
P278L,TP53,278,1,-5.4146728515625,5.4146728515625
R273P,TP53,273,1,-12.831223487854004,12.831223487854004
S260Y,TP53,260,0,-2.394108295440674,2.394108295440674
R248L,TP53,248,1,-11.421245574951172,11.421245574951172
R213P,TP53,213,1,-7.648130416870117,7.648130416870117
R196P,TP53,196,1,-11.247941970825195,11.247941970825195
H193Y,TP53,193,1,-6.7917799949646,6.7917799949646
D186E,TP53,186,0,0.5778747797012329,-0.5778747797012329
M160I,TP53,160,0,-3.266113758087158,3.266113758087158
F134C,TP53,134,1,-4.7457499504089355,4.7457499504089355
R110P,TP53,110,1,-2.43703031539917,2.43703031539917
A63G,TP53,63,0,-0.6170511245727539,0.6170511245727539
A63T,TP53,63,0,-0.7099812030792236,0.7099812030792236
V10L,TP53,10,0,1.6196163892745972,-1.6196163892745972
P8L,TP53,8,0,0.02480149269104004,-0.02480149269104004
P671S,ALK,671,0,0.5444717407226562,-0.5444717407226562
R412C,ALK,412,0,-1.79899263381958,1.79899263381958
T84M,KIT,84,0,-0.44210290908813477,0.44210290908813477
V374I,KIT,374,0,-0.09221220016479492,0.09221220016479492
N2752T,APC,2752,0,0.5273609161376953,-0.5273609161376953
K261R,TSC1,261,0,0.19382476806640625,-0.19382476806640625
N198S,TSC1,198,0,1.713059902191162,-1.713059902191162
R87P,CDKN2A,87,1,-6.277355194091797,6.277355194091797
L32P,CDKN2A,32,1,-10.22697639465332,10.22697639465332
E208D,RET,208,0,-0.1830916404724121,0.1830916404724121
I852V,RET,852,0,1.0886621475219727,-1.0886621475219727
L1048F,RET,1048,0,-1.3835625648498535,1.3835625648498535
E2596D,ATM,2596,1,-0.9192357063293457,0.9192357063293457
Q72H,WT1,72,0,-1.0981254577636719,1.0981254577636719
H166Q,HRAS,166,0,-1.9298555850982666,1.9298555850982666
A18S,RB1,18,0,-2.557931423187256,2.557931423187256
T377S,RB1,377,0,0.31453871726989746,-0.31453871726989746
Q436K,RB1,436,0,0.35639333724975586,-0.35639333724975586
R621G,RB1,621,0,1.1003894805908203,-1.1003894805908203
A272T,TSC2,272,0,-0.35722851753234863,0.35722851753234863
A614P,TSC2,614,1,-3.598639726638794,3.598639726638794
G661S,TSC2,661,0,0.4177849292755127,-0.4177849292755127
V766M,TSC2,766,0,-1.5542941093444824,1.5542941093444824
E1490G,TSC2,1490,0,-0.07847023010253906,0.07847023010253906
L532R,NF1,532,1,-1.3180253505706787,1.3180253505706787
C1016R,NF1,1016,1,-0.03784894943237305,0.03784894943237305
G1168R,NF1,1168,1,0.8880958557128906,-0.8880958557128906
G1219V,NF1,1219,1,-0.19084715843200684,0.19084715843200684
K1440E,NF1,1440,1,-0.16889333724975586,0.16889333724975586
K1457E,NF1,1457,1,0.25891685485839844,-0.25891685485839844
L1854R,NF1,1854,1,-2.624349594116211,2.624349594116211
G1748R,BRCA1,1748,1,0.682852029800415,-0.682852029800415
T1675I,BRCA1,1675,0,-0.8371419906616211,0.8371419906616211
R337G,TP53,337,1,-0.07039356231689453,0.07039356231689453
R248P,TP53,248,1,-12.345465660095215,12.345465660095215
P4L,TP53,4,0,-0.4937162399291992,0.4937162399291992
K516N,APC,516,1,-4.990002155303955,4.990002155303955
I1557V,APC,1557,0,0.7694756984710693,-0.7694756984710693
R2549C,APC,2549,0,-3.6665611267089844,3.6665611267089844
R1495T,BRCA1,1495,1,0.9320673942565918,-0.9320673942565918
V11G,BRCA1,11,1,-2.1594290733337402,2.1594290733337402
R379H,TP53,379,0,-1.347951889038086,1.347951889038086
L265P,TP53,265,1,-7.5513691902160645,7.5513691902160645
E180K,TP53,180,1,-5.5532050132751465,5.5532050132751465
K164E,TP53,164,1,-6.304692268371582,6.304692268371582
R158P,TP53,158,1,-10.548168182373047,10.548168182373047
T1410N,BRCA2,1410,1,0.1818220615386963,-0.1818220615386963
Y1703D,BRCA1,1703,1,-9.121465682983398,9.121465682983398
I26N,BRCA1,26,1,-9.221142768859863,9.221142768859863
C326F,EGFR,326,1,-12.54201602935791,12.54201602935791
N181D,STK11,181,1,-14.962225914001465,14.962225914001465
V1838G,BRCA1,1838,1,-8.52409839630127,8.52409839630127
N181S,STK11,181,1,-13.33424186706543,13.33424186706543
N935D,NF1,935,0,0.8354949951171875,-0.8354949951171875
R319H,TP63,319,1,-13.764073371887207,13.764073371887207
Y126D,TP53,126,1,-8.882190704345703,8.882190704345703
V1665S,BRCA1,1665,1,-3.692338466644287,3.692338466644287
N1766K,BRCA2,1766,0,-0.1517958641052246,0.1517958641052246
G1706R,BRCA1,1706,1,-8.508294105529785,8.508294105529785
I1766N,BRCA1,1766,1,-10.121986389160156,10.121986389160156
R71T,BRCA1,71,1,-1.9818605184555054,1.9818605184555054
C47S,BRCA1,47,1,-9.33008098602295,9.33008098602295
C39W,BRCA1,39,1,-10.725776672363281,10.725776672363281
R343W,TP63,343,1,-15.045367240905762,15.045367240905762
F498Y,BRAF,498,1,-13.913003921508789,13.913003921508789
G464R,BRAF,464,1,-11.986419677734375,11.986419677734375
T599R,BRAF,599,1,-12.151586532592773,12.151586532592773
C211W,PTEN,211,1,-9.75232982635498,9.75232982635498
Y27S,PTEN,27,1,-14.979243278503418,14.979243278503418
F1499V,TSC2,1499,1,0.6246981620788574,-0.6246981620788574
M1T,NF1,1,1,-5.796823501586914,5.796823501586914
P511T,TP63,511,0,-0.5740561485290527,0.5740561485290527
S737L,ALK,737,0,-1.5027790069580078,1.5027790069580078
P1029A,ALK,1029,0,-1.2058930397033691,1.2058930397033691
S2594C,APC,2594,0,-3.389378547668457,3.389378547668457
V1047M,EGFR,1047,0,-0.6205019950866699,0.6205019950866699
E884D,RB1,884,0,0.0009663105010986328,-0.0009663105010986328
D1644N,TSC2,1644,0,-4.174204349517822,4.174204349517822
L550P,NF1,550,1,-2.4201741218566895,2.4201741218566895
S581R,TSC2,581,0,-1.0626416206359863,1.0626416206359863
R398W,MYCN,398,1,-12.238653182983398,12.238653182983398
Y202C,TP63,202,1,-10.48330307006836,10.48330307006836
R350G,TP63,350,1,-14.611042022705078,14.611042022705078
C561Y,TP63,561,1,-3.732088088989258,3.732088088989258
I576T,TP63,576,1,-6.307485580444336,6.307485580444336
T589P,BRAF,589,1,-14.35988998413086,14.35988998413086
L525R,BRAF,525,1,-13.280099868774414,13.280099868774414
R47K,PTEN,47,1,-10.057947158813477,10.057947158813477
D107V,PTEN,107,1,-10.78625202178955,10.78625202178955
G244D,TP53,244,1,-10.117059707641602,10.117059707641602
S1655P,BRCA1,1655,1,-5.016331672668457,5.016331672668457
F1174C,ALK,1174,1,-9.859437942504883,9.859437942504883
W557R,KIT,557,1,-9.293997764587402,9.293997764587402
V560D,KIT,560,1,-12.09809684753418,12.09809684753418
L576P,KIT,576,1,-11.244891166687012,11.244891166687012
N655K,KIT,655,1,-9.233566284179688,9.233566284179688
D820Y,KIT,820,1,-13.886505126953125,13.886505126953125
N822I,KIT,822,1,-10.262914657592773,10.262914657592773
N822K,KIT,822,1,-9.552555084228516,9.552555084228516
A829P,KIT,829,1,-11.330648422241211,11.330648422241211
D594E,BRAF,594,1,-16.6502628326416,16.6502628326416
D594V,BRAF,594,1,-15.016599655151367,15.016599655151367
R130G,PTEN,130,1,-14.034590721130371,14.034590721130371
R159S,PTEN,159,1,-14.061774253845215,14.061774253845215
G12R,HRAS,12,1,-10.515327453613281,10.515327453613281
R249T,TP53,249,1,-10.941350936889648,10.941350936889648
V173A,TP53,173,1,-5.630788326263428,5.630788326263428
R173H,PTEN,173,1,-11.01430892944336,11.01430892944336
M1250T,MET,1250,1,-7.345991134643555,7.345991134643555
L1196M,ALK,1196,1,-4.013748645782471,4.013748645782471
G309E,ERBB2,309,1,-0.27139997482299805,0.27139997482299805
S310Y,ERBB2,310,1,-4.189400672912598,4.189400672912598
Q61H,HRAS,61,1,-11.429675102233887,11.429675102233887
G13S,HRAS,13,1,-10.355927467346191,10.355927467346191
R130L,PTEN,130,1,-15.061607360839844,15.061607360839844
C135F,TP53,135,1,-5.7001447677612305,5.7001447677612305
C135R,TP53,135,1,-8.592379570007324,8.592379570007324
C135G,TP53,135,1,-8.061751365661621,8.061751365661621
C141W,TP53,141,1,-10.337296485900879,10.337296485900879
C176F,TP53,176,1,-10.863273620605469,10.863273620605469
C238F,TP53,238,1,-10.870071411132812,10.870071411132812
C238S,TP53,238,1,-9.553139686584473,9.553139686584473
C238R,TP53,238,1,-11.126181602478027,11.126181602478027
C238G,TP53,238,1,-13.328619956970215,13.328619956970215
C242W,TP53,242,1,-12.874655723571777,12.874655723571777
C275F,TP53,275,1,-11.580024719238281,11.580024719238281
D281Y,TP53,281,1,-11.153497695922852,11.153497695922852
D281N,TP53,281,1,-7.050066947937012,7.050066947937012
D281E,TP53,281,1,-4.717190742492676,4.717190742492676
D281H,TP53,281,1,-8.898446083068848,8.898446083068848
D281A,TP53,281,1,-9.24431324005127,9.24431324005127
E286A,TP53,286,1,-5.404109954833984,5.404109954833984
F270S,TP53,270,1,-7.760900497436523,7.760900497436523
F270V,TP53,270,1,-3.837789535522461,3.837789535522461
G244S,TP53,244,1,-5.185935974121094,5.185935974121094
G244V,TP53,244,1,-9.325769424438477,9.325769424438477
G245V,TP53,245,1,-10.582907676696777,10.582907676696777
G266R,TP53,266,1,-9.783489227294922,9.783489227294922
H179R,TP53,179,1,-8.407485961914062,8.407485961914062
H179Q,TP53,179,1,-6.082775115966797,6.082775115966797
H179D,TP53,179,1,-9.554844856262207,9.554844856262207
H193P,TP53,193,1,-7.588621139526367,7.588621139526367
H193N,TP53,193,1,-3.8262128829956055,3.8262128829956055
H214R,TP53,214,1,-7.2677764892578125,7.2677764892578125
H214L,TP53,214,1,-8.000445365905762,8.000445365905762
K132N,TP53,132,1,-6.582984924316406,6.582984924316406
K132R,TP53,132,1,-3.2210946083068848,3.2210946083068848
L111P,TP53,111,1,-7.293900012969971,7.293900012969971
L111R,TP53,111,1,-9.94533920288086,9.94533920288086
L111Q,TP53,111,1,-6.761695861816406,6.761695861816406
L194R,TP53,194,1,-8.061101913452148,8.061101913452148
M237K,TP53,237,1,-7.97397518157959,7.97397518157959
N239S,TP53,239,1,-6.501339912414551,6.501339912414551
P151R,TP53,151,1,-7.711610794067383,7.711610794067383
P151A,TP53,151,1,-5.367527008056641,5.367527008056641
P278S,TP53,278,1,-6.974888801574707,6.974888801574707
P278T,TP53,278,1,-7.633898735046387,7.633898735046387
R175G,TP53,175,1,-7.44786262512207,7.44786262512207
R248G,TP53,248,1,-12.881680488586426,12.881680488586426
R273L,TP53,273,1,-10.157873153686523,10.157873153686523
R273S,TP53,273,1,-10.27606201171875,10.27606201171875
R282P,TP53,282,1,-8.617464065551758,8.617464065551758
S241Y,TP53,241,1,-9.429040908813477,9.429040908813477
S241A,TP53,241,1,-5.578428268432617,5.578428268432617
T125R,TP53,125,1,-6.507230281829834,6.507230281829834
V173L,TP53,173,1,-3.975162982940674,3.975162982940674
Y163H,TP53,163,1,-3.7445871829986572,3.7445871829986572
Y205C,TP53,205,1,-4.612872123718262,4.612872123718262
Y205H,TP53,205,1,-3.315284252166748,3.315284252166748
Y205D,TP53,205,1,-3.21142578125,3.21142578125
Y220H,TP53,220,1,-4.712820053100586,4.712820053100586
Y234H,TP53,234,1,-3.1814632415771484,3.1814632415771484
Y234N,TP53,234,1,-7.960291862487793,7.960291862487793
Y236C,TP53,236,1,-7.776527404785156,7.776527404785156
I177N,STK11,177,1,-16.957881927490234,16.957881927490234
S399F,MYCN,399,0,-7.824431419372559,7.824431419372559
M1V,TP63,1,1,-4.2856597900390625,4.2856597900390625
G173R,TP63,173,1,-9.97765064239502,9.97765064239502
C312Y,TP63,312,1,-16.228483200073242,16.228483200073242
L602P,TP63,602,1,-8.229265213012695,8.229265213012695
P333S,TSC1,333,0,-0.05229496955871582,0.05229496955871582
G599R,TSC1,599,0,-0.032579660415649414,0.032579660415649414
I3412S,BRCA2,3412,0,0.5270707607269287,-0.5270707607269287
Q373H,TSC2,373,1,-0.5108790397644043,0.5108790397644043
G60V,HRAS,60,1,-12.34672737121582,12.34672737121582
V1298M,TSC2,1298,0,-1.5534708499908447,1.5534708499908447
V241I,TSC2,241,0,-0.4981684684753418,0.4981684684753418
G2181R,BRCA2,2181,0,-0.35768580436706543,0.35768580436706543
G2724W,BRCA2,2724,1,-5.348000526428223,5.348000526428223
Y1948D,NF1,1948,1,-0.6998915672302246,0.6998915672302246
C414G,TSC2,414,1,-1.0981903076171875,1.0981903076171875
A623V,TSC2,623,0,-0.31116461753845215,0.31116461753845215
R1204L,NF1,1204,1,1.0216178894042969,-1.0216178894042969
L667R,KIT,667,1,-12.909917831420898,12.909917831420898
G1494R,ALK,1494,0,-0.008996725082397461,0.008996725082397461
S426T,ALK,426,0,-0.6758837699890137,0.6758837699890137
L163R,VHL,163,1,0.17204642295837402,-0.17204642295837402
R653M,APC,653,1,-3.5830090045928955,3.5830090045928955
P1467S,APC,1467,0,0.7832865715026855,-0.7832865715026855
T2813K,APC,2813,0,-0.06138920783996582,0.06138920783996582
I326V,BRAF,326,0,-2.072636604309082,2.072636604309082
M209V,TSC1,209,0,1.0352072715759277,-1.0352072715759277
D510N,TSC1,510,0,-0.5534493923187256,0.5534493923187256
P591L,TSC1,591,0,-0.5600686073303223,0.5600686073303223
G544E,TSC1,544,0,0.08015775680541992,-0.08015775680541992
K121M,TSC1,121,1,-1.7800674438476562,1.7800674438476562
P1140L,TSC1,1140,0,0.0313572883605957,-0.0313572883605957
R87W,CDKN2A,87,1,-1.3918226957321167,1.3918226957321167
L98R,PTEN,98,1,-11.156227111816406,11.156227111816406
R15K,PTEN,15,1,-9.67927074432373,9.67927074432373
Y27C,PTEN,27,1,-11.46233081817627,11.46233081817627
Y155C,PTEN,155,1,-11.960144996643066,11.960144996643066
G1746R,ATM,1746,1,-0.08869385719299316,0.08869385719299316
D2708H,ATM,2708,1,-5.993108749389648,5.993108749389648
A2233V,BRCA2,2233,0,0.11227560043334961,-0.11227560043334961
L2656Q,BRCA2,2656,1,-0.9965734481811523,0.9965734481811523
R656Q,RB1,656,0,-2.63761568069458,2.63761568069458
G38D,RB1,38,0,0.8096175193786621,-0.8096175193786621
V654L,RB1,654,1,2.2707133293151855,-2.2707133293151855
Y828H,BRCA2,828,0,0.0469965934753418,-0.0469965934753418
W2626R,BRCA2,2626,1,2.318511962890625,-2.318511962890625
N248I,TSC2,248,0,-1.1943297386169434,1.1943297386169434
S802G,TSC2,802,0,-0.8787238597869873,0.8787238597869873
H798Y,TSC2,798,0,-0.526559591293335,0.526559591293335
S1364V,TSC2,1364,0,-1.0277916193008423,1.0277916193008423
I39T,TSC2,39,0,1.0304312705993652,-1.0304312705993652
P330L,TSC2,330,0,-1.1208844184875488,1.1208844184875488
S491L,TSC2,491,0,-0.8925595283508301,0.8925595283508301
T1068P,TSC2,1068,1,0.4573631286621094,-0.4573631286621094
R1174W,TSC2,1174,0,-2.019261360168457,2.019261360168457
M1V,NF1,1,1,-5.464516639709473,5.464516639709473
L1504F,TSC2,1504,0,-0.8761169910430908,0.8761169910430908
I1648V,TSC2,1648,0,-0.1708359718322754,0.1708359718322754
C845R,NF1,845,1,0.5822114944458008,-0.5822114944458008
C845Y,NF1,845,1,-0.5731945037841797,0.5731945037841797
T1923R,NF1,1923,1,0.8641574382781982,-0.8641574382781982
C379R,NF1,379,1,-1.943673849105835,1.943673849105835
I1845S,NF1,1845,1,-0.3027350902557373,0.3027350902557373
W2229R,NF1,2229,1,-2.038796901702881,2.038796901702881
K2273M,NF1,2273,1,-1.0867905616760254,1.0867905616760254
G848R,NF1,848,1,-0.1377251148223877,0.1377251148223877
N1154I,NF1,1154,1,-0.27587127685546875,0.27587127685546875
F1884L,NF1,1884,1,0.8074436187744141,-0.8074436187744141
I254V,TP53,254,0,-2.8584656715393066,2.8584656715393066
D186N,TP53,186,0,-0.260805606842041,0.260805606842041
T155N,TP53,155,1,-5.894602298736572,5.894602298736572
R110L,TP53,110,1,-1.406773567199707,1.406773567199707
H41N,BRCA1,41,1,-8.585837364196777,8.585837364196777
G105R,TP53,105,1,-6.508272171020508,6.508272171020508
R1753S,BRCA1,1753,1,-1.995823621749878,1.995823621749878
M384T,TP53,384,0,0.8012580871582031,-0.8012580871582031
K292R,TP53,292,0,-0.3949742317199707,0.3949742317199707
E377Q,BRCA2,377,0,-0.43065571784973145,0.43065571784973145
G1770V,BRCA1,1770,1,-5.328369617462158,5.328369617462158
G30E,VHL,30,0,-0.03522777557373047,0.03522777557373047
I75S,VHL,75,1,-0.4413454532623291,0.4413454532623291
N131K,VHL,131,1,-0.40162134170532227,0.40162134170532227
L184P,VHL,184,1,-2.246178388595581,2.246178388595581
C347F,TP63,347,1,-16.437021255493164,16.437021255493164
A641V,TP63,641,1,-6.933383464813232,6.933383464813232
R1171H,APC,1171,0,0.40434885025024414,-0.40434885025024414
L191P,TSC1,191,1,-7.837712287902832,7.837712287902832
N71S,CDKN2A,71,1,-2.731696844100952,2.731696844100952
G23D,CDKN2A,23,1,-0.758842945098877,0.758842945098877
R15S,PTEN,15,1,-11.99177074432373,11.99177074432373
Y16D,PTEN,16,1,-13.316722869873047,13.316722869873047
P38R,PTEN,38,1,-9.070428848266602,9.070428848266602
L108P,PTEN,108,1,-10.624155044555664,10.624155044555664
L316P,PTEN,316,1,-10.413464546203613,10.413464546203613
Y2080D,ATM,2080,1,-1.239480972290039,1.239480972290039
R467Q,WT1,467,1,-15.41707992553711,15.41707992553711
G2596E,BRCA2,2596,1,0.811830997467041,-0.811830997467041
R2625I,BRCA2,2625,1,-0.6388895511627197,0.6388895511627197
H1620L,TSC2,1620,1,-1.6270837783813477,1.6270837783813477
V1646M,TSC2,1646,1,-4.256625175476074,4.256625175476074
H553R,NF1,553,1,-0.09601688385009766,0.09601688385009766
M1149I,NF1,1149,1,0.8133453130722046,-0.8133453130722046
P34S,BRCA1,34,1,-2.358391761779785,2.358391761779785
E285K,TP53,285,1,-7.446468353271484,7.446468353271484
P250L,TP53,250,1,-9.048934936523438,9.048934936523438
P190L,TP53,190,1,-5.54085636138916,5.54085636138916
T118I,TP53,118,0,-4.193441390991211,4.193441390991211
D176G,STK11,176,1,-11.096672058105469,11.096672058105469
M1R,NF1,1,1,-5.790739059448242,5.790739059448242
R997S,NF1,997,1,0.4980909824371338,-0.4980909824371338
N12T,PTEN,12,1,-5.918025970458984,5.918025970458984
G44D,PTEN,44,1,-11.46517562866211,11.46517562866211
H123Q,PTEN,123,1,-11.64275074005127,11.64275074005127
M134T,PTEN,134,1,-7.729099273681641,7.729099273681641
T202I,PTEN,202,1,-7.591834545135498,7.591834545135498
W274L,PTEN,274,1,-11.471487998962402,11.471487998962402
K581N,APC,581,1,2.295042037963867,-2.295042037963867
R653G,APC,653,1,-3.503246545791626,3.503246545791626
R653K,APC,653,1,-0.8670122623443604,0.8670122623443604
S970T,APC,970,0,-0.691828727722168,0.691828727722168
S1028N,APC,1028,1,-3.2207651138305664,3.2207651138305664
R15T,PTEN,15,1,-13.650200843811035,13.650200843811035
G20V,PTEN,20,1,-10.805614471435547,10.805614471435547
M35T,PTEN,35,1,-11.744913101196289,11.744913101196289
D92A,PTEN,92,1,-13.067122459411621,13.067122459411621
V119L,PTEN,119,1,-7.368398666381836,7.368398666381836
V119F,PTEN,119,1,-10.672781944274902,10.672781944274902
H123D,PTEN,123,1,-17.706844329833984,17.706844329833984
A126V,PTEN,126,1,-11.110494613647461,11.110494613647461
K128N,PTEN,128,1,-12.443279266357422,12.443279266357422
M134I,PTEN,134,1,-7.442355632781982,7.442355632781982
I135K,PTEN,135,1,-18.856483459472656,18.856483459472656
Y155H,PTEN,155,1,-12.772245407104492,12.772245407104492
G165R,PTEN,165,1,-9.270482063293457,9.270482063293457
R173L,PTEN,173,1,-12.885643005371094,12.885643005371094
G251V,PTEN,251,1,-10.063324928283691,10.063324928283691
K254T,PTEN,254,1,-10.45853328704834,10.45853328704834
H272P,PTEN,272,1,-13.013433456420898,13.013433456420898
T277R,PTEN,277,1,-12.819601058959961,12.819601058959961
V84M,VHL,84,1,-1.3099448680877686,1.3099448680877686
L118P,VHL,118,1,-1.2247796058654785,1.2247796058654785
L118R,VHL,118,1,-0.21040964126586914,0.21040964126586914
T133P,VHL,133,1,0.48972058296203613,-0.48972058296203613
I151T,VHL,151,1,0.5222978591918945,-0.5222978591918945
R167P,VHL,167,1,-1.0517792701721191,1.0517792701721191
L178P,VHL,178,1,-0.727503776550293,0.727503776550293
S127N,RB1,127,1,-0.5750389099121094,0.5750389099121094
S127T,RB1,127,1,-0.561082124710083,0.561082124710083
D286G,RB1,286,1,-2.413116455078125,2.413116455078125
D394N,RB1,394,0,1.7388980388641357,-1.7388980388641357
G449R,RB1,449,1,-8.807710647583008,8.807710647583008
Q702R,RB1,702,1,-9.169384002685547,9.169384002685547
G334W,TP53,334,1,-11.629158020019531,11.629158020019531
N310K,TP53,310,0,0.19054079055786133,-0.19054079055786133
P295S,TP53,295,0,1.1081335544586182,-1.1081335544586182
R267P,TP53,267,1,-10.083723068237305,10.083723068237305
N131I,TP53,131,1,-7.672612190246582,7.672612190246582
L130P,TP53,130,1,-7.313762664794922,7.313762664794922
G105S,TP53,105,1,-4.78364372253418,4.78364372253418
D237H,STK11,237,1,-13.181046485900879,13.181046485900879
R304P,STK11,304,1,-14.218153953552246,14.218153953552246
K615N,NF1,615,1,-0.18375015258789062,0.18375015258789062
L691P,NF1,691,1,-2.5676238536834717,2.5676238536834717
C709R,NF1,709,1,-1.7410461902618408,1.7410461902618408
L1015P,NF1,1015,1,-4.85945987701416,4.85945987701416
Q1447P,NF1,1447,1,-3.161571741104126,3.161571741104126
D1644Y,NF1,1644,1,-5.079475402832031,5.079475402832031
K1771E,NF1,1771,1,-0.45574116706848145,0.45574116706848145
P2101R,NF1,2101,1,-1.1125447750091553,1.1125447750091553
G23C,CDKN2A,23,1,-5.345126152038574,5.345126152038574
G23S,CDKN2A,23,1,-4.107460975646973,4.107460975646973
G173V,TP63,173,1,-10.507588386535645,10.507588386535645
I49S,CDKN2A,49,1,-3.958364486694336,3.958364486694336
R2832L,ATM,2832,1,-3.9370899200439453,3.9370899200439453
V1001E,NF1,1001,1,0.3353242874145508,-0.3353242874145508
L869R,ERBB2,869,1,-5.981288909912109,5.981288909912109
Q1562R,BRCA2,1562,0,-1.509228229522705,1.509228229522705
I171V,BRCA1,171,0,0.0445713996887207,-0.0445713996887207
M1K,BRCA2,1,1,-4.850615978240967,4.850615978240967
G1696V,BRCA2,1696,1,0.22425460815429688,-0.22425460815429688
A521P,BRCA1,521,0,-0.04104781150817871,0.04104781150817871
K354R,NF1,354,1,-0.1458110809326172,0.1458110809326172
V630E,NF1,630,0,0.30534863471984863,-0.30534863471984863
K798Q,NF1,798,1,-0.0715022087097168,0.0715022087097168
G922S,NF1,922,1,0.6954879760742188,-0.6954879760742188
N957I,NF1,957,1,-0.6113781929016113,0.6113781929016113
F1193S,NF1,1193,1,1.1088178157806396,-1.1088178157806396
D1217E,NF1,1217,1,0.5671429634094238,-0.5671429634094238
N1278K,NF1,1278,1,-0.1964428424835205,0.1964428424835205
K1444Q,NF1,1444,1,-0.38361144065856934,0.38361144065856934
E1458K,NF1,1458,1,-0.7216658592224121,0.7216658592224121
V1468G,NF1,1468,1,-2.3097729682922363,2.3097729682922363
S1500G,NF1,1500,1,-0.6286382675170898,0.6286382675170898
L1511R,NF1,1511,1,-1.7558159828186035,1.7558159828186035
Q1515R,NF1,1515,1,0.296755313873291,-0.296755313873291
K2273N,NF1,2273,1,0.09796786308288574,-0.09796786308288574
L2394R,NF1,2394,1,-5.08632755279541,5.08632755279541
G2397R,NF1,2397,1,-1.0515193939208984,1.0515193939208984
M134R,PTEN,134,1,-17.104881286621094,17.104881286621094
T160I,PTEN,160,1,-10.496039390563965,10.496039390563965
S574N,NF1,574,1,-1.5185182094573975,1.5185182094573975
S574I,NF1,574,1,-0.1262214183807373,0.1262214183807373
L1080P,NF1,1080,1,-2.8693907260894775,2.8693907260894775
H2658Y,NF1,2658,1,0.22770023345947266,-0.22770023345947266
C207Y,APC,207,0,0.35401058197021484,-0.35401058197021484
G2503E,APC,2503,0,-0.8134713172912598,0.8134713172912598
A487S,BRCA2,487,0,1.1668164730072021,-1.1668164730072021
V1497F,BRCA2,1497,0,-0.12157249450683594,0.12157249450683594
T1586I,BRCA2,1586,0,-0.6083946228027344,0.6083946228027344
N1805D,BRCA2,1805,0,-0.9068179130554199,0.9068179130554199
G2168A,BRCA2,2168,0,-0.5062215328216553,0.5062215328216553
L3125F,BRCA2,3125,1,-1.2243306636810303,1.2243306636810303
A3399S,BRCA2,3399,0,1.3510487079620361,-1.3510487079620361
Y1853N,BRCA1,1853,1,-6.512937545776367,6.512937545776367
R1751G,BRCA1,1751,1,-2.0404505729675293,2.0404505729675293
V1687G,BRCA1,1687,1,-10.08602523803711,10.08602523803711
S1125Y,BRCA1,1125,0,-2.5323104858398438,2.5323104858398438
E1013K,BRCA1,1013,0,0.13744854927062988,-0.13744854927062988
S976T,BRCA2,976,0,-0.7718851566314697,0.7718851566314697
S976F,BRCA2,976,0,-1.5924971103668213,1.5924971103668213
G171V,WT1,171,1,-5.180551052093506,5.180551052093506
W2619C,BRCA2,2619,1,1.5006370544433594,-1.5006370544433594
G129V,PTEN,129,1,-12.063129425048828,12.063129425048828
A3122P,BRCA2,3122,1,-3.8773066997528076,3.8773066997528076
F1761C,BRCA1,1761,1,-5.597495079040527,5.597495079040527
F241L,PTEN,241,1,-4.820652008056641,4.820652008056641
Q1189R,NF1,1189,1,0.3078141212463379,-0.3078141212463379
N1223K,ATM,1223,1,0.4890255928039551,-0.4890255928039551
K172N,BRCA2,172,1,-0.42308950424194336,0.42308950424194336
D427E,BRCA2,427,0,0.30434441566467285,-0.30434441566467285
L2732V,BRCA2,2732,0,-0.5659689903259277,0.5659689903259277
A2951S,BRCA2,2951,0,-0.9475929737091064,0.9475929737091064
D1757Y,BRCA1,1757,0,-0.8477656841278076,0.8477656841278076
I90V,BRCA1,90,0,0.4120299816131592,-0.4120299816131592
Y1234C,MET,1234,1,-5.968315124511719,5.968315124511719
L916P,TSC2,916,1,-1.6949443817138672,1.6949443817138672
V1673G,TSC2,1673,1,-4.298105239868164,4.298105239868164
R384G,BRAF,384,0,-9.624993324279785,9.624993324279785
P96L,PTEN,96,1,-11.252401351928711,11.252401351928711
A2622V,ATM,2622,1,-0.7876911163330078,0.7876911163330078
T451P,WT1,451,1,-9.269643783569336,9.269643783569336
C93R,NF1,93,1,-0.9456989765167236,0.9456989765167236
R1066K,NF1,1066,1,0.26111888885498047,-0.26111888885498047
W1236R,NF1,1236,1,2.5314157009124756,-2.5314157009124756
G199V,TP53,199,1,-9.879043579101562,9.879043579101562
W88R,VHL,88,1,1.399034023284912,-1.399034023284912
Q164H,VHL,164,1,-0.6427686214447021,0.6427686214447021
H247Y,TP63,247,1,-8.773553848266602,8.773553848266602
T718A,KIT,718,0,-0.771665096282959,0.771665096282959
S1028I,APC,1028,1,-5.324888706207275,5.324888706207275
S1015A,MET,1015,0,-1.001417636871338,1.001417636871338
S1102T,TSC1,1102,0,-1.0409470796585083,1.0409470796585083
G1089A,TSC1,1089,0,0.2582521438598633,-0.2582521438598633
H71Q,TSC1,71,0,0.559396505355835,-0.559396505355835
H93P,PTEN,93,1,-14.786736488342285,14.786736488342285
A126T,PTEN,126,1,-12.1152982711792,12.1152982711792
D92Y,PTEN,92,1,-13.020613670349121,13.020613670349121
R248L,ATM,248,1,-0.7164881229400635,0.7164881229400635
M198K,PTEN,198,1,-14.409997940063477,14.409997940063477
H470Y,WT1,470,1,-20.27130889892578,20.27130889892578
R3052L,BRCA2,3052,1,0.8637347221374512,-0.8637347221374512
E287D,RB1,287,1,0.643844723701477,-0.643844723701477
L819V,RB1,819,0,-1.6142281293869019,1.6142281293869019
H962Y,BRCA2,962,0,-0.6156935691833496,0.6156935691833496
L229F,RB1,229,0,-0.5864629745483398,0.5864629745483398
G540V,RB1,540,0,-1.0326976776123047,1.0326976776123047
D36N,RB1,36,0,-1.5759162902832031,1.5759162902832031
M386V,RB1,386,0,0.6410079002380371,-0.6410079002380371
H600Y,TSC2,600,0,-0.4153096675872803,0.4153096675872803
G1654S,TSC2,1654,0,0.561729907989502,-0.561729907989502
S1799P,TSC2,1799,0,-1.1928062438964844,1.1928062438964844
Q613H,TSC2,613,1,-0.8202126026153564,0.8202126026153564
Q1503R,TSC2,1503,1,0.4020259380340576,-0.4020259380340576
G1190D,NF1,1190,1,0.08878970146179199,-0.08878970146179199
K1290N,NF1,1290,1,-0.5521807670593262,0.5521807670593262
L691R,NF1,691,1,-1.2311785221099854,1.2311785221099854
T780R,NF1,780,1,0.0020973682403564453,-0.0020973682403564453
I965R,NF1,965,1,-2.514507293701172,2.514507293701172
W1048G,NF1,1048,1,0.4708428382873535,-0.4708428382873535
L43P,NF1,43,1,-1.4801478385925293,1.4801478385925293
L380P,NF1,380,1,-6.230010509490967,6.230010509490967
H1143Y,NF1,1143,1,-0.5776569843292236,0.5776569843292236
M1461K,NF1,1461,1,0.7325947284698486,-0.7325947284698486
G244A,TP53,244,1,-6.025601387023926,6.025601387023926
S1420P,NF1,1420,1,-1.907928228378296,1.907928228378296
A159V,TP53,159,1,-5.306307315826416,5.306307315826416
N1451I,NF1,1451,1,-3.834627389907837,3.834627389907837
A846D,NF1,846,1,-0.6092708110809326,0.6092708110809326
R997M,NF1,997,1,-1.3703293800354004,1.3703293800354004
L1780Q,BRCA1,1780,1,-5.968857288360596,5.968857288360596
E2143K,NF1,2143,1,-1.092951774597168,1.092951774597168
V1093M,NF1,1093,1,-0.8029179573059082,0.8029179573059082
L1223F,BRCA1,1223,0,-0.8477988243103027,0.8477988243103027
V1182F,NF1,1182,1,-0.614802360534668,0.614802360534668
R1412G,NF1,1412,1,0.46416163444519043,-0.46416163444519043
K2823N,NF1,2823,0,-0.8481173515319824,0.8481173515319824
C64S,BRCA1,64,1,-9.883094787597656,9.883094787597656
P177R,TP53,177,1,-6.546415328979492,6.546415328979492
L101P,VHL,101,1,-0.2051001787185669,0.2051001787185669
L163F,VHL,163,1,-1.1899373531341553,1.1899373531341553
P154S,VHL,154,1,-0.599942684173584,0.599942684173584
N248S,APC,248,0,1.3421839475631714,-1.3421839475631714
T496I,APC,496,0,-1.382150650024414,1.382150650024414
E74K,APC,74,1,0.12283468246459961,-0.12283468246459961
G637R,APC,637,1,-1.4198439121246338,1.4198439121246338
G861S,APC,861,0,0.7473700046539307,-0.7473700046539307
G1203V,APC,1203,0,0.7208309173583984,-0.7208309173583984
D107Y,PTEN,107,1,-9.877967834472656,9.877967834472656
V166E,PTEN,166,1,-12.609750747680664,12.609750747680664
V253E,RET,253,0,1.0562129020690918,-1.0562129020690918
M1V,PTEN,1,1,-8.665395736694336,8.665395736694336
R142P,PTEN,142,1,-8.238409042358398,8.238409042358398
L345P,PTEN,345,1,-12.660078048706055,12.660078048706055
G36E,PTEN,36,1,-12.019811630249023,12.019811630249023
V119G,PTEN,119,1,-12.198028564453125,12.198028564453125
I253N,PTEN,253,1,-12.948060989379883,12.948060989379883
F582L,ATM,582,0,0.8420770168304443,-0.8420770168304443
M2239I,ATM,2239,0,0.7251341342926025,-0.7251341342926025
K2717R,ATM,2717,1,-4.3834309577941895,4.3834309577941895
L2452P,ATM,2452,1,-1.6475181579589844,1.6475181579589844
Q2637R,ATM,2637,0,0.03614044189453125,-0.03614044189453125
V3005I,ATM,3005,0,-1.335451602935791,1.335451602935791
N2370S,ATM,2370,0,0.44097352027893066,-0.44097352027893066
S599F,BRCA2,599,0,-0.9565060138702393,0.9565060138702393
N801K,BRCA2,801,0,0.37114477157592773,-0.37114477157592773
D156E,BRCA2,156,0,0.529151439666748,-0.529151439666748
Y1751S,BRCA2,1751,0,1.4450974464416504,-1.4450974464416504
Y2567H,BRCA2,2567,0,-0.3575093746185303,0.3575093746185303
E2599G,BRCA2,2599,1,-0.8374629020690918,0.8374629020690918
Q2749E,BRCA2,2749,0,-0.9612263441085815,0.9612263441085815
E2772V,BRCA2,2772,0,0.06511545181274414,-0.06511545181274414
A2780D,BRCA2,2780,1,0.2902967929840088,-0.2902967929840088
L1384V,BRCA2,1384,0,-0.2971343994140625,0.2971343994140625
L2862Q,BRCA2,2862,0,-0.0028967857360839844,0.0028967857360839844
N3024D,BRCA2,3024,0,-0.3154892921447754,0.3154892921447754
V358M,BRCA2,358,0,-1.0692811012268066,1.0692811012268066
S2546P,BRCA2,2546,0,3.6716461181640625e-05,-3.6716461181640625e-05
Y2789F,BRCA2,2789,0,0.5214071273803711,-0.5214071273803711
L2792R,BRCA2,2792,1,0.19727492332458496,-0.19727492332458496
N3337D,BRCA2,3337,0,0.5362889766693115,-0.5362889766693115
A145T,TSC2,145,0,-0.7700574398040771,0.7700574398040771
Y1480H,BRCA2,1480,0,0.3104228973388672,-0.3104228973388672
E929K,TSC2,929,0,-0.33795762062072754,0.33795762062072754
K2674N,BRCA2,2674,0,-0.5301909446716309,0.5301909446716309
T2722A,BRCA2,2722,1,-2.3310751914978027,2.3310751914978027
T2880I,BRCA2,2880,0,0.3948345184326172,-0.3948345184326172
R320Q,RB1,320,0,0.471113920211792,-0.471113920211792
R160K,NF1,160,1,0.4364302158355713,-0.4364302158355713
L578P,NF1,578,1,-4.177587032318115,4.177587032318115
K1457R,NF1,1457,1,-0.640592098236084,0.640592098236084
Q1447K,NF1,1447,1,-3.157224655151367,3.157224655151367
L1915P,NF1,1915,1,-3.347236156463623,3.347236156463623
D1739H,BRCA1,1739,1,-1.793048620223999,1.793048620223999
V1719G,BRCA1,1719,1,-6.032570838928223,6.032570838928223
T1684A,BRCA1,1684,0,-2.7794911861419678,2.7794911861419678
T1312S,BRCA1,1312,0,0.7940309047698975,-0.7940309047698975
L413V,BRCA1,413,0,-0.46242666244506836,0.46242666244506836
E736G,BRCA1,736,0,-1.1675496101379395,1.1675496101379395
D1067V,NF1,1067,0,0.7314214706420898,-0.7314214706420898
C27F,BRCA1,27,1,-9.184488296508789,9.184488296508789
F385L,TP53,385,0,1.0371742248535156,-1.0371742248535156
A307G,TP53,307,0,-0.9796488285064697,0.9796488285064697
R283P,TP53,283,1,-8.185798645019531,8.185798645019531
M246K,TP53,246,1,-7.985694408416748,7.985694408416748
T1640A,BRCA1,1640,0,-0.09156370162963867,0.09156370162963867
M246I,TP53,246,1,-3.976848602294922,3.976848602294922
V143G,TP53,143,1,-9.3012113571167,9.3012113571167
H178D,TP53,178,1,-7.013345718383789,7.013345718383789
L2068S,ATM,2068,1,-1.5506007671356201,1.5506007671356201
S2670W,BRCA2,2670,1,-2.071241617202759,2.071241617202759
V2652G,BRCA2,2652,1,-1.2158641815185547,1.2158641815185547
R99P,CDKN2A,99,1,-6.660626411437988,6.660626411437988
K1192N,ATM,1192,1,-0.5710465908050537,0.5710465908050537
Y2884F,BRCA2,2884,0,0.5421848297119141,-0.5421848297119141
R2849P,ATM,2849,1,-10.178464889526367,10.178464889526367
I50T,PTEN,50,1,-7.0006327629089355,7.0006327629089355
P96R,PTEN,96,1,-14.942007064819336,14.942007064819336
S106R,TP53,106,1,-4.087841033935547,4.087841033935547
G93D,VHL,93,1,-0.9441249370574951,0.9441249370574951
T105P,VHL,105,1,-0.3485605716705322,0.3485605716705322
Q132P,VHL,132,1,0.5772197246551514,-0.5772197246551514
F119L,VHL,119,1,1.00150465965271,-1.00150465965271
S80R,VHL,80,1,0.356142520904541,-0.356142520904541
V130F,VHL,130,1,-0.6355266571044922,0.6355266571044922
N131S,VHL,131,1,0.6484236717224121,-0.6484236717224121
C162R,VHL,162,1,1.1578471660614014,-1.1578471660614014
H115Q,VHL,115,1,0.42604851722717285,-0.42604851722717285
F136S,VHL,136,1,0.13263893127441406,-0.13263893127441406
S474I,RB1,474,1,-3.4689860343933105,3.4689860343933105
P365A,MYCN,365,0,-1.4596099853515625,1.4596099853515625
S526F,TSC1,526,0,-1.692568302154541,1.692568302154541
L1276V,BRCA1,1276,0,-0.5833020210266113,0.5833020210266113
P1370S,TSC2,1370,0,1.1475074291229248,-1.1475074291229248
D559N,BRCA2,559,0,0.1899409294128418,-0.1899409294128418
S167F,TP63,167,1,-14.36058521270752,14.36058521270752
L525Q,BRAF,525,1,-14.668939590454102,14.668939590454102
R1325M,NF1,1325,1,-0.45244383811950684,0.45244383811950684
H420P,WT1,420,1,-12.979301452636719,12.979301452636719
H93N,PTEN,93,1,-14.316816329956055,14.316816329956055
R1412T,NF1,1412,1,0.5632908344268799,-0.5632908344268799
E296K,ALK,296,0,-0.43463945388793945,0.43463945388793945
V126A,ALK,126,0,0.4002354145050049,-0.4002354145050049
R167L,VHL,167,1,-0.5137877464294434,0.5137877464294434
R82L,VHL,82,1,-0.11002993583679199,0.11002993583679199
P154A,VHL,154,1,-0.8185794353485107,0.8185794353485107
D355N,TP63,355,1,-11.941804885864258,11.941804885864258
G600D,TP63,600,1,-9.77099609375,9.77099609375
I247V,MET,247,0,0.4296817183494568,-0.4296817183494568
G344R,MET,344,0,-7.016000270843506,7.016000270843506
M425V,TSC1,425,0,1.0138685703277588,-1.0138685703277588
I580V,TSC1,580,0,0.7172055244445801,-0.7172055244445801
Y68D,PTEN,68,1,-15.639787673950195,15.639787673950195
K267N,PTEN,267,1,-8.536971092224121,8.536971092224121
L152P,PTEN,152,1,-10.682897567749023,10.682897567749023
P1785H,ATM,1785,0,-1.2424230575561523,1.2424230575561523
S114L,RB1,114,0,-0.44318532943725586,0.44318532943725586
K1944E,BRCA2,1944,0,0.021378755569458008,-0.021378755569458008
Q444H,RB1,444,1,-4.2453694343566895,4.2453694343566895
I1258R,BRCA2,1258,0,-1.194561243057251,1.194561243057251
E737D,RB1,737,1,-0.8125232458114624,0.8125232458114624
S888N,RB1,888,1,-0.49497342109680176,0.49497342109680176
P1675Q,TSC2,1675,1,-0.16685271263122559,0.16685271263122559
T147K,TSC2,147,1,-0.44583749771118164,0.44583749771118164
E787D,TSC2,787,1,-0.42421722412109375,0.42421722412109375
Y1571H,TSC2,1571,1,-0.6668195724487305,0.6668195724487305
M895R,NF1,895,1,-0.9453022480010986,0.9453022480010986
L929R,NF1,929,1,-1.861219048500061,1.861219048500061
S2018R,NF1,2018,1,-1.2455785274505615,1.2455785274505615
I826V,NF1,826,0,0.5474789142608643,-0.5474789142608643
P1084S,NF1,1084,1,0.7839016914367676,-0.7839016914367676
M1149V,NF1,1149,1,0.8043123483657837,-0.8043123483657837
N1156K,NF1,1156,1,0.032480716705322266,-0.032480716705322266
L933P,NF1,933,1,-2.76438570022583,2.76438570022583
V1419D,NF1,1419,1,-2.4157485961914062,2.4157485961914062
H1686Y,BRCA1,1686,1,-6.816555976867676,6.816555976867676
D1644H,NF1,1644,1,-5.43165922164917,5.43165922164917
M18R,BRCA1,18,1,-3.5090181827545166,3.5090181827545166
H1746D,BRCA1,1746,1,-0.47971177101135254,0.47971177101135254
M1215R,NF1,1215,1,0.31726503372192383,-0.31726503372192383
G1788A,BRCA1,1788,1,-5.439504146575928,5.439504146575928
K1457N,NF1,1457,1,-0.17864370346069336,0.17864370346069336
I1723T,BRCA1,1723,0,-2.99440336227417,2.99440336227417
T2135I,NF1,2135,1,-0.7980523109436035,0.7980523109436035
A2274S,NF1,2274,1,-0.09315824508666992,0.09315824508666992
R158L,TP53,158,1,-8.697282791137695,8.697282791137695
L140P,STK11,140,1,-11.551780700683594,11.551780700683594
I1171T,ALK,1171,1,-3.8252196311950684,3.8252196311950684
T2722I,BRCA2,2722,1,-2.772249698638916,2.772249698638916
K1286N,BRCA2,1286,0,0.1093130111694336,-0.1093130111694336
A533D,KIT,533,1,-10.603609085083008,10.603609085083008
D469Y,WT1,469,1,-14.984122276306152,14.984122276306152
S65P,VHL,65,1,0.8149573802947998,-0.8149573802947998
Y155S,PTEN,155,1,-15.43156623840332,15.43156623840332
H1640R,TSC2,1640,1,-5.624630928039551,5.624630928039551
W223R,NF1,223,1,0.5301070213317871,-0.5301070213317871
A320D,NF1,320,1,-2.6377739906311035,2.6377739906311035
A330V,NF1,330,1,-0.17663979530334473,0.17663979530334473
L929P,NF1,929,1,-2.2340455055236816,2.2340455055236816
L1196V,NF1,1196,1,-0.2423098087310791,0.2423098087310791
L1411V,NF1,1411,1,-0.04245281219482422,0.04245281219482422
K1529R,NF1,1529,1,-0.12087655067443848,0.12087655067443848
K2307N,NF1,2307,1,-0.48714399337768555,0.48714399337768555
D2597Y,ATM,2597,1,-0.45081663131713867,0.45081663131713867
D1547N,BRCA2,1547,0,0.045278310775756836,-0.045278310775756836
V1775L,BRCA2,1775,0,0.5409069061279297,-0.5409069061279297
K1025R,BRCA2,1025,0,-1.2741413116455078,1.2741413116455078
R287Q,RET,287,1,-0.4637737274169922,0.4637737274169922
V290K,PTEN,290,1,-0.7143251895904541,0.7143251895904541
H115P,VHL,115,1,0.2965118885040283,-0.2965118885040283
V1627D,NF1,1627,1,-0.7787590026855469,0.7787590026855469
E2214D,NF1,2214,1,-0.5513155460357666,0.5513155460357666
S483N,WT1,483,1,-10.613698959350586,10.613698959350586
G93V,VHL,93,1,-0.9895310401916504,0.9895310401916504
G114S,VHL,114,1,-0.844046950340271,0.844046950340271
L158V,VHL,158,1,-0.5448122024536133,0.5448122024536133
K232E,TP63,232,1,-12.356290817260742,12.356290817260742
A621T,KIT,621,1,-13.335782051086426,13.335782051086426
S111C,VHL,111,1,-1.004148006439209,1.004148006439209
R191W,MET,191,0,-3.129641532897949,3.129641532897949
M23K,BRAF,23,0,-10.861879348754883,10.861879348754883
P166H,TP63,166,1,-9.967916488647461,9.967916488647461
A1026S,TSC1,1026,0,2.156027317047119,-2.156027317047119
L1045V,TSC1,1045,0,-0.1419849395751953,0.1419849395751953
T52I,RB1,52,0,-0.13504552841186523,0.13504552841186523
D92G,PTEN,92,1,-11.18490219116211,11.18490219116211
Y177C,PTEN,177,1,-8.76028823852539,8.76028823852539
D252V,PTEN,252,1,-11.802769660949707,11.802769660949707
T277A,PTEN,277,1,-7.045197486877441,7.045197486877441
D310G,PTEN,310,1,-0.26073598861694336,0.26073598861694336
Q443H,TSC2,443,0,-0.8216218948364258,0.8216218948364258
S1147F,TSC2,1147,0,-2.1236071586608887,2.1236071586608887
A1164T,TSC2,1164,0,-0.9774532318115234,0.9774532318115234
I1537T,TSC2,1537,0,-0.25519800186157227,0.25519800186157227
H2623Y,BRCA2,2623,1,-0.30927562713623047,0.30927562713623047
T12S,RB1,12,0,-0.29954075813293457,0.29954075813293457
L218V,RB1,218,1,-3.6670644283294678,3.6670644283294678
D186V,NF1,186,1,1.3200492858886719,-1.3200492858886719
E244K,NF1,244,1,-0.0808553695678711,0.0808553695678711
R997T,NF1,997,1,-0.10788750648498535,0.10788750648498535
M1214R,NF1,1214,1,1.011791706085205,-1.011791706085205
N1415K,NF1,1415,1,-1.6678290367126465,1.6678290367126465
N1451D,NF1,1451,1,-3.0238096714019775,3.0238096714019775
R2349G,NF1,2349,0,0.3296167850494385,-0.3296167850494385
H41Y,BRCA1,41,1,-8.384661674499512,8.384661674499512
H178Q,TP53,178,1,-3.9764463901519775,3.9764463901519775
N181E,STK11,181,1,-14.9688720703125,14.9688720703125
V1146F,NF1,1146,1,-0.9814939498901367,0.9814939498901367
K1457Q,NF1,1457,1,-0.4928464889526367,0.4928464889526367
L847R,NF1,847,1,-1.8990418910980225,1.8990418910980225
R873G,NF1,873,1,-0.24051296710968018,0.24051296710968018
V2603I,NF1,2603,0,-0.1216726303100586,0.1216726303100586
W1314R,NF1,1314,0,1.1406664848327637,-1.1406664848327637
G242R,STK11,242,1,-11.855321884155273,11.855321884155273
Q373R,TSC2,373,1,-0.3513460159301758,0.3513460159301758
V709F,TSC2,709,1,-0.8884419202804565,0.8884419202804565
N1667S,TSC2,1667,0,0.5081875324249268,-0.5081875324249268
A1716P,NF1,1716,0,-2.178562641143799,2.178562641143799
V592I,EGFR,592,0,-1.7385940551757812,1.7385940551757812
G751R,NF1,751,1,0.30257534980773926,-0.30257534980773926
S240G,TP53,240,1,-7.25184440612793,7.25184440612793
M1030R,TSC2,1030,1,-0.3849959373474121,0.3849959373474121
K354N,NF1,354,1,-0.4162321090698242,0.4162321090698242
E41V,NF1,41,1,-1.2417397499084473,1.2417397499084473
P798A,BRCA1,798,0,0.3211503028869629,-0.3211503028869629
F147S,RET,147,1,0.4632120132446289,-0.4632120132446289
V202L,RET,202,1,0.02420949935913086,-0.02420949935913086
R161G,VHL,161,1,-0.22922301292419434,0.22922301292419434
V255E,PTEN,255,1,-15.640127182006836,15.640127182006836
H474P,WT1,474,1,-16.9143123626709,16.9143123626709
N78H,VHL,78,1,-0.04664802551269531,0.04664802551269531
N78D,VHL,78,1,0.44289708137512207,-0.44289708137512207
S80I,VHL,80,1,-0.48737621307373047,0.48737621307373047
F91V,VHL,91,0,1.562798023223877,-1.562798023223877
V166D,VHL,166,1,-1.5006382465362549,1.5006382465362549
V170D,VHL,170,1,-0.3145780563354492,0.3145780563354492
L178Q,VHL,178,1,-0.8626890182495117,0.8626890182495117
L178R,VHL,178,1,-0.12349581718444824,0.12349581718444824
L188Q,VHL,188,1,-2.2672667503356934,2.2672667503356934
L188P,VHL,188,1,-0.7518607378005981,0.7518607378005981
E166Q,ATM,166,1,-0.65673828125,0.65673828125
S79G,APC,79,0,-0.7965013980865479,0.7965013980865479
T3413I,BRCA2,3413,0,0.13583087921142578,-0.13583087921142578
W1718G,BRCA1,1718,1,-10.048052787780762,10.048052787780762
V1714F,BRCA1,1714,1,-7.113083362579346,7.113083362579346
H971R,BRCA1,971,0,0.8205580711364746,-0.8205580711364746
S111G,VHL,111,1,0.021501779556274414,-0.021501779556274414
R280S,TP53,280,1,-11.075996398925781,11.075996398925781
R273G,TP53,273,1,-10.205782890319824,10.205782890319824
I232S,TP53,232,1,-9.460693359375,9.460693359375
C176R,TP53,176,1,-10.410022735595703,10.410022735595703
R156P,TP53,156,1,-1.8872723579406738,1.8872723579406738
F113C,TP53,113,1,-6.814854145050049,6.814854145050049
F109C,TP53,109,1,-6.573973655700684,6.573973655700684
C71L,PTEN,71,1,-11.096233367919922,11.096233367919922
W777G,NF1,777,1,1.3117070198059082,-1.3117070198059082
A481K,BRAF,481,1,-15.74035930633545,15.74035930633545
H115R,VHL,115,1,1.0132691860198975,-1.0132691860198975
P154L,VHL,154,1,-1.2078993320465088,1.2078993320465088
N246K,TP63,246,1,-9.992006301879883,9.992006301879883
C312F,TP63,312,1,-17.61102867126465,17.61102867126465
R318C,TP63,318,1,-13.588033676147461,13.588033676147461
F565V,TP63,565,1,-9.126944541931152,9.126944541931152
K509I,KIT,509,1,0.20252776145935059,-0.20252776145935059
Q542H,APC,542,1,-0.7538080215454102,0.7538080215454102
A366P,BRAF,366,1,-11.03866958618164,11.03866958618164
W347R,TSC1,347,0,2.4708902835845947,-2.4708902835845947
L16P,CDKN2A,16,1,-6.07990837097168,6.07990837097168
K6E,PTEN,6,1,-12.360746383666992,12.360746383666992
H93Y,PTEN,93,1,-13.272785186767578,13.272785186767578
I101N,PTEN,101,1,-15.03888988494873,15.03888988494873
R159K,PTEN,159,1,-10.935534477233887,10.935534477233887
T2682S,ATM,2682,1,0.6216021776199341,-0.6216021776199341
Q2730P,ATM,2730,1,-9.371113777160645,9.371113777160645
R500Q,WT1,500,1,-15.375950813293457,15.375950813293457
S285N,WT1,285,0,0.017483234405517578,-0.017483234405517578
G60S,HRAS,60,1,-10.264906883239746,10.264906883239746
R320G,RB1,320,0,-1.2543153762817383,1.2543153762817383
I470L,RB1,470,0,-0.2942204475402832,0.2942204475402832
R668C,RB1,668,0,-0.44087982177734375,0.44087982177734375
L511F,TSC2,511,0,-1.243161678314209,1.243161678314209
H855Q,TSC2,855,0,0.15322065353393555,-0.15322065353393555
V1649I,TSC2,1649,0,-0.07070803642272949,0.07070803642272949
M1I,NF1,1,1,-5.958723545074463,5.958723545074463
L58P,NF1,58,1,-2.768308162689209,2.768308162689209
S82P,NF1,82,1,-0.6964931488037109,0.6964931488037109
Q83P,NF1,83,1,0.34796643257141113,-0.34796643257141113
A138P,NF1,138,1,-4.459591388702393,4.459591388702393
L194P,NF1,194,1,-0.8335390090942383,0.8335390090942383
K263E,NF1,263,1,0.2695162296295166,-0.2695162296295166
L447P,NF1,447,1,-2.6520261764526367,2.6520261764526367
E775D,NF1,775,1,-0.4868428707122803,0.4868428707122803
L792H,NF1,792,1,-2.0822219848632812,2.0822219848632812
R997K,NF1,997,1,-0.051271915435791016,0.051271915435791016
M1035K,NF1,1035,1,0.33476948738098145,-0.33476948738098145
M1149T,NF1,1149,1,-0.7462966442108154,0.7462966442108154
G1166S,NF1,1166,1,0.6302509307861328,-0.6302509307861328
G1190S,NF1,1190,1,0.7152993679046631,-0.7152993679046631
W1258R,NF1,1258,1,1.693507194519043,-1.693507194519043
Q1447E,NF1,1447,1,-2.6956357955932617,2.6956357955932617
D1644N,NF1,1644,1,-4.321841239929199,4.321841239929199
N1683K,NF1,1683,1,-0.9885165691375732,0.9885165691375732
L2461F,NF1,2461,0,-1.1902694702148438,1.1902694702148438
C1787Y,BRCA1,1787,1,-5.091691017150879,5.091691017150879
I492V,BRCA1,492,0,0.1221320629119873,-0.1221320629119873
C47R,BRCA1,47,1,-10.305506706237793,10.305506706237793
C44W,BRCA1,44,1,-12.87950611114502,12.87950611114502
C24W,BRCA1,24,1,-11.153542518615723,11.153542518615723
C24G,BRCA1,24,1,-10.881361961364746,10.881361961364746
C24S,BRCA1,24,1,-8.56013011932373,8.56013011932373
S127Y,TP53,127,1,-7.8351521492004395,7.8351521492004395
K483T,BRAF,483,1,-16.17120933532715,16.17120933532715
T470P,BRAF,470,1,-15.727378845214844,15.727378845214844
A34V,BRAF,34,0,-2.9633612632751465,2.9633612632751465
L2929W,BRCA2,2929,0,-2.1360361576080322,2.1360361576080322
L562P,TP63,562,1,-4.926266670227051,4.926266670227051
R287L,RET,287,1,1.2392773628234863,-1.2392773628234863
Q1408H,BRCA1,1408,1,-2.352672815322876,2.352672815322876
M1L,NF1,1,1,-4.766435623168945,4.766435623168945
T841P,NF1,841,1,-0.08696174621582031,0.08696174621582031
F1193L,NF1,1193,1,0.9599542617797852,-0.9599542617797852
L844H,NF1,844,1,-2.641622543334961,2.641622543334961
A846P,NF1,846,1,-2.0779175758361816,2.0779175758361816
R1276L,NF1,1276,1,0.012979984283447266,-0.012979984283447266
C585R,RET,585,1,-1.8576945066452026,1.8576945066452026
P190L,WT1,190,0,-1.588404655456543,1.588404655456543
Y91C,RB1,91,0,-0.0636754035949707,0.0636754035949707
D2736N,NF1,2736,0,0.0644686222076416,-0.0644686222076416
L1033H,ALK,1033,0,-4.3638105392456055,4.3638105392456055
A626T,RB1,626,0,0.10012483596801758,-0.10012483596801758
S758L,RB1,758,0,2.681774377822876,-2.681774377822876
A736V,TSC2,736,0,0.06609249114990234,-0.06609249114990234
A1164S,TSC2,1164,0,-0.1501789093017578,0.1501789093017578
A87T,WT1,87,0,-1.2279906272888184,1.2279906272888184
A1039T,ERBB2,1039,0,-1.275559663772583,1.275559663772583
I225V,TP63,225,0,-2.1842756271362305,2.1842756271362305
T434M,TP63,434,0,-2.795332670211792,2.795332670211792
R669H,TP63,669,0,-4.4014434814453125,4.4014434814453125
P179A,HRAS,179,0,0.36611294746398926,-0.36611294746398926
H59L,TSC1,59,0,0.04293084144592285,-0.04293084144592285
V904I,EGFR,904,0,-1.6402521133422852,1.6402521133422852
A307V,TSC1,307,0,-0.33759236335754395,0.33759236335754395
S1282R,TSC2,1282,0,-0.5883536338806152,0.5883536338806152
E1669K,ATM,1669,1,-1.0757973194122314,1.0757973194122314
H1826N,NF1,1826,1,0.9626367092132568,-0.9626367092132568
R1753G,BRCA1,1753,1,-2.642418384552002,2.642418384552002
M1K,BRCA1,1,1,-6.315178394317627,6.315178394317627
S215F,BRAF,215,1,-13.049845695495605,13.049845695495605
I491T,EGFR,491,0,-0.07402324676513672,0.07402324676513672
T1769K,ATM,1769,0,0.12760543823242188,-0.12760543823242188
D2625E,ATM,2625,1,0.5170302391052246,-0.5170302391052246
A2626P,ATM,2626,1,-1.189239263534546,1.189239263534546
Q3038K,ATM,3038,0,-2.1965065002441406,2.1965065002441406
N856K,BRCA2,856,0,-0.21227788925170898,0.21227788925170898
G2195S,BRCA2,2195,0,1.1791019439697266,-1.1791019439697266
G676A,TSC2,676,0,0.1572052240371704,-0.1572052240371704
L90Q,NF1,90,1,-4.214432716369629,4.214432716369629
D1067Y,NF1,1067,0,-0.09543561935424805,0.09543561935424805
L1068F,NF1,1068,0,-0.9438765048980713,0.9438765048980713
V143A,TP53,143,1,-4.753223419189453,4.753223419189453
L474S,BRCA1,474,0,0.12351655960083008,-0.12351655960083008
I597T,TP63,597,1,-9.042160034179688,9.042160034179688
G175C,WT1,175,1,-2.975721836090088,2.975721836090088
D2632G,NF1,2632,1,-0.8051784038543701,0.8051784038543701
A2912T,BRCA2,2912,0,0.19984769821166992,-0.19984769821166992
Q427H,WT1,427,1,-6.714473247528076,6.714473247528076
E46K,VHL,46,0,-4.64381217956543,4.64381217956543
F76I,VHL,76,1,0.21977710723876953,-0.21977710723876953
V155L,VHL,155,1,0.27709436416625977,-0.27709436416625977
K159E,VHL,159,1,1.2156734466552734,-1.2156734466552734
I357T,APC,357,0,-0.18553662300109863,0.18553662300109863
A29V,MET,29,0,0.6704657077789307,-0.6704657077789307
K121N,TSC1,121,1,0.0443422794342041,-0.0443422794342041
G23R,CDKN2A,23,1,-4.674305438995361,4.674305438995361
C634L,RET,634,1,-0.22869491577148438,0.22869491577148438
I880V,RET,880,0,0.9795103073120117,-0.9795103073120117
A34P,PTEN,34,1,-13.584061622619629,13.584061622619629
P38L,PTEN,38,1,-10.090119361877441,10.090119361877441
I101T,PTEN,101,1,-7.589536666870117,7.589536666870117
C124S,PTEN,124,1,-13.957000732421875,13.957000732421875
L181P,PTEN,181,1,-12.058540344238281,12.058540344238281
F168Y,ATM,168,0,-1.2244350910186768,1.2244350910186768
L643P,ATM,643,0,-1.427973747253418,1.427973747253418
V849M,ATM,849,0,-0.40128588676452637,0.40128588676452637
D860E,ATM,860,0,-0.005690097808837891,0.005690097808837891
I1022S,ATM,1022,1,-0.8132622241973877,0.8132622241973877
A2368V,ATM,2368,0,-0.15696001052856445,0.15696001052856445
G2765V,ATM,2765,1,-7.9748759269714355,7.9748759269714355
A1193S,BRCA2,1193,0,1.5142381191253662,-1.5142381191253662
Y1716C,BRCA2,1716,0,0.1443793773651123,-0.1443793773651123
P2532A,BRCA2,2532,0,0.06665778160095215,-0.06665778160095215
S2616C,BRCA2,2616,0,-1.7775208950042725,1.7775208950042725
P2639R,BRCA2,2639,0,-0.13289332389831543,0.13289332389831543
R2668S,BRCA2,2668,0,0.31522274017333984,-0.31522274017333984
A2698G,BRCA2,2698,0,0.26535773277282715,-0.26535773277282715
Q2731H,BRCA2,2731,0,0.5180807113647461,-0.5180807113647461
G2743C,BRCA2,2743,0,-0.34519290924072266,0.34519290924072266
L2805I,BRCA2,2805,0,-0.7467234134674072,0.7467234134674072
S2810C,BRCA2,2810,0,-1.6548140048980713,1.6548140048980713
L2865F,BRCA2,2865,0,-1.1109228134155273,1.1109228134155273
E2875D,BRCA2,2875,0,-1.0908830165863037,1.0908830165863037
K2950T,BRCA2,2950,0,-1.8915138244628906,1.8915138244628906
N3124H,BRCA2,3124,0,-1.6486793756484985,1.6486793756484985
P3129T,BRCA2,3129,0,-0.43218231201171875,0.43218231201171875
T3137S,BRCA2,3137,0,0.26039862632751465,-0.26039862632751465
F162Y,RB1,162,0,0.7378635406494141,-0.7378635406494141
A188V,RB1,188,0,0.9272050857543945,-0.9272050857543945
Q200H,TSC2,200,0,-0.7609384059906006,0.7609384059906006
R208Q,TSC2,208,0,-0.08803462982177734,0.08803462982177734
P654L,NF1,654,0,1.3013426065444946,-1.3013426065444946
S807N,NF1,807,0,-0.5195322036743164,0.5195322036743164
L995P,NF1,995,1,-1.8170855045318604,1.8170855045318604
A1024S,NF1,1024,0,0.46844935417175293,-0.46844935417175293
L2390W,NF1,2390,1,-2.9513936042785645,2.9513936042785645
V2839L,NF1,2839,0,0.9659442901611328,-0.9659442901611328
T1816R,BRCA1,1816,0,-0.08292913436889648,0.08292913436889648
V1809D,BRCA1,1809,1,-4.687978744506836,4.687978744506836
V1665G,BRCA1,1665,0,-4.204482555389404,4.204482555389404
E1644Q,BRCA1,1644,0,-0.3287167549133301,0.3287167549133301
G1332E,BRCA1,1332,0,0.9415574073791504,-0.9415574073791504
Q94H,BRCA1,94,0,-0.810091495513916,0.810091495513916
C27Y,BRCA1,27,1,-8.519104957580566,8.519104957580566
R7L,BRCA1,7,0,-0.04985523223876953,0.04985523223876953
N263S,TP53,263,0,-1.1898490190505981,1.1898490190505981
T253A,TP53,253,1,-4.871641159057617,4.871641159057617
R181P,TP53,181,1,-8.289289474487305,8.289289474487305
P152R,TP53,152,1,-6.225043773651123,6.225043773651123
P151F,TP53,151,1,-8.755528450012207,8.755528450012207
L130H,TP53,130,1,-6.588935375213623,6.588935375213623
S127T,TP53,127,1,-3.345643997192383,3.345643997192383
R110G,TP53,110,1,0.8108646869659424,-0.8108646869659424
G59D,TP53,59,0,-0.7890701293945312,0.7890701293945312
N29D,TP53,29,0,2.1441538333892822,-2.1441538333892822
D237E,STK11,237,1,-10.745837211608887,10.745837211608887
H379P,STK11,379,0,0.9541325569152832,-0.9541325569152832
V170L,VHL,170,1,0.6300384998321533,-0.6300384998321533
P81L,CDKN2A,81,1,-3.891256809234619,3.891256809234619
G55D,CDKN2A,55,1,-0.9149357080459595,0.9149357080459595
Q1478H,ATM,1478,0,-0.6105759143829346,0.6105759143829346
V875L,BRCA2,875,0,0.47856807708740234,-0.47856807708740234
E70Q,VHL,70,1,-0.10181379318237305,0.10181379318237305
W117G,VHL,117,1,0.6452593803405762,-0.6452593803405762
R200L,VHL,200,1,-0.5648894309997559,0.5648894309997559
A354E,TP63,354,1,-9.604911804199219,9.604911804199219
G1189A,EGFR,1189,0,-0.24872899055480957,0.24872899055480957
D1146H,TSC1,1146,0,0.07466840744018555,-0.07466840744018555
D605V,TSC1,605,0,-0.7395060062408447,0.7395060062408447
H433Q,TSC1,433,0,0.1581716537475586,-0.1581716537475586
T415I,TSC1,415,0,-0.8841581344604492,0.8841581344604492
V42E,TSC1,42,1,-2.8399863243103027,2.8399863243103027
K13Q,PTEN,13,1,-9.068004608154297,9.068004608154297
K128R,PTEN,128,1,-9.019636154174805,9.019636154174805
G132S,PTEN,132,1,-12.823359489440918,12.823359489440918
Q171E,PTEN,171,1,-8.4517240524292,8.4517240524292
D326G,PTEN,326,1,-10.068631172180176,10.068631172180176
A20G,ATM,20,1,-0.22463560104370117,0.22463560104370117
L2780P,ATM,2780,1,-6.471906661987305,6.471906661987305
P254T,WT1,254,0,-3.0654871463775635,3.0654871463775635
K2446E,BRCA2,2446,0,0.26621222496032715,-0.26621222496032715
L104P,TSC2,104,1,-3.731031894683838,3.731031894683838
S322L,TSC2,322,0,1.4040921926498413,-1.4040921926498413
P632L,TSC2,632,0,0.8321380615234375,-0.8321380615234375
N633S,TSC2,633,0,1.288325309753418,-1.288325309753418
Y875D,TSC2,875,1,0.4125058650970459,-0.4125058650970459
S1130C,TSC2,1130,0,-4.797348499298096,4.797348499298096
V1312L,TSC2,1312,0,0.08765363693237305,-0.08765363693237305
L90P,NF1,90,1,-4.97836446762085,4.97836446762085
A323D,NF1,323,1,-2.0747580528259277,2.0747580528259277
K476E,NF1,476,1,-0.2772691249847412,0.2772691249847412
K505E,NF1,505,1,0.37053894996643066,-0.37053894996643066
F894S,NF1,894,1,0.10958051681518555,-0.10958051681518555
L898R,NF1,898,1,-3.5949532985687256,3.5949532985687256
R1000P,NF1,1000,1,0.9997196197509766,-0.9997196197509766
N1156T,NF1,1156,1,0.5561485290527344,-0.5561485290527344
L1221R,NF1,1221,1,-0.5287396907806396,0.5287396907806396
S1282R,NF1,1282,1,-0.02538013458251953,0.02538013458251953
R1325K,NF1,1325,1,0.7942450046539307,-0.7942450046539307
E1768D,NF1,1768,0,-0.24469399452209473,0.24469399452209473
I1845T,NF1,1845,1,-0.4839649200439453,0.4839649200439453
S2018N,NF1,2018,1,-0.825615406036377,0.825615406036377
V2391D,NF1,2391,1,-3.736281156539917,3.736281156539917
G1738V,BRCA1,1738,1,-2.590545415878296,2.590545415878296
I254N,TP53,254,1,-9.05288028717041,9.05288028717041
I232N,TP53,232,1,-10.476497650146484,10.476497650146484
R158G,TP53,158,1,-9.941295623779297,9.941295623779297
C132R,STK11,132,1,-9.667553901672363,9.667553901672363
Y1853S,BRCA1,1853,1,-5.851975917816162,5.851975917816162
Y1853H,BRCA1,1853,1,-3.71722674369812,3.71722674369812
E1849K,BRCA1,1849,0,-1.2750444412231445,1.2750444412231445
Q1848R,BRCA1,1848,0,-1.4541237354278564,1.4541237354278564
C1847S,BRCA1,1847,0,-1.3141107559204102,1.3141107559204102
Q1846H,BRCA1,1846,0,-2.1827330589294434,2.1827330589294434
Q1846R,BRCA1,1846,0,-0.8959231376647949,0.8959231376647949
V1842L,BRCA1,1842,0,-2.3411054611206055,2.3411054611206055
S1841I,BRCA1,1841,1,-7.136195659637451,7.136195659637451
P1831L,BRCA1,1831,0,-1.8046363592147827,1.8046363592147827
P1831S,BRCA1,1831,0,-2.658090114593506,2.658090114593506
A1830S,BRCA1,1830,1,-2.760819911956787,2.760819911956787
M1827L,BRCA1,1827,0,1.6348086595535278,-1.6348086595535278
Q1826H,BRCA1,1826,0,-1.5435118675231934,1.5435118675231934
Q1826E,BRCA1,1826,0,-0.5467185974121094,0.5467185974121094
G1825R,BRCA1,1825,0,2.7461657524108887,-2.7461657524108887
I1824N,BRCA1,1824,0,-1.6164298057556152,1.6164298057556152
A1823S,BRCA1,1823,1,0.23303937911987305,-0.23303937911987305
A1823P,BRCA1,1823,1,-1.1489195823669434,1.1489195823669434
D1818N,BRCA1,1818,0,-0.2580223083496094,0.2580223083496094
T1816A,BRCA1,1816,0,-0.030289649963378906,0.030289649963378906
A1814T,BRCA1,1814,0,0.1972360610961914,-0.1972360610961914
D1813E,BRCA1,1813,0,-0.04114341735839844,0.04114341735839844
Q1811P,BRCA1,1811,1,-0.831101655960083,0.831101655960083
L1800I,BRCA1,1800,0,-1.046884536743164,1.046884536743164
F1798I,BRCA1,1798,0,-0.253354549407959,0.253354549407959
L1795R,BRCA1,1795,0,-1.0354881286621094,1.0354881286621094
A1789V,BRCA1,1789,1,-4.97908878326416,4.97908878326416
A1789D,BRCA1,1789,1,-6.238847732543945,6.238847732543945
G1788S,BRCA1,1788,1,-4.247625350952148,4.247625350952148
V1784E,BRCA1,1784,1,-7.1607465744018555,7.1607465744018555
M1783L,BRCA1,1783,0,1.6626336574554443,-1.6626336574554443
Q1779H,BRCA1,1779,0,-0.8739051818847656,0.8739051818847656
M1775V,BRCA1,1775,1,2.1963605880737305,-2.1963605880737305
I1766T,BRCA1,1766,1,-6.045660018920898,6.045660018920898
D1757E,BRCA1,1757,0,0.6209752559661865,-0.6209752559661865
R1753I,BRCA1,1753,1,-3.2290897369384766,3.2290897369384766
A1752E,BRCA1,1752,1,-1.5350756645202637,1.5350756645202637
G1743E,BRCA1,1743,1,-1.2532232999801636,1.2532232999801636
R1737G,BRCA1,1737,0,-1.9685834646224976,1.9685834646224976
V1736F,BRCA1,1736,1,-3.95790958404541,3.95790958404541
H1732D,BRCA1,1732,0,2.2913765907287598,-2.2913765907287598
N1730K,BRCA1,1730,0,-2.781691074371338,2.781691074371338
Q1721H,BRCA1,1721,0,-2.6763651371002197,2.6763651371002197
V1713G,BRCA1,1713,1,-7.17457389831543,7.17457389831543
V1713L,BRCA1,1713,1,-2.404487133026123,2.404487133026123
W1712G,BRCA1,1712,1,-6.66943359375,6.66943359375
K1711N,BRCA1,1711,0,-2.3383097648620605,2.3383097648620605
K1711E,BRCA1,1711,1,-4.997265338897705,4.997265338897705
G1706V,BRCA1,1706,1,-7.8042731285095215,7.8042731285095215
K1702Q,BRCA1,1702,1,-3.443843126296997,3.443843126296997
C1697F,BRCA1,1697,1,-5.964634418487549,5.964634418487549
F1695V,BRCA1,1695,1,1.2464051246643066,-1.2464051246643066
M1689K,BRCA1,1689,1,-2.326204299926758,2.326204299926758
V1688F,BRCA1,1688,1,-4.139963150024414,4.139963150024414
V1687I,BRCA1,1687,0,0.04489469528198242,-0.04489469528198242
H1686D,BRCA1,1686,1,-10.865965843200684,10.865965843200684
T1681A,BRCA1,1681,0,-3.555659055709839,3.555659055709839
T1677S,BRCA1,1677,0,0.8342616558074951,-0.8342616558074951
T1677N,BRCA1,1677,0,-0.043760061264038086,0.043760061264038086
I1674V,BRCA1,1674,0,-1.119211196899414,1.119211196899414
H1673Y,BRCA1,1673,0,-2.1590042114257812,2.1590042114257812
H1673D,BRCA1,1673,0,0.16963624954223633,-0.16963624954223633
F1668V,BRCA1,1668,0,-0.05878114700317383,0.05878114700317383
K1667T,BRCA1,1667,0,-1.834402322769165,1.834402322769165
Y1666N,BRCA1,1666,0,1.3612926006317139,-1.3612926006317139
M1663R,BRCA1,1663,1,1.9459571838378906,-1.9459571838378906
V1653A,BRCA1,1653,0,-2.883535146713257,2.883535146713257
V1653E,BRCA1,1653,1,-7.167320251464844,7.167320251464844
K1648R,BRCA1,1648,0,-0.3213050365447998,0.3213050365447998
K1648T,BRCA1,1648,0,-0.6756927967071533,0.6756927967071533
N1647K,BRCA1,1647,0,1.0242061614990234,-1.0242061614990234
N1647D,BRCA1,1647,0,-0.0720219612121582,0.0720219612121582
V1646D,BRCA1,1646,0,0.034819602966308594,-0.034819602966308594
V1646F,BRCA1,1646,0,-1.0543394088745117,1.0543394088745117
V1646I,BRCA1,1646,0,-0.5862407684326172,0.5862407684326172
T1643S,BRCA1,1643,0,0.5445879697799683,-0.5445879697799683
S1642L,BRCA1,1642,0,-1.0500314235687256,1.0500314235687256
A1641S,BRCA1,1641,0,0.5733213424682617,-0.5733213424682617
L1639F,BRCA1,1639,0,-1.248222827911377,1.248222827911377
E1638V,BRCA1,1638,0,0.08322429656982422,-0.08322429656982422
K1636N,BRCA1,1636,0,-0.26526331901550293,0.26526331901550293
S1633G,BRCA1,1633,0,-1.281489372253418,1.281489372253418
S1631R,BRCA1,1631,0,-1.4574228525161743,1.4574228525161743
T97S,BRCA1,97,0,0.6807525157928467,-0.6807525157928467
D96V,BRCA1,96,1,-1.2379746437072754,1.2379746437072754
D96A,BRCA1,96,1,-0.5629787445068359,0.5629787445068359
L95P,BRCA1,95,1,0.049719810485839844,-0.049719810485839844
L95I,BRCA1,95,0,-0.6498541831970215,0.6498541831970215
T77A,BRCA1,77,0,-0.17046380043029785,0.17046380043029785
E75K,BRCA1,75,0,1.7749799489974976,-1.7749799489974976
R71W,BRCA1,71,1,-3.0602874755859375,3.0602874755859375
N66S,BRCA1,66,0,0.7793774604797363,-0.7793774604797363
Q60H,BRCA1,60,0,-1.4367022514343262,1.4367022514343262
S59A,BRCA1,59,0,-0.9373270273208618,0.9373270273208618
M48I,BRCA1,48,0,3.4386754035949707,-3.4386754035949707
H41D,BRCA1,41,1,-8.368724822998047,8.368724822998047
D40G,BRCA1,40,0,3.6915221214294434,-3.6915221214294434
T37A,BRCA1,37,1,-3.788133144378662,3.788133144378662
V35A,BRCA1,35,1,-2.3050498962402344,2.3050498962402344
P34R,BRCA1,34,1,-7.5059661865234375,7.5059661865234375
E33D,BRCA1,33,0,-1.55080246925354,1.55080246925354
E33K,BRCA1,33,0,-3.4712483882904053,3.4712483882904053
C27W,BRCA1,27,1,-10.31261157989502,10.31261157989502
C27G,BRCA1,27,1,-10.852032661437988,10.852032661437988
C27R,BRCA1,27,1,-8.980273246765137,8.980273246765137
I26M,BRCA1,26,0,-5.630758285522461,5.630758285522461
I21L,BRCA1,21,0,0.8283462524414062,-0.8283462524414062
M18L,BRCA1,18,0,2.4865684509277344,-2.4865684509277344
N16D,BRCA1,16,0,-0.009258747100830078,0.009258747100830078
V14I,BRCA1,14,0,0.23161005973815918,-0.23161005973815918
N13K,BRCA1,13,0,0.2660195827484131,-0.2660195827484131
Q12L,BRCA1,12,0,-1.0215790271759033,1.0215790271759033
V11I,BRCA1,11,0,0.14076852798461914,-0.14076852798461914
L3F,BRCA1,3,0,-0.6526081562042236,0.6526081562042236
D2N,BRCA1,2,0,-1.1674814224243164,1.1674814224243164
A877P,RET,877,1,-10.271344184875488,10.271344184875488
Y2627H,ATM,2627,1,-0.18800759315490723,0.18800759315490723
L1339R,NF1,1339,1,-2.2110605239868164,2.2110605239868164
V167D,WT1,167,1,0.8757679462432861,-0.8757679462432861
M2634I,BRCA2,2634,0,0.5961990356445312,-0.5961990356445312
V157G,TP53,157,1,-8.876138687133789,8.876138687133789
V53A,PTEN,53,1,-10.236305236816406,10.236305236816406
T3411A,BRCA2,3411,0,-0.5921750068664551,0.5921750068664551
S945T,BRCA1,945,0,-0.7839033603668213,0.7839033603668213
S341G,WT1,341,1,-0.7086801528930664,0.7086801528930664
C93W,NF1,93,1,-1.4190194606781006,1.4190194606781006
D121V,VHL,121,1,0.1577458381652832,-0.1577458381652832
C1104Y,TSC1,1104,0,-0.2566556930541992,0.2566556930541992
N12I,PTEN,12,1,-9.237895011901855,9.237895011901855
T26N,PTEN,26,1,-10.354375839233398,10.354375839233398
S170N,PTEN,170,1,-12.071371078491211,12.071371078491211
N133T,TSC2,133,0,0.7229299545288086,-0.7229299545288086
Q354H,TSC2,354,0,-1.0058026313781738,1.0058026313781738
D781N,TSC2,781,0,-0.2184925079345703,0.2184925079345703
A870P,TSC2,870,1,-0.31165003776550293,0.31165003776550293
T1059I,TSC2,1059,0,-1.071279764175415,1.071279764175415
P2282L,NF1,2282,1,0.6236262321472168,-0.6236262321472168
N31D,PTEN,31,1,-9.204669952392578,9.204669952392578
C71Y,PTEN,71,1,-12.759222030639648,12.759222030639648
P1412R,TSC2,1412,0,-0.6006898880004883,0.6006898880004883
M991R,NF1,991,1,-0.24320125579833984,0.24320125579833984
C1016Y,NF1,1016,1,-0.6035895347595215,0.6035895347595215
S127P,TP53,127,1,-8.53963851928711,8.53963851928711
C630G,RET,630,1,0.2955946922302246,-0.2955946922302246
K128E,PTEN,128,1,-14.590548515319824,14.590548515319824
S127I,RB1,127,1,0.06957244873046875,-0.06957244873046875
V1047M,TSC2,1047,0,-1.4952850341796875,1.4952850341796875
S1274P,TSC2,1274,0,-2.105675220489502,2.105675220489502
Y1333D,TSC2,1333,0,0.9835348129272461,-0.9835348129272461
S82Y,NF1,82,1,-0.9371821880340576,0.9371821880340576
L380H,NF1,380,1,-5.715814590454102,5.715814590454102
T1175A,NF1,1175,1,-0.0077440738677978516,0.0077440738677978516
L1411P,NF1,1411,1,-3.4067187309265137,3.4067187309265137
L1978P,NF1,1978,1,-5.022624492645264,5.022624492645264
L265Q,TP53,265,1,-6.720559120178223,6.720559120178223
S241T,TP53,241,1,-6.2163777351379395,6.2163777351379395
R209K,TP53,209,0,0.149247407913208,-0.149247407913208
L188R,VHL,188,1,-1.5957998037338257,1.5957998037338257
V2407E,BRCA2,2407,1,-0.3524484634399414,0.3524484634399414
L423I,TSC2,423,0,-0.9478093385696411,0.9478093385696411
Q20H,NF1,20,1,-0.2970898151397705,0.2970898151397705
C1930R,NF1,1930,1,-2.1870269775390625,2.1870269775390625
L93Q,TSC1,93,1,-7.371137619018555,7.371137619018555
Y177H,PTEN,177,1,-8.06701946258545,8.06701946258545
A165D,MYCN,165,0,-2.7109124660491943,2.7109124660491943
R391S,MYCN,391,1,-14.776514053344727,14.776514053344727
F90S,PTEN,90,1,-14.236305236816406,14.236305236816406
S1150P,NF1,1150,1,-2.190863609313965,2.190863609313965
M35L,PTEN,35,1,-10.071468353271484,10.071468353271484
R426T,BRAF,426,1,-13.564777374267578,13.564777374267578
G93A,WT1,93,1,-0.8362741470336914,0.8362741470336914
R393C,MYCN,393,1,-13.786116600036621,13.786116600036621
K13E,PTEN,13,1,-12.246295928955078,12.246295928955078
Q192H,TP53,192,0,-6.203298568725586,6.203298568725586
C696F,TSC2,696,1,-0.16739487648010254,0.16739487648010254
G2596R,BRCA2,2596,1,0.24742817878723145,-0.24742817878723145
A2603P,BRCA2,2603,1,-1.0961484909057617,1.0961484909057617
K2630Q,BRCA2,2630,1,-0.4806830883026123,0.4806830883026123
G3076R,BRCA2,3076,1,-6.64406681060791,6.64406681060791
A246E,NF1,246,1,-1.1922032833099365,1.1922032833099365
M895I,NF1,895,0,0.44959521293640137,-0.44959521293640137
A1071P,NF1,1071,1,-0.8527603149414062,0.8527603149414062
S1599Y,NF1,1599,1,-4.093709945678711,4.093709945678711
G1890R,NF1,1890,1,0.7950417995452881,-0.7950417995452881
L2125R,NF1,2125,1,-0.9646648168563843,0.9646648168563843
L161P,TSC1,161,1,-3.0946450233459473,3.0946450233459473
T876S,TSC2,876,0,0.32453012466430664,-0.32453012466430664
M1180R,NF1,1180,1,-0.6085255146026611,0.6085255146026611
D1644G,NF1,1644,1,-5.723843574523926,5.723843574523926
S231D,BRCA2,231,1,-0.6249798536300659,0.6249798536300659
H1856C,BRCA2,1856,1,-1.622359275817871,1.622359275817871
R64S,VHL,64,1,-0.483551025390625,0.483551025390625
A149V,VHL,149,1,-0.060109615325927734,0.060109615325927734
K311N,APC,311,1,0.19291067123413086,-0.19291067123413086
H1083R,ATM,1083,1,0.20468568801879883,-0.20468568801879883
L2767P,ATM,2767,1,-8.812033653259277,8.812033653259277
I810V,TSC2,810,0,0.7554202079772949,-0.7554202079772949
N1731S,TSC2,1731,0,0.9946303367614746,-0.9946303367614746
R337S,TP53,337,1,1.9963083267211914,-1.9963083267211914
A159D,TP53,159,1,-10.718437194824219,10.718437194824219
C977R,ATM,977,1,-0.6135399341583252,0.6135399341583252
L320S,PTEN,320,1,-10.877639770507812,10.877639770507812
K530R,RB1,530,1,-3.427830696105957,3.427830696105957
P868T,RB1,868,0,0.8599764108657837,-0.8599764108657837
L426V,TSC2,426,0,-0.6717631816864014,0.6717631816864014
W1060S,TSC2,1060,1,2.8530631065368652,-2.8530631065368652
D1644Y,TSC2,1644,1,-4.035490989685059,4.035490989685059
M242R,NF1,242,1,0.3368651866912842,-0.3368651866912842
E775A,NF1,775,1,-0.002985715866088867,0.002985715866088867
V1146L,NF1,1146,1,0.49244415760040283,-0.49244415760040283
G1166C,NF1,1166,1,0.18555545806884766,-0.18555545806884766
L1196F,NF1,1196,1,-1.088728904724121,1.088728904724121
D1644A,NF1,1644,1,-5.617945194244385,5.617945194244385
A2737D,NF1,2737,1,-0.22189736366271973,0.22189736366271973
W1048R,NF1,1048,1,0.7238373756408691,-0.7238373756408691
L1079P,NF1,1079,1,-2.8479437828063965,2.8479437828063965
Q1101L,NF1,1101,1,-0.13114523887634277,0.13114523887634277
R1612S,NF1,1612,1,0.8894033432006836,-0.8894033432006836
T1800P,NF1,1800,1,0.07938718795776367,-0.07938718795776367
D2008H,NF1,2008,1,-1.5540580749511719,1.5540580749511719
S303F,BRCA2,303,0,-1.5014142990112305,1.5014142990112305
D988N,BRCA2,988,0,0.2984299659729004,-0.2984299659729004
P1039L,BRCA2,1039,0,-0.387953519821167,0.387953519821167
S1075N,BRCA2,1075,0,-0.5536508560180664,0.5536508560180664
D1199G,BRCA2,1199,0,-0.7348330020904541,0.7348330020904541
D1267N,BRCA2,1267,0,0.17913222312927246,-0.17913222312927246
N1778K,BRCA2,1778,0,-0.35616612434387207,0.35616612434387207
T2097K,BRCA2,2097,0,0.10010004043579102,-0.10010004043579102
R1188M,BRCA1,1188,0,-1.2124896049499512,1.2124896049499512
T617N,BRCA1,617,0,-0.09644055366516113,0.09644055366516113
D414Y,BRCA1,414,0,-2.276798725128174,2.276798725128174
K301Q,BRCA1,301,0,-0.9886870384216309,0.9886870384216309
R350S,TP63,350,1,-13.89261531829834,13.89261531829834
T1159S,TSC1,1159,0,0.6133041381835938,-0.6133041381835938
P323T,TSC1,323,0,-0.5290861129760742,0.5290861129760742
D2721N,ATM,2721,1,-6.275193214416504,6.275193214416504
L620V,TSC2,620,0,-0.6943259239196777,0.6943259239196777
S1341N,TSC2,1341,0,-2.00756573677063,2.00756573677063
Y1639N,NF1,1639,1,-2.5162711143493652,2.5162711143493652
Q444P,RB1,444,1,-6.548985958099365,6.548985958099365
L198Q,VHL,198,1,-3.112227439880371,3.112227439880371
L25F,PTEN,25,1,-8.708383560180664,8.708383560180664
A126P,PTEN,126,1,-14.96654224395752,14.96654224395752
V175M,PTEN,175,1,-10.0814790725708,10.0814790725708
V249G,PTEN,249,1,-11.313377380371094,11.313377380371094
K342N,PTEN,342,1,-6.998425483703613,6.998425483703613
L400P,RB1,400,1,-5.419178485870361,5.419178485870361
V184D,TSC2,184,1,-2.6798388957977295,2.6798388957977295
L58R,NF1,58,1,-2.8044352531433105,2.8044352531433105
I603K,NF1,603,1,-0.9698824882507324,0.9698824882507324
T1191R,NF1,1191,1,-0.05222439765930176,0.05222439765930176
F1193Y,NF1,1193,1,-0.41422247886657715,0.41422247886657715
L1208W,NF1,1208,1,-2.8114876747131348,2.8114876747131348
N1415Y,NF1,1415,1,0.7190265655517578,-0.7190265655517578
L2315R,NF1,2315,1,-3.4924097061157227,3.4924097061157227
G2334D,NF1,2334,1,-0.3402214050292969,0.3402214050292969
W1837S,BRCA1,1837,1,-5.1804423332214355,5.1804423332214355
R158S,TP53,158,1,-8.444463729858398,8.444463729858398
S80N,VHL,80,1,-0.08641242980957031,0.08641242980957031
G336D,TP63,336,1,-12.67979621887207,12.67979621887207
G557V,TP63,557,1,-9.443160057067871,9.443160057067871
R77C,RET,77,1,-1.3275604248046875,1.3275604248046875
S47P,NF1,47,1,-0.7368748188018799,0.7368748188018799
V1182L,NF1,1182,1,0.47955799102783203,-0.47955799102783203
R1870L,NF1,1870,1,-0.9205501079559326,0.9205501079559326
L2338P,NF1,2338,1,-3.6784541606903076,3.6784541606903076
L2416P,NF1,2416,1,-4.1085710525512695,4.1085710525512695
G629S,TP63,629,0,0.5808613300323486,-0.5808613300323486
M392I,STK11,392,0,0.28038787841796875,-0.28038787841796875
I926N,EGFR,926,0,-5.940288066864014,5.940288066864014
T630A,RB1,630,0,-0.032941341400146484,0.032941341400146484
A270S,ERBB2,270,0,-0.11914706230163574,0.11914706230163574
R929Q,ERBB2,929,0,-5.854413986206055,5.854413986206055
F468L,BRAF,468,1,-11.310859680175781,11.310859680175781
A184S,MYCN,184,0,-1.3793731927871704,1.3793731927871704
K2950N,BRCA2,2950,0,-1.5550625324249268,1.5550625324249268
P1135S,ERBB2,1135,0,-0.605487585067749,0.605487585067749
M658I,BRCA1,658,0,1.4228012561798096,-1.4228012561798096
L289P,TP53,289,0,-3.2193996906280518,3.2193996906280518
N1098Y,BRCA2,1098,0,-0.9797489643096924,0.9797489643096924
F154C,PTEN,154,1,-9.749454498291016,9.749454498291016
T1738I,BRCA2,1738,0,0.4223756790161133,-0.4223756790161133
D1156A,BRCA1,1156,0,0.13890743255615234,-0.13890743255615234
R173G,PTEN,173,1,-14.77290153503418,14.77290153503418
M1I,TP63,1,1,-4.030325889587402,4.030325889587402
A710V,ERBB2,710,1,-5.201831817626953,5.201831817626953
R1575T,NF1,1575,1,0.11379027366638184,-0.11379027366638184
K483I,BRAF,483,1,-12.994258880615234,12.994258880615234
Q171K,PTEN,171,1,-14.098960876464844,14.098960876464844
F156L,HRAS,156,1,-8.111764907836914,8.111764907836914
P1084R,NF1,1084,1,-0.5320777893066406,0.5320777893066406
K2266N,ATM,2266,1,-0.9486212730407715,0.9486212730407715
L128P,VHL,128,1,-0.873215913772583,0.873215913772583
L100F,PTEN,100,1,-7.5462646484375,7.5462646484375
L1511P,NF1,1511,1,-2.9487831592559814,2.9487831592559814
I548S,BRCA1,548,0,0.5204215049743652,-0.5204215049743652
Q709E,BRAF,709,1,-9.737005233764648,9.737005233764648
L94P,CDKN2A,94,1,-9.979214668273926,9.979214668273926
T780P,NF1,780,1,-1.5380139350891113,1.5380139350891113
K1915N,APC,1915,0,-0.7833371162414551,0.7833371162414551
P3067S,BRCA2,3067,0,0.5058929920196533,-0.5058929920196533
V1671E,TSC2,1671,1,-4.5807342529296875,4.5807342529296875
S1486N,BRCA1,1486,0,-1.1583683490753174,1.1583683490753174
L1306F,BRCA1,1306,0,-0.9591083526611328,0.9591083526611328
N1377I,BRCA2,1377,0,-0.6992707252502441,0.6992707252502441
R376H,TP63,376,0,-10.01810359954834,10.01810359954834
R82G,VHL,82,1,0.49758291244506836,-0.49758291244506836
P740L,BRCA2,740,0,0.26268863677978516,-0.26268863677978516
Q294R,TP63,294,1,-10.429186820983887,10.429186820983887
N580D,BRAF,580,1,-12.467741012573242,12.467741012573242
N236K,BRAF,236,1,-15.092082023620605,15.092082023620605
F468C,BRAF,468,1,-13.413898468017578,13.413898468017578
E275K,BRAF,275,1,-5.753574848175049,5.753574848175049
P1445A,BRCA1,1445,0,-0.16237235069274902,0.16237235069274902
L485W,BRAF,485,1,-14.465940475463867,14.465940475463867
L201P,VHL,201,1,-3.5493202209472656,3.5493202209472656
K1036E,NF1,1036,1,0.6624078750610352,-0.6624078750610352
K2577N,BRCA2,2577,0,-0.5182042121887207,0.5182042121887207
L2394P,NF1,2394,1,-5.457408905029297,5.457408905029297
K125E,PTEN,125,1,-14.238221168518066,14.238221168518066
I597F,TP63,597,1,-7.502908229827881,7.502908229827881
R338C,TP63,338,1,-13.565957069396973,13.565957069396973
V1683G,TSC2,1683,1,-1.1688508987426758,1.1688508987426758
I251F,TP53,251,1,-8.507244110107422,8.507244110107422
C1016W,NF1,1016,1,-1.1089138984680176,1.1089138984680176
C582F,NF1,582,1,-0.20453858375549316,0.20453858375549316
R261L,TSC2,261,0,0.5897436141967773,-0.5897436141967773
S310N,TP63,310,1,-9.7694730758667,9.7694730758667
L1854P,NF1,1854,1,-1.7761300802230835,1.7761300802230835
S6T,TSC2,6,0,-0.7706632614135742,0.7706632614135742
G1303R,TSC2,1303,0,-0.602379322052002,0.602379322052002
L898Q,NF1,898,1,-2.8824031352996826,2.8824031352996826
P1265L,TSC2,1265,0,-0.6886343955993652,0.6886343955993652
S65T,VHL,65,1,0.04328560829162598,-0.04328560829162598
H553P,NF1,553,1,-0.10199594497680664,0.10199594497680664
G173S,TP63,173,1,-8.304496765136719,8.304496765136719
Y1678H,TSC2,1678,0,0.9636855125427246,-0.9636855125427246
N131Y,VHL,131,1,0.22606229782104492,-0.22606229782104492
S2855I,ATM,2855,1,-8.460195541381836,8.460195541381836
W164R,TSC1,164,0,2.0168397426605225,-2.0168397426605225
A1540P,NF1,1540,1,-1.1759088039398193,1.1759088039398193
T3085I,BRCA2,3085,1,-1.4420881271362305,1.4420881271362305
D2008Y,NF1,2008,1,-1.8681151866912842,1.8681151866912842
H1746P,TSC2,1746,1,-0.25774693489074707,0.25774693489074707
P1497L,TSC2,1497,1,-0.2357943058013916,0.2357943058013916
P96Q,PTEN,96,1,-13.748560905456543,13.748560905456543
S671G,TSC1,671,0,-0.5486798286437988,0.5486798286437988
A84D,TSC1,84,0,0.5579934120178223,-0.5579934120178223
N1861K,NF1,1861,1,-0.39694833755493164,0.39694833755493164
N1026S,APC,1026,1,-1.3972184658050537,1.3972184658050537
F565L,TP63,565,1,-4.408660411834717,4.408660411834717
T1923S,NF1,1923,1,0.6970722675323486,-0.6970722675323486
P2829S,ATM,2829,1,-2.35148024559021,2.35148024559021
M1K,TSC2,1,1,-6.162283420562744,6.162283420562744
L112V,PTEN,112,1,-9.096915245056152,9.096915245056152
L1183R,NF1,1183,1,-4.730058670043945,4.730058670043945
W837G,NF1,837,1,1.2435195446014404,-1.2435195446014404
L1015R,NF1,1015,1,-4.297152519226074,4.297152519226074
V1093E,NF1,1093,1,1.0499482154846191,-1.0499482154846191
A1148E,NF1,1148,1,-1.9646930694580078,1.9646930694580078
L1187R,NF1,1187,1,-1.7610747814178467,1.7610747814178467
R381G,TSC2,381,0,-1.4921627044677734,1.4921627044677734
A2S,TSC2,2,0,0.12249040603637695,-0.12249040603637695
H306Y,STK11,306,1,-9.786911964416504,9.786911964416504
Y1549H,TSC2,1549,1,-0.6141912937164307,0.6141912937164307
G1890A,NF1,1890,1,0.5255618095397949,-0.5255618095397949
Y2726N,BRCA2,2726,1,0.3877391815185547,-0.3877391815185547
Y1736S,TSC2,1736,0,2.033137321472168,-2.033137321472168
G1219R,NF1,1219,1,-0.376753568649292,0.376753568649292
L43Q,NF1,43,1,-1.1506967544555664,1.1506967544555664
Q510H,TSC2,510,0,-1.598753571510315,1.598753571510315
W412S,ATM,412,1,2.198160409927368,-2.198160409927368
M2806I,ATM,2806,1,0.06716179847717285,-0.06716179847717285
T1191S,NF1,1191,1,0.43459248542785645,-0.43459248542785645
L2133R,NF1,2133,1,-3.584780216217041,3.584780216217041
D24V,PTEN,24,1,-14.290390014648438,14.290390014648438
N1278I,NF1,1278,1,0.08450031280517578,-0.08450031280517578
C900Y,TSC2,900,1,-0.11431002616882324,0.11431002616882324
G1168D,NF1,1168,1,0.22223496437072754,-0.22223496437072754
M1I,PTEN,1,1,-8.327483177185059,8.327483177185059
R1044T,TSC2,1044,1,0.38108015060424805,-0.38108015060424805
F113I,TP53,113,1,-4.849081993103027,4.849081993103027
Q2829P,BRCA2,2829,1,0.26360630989074707,-0.26360630989074707
L1243R,NF1,1243,1,-2.2004358768463135,2.2004358768463135
C904S,NF1,904,1,2.17118501663208,-2.17118501663208
L2103P,NF1,2103,1,-3.4633986949920654,3.4633986949920654
I415L,RB1,415,0,-2.178955078125,2.178955078125
R1038T,NF1,1038,1,0.04743075370788574,-0.04743075370788574
N48S,PTEN,48,1,-10.10915470123291,10.10915470123291
P651S,TSC2,651,0,0.4259648323059082,-0.4259648323059082
I177R,NF1,177,1,-0.056604862213134766,0.056604862213134766
R266L,TP63,266,1,-12.751971244812012,12.751971244812012
L2153P,NF1,2153,1,-1.1039279699325562,1.1039279699325562
L1855R,NF1,1855,1,-0.8370023965835571,0.8370023965835571
A1966I,NF1,1966,0,-0.07423639297485352,0.07423639297485352
T2666I,ATM,2666,1,0.26395678520202637,-0.26395678520202637
M1236L,TSC2,1236,0,1.6413750648498535,-1.6413750648498535
A1261V,TSC2,1261,0,-0.623582124710083,0.623582124710083
V1646L,TSC2,1646,1,-3.239196538925171,3.239196538925171
Y884C,TSC2,884,0,-0.7942540645599365,0.7942540645599365
P590L,TP63,590,1,-7.443412780761719,7.443412780761719
L1456H,TSC2,1456,0,-0.5801026821136475,0.5801026821136475
Q1507H,BRCA2,1507,0,-0.30925416946411133,0.30925416946411133
A150T,TP63,150,0,-4.024319648742676,4.024319648742676
A1598V,ALK,1598,0,-0.2042226791381836,0.2042226791381836
Q95R,HRAS,95,0,-7.236830711364746,7.236830711364746
E2947K,BRCA2,2947,0,-0.25361132621765137,0.25361132621765137
R7L,TP63,7,0,0.8333396911621094,-0.8333396911621094
M1321I,ATM,1321,0,1.6153650283813477,-1.6153650283813477
R97P,TP63,97,1,0.9212262630462646,-0.9212262630462646
R647C,TP63,647,1,-9.545211791992188,9.545211791992188
L220V,RB1,220,1,-1.1029040813446045,1.1029040813446045
H474Y,WT1,474,1,-15.069519996643066,15.069519996643066
R383H,MYCN,383,1,-10.938669204711914,10.938669204711914
H1568L,ATM,1568,0,1.032928705215454,-1.032928705215454
W488R,ATM,488,0,0.7512083053588867,-0.7512083053588867
P26L,MYCN,26,1,-7.376837253570557,7.376837253570557
L218V,BRCA1,218,0,-0.16997694969177246,0.16997694969177246
T1915K,BRCA2,1915,0,0.5235671997070312,-0.5235671997070312
W531R,BRAF,531,1,-14.345376014709473,14.345376014709473
M1T,PTEN,1,1,-10.079671859741211,10.079671859741211
E52D,WT1,52,0,-1.0711636543273926,1.0711636543273926
L695R,NF1,695,1,-1.3510733842849731,1.3510733842849731
V1078G,BRCA2,1078,0,-0.4403703212738037,0.4403703212738037
Y179F,BRCA1,179,0,0.7779135704040527,-0.7779135704040527
D438V,BRCA2,438,0,0.15525197982788086,-0.15525197982788086
D197N,VHL,197,1,-0.6492710113525391,0.6492710113525391
K66N,PTEN,66,1,-9.636323928833008,9.636323928833008
D1849N,NF1,1849,1,-0.3085329532623291,0.3085329532623291
P1675R,TSC2,1675,1,0.685960054397583,-0.685960054397583
G97R,APC,97,1,-0.26609325408935547,0.26609325408935547
F760S,RB1,760,1,-12.192299842834473,12.192299842834473
M1214K,NF1,1214,1,1.1322319507598877,-1.1322319507598877
E281D,TSC2,281,1,-1.5122976303100586,1.5122976303100586
A1722D,TSC2,1722,1,-0.8737850189208984,0.8737850189208984
Y46H,PTEN,46,1,-9.501571655273438,9.501571655273438
M992R,NF1,992,1,0.1872239112854004,-0.1872239112854004
V951F,NF1,951,1,-0.8805181980133057,0.8805181980133057
R1038G,NF1,1038,1,-0.21933317184448242,0.21933317184448242
Y1639D,NF1,1639,1,-2.4383902549743652,2.4383902549743652
Q1370P,NF1,1370,1,-2.0640177726745605,2.0640177726745605
D2008A,NF1,2008,1,-0.8946530818939209,0.8946530818939209
W2229G,NF1,2229,1,-0.7070484161376953,0.7070484161376953
L2338R,NF1,2338,1,-3.2983005046844482,3.2983005046844482
V1180L,ALK,1180,1,-5.906407833099365,5.906407833099365
L410P,NF1,410,1,-3.3012075424194336,3.3012075424194336
H141L,PTEN,141,1,-11.161345481872559,11.161345481872559
D441V,WT1,441,1,-14.621261596679688,14.621261596679688
K1099E,NF1,1099,1,0.09449410438537598,-0.09449410438537598
R1243T,BRCA1,1243,0,0.955388069152832,-0.955388069152832
S3250L,BRCA2,3250,0,-0.6282649040222168,0.6282649040222168
A1155D,NF1,1155,1,-0.6887285709381104,0.6887285709381104
P1020S,BRCA1,1020,0,0.9966219663619995,-0.9966219663619995
F188V,TSC1,188,1,-1.2925236225128174,1.2925236225128174
E1353D,BRCA2,1353,0,-0.6008422374725342,0.6008422374725342
S1045F,TSC2,1045,1,-1.1040186882019043,1.1040186882019043
C312G,TP63,312,1,-16.360122680664062,16.360122680664062
H174P,STK11,174,1,-16.61316680908203,16.61316680908203
P832S,KIT,832,1,-11.346747398376465,11.346747398376465
A108S,BRCA1,108,0,1.1075551509857178,-1.1075551509857178
G1184R,BRCA1,1184,0,-0.15466737747192383,0.15466737747192383
C124W,PTEN,124,1,-14.413589477539062,14.413589477539062
S1306G,ATM,1306,0,-0.7388806343078613,0.7388806343078613
F136V,VHL,136,1,0.48549723625183105,-0.48549723625183105
C136F,PTEN,136,1,-17.064870834350586,17.064870834350586
N1363H,BRCA2,1363,0,-2.0441792011260986,2.0441792011260986
E388D,TP53,388,0,-0.414813756942749,0.414813756942749
S1390L,MET,1390,0,0.023800373077392578,-0.023800373077392578
Y112S,VHL,112,1,1.0941493511199951,-1.0941493511199951
G1166R,NF1,1166,1,0.13442039489746094,-0.13442039489746094
A129D,TP53,129,0,-2.819802761077881,2.819802761077881
E388Q,TP53,388,0,-0.7117807865142822,0.7117807865142822
L111V,TP53,111,0,-3.2699480056762695,3.2699480056762695
S334G,STK11,334,0,-10.596248626708984,10.596248626708984
V13L,KIT,13,0,1.0957229137420654,-1.0957229137420654
S1449C,TSC2,1449,0,-2.835407257080078,2.835407257080078
V391E,TSC2,391,1,-2.230517864227295,2.230517864227295
F1536S,NF1,1536,1,0.748215913772583,-0.748215913772583
C105G,PTEN,105,1,-9.882379531860352,9.882379531860352
E114D,TSC2,114,0,-0.1453571319580078,0.1453571319580078
Y1202H,BRCA1,1202,0,0.370654821395874,-0.370654821395874
S1259G,TSC2,1259,0,-0.6780582666397095,0.6780582666397095
K1310N,APC,1310,0,0.13927626609802246,-0.13927626609802246
L138R,BRCA1,138,0,-0.13609051704406738,0.13609051704406738
K1444T,NF1,1444,1,-0.2629828453063965,0.2629828453063965
E1426D,TSC2,1426,0,0.2229456901550293,-0.2229456901550293
N149K,MET,149,0,-0.737037181854248,0.737037181854248
E173Q,VHL,173,0,-1.0008456707000732,1.0008456707000732
K1749R,NF1,1749,0,-0.5045738220214844,0.5045738220214844
I1823V,ATM,1823,0,0.00823211669921875,-0.00823211669921875
K1828E,BRCA2,1828,0,0.44858884811401367,-0.44858884811401367
P2115T,NF1,2115,1,-0.026282310485839844,0.026282310485839844
L1623R,ATM,1623,0,-0.6429169178009033,0.6429169178009033
D162E,TSC2,162,0,-0.11931848526000977,0.11931848526000977
S170T,PTEN,170,1,-11.233242988586426,11.233242988586426
E171G,TP53,171,1,-5.258228302001953,5.258228302001953
V1789I,APC,1789,0,-0.07515430450439453,0.07515430450439453
Q1982H,ATM,1982,0,-0.5892212390899658,0.5892212390899658
E1985V,APC,1985,0,-0.907799482345581,0.907799482345581
L2069S,BRCA2,2069,0,4.44774866104126,-4.44774866104126
I407V,ALK,407,0,0.6771669387817383,-0.6771669387817383
E218A,BRCA2,218,0,-0.8259320259094238,0.8259320259094238
V218E,TP53,218,1,-8.183889389038086,8.183889389038086
N1532K,ALK,1532,0,0.04076218605041504,-0.04076218605041504
N1603K,BRCA2,1603,0,-0.22035038471221924,0.22035038471221924
H1626P,NF1,1626,1,-2.417501449584961,2.417501449584961
R161P,VHL,161,1,-0.9881646633148193,0.9881646633148193
H168L,TP53,168,1,-6.28999137878418,6.28999137878418
L1682P,TSC2,1682,1,-0.6528241634368896,0.6528241634368896
S1770L,ATM,1770,1,0.3705599308013916,-0.3705599308013916
S185R,TP53,185,0,-2.1738359928131104,2.1738359928131104
T1854A,ATM,1854,0,-0.347902774810791,0.347902774810791
N186S,RB1,186,0,0.35401010513305664,-0.35401010513305664
L1874F,ATM,1874,0,-1.3519022464752197,1.3519022464752197
F195S,PTEN,195,1,-12.037644386291504,12.037644386291504
G196R,STK11,196,1,-10.746671676635742,10.746671676635742
A216T,ATM,216,0,-0.2102513313293457,0.2102513313293457
D393Y,TP53,393,0,-2.499558210372925,2.499558210372925
P40A,BRCA2,40,0,-0.12138557434082031,0.12138557434082031
V1750A,APC,1750,0,0.20013904571533203,-0.20013904571533203
A193S,ATM,193,0,0.3472261428833008,-0.3472261428833008
E1928Q,BRCA2,1928,0,-0.8999776840209961,0.8999776840209961
M1936I,BRCA2,1936,0,2.01438570022583,-2.01438570022583
S2123N,ATM,2123,0,-0.796433687210083,0.796433687210083
H2195D,ATM,2195,0,0.6794998645782471,-0.6794998645782471
G2529R,BRCA2,2529,0,0.03599715232849121,-0.03599715232849121
I254T,TP53,254,1,-4.054369926452637,4.054369926452637
R266S,MET,266,0,-2.426917552947998,2.426917552947998
R267G,TP53,267,1,-10.339909553527832,10.339909553527832
R2787L,BRCA2,2787,0,0.4244377613067627,-0.4244377613067627
F2795V,BRCA2,2795,0,0.5233724117279053,-0.5233724117279053
D2797H,BRCA2,2797,0,-0.7059507369995117,0.7059507369995117
Q2945E,BRCA2,2945,0,0.824901819229126,-0.824901819229126
A2951P,BRCA2,2951,0,-3.107931137084961,3.107931137084961
V3082L,BRCA2,3082,0,-0.0870823860168457,0.0870823860168457
E3096Q,BRCA2,3096,0,-1.095754623413086,1.095754623413086
N310S,TP53,310,0,1.7495818138122559,-1.7495818138122559
P2276A,BRCA2,2276,0,-0.7136304378509521,0.7136304378509521
N2288S,BRCA2,2288,0,0.7626755237579346,-0.7626755237579346
E3403Q,BRCA2,3403,0,-0.6081342697143555,0.6081342697143555
P2505S,BRCA2,2505,0,0.7984061241149902,-0.7984061241149902
M340I,TP53,340,0,0.6261781454086304,-0.6261781454086304
A2632G,BRCA2,2632,0,0.12946105003356934,-0.12946105003356934
A2633V,BRCA2,2633,0,-0.4406008720397949,0.4406008720397949
L2740I,BRCA2,2740,0,-0.2658880949020386,0.2658880949020386
I2752V,BRCA2,2752,0,-0.029922008514404297,0.029922008514404297
T2881P,BRCA2,2881,0,0.11476492881774902,-0.11476492881774902
P2886Q,BRCA2,2886,0,-0.9863708019256592,0.9863708019256592
L2890P,BRCA2,2890,0,-1.60023832321167,1.60023832321167
N2910D,BRCA2,2910,0,-0.05926156044006348,0.05926156044006348
E3043D,BRCA2,3043,0,0.183058500289917,-0.183058500289917
D305V,ALK,305,0,0.07403731346130371,-0.07403731346130371
L3055I,BRCA2,3055,0,-0.2176659107208252,0.2176659107208252
H3056P,BRCA2,3056,0,1.0766887664794922,-1.0766887664794922
S225N,ALK,225,0,-1.485173225402832,1.485173225402832
K2363N,ATM,2363,1,-1.5852673053741455,1.5852673053741455
K24E,RET,24,0,1.6373672485351562,-1.6373672485351562
S2376N,ATM,2376,0,-0.747976541519165,0.747976541519165
D2479E,BRCA2,2479,0,-0.3566267490386963,0.3566267490386963
A2487T,BRCA2,2487,0,-0.16898345947265625,0.16898345947265625
R2488T,BRCA2,2488,0,0.22156000137329102,-0.22156000137329102
L2581V,BRCA2,2581,0,-1.4208714962005615,1.4208714962005615
I2588L,BRCA2,2588,0,0.6703224182128906,-0.6703224182128906
T2708S,BRCA2,2708,0,0.7165552377700806,-0.7165552377700806
L2743M,NF1,2743,0,-1.659569263458252,1.659569263458252
E2871D,BRCA2,2871,0,-0.9814512729644775,0.9814512729644775
P300L,TP53,300,0,-0.6868939399719238,0.6868939399719238
L3027I,BRCA2,3027,0,-0.21924352645874023,0.21924352645874023
S316T,RET,316,0,0.3071441650390625,-0.3071441650390625
L32V,TP53,32,0,-1.2318044900894165,1.2318044900894165
K2448N,BRCA2,2448,0,0.20764541625976562,-0.20764541625976562
D2451G,BRCA2,2451,0,0.06172490119934082,-0.06172490119934082
F2457L,BRCA2,2457,0,1.1135575771331787,-1.1135575771331787
K2670N,ATM,2670,1,-0.4494178295135498,0.4494178295135498
D270N,MET,270,0,0.1817460060119629,-0.1817460060119629
S2697I,BRCA2,2697,0,-1.547487735748291,1.547487735748291
N270S,APC,270,0,1.3106153011322021,-1.3106153011322021
S2701F,BRCA2,2701,0,-1.7907918691635132,1.7907918691635132
E2807D,ATM,2807,0,-1.0030663013458252,1.0030663013458252
R2824K,BRCA2,2824,0,0.2810647487640381,-0.2810647487640381
E2832K,BRCA2,2832,0,0.24332070350646973,-0.24332070350646973
M2952T,BRCA2,2952,0,0.055448055267333984,-0.055448055267333984
Y2977C,BRCA2,2977,0,0.028306007385253906,-0.028306007385253906
L2987V,BRCA2,2987,0,0.1724776029586792,-0.1724776029586792
T312N,TP53,312,0,-0.30762529373168945,0.30762529373168945
S3123R,BRCA2,3123,0,1.2906453609466553,-1.2906453609466553
E3130V,BRCA2,3130,0,-0.580808162689209,0.580808162689209
W3106R,BRCA2,3106,0,0.6978847980499268,-0.6978847980499268
I332N,TP53,332,1,-10.074030876159668,10.074030876159668
F3325L,BRCA2,3325,0,1.36387300491333,-1.36387300491333
Q476E,ATM,476,0,0.26972317695617676,-0.26972317695617676
S5C,BRCA2,5,0,-1.9441137313842773,1.9441137313842773
T555K,MET,555,0,-0.10633039474487305,0.10633039474487305
F555C,RET,555,1,0.7297711372375488,-0.7297711372375488
V581G,ALK,581,0,-3.6832668781280518,3.6832668781280518
E446D,TSC1,446,0,-0.4397733211517334,0.4397733211517334
E349G,TP53,349,0,-5.123044013977051,5.123044013977051
P351T,MET,351,0,0.386704683303833,-0.386704683303833
H553D,NF1,553,1,-0.5441370010375977,0.5441370010375977
P58A,TP53,58,0,-0.8340628147125244,0.8340628147125244
Y606F,RET,606,0,0.4225616455078125,-0.4225616455078125
I442V,MET,442,0,0.7000634670257568,-0.7000634670257568
P490S,BRCA1,490,0,0.3644905090332031,-0.3644905090332031
Q490H,RET,490,0,-0.9550561904907227,0.9550561904907227
L520W,ALK,520,0,-2.5394208431243896,2.5394208431243896
H542D,MET,542,0,0.18146538734436035,-0.18146538734436035
A57T,CDKN2A,57,0,-0.7317733764648438,0.7317733764648438
D57V,TP53,57,0,0.35558152198791504,-0.35558152198791504
V572A,RET,572,0,-0.47748756408691406,0.47748756408691406
K342T,KIT,342,0,-3.338935375213623,3.338935375213623
R46K,RB1,46,1,1.0910954475402832,-1.0910954475402832
D507N,RB1,507,0,0.10914063453674316,-0.10914063453674316
R512I,NF1,512,0,-0.02315044403076172,0.02315044403076172
P513L,TSC1,513,0,0.46193742752075195,-0.46193742752075195
F56S,PTEN,56,1,-12.687910079956055,12.687910079956055
T620A,RB1,620,0,0.20186185836791992,-0.20186185836791992
A355T,TP53,355,0,-1.0888853073120117,1.0888853073120117
M66V,TP53,66,0,2.3158297538757324,-2.3158297538757324
S657F,NF1,657,0,-1.1846623420715332,1.1846623420715332
C693Y,ATM,693,0,-0.14884185791015625,0.14884185791015625
P8R,TP53,8,0,-1.1335558891296387,1.1335558891296387
N367S,RET,367,0,0.29275989532470703,-0.29275989532470703
V84E,VHL,84,1,0.0981755256652832,-0.0981755256652832
T635A,TSC1,635,0,0.2847590446472168,-0.2847590446472168
K651T,ALK,651,0,0.7645761966705322,-0.7645761966705322
N71K,CDKN2A,71,1,-7.032777786254883,7.032777786254883
Y748C,BRCA2,748,0,0.20038533210754395,-0.20038533210754395
N369S,ALK,369,0,1.1500194072723389,-1.1500194072723389
S646N,BRCA2,646,0,-0.2187035083770752,0.2187035083770752
C711F,BRCA2,711,0,0.408231258392334,-0.408231258392334
L90V,BRCA2,90,0,-0.18851733207702637,0.18851733207702637
L901P,BRCA2,901,0,-1.3957147598266602,1.3957147598266602
F901L,BRCA1,901,0,1.069941520690918,-1.069941520690918
L358P,BRCA1,358,0,-0.9133188724517822,0.9133188724517822
T733A,MET,733,0,-1.0030484199523926,1.0030484199523926
H812Q,ALK,812,0,0.6884505748748779,-0.6884505748748779
R841S,BRCA2,841,0,1.6155614852905273,-1.6155614852905273
S94L,TP53,94,0,-2.3232409954071045,2.3232409954071045
D92V,PTEN,92,1,-15.161721229553223,15.161721229553223
A891S,MET,891,0,1.6726154088974,-1.6726154088974
T913P,TSC2,913,1,-1.0905303955078125,1.0905303955078125
P968A,BRCA1,968,0,-0.23805999755859375,0.23805999755859375
R945M,APC,945,0,-1.273538589477539,1.273538589477539
R945S,APC,945,0,1.0702662467956543,-1.0702662467956543
L954Q,BRCA1,954,0,-0.48485279083251953,0.48485279083251953
L101Q,VHL,101,1,-1.8231067657470703,1.8231067657470703
L101R,VHL,101,1,-1.2341351509094238,1.2341351509094238
Q375K,TP53,375,0,1.1114435195922852,-1.1114435195922852
R969W,RET,969,1,-8.655433654785156,8.655433654785156
Q1686K,TSC2,1686,1,-0.19135427474975586,0.19135427474975586
F81L,PTEN,81,1,-9.052835464477539,9.052835464477539
K125R,PTEN,125,1,-11.04239559173584,11.04239559173584
A59G,HRAS,59,1,-10.960824966430664,10.960824966430664
T59P,NF1,59,1,-0.41177916526794434,0.41177916526794434
A545E,NF1,545,1,-3.188657283782959,3.188657283782959
D84V,CDKN2A,84,1,0.2755894660949707,-0.2755894660949707
C458R,WT1,458,1,-13.447904586791992,13.447904586791992
M117V,BRAF,117,0,-5.691819667816162,5.691819667816162
P323A,TSC1,323,0,-0.613612174987793,0.613612174987793
P1222L,NF1,1222,0,-0.19139456748962402,0.19139456748962402
I177K,NF1,177,1,0.5925741195678711,-0.5925741195678711
D1656Y,TSC2,1656,1,-2.10494327545166,2.10494327545166
D338N,NF1,338,1,0.22916626930236816,-0.22916626930236816
D1849Y,NF1,1849,1,-0.7018656730651855,0.7018656730651855
K2273T,NF1,2273,1,0.2345597743988037,-0.2345597743988037
P677S,TSC2,677,0,-0.5674088001251221,0.5674088001251221
D121N,VHL,121,1,-0.4284989833831787,0.4284989833831787
V155G,VHL,155,1,0.3302738666534424,-0.3302738666534424
L529P,NF1,529,1,-3.9613993167877197,3.9613993167877197
W784G,NF1,784,1,-0.6440410614013672,0.6440410614013672
R2642S,ATM,2642,1,0.05696702003479004,-0.05696702003479004
T625A,TP63,625,0,0.02559375762939453,-0.02559375762939453
E637K,TSC1,637,0,-0.5954270362854004,0.5954270362854004
A481E,TSC1,481,0,0.5261577367782593,-0.5261577367782593
D19V,PTEN,19,1,-12.105673789978027,12.105673789978027
K24N,ATM,24,1,-1.095613718032837,1.095613718032837
E1592V,ATM,1592,1,-1.10172438621521,1.10172438621521
I2315L,BRCA2,2315,0,0.43691158294677734,-0.43691158294677734
T317R,BRCA2,317,0,0.4821479320526123,-0.4821479320526123
E48D,TP63,48,0,0.11209726333618164,-0.11209726333618164
C244F,TP63,244,1,-13.729480743408203,13.729480743408203
R1412I,NF1,1412,1,0.3890566825866699,-0.3890566825866699
P173R,HRAS,173,0,-1.3235176801681519,1.3235176801681519
Y1678D,NF1,1678,1,-3.734239101409912,3.734239101409912
I1284R,NF1,1284,1,-2.6343228816986084,2.6343228816986084
L249P,NF1,249,1,-4.4983367919921875,4.4983367919921875
L552H,NF1,552,1,-2.5340523719787598,2.5340523719787598
N1651H,TSC2,1651,1,-0.43528056144714355,0.43528056144714355
R319P,TP63,319,1,-14.82887077331543,14.82887077331543
L1196P,NF1,1196,1,-0.6266140937805176,0.6266140937805176
M54R,VHL,54,1,2.117860794067383,-2.117860794067383
S1170P,TSC2,1170,0,0.36121606826782227,-0.36121606826782227
R1611L,NF1,1611,1,-1.0849668979644775,1.0849668979644775
D1028V,TSC2,1028,1,-0.6485285758972168,0.6485285758972168
A1432T,TSC2,1432,0,-0.09673857688903809,0.09673857688903809
I1351V,NF1,1351,0,0.4281637668609619,-0.4281637668609619
G2724R,BRCA2,2724,1,-3.0687320232391357,3.0687320232391357
R1200G,TSC2,1200,1,-0.1906132698059082,0.1906132698059082
S1563C,TSC2,1563,0,-1.3902435302734375,1.3902435302734375
P672R,TSC2,672,0,-1.4489960670471191,1.4489960670471191
T849P,TSC2,849,1,-1.9902873039245605,1.9902873039245605
P590S,TP63,590,1,-4.46977424621582,4.46977424621582
G2765A,ATM,2765,1,-4.243638038635254,4.243638038635254
W2317R,NF1,2317,1,2.9320192337036133,-2.9320192337036133
L1411R,NF1,1411,1,-2.1069540977478027,2.1069540977478027
Q90H,TSC2,90,0,-0.0769190788269043,0.0769190788269043
L1877M,NF1,1877,1,-2.454474449157715,2.454474449157715
W31S,BRCA2,31,1,3.9249377250671387,-3.9249377250671387
D1217G,NF1,1217,1,-0.09437751770019531,0.09437751770019531
W117R,VHL,117,1,1.2032699584960938,-1.2032699584960938
E1390Q,TSC2,1390,0,-0.1445765495300293,0.1445765495300293
F2386I,NF1,2386,1,0.3137950897216797,-0.3137950897216797
L1877P,NF1,1877,1,-6.112165927886963,6.112165927886963
D1217V,NF1,1217,1,-0.13867402076721191,0.13867402076721191
C900G,TSC2,900,1,0.37935686111450195,-0.37935686111450195
R1570S,TSC2,1570,1,1.0749902725219727,-1.0749902725219727
Y1169N,NF1,1169,1,0.4801938533782959,-0.4801938533782959
D282N,TSC2,282,0,-0.39382052421569824,0.39382052421569824
F113L,TP53,113,1,-3.2421371936798096,3.2421371936798096
A2440V,NF1,2440,1,-0.38477396965026855,0.38477396965026855
G2023R,ATM,2023,0,0.011310577392578125,-0.011310577392578125
Y130H,TSC2,130,0,-0.2741730213165283,0.2741730213165283
C541Y,RET,541,1,-2.983644962310791,2.983644962310791
V1833G,BRCA1,1833,1,-7.710938453674316,7.710938453674316
H2623P,BRCA2,2623,1,0.9676542282104492,-0.9676542282104492
N309D,TP63,309,1,-12.018532752990723,12.018532752990723
I67R,PTEN,67,1,-13.552583694458008,13.552583694458008
C403G,WT1,403,1,-17.416446685791016,17.416446685791016
R873W,RET,873,1,-15.472833633422852,15.472833633422852
G2063K,BRCA2,2063,0,-4.434591293334961,4.434591293334961
P60L,MYCN,60,1,-9.44748306274414,9.44748306274414
E66Q,TSC2,66,0,-0.9261105060577393,0.9261105060577393
P236R,ALK,236,0,-1.0368757247924805,1.0368757247924805
G94D,WT1,94,0,-1.7414544820785522,1.7414544820785522
C1249S,APC,1249,0,3.2922754287719727,-3.2922754287719727
E2339K,NF1,2339,0,-0.5283875465393066,0.5283875465393066
T625P,EGFR,625,0,-1.8380389213562012,1.8380389213562012
N338S,ATM,338,0,0.3657660484313965,-0.3657660484313965
H839Y,BRCA1,839,0,-0.3654794692993164,0.3654794692993164
S1120R,EGFR,1120,0,-0.9168267250061035,0.9168267250061035
S1483P,ALK,1483,0,0.6305830478668213,-0.6305830478668213
L1394P,TSC2,1394,1,-0.758650541305542,0.758650541305542
G2677R,APC,2677,1,0.2318880558013916,-0.2318880558013916
K2421Q,ATM,2421,1,-0.3777930736541748,0.3777930736541748
P184H,WT1,184,1,-1.5712239742279053,1.5712239742279053
I646F,EGFR,646,1,-2.7045907974243164,2.7045907974243164
N1142I,APC,1142,1,-3.345607280731201,3.345607280731201
M349L,NF1,349,0,1.7898783683776855,-1.7898783683776855
P273H,RET,273,1,-0.3488454818725586,0.3488454818725586
A154V,WT1,154,0,-1.0170199871063232,1.0170199871063232
H318L,BRCA1,318,1,1.2050762176513672,-1.2050762176513672
K134N,ALK,134,1,-0.8814892768859863,0.8814892768859863
E171D,TP53,171,1,-1.428938388824463,1.428938388824463
L887S,MET,887,0,-0.7169742584228516,0.7169742584228516
P114R,CDKN2A,114,1,-10.135075569152832,10.135075569152832
P4Q,TP53,4,0,-0.637413740158081,0.637413740158081
F341S,TP53,341,1,-7.0830607414245605,7.0830607414245605
S313N,TP53,313,0,-1.7485222816467285,1.7485222816467285
E336Q,TP53,336,0,-5.039992332458496,5.039992332458496
D324E,TP53,324,0,-0.6667631268501282,0.6667631268501282
D228Y,TP53,228,0,-8.819519996643066,8.819519996643066
Q270P,NF1,270,1,-0.877122163772583,0.877122163772583
I1011K,NF1,1011,0,-0.8855583667755127,0.8855583667755127
E1031D,ATM,1031,1,0.5484447479248047,-0.5484447479248047
A2324T,ATM,2324,0,-0.03112506866455078,0.03112506866455078
S809A,TSC2,809,0,0.17418122291564941,-0.17418122291564941
H115Y,VHL,115,1,-0.38129472732543945,0.38129472732543945
G408R,STK11,408,0,-0.4048459529876709,0.4048459529876709
V220D,TSC1,220,1,-2.990199089050293,2.990199089050293
K944T,BRCA2,944,0,-0.6041386127471924,0.6041386127471924
E2903K,BRCA2,2903,0,0.09800553321838379,-0.09800553321838379
V2211I,BRCA2,2211,0,0.32338786125183105,-0.32338786125183105
K2524N,BRCA2,2524,0,-0.19716811180114746,0.19716811180114746
D2692G,BRCA2,2692,0,0.2183678150177002,-0.2183678150177002
V72L,MET,72,0,0.041091203689575195,-0.041091203689575195
G334R,MET,334,0,-2.8200254440307617,2.8200254440307617
D1377V,MET,1377,0,-0.5034921169281006,0.5034921169281006
F2873S,BRCA2,2873,0,0.5218391418457031,-0.5218391418457031
G2678E,ATM,2678,0,-0.14304304122924805,0.14304304122924805
D326N,PTEN,326,1,-7.374650955200195,7.374650955200195
K66E,PTEN,66,1,-12.032082557678223,12.032082557678223
T300M,TP63,300,1,-9.93222427368164,9.93222427368164
N276S,PTEN,276,1,-7.051114082336426,7.051114082336426
A121T,PTEN,121,1,-6.361898422241211,6.361898422241211
S240N,TP53,240,1,-6.4234771728515625,6.4234771728515625
V709G,TSC2,709,1,-1.9445122480392456,1.9445122480392456
R500W,WT1,500,1,-14.789861679077148,14.789861679077148
Q165L,TP53,165,1,-3.5528039932250977,3.5528039932250977
A2389S,NF1,2389,0,0.5267312526702881,-0.5267312526702881
P179R,STK11,179,1,-16.266056060791016,16.266056060791016
G1408D,TSC2,1408,1,-0.5221462249755859,0.5221462249755859
L404R,MYCN,404,1,-14.650655746459961,14.650655746459961
L1104R,NF1,1104,1,-0.3514261245727539,0.3514261245727539
G104D,MYCN,104,0,-1.5086333751678467,1.5086333751678467
T142A,MYCN,142,0,2.209476947784424,-2.209476947784424
W2619G,BRCA2,2619,1,2.2297866344451904,-2.2297866344451904
L63R,VHL,63,1,0.3222496509552002,-0.3222496509552002
I1022M,ALK,1022,0,-0.30448007583618164,0.30448007583618164
G126V,APC,126,0,-0.9136486053466797,0.9136486053466797
L108F,PTEN,108,1,-10.090363502502441,10.090363502502441
R15G,PTEN,15,1,-11.773797035217285,11.773797035217285
L2917F,BRCA2,2917,0,-0.834561824798584,0.834561824798584
I3075V,BRCA2,3075,0,-0.08124852180480957,0.08124852180480957
I3048M,BRCA2,3048,0,-1.1143226623535156,1.1143226623535156
R2799G,BRCA2,2799,0,-0.23922300338745117,0.23922300338745117
V2728F,BRCA2,2728,0,-1.8006402254104614,1.8006402254104614
F3090S,BRCA2,3090,0,-0.24479007720947266,0.24479007720947266
T2703N,BRCA2,2703,0,0.13030672073364258,-0.13030672073364258
E3367D,BRCA2,3367,0,-0.4456174373626709,0.4456174373626709
D208H,MET,208,0,-0.777470588684082,0.777470588684082
I145R,CDKN2A,145,0,2.3283824920654297,-2.3283824920654297
G2293A,APC,2293,0,0.04754471778869629,-0.04754471778869629
M280T,TSC2,280,1,-1.341273307800293,1.341273307800293
R79P,VHL,79,1,0.13703131675720215,-0.13703131675720215
M470I,ALK,470,0,0.6992640495300293,-0.6992640495300293
M838R,ATM,838,0,-0.16901493072509766,0.16901493072509766
K149T,KIT,149,0,-1.0199735164642334,1.0199735164642334
T407A,RET,407,0,0.150557279586792,-0.150557279586792
K477E,RET,477,0,1.4564862251281738,-1.4564862251281738
L353F,TSC2,353,1,-0.6346473693847656,0.6346473693847656
H64P,PTEN,64,1,-11.734395027160645,11.734395027160645
S269I,TP53,269,1,-4.862517833709717,4.862517833709717
P318S,TP53,318,0,-0.16986417770385742,0.16986417770385742
S269C,TP53,269,0,-0.084564208984375,0.084564208984375
E1458V,NF1,1458,1,-0.24407577514648438,0.24407577514648438
Y2624D,BRCA2,2624,1,0.9171030521392822,-0.9171030521392822
E326V,TP53,326,1,-3.8263044357299805,3.8263044357299805
D324N,TP53,324,0,-2.8196051120758057,2.8196051120758057
Y202H,TP63,202,1,-8.92542839050293,8.92542839050293
C347R,TP63,347,1,-15.663256645202637,15.663256645202637
I808F,KIT,808,1,-13.940715789794922,13.940715789794922
V697M,ERBB2,697,1,-3.653850793838501,3.653850793838501
V839M,ERBB2,839,1,5.420859336853027,-5.420859336853027
G598R,EGFR,598,1,-5.39561128616333,5.39561128616333
T854I,EGFR,854,1,-10.36988639831543,10.36988639831543
P596S,EGFR,596,1,-4.916474342346191,4.916474342346191
A763T,EGFR,763,1,-8.218345642089844,8.218345642089844
G309R,ERBB2,309,1,-1.0596215724945068,1.0596215724945068
S653F,ERBB2,653,1,-0.5697717666625977,0.5697717666625977
G452D,WT1,452,1,-11.431273460388184,11.431273460388184
A237F,EGFR,237,1,-5.595775604248047,5.595775604248047
L833F,EGFR,833,1,-5.659581184387207,5.659581184387207
K852T,EGFR,852,1,-12.456530570983887,12.456530570983887
E423G,WT1,423,1,-14.467914581298828,14.467914581298828
N133D,RB1,133,0,-0.39562129974365234,0.39562129974365234
Y1113H,BRCA1,1113,0,0.713282585144043,-0.713282585144043
F341L,TP53,341,0,-1.5374245643615723,1.5374245643615723
T387P,TP53,387,0,0.2841837406158447,-0.2841837406158447
P179Q,STK11,179,1,-15.048315048217773,15.048315048217773
I1378S,ALK,1378,0,-0.2889688014984131,0.2889688014984131
R2659S,BRCA2,2659,1,0.38343334197998047,-0.38343334197998047
K2979Q,BRCA2,2979,0,-0.6411757469177246,0.6411757469177246
Y2920H,BRCA2,2920,0,-0.46977972984313965,0.46977972984313965
F625L,BRCA2,625,0,0.8366942405700684,-0.8366942405700684
D3064H,BRCA2,3064,0,-0.8396048545837402,0.8396048545837402
K2715R,BRCA2,2715,0,0.19727039337158203,-0.19727039337158203
C669Y,ATM,669,0,0.2559075355529785,-0.2559075355529785
P48L,CDKN2A,48,1,-2.1987595558166504,2.1987595558166504
H118P,PTEN,118,1,-13.015727996826172,13.015727996826172
F109I,TP53,109,1,-6.816415786743164,6.816415786743164
Y98N,VHL,98,1,-0.47510719299316406,0.47510719299316406
C105R,PTEN,105,1,-12.743110656738281,12.743110656738281
H247D,TP63,247,1,-13.485919952392578,13.485919952392578
G305R,TSC1,305,1,-0.33055996894836426,0.33055996894836426
K395N,NF1,395,1,-0.5898661613464355,0.5898661613464355
G315E,TP63,315,1,-14.101393699645996,14.101393699645996
P1851H,NF1,1851,1,-0.26079893112182617,0.26079893112182617
I363V,MYCN,363,0,-1.7553229331970215,1.7553229331970215
Y27F,PTEN,27,1,-10.686297416687012,10.686297416687012
D259A,TP53,259,1,-2.4977121353149414,2.4977121353149414
E775G,NF1,775,1,-0.9337317943572998,0.9337317943572998
M1R,PTEN,1,1,-8.528650283813477,8.528650283813477
A126D,PTEN,126,1,-14.764437675476074,14.764437675476074
A121E,PTEN,121,1,-9.492183685302734,9.492183685302734
L112R,PTEN,112,1,-11.313125610351562,11.313125610351562
K193R,KIT,193,0,-0.6295135021209717,0.6295135021209717
F465S,WT1,465,1,-17.90129852294922,17.90129852294922
F456C,WT1,456,1,-12.3294095993042,12.3294095993042
D502H,WT1,502,1,-14.980996131896973,14.980996131896973
A347G,TP53,347,0,-5.375610828399658,5.375610828399658
Q3409P,BRCA2,3409,0,-0.5213267803192139,0.5213267803192139
N343C,BRCA1,343,0,-0.985713005065918,0.985713005065918
D458E,BRCA1,458,0,0.8595594167709351,-0.8595594167709351
D746V,BRCA1,746,0,0.3727531433105469,-0.3727531433105469
P981A,BRCA1,981,0,-0.8235223293304443,0.8235223293304443
I1173M,BRCA2,1173,0,-1.3996548652648926,1.3996548652648926
T1609S,BRCA2,1609,0,0.33220434188842773,-0.33220434188842773
S1848T,BRCA2,1848,0,-3.4315037727355957,3.4315037727355957
D1902A,BRCA2,1902,0,-0.6221499443054199,0.6221499443054199
D1911H,BRCA2,1911,0,-0.5392515659332275,0.5392515659332275
N1012K,APC,1012,1,0.21680521965026855,-0.21680521965026855
E197Q,TP63,197,1,-2.269683837890625,2.269683837890625
P428L,TP63,428,1,-11.196403503417969,11.196403503417969
A121P,PTEN,121,1,-8.584739685058594,8.584739685058594
D1441N,BRCA1,1441,1,-0.015029191970825195,0.015029191970825195
W151G,WT1,151,1,2.272164821624756,-2.272164821624756
T367S,BRCA1,367,0,0.6276772022247314,-0.6276772022247314
S1205Y,BRCA2,1205,0,-1.8177056312561035,1.8177056312561035
K2017N,BRCA2,2017,0,0.10765790939331055,-0.10765790939331055
F2055Y,BRCA2,2055,0,-0.6308159828186035,0.6308159828186035
A2061V,BRCA2,2061,0,-1.6389586925506592,1.6389586925506592
E493D,TSC1,493,0,-0.4285125732421875,0.4285125732421875
N1156H,NF1,1156,1,-0.4187276363372803,0.4187276363372803
M577R,NF1,577,1,-1.6580524444580078,1.6580524444580078
A86E,TSC2,86,0,0.9878420829772949,-0.9878420829772949
L424P,TSC2,424,0,-2.2365405559539795,2.2365405559539795
S1764R,TSC2,1764,0,-0.8144712448120117,0.8144712448120117
I346N,TSC2,346,1,-3.267979621887207,3.267979621887207
S311N,TP63,311,1,-10.100549697875977,10.100549697875977
V909D,TSC2,909,1,-1.0677342414855957,1.0677342414855957
S574T,NF1,574,1,-0.19565582275390625,0.19565582275390625
G449E,RB1,449,1,-8.491950035095215,8.491950035095215
C706Y,RB1,706,1,-10.564214706420898,10.564214706420898
E1458D,NF1,1458,1,-0.5185773372650146,0.5185773372650146
S601R,TSC2,601,1,-0.7897031307220459,0.7897031307220459
N1154T,NF1,1154,1,0.35626697540283203,-0.35626697540283203
S2018I,NF1,2018,1,0.26830530166625977,-0.26830530166625977
L2337P,NF1,2337,1,-4.277006149291992,4.277006149291992
W308C,STK11,308,1,-9.47177505493164,9.47177505493164
M1029R,TSC2,1029,1,0.8014559745788574,-0.8014559745788574
L344R,TP53,344,1,-8.72422981262207,8.72422981262207
I883T,KIT,883,1,-12.730888366699219,12.730888366699219
V854I,TSC1,854,0,-0.6804876327514648,0.6804876327514648
L43R,NF1,43,1,-1.6150662899017334,1.6150662899017334
A1778E,TSC2,1778,0,-0.6213102340698242,0.6213102340698242
V767F,TSC2,767,0,-0.6579525470733643,0.6579525470733643
C277G,TP53,277,1,-14.43957805633545,14.43957805633545
E481D,TSC2,481,1,0.023606300354003906,-0.023606300354003906
T1206P,TSC2,1206,1,0.06288933753967285,-0.06288933753967285
S1364Y,TSC2,1364,0,-2.801905632019043,2.801905632019043
D1644V,NF1,1644,1,-4.546216011047363,4.546216011047363
L108R,PTEN,108,1,-13.333219528198242,13.333219528198242
K238E,TSC1,238,0,0.5895445346832275,-0.5895445346832275
N1451K,NF1,1451,1,-3.2150275707244873,3.2150275707244873
T1199P,NF1,1199,1,-0.29057765007019043,0.29057765007019043
S54C,TSC1,54,0,-1.4990463256835938,1.4990463256835938
D48G,TP53,48,0,-0.8251969814300537,0.8251969814300537
L1953V,NF1,1953,1,-1.0572441816329956,1.0572441816329956
S47F,NF1,47,1,-0.7923688888549805,0.7923688888549805
D154Y,HRAS,154,0,-8.857407569885254,8.857407569885254
L549R,NF1,549,1,-5.305602550506592,5.305602550506592
A508D,TSC2,508,1,-6.119455337524414,6.119455337524414
T2409R,NF1,2409,1,-2.2697668075561523,2.2697668075561523
L810V,TSC1,810,0,-2.965911388397217,2.965911388397217
D738G,TSC1,738,0,-1.015824556350708,1.015824556350708
P28S,TSC2,28,0,0.3071110248565674,-0.3071110248565674
G2397W,NF1,2397,1,-2.192751407623291,2.192751407623291
L243P,TSC2,243,1,-5.2277984619140625,5.2277984619140625
M695K,RB1,695,1,-11.05041790008545,11.05041790008545
D1217N,NF1,1217,1,-0.20097899436950684,0.20097899436950684
F1536V,NF1,1536,1,0.5108437538146973,-0.5108437538146973
L1446R,NF1,1446,1,-5.48542594909668,5.48542594909668
G22R,TSC2,22,0,0.058432579040527344,-0.058432579040527344
I912T,TSC2,912,1,-1.0268197059631348,1.0268197059631348
K1343R,BRCA2,1343,0,-1.2673957347869873,1.2673957347869873
S2012P,BRCA2,2012,0,-1.6222648620605469,1.6222648620605469
S68P,VHL,68,1,0.9021151065826416,-0.9021151065826416
W117S,VHL,117,1,0.7830767631530762,-0.7830767631530762
C458Y,WT1,458,1,-12.849611282348633,12.849611282348633
G114V,VHL,114,1,-1.2362805604934692,1.2362805604934692
R107S,VHL,107,1,-0.3272087574005127,0.3272087574005127
M54I,VHL,54,1,0.3391590118408203,-0.3391590118408203
V74F,VHL,74,1,-0.5017967224121094,0.5017967224121094
P154T,VHL,154,1,-0.8342511653900146,0.8342511653900146
V586L,TSC2,586,0,0.8179075717926025,-0.8179075717926025
S1774R,TSC2,1774,0,-0.8210005760192871,0.8210005760192871
A1610E,NF1,1610,1,-0.5690896511077881,0.5690896511077881
T1646P,NF1,1646,1,-4.36955451965332,4.36955451965332
V1175A,TSC2,1175,0,0.44396162033081055,-0.44396162033081055
R775S,RB1,775,1,-9.248461723327637,9.248461723327637
R1412K,NF1,1412,1,-0.6473500728607178,0.6473500728607178
K221E,PTEN,221,1,-11.481792449951172,11.481792449951172
C403F,WT1,403,1,-14.222816467285156,14.222816467285156
A608D,KIT,608,1,-11.868786811828613,11.868786811828613
G93S,RET,93,1,-4.798998832702637,4.798998832702637
E271V,TP53,271,1,-7.7902703285217285,7.7902703285217285
M1L,PTEN,1,1,-7.372452735900879,7.372452735900879
K1994N,ATM,1994,0,-0.6160049438476562,0.6160049438476562
L283R,ALK,283,0,-1.222259283065796,1.222259283065796
I614M,BRCA2,614,0,-0.9150376319885254,0.9150376319885254
N1718D,BRCA2,1718,0,-0.8344085216522217,0.8344085216522217
E254D,BRCA2,254,0,-0.8420071601867676,0.8420071601867676
E2558A,BRCA2,2558,0,-0.22040629386901855,0.22040629386901855
T2607P,BRCA2,2607,1,-1.0432367324829102,1.0432367324829102
N1801H,ATM,1801,0,-0.33249378204345703,0.33249378204345703
E1320G,BRCA2,1320,0,-0.9708747863769531,0.9708747863769531
N2452Y,BRCA2,2452,0,-1.5679419040679932,1.5679419040679932
I3113S,BRCA2,3113,0,0.09900236129760742,-0.09900236129760742
T402N,STK11,402,0,-0.8413136005401611,0.8413136005401611
Q354L,TP53,354,0,0.5076519250869751,-0.5076519250869751
N210S,TP53,210,0,-1.8816442489624023,1.8816442489624023
C734S,TSC2,734,0,0.30699753761291504,-0.30699753761291504
H148R,MET,148,0,0.7357861995697021,-0.7357861995697021
Q155H,MET,155,0,-0.6248903274536133,0.6248903274536133
I1337V,ATM,1337,0,0.019921302795410156,-0.019921302795410156
C1366Y,ATM,1366,0,0.9048190116882324,-0.9048190116882324
R653T,APC,653,1,-3.1750872135162354,3.1750872135162354
N1043S,BRCA1,1043,0,2.84963059425354,-2.84963059425354
D1162N,BRCA1,1162,0,0.3538203239440918,-0.3538203239440918
K1082E,BRCA2,1082,0,-0.21299004554748535,0.21299004554748535
I1275V,BRCA2,1275,0,-0.42633557319641113,0.42633557319641113
T3085R,BRCA2,3085,0,-0.3704819679260254,0.3704819679260254
L3093F,BRCA2,3093,0,-1.6897945404052734,1.6897945404052734
D358N,MET,358,0,-0.22964978218078613,0.22964978218078613
P1069S,ATM,1069,0,0.7966163158416748,-0.7966163158416748
E75K,MET,75,0,1.1739282608032227,-1.1739282608032227
E75D,MET,75,0,-1.3631181716918945,1.3631181716918945
N854K,MET,854,0,0.25879836082458496,-0.25879836082458496
S2218N,ATM,2218,0,-0.9523513317108154,0.9523513317108154
Q341P,RET,341,0,0.8228380680084229,-0.8228380680084229
L1108F,RET,1108,0,-0.9981119632720947,0.9981119632720947
E164D,RET,164,0,-0.33634233474731445,0.33634233474731445
P218L,RET,218,0,-1.8881642818450928,1.8881642818450928
E252D,RET,252,0,-1.0004135370254517,1.0004135370254517
E2757V,BRCA2,2757,0,0.6873779296875,-0.6873779296875
S2782N,BRCA2,2782,0,-0.8223509788513184,0.8223509788513184
D2811N,BRCA2,2811,0,-0.3198840618133545,0.3198840618133545
E2903Q,BRCA2,2903,0,-0.6617915630340576,0.6617915630340576
H61P,PTEN,61,1,-13.67635726928711,13.67635726928711
D22V,PTEN,22,1,-12.888530731201172,12.888530731201172
G587A,ATM,587,0,0.08382868766784668,-0.08382868766784668
I678V,ATM,678,0,-0.07015252113342285,0.07015252113342285
E678Q,TP63,678,1,-0.7190909385681152,0.7190909385681152
L963P,RET,963,1,-11.376136779785156,11.376136779785156
Q444L,RB1,444,1,-4.835821151733398,4.835821151733398
H483R,RB1,483,1,-6.637613296508789,6.637613296508789
L657P,RB1,657,1,-10.688002586364746,10.688002586364746
L662P,RB1,662,1,-12.607508659362793,12.607508659362793
Q702K,RB1,702,1,-9.235430717468262,9.235430717468262
G751V,NF1,751,1,0.22125673294067383,-0.22125673294067383
A797T,NF1,797,0,-0.37442755699157715,0.37442755699157715
T862N,NF1,862,0,-0.3481624126434326,0.3481624126434326
P2477H,NF1,2477,0,-0.6881647109985352,0.6881647109985352
N45H,NF1,45,0,-0.7955572605133057,0.7955572605133057
T676S,NF1,676,0,0.7853034734725952,-0.7853034734725952
L3344H,BRCA2,3344,0,-1.4974236488342285,1.4974236488342285
S136A,BRAF,136,0,-7.714289665222168,7.714289665222168
P348S,TP63,348,1,-9.1488676071167,9.1488676071167
I5T,PTEN,5,1,-10.627094268798828,10.627094268798828
N369S,BRCA2,369,0,0.854960560798645,-0.854960560798645
V2179A,BRCA2,2179,0,-0.5533943176269531,0.5533943176269531
H601Q,BRCA1,601,0,1.45597505569458,-1.45597505569458
V119A,PTEN,119,1,-7.70128870010376,7.70128870010376
R500L,WT1,500,1,-16.953998565673828,16.953998565673828
L245F,STK11,245,1,-8.268476486206055,8.268476486206055
L37P,CDKN2A,37,0,2.088261604309082,-2.088261604309082
E10D,CDKN2A,10,0,0.41292333602905273,-0.41292333602905273
N433K,BRCA2,433,0,-0.011119365692138672,0.011119365692138672
N1201S,BRCA2,1201,0,0.5124926567077637,-0.5124926567077637
L2936V,BRCA2,2936,0,-0.9020705223083496,0.9020705223083496
I921N,BRCA2,921,0,0.038188934326171875,-0.038188934326171875
I542M,BRCA2,542,0,-1.3253560066223145,1.3253560066223145
C2605R,BRCA2,2605,0,0.8166718482971191,-0.8166718482971191
H179R,BRCA2,179,0,1.4776062965393066,-1.4776062965393066
L2987R,BRCA2,2987,1,-0.8941888809204102,0.8941888809204102
N2937T,BRCA2,2937,0,-0.34063005447387695,0.34063005447387695
R2799S,BRCA2,2799,0,0.743659496307373,-0.743659496307373
T87I,BRCA2,87,0,-0.7392323017120361,0.7392323017120361
V2855M,BRCA2,2855,0,-0.7354297637939453,0.7354297637939453
I2495V,BRCA2,2495,0,-0.31547021865844727,0.31547021865844727
E3157G,BRCA2,3157,0,-1.3646986484527588,1.3646986484527588
N361D,BRCA2,361,0,-0.5015830993652344,0.5015830993652344
A3023D,BRCA2,3023,0,-0.3838467597961426,0.3838467597961426
T1609I,BRCA2,1609,0,-1.6370387077331543,1.6370387077331543
L1260S,BRCA2,1260,0,0.4279026985168457,-0.4279026985168457
F354L,BRCA2,354,0,0.5973668098449707,-0.5973668098449707
S1744N,BRCA2,1744,0,-0.20999479293823242,0.20999479293823242
Q2943E,BRCA2,2943,0,0.9244503974914551,-0.9244503974914551
Y3225N,BRCA2,3225,0,1.3505258560180664,-1.3505258560180664
Q2960E,BRCA2,2960,0,0.6237156391143799,-0.6237156391143799
L728S,MET,728,0,1.595789909362793,-1.595789909362793
H644Y,MET,644,0,0.9731087684631348,-0.9731087684631348
K424R,MYCN,424,0,-6.882699966430664,6.882699966430664
A1184T,APC,1184,0,0.5372109413146973,-0.5372109413146973
W227R,RET,227,0,3.5144853591918945,-3.5144853591918945
A2472D,APC,2472,0,-1.2164559364318848,1.2164559364318848
G2502S,ATM,2502,0,0.5253722667694092,-0.5253722667694092
L229I,ATM,229,0,-0.40218353271484375,0.40218353271484375
F662I,ATM,662,0,0.13028836250305176,-0.13028836250305176
K1904N,ATM,1904,0,0.38203978538513184,-0.38203978538513184
I1158V,ATM,1158,0,0.04855179786682129,-0.04855179786682129
F209V,ATM,209,0,0.538078784942627,-0.538078784942627
S183P,TP53,183,0,0.9391400218009949,-0.9391400218009949
H168P,TP53,168,1,-7.091032981872559,7.091032981872559
R335L,TP53,335,0,-6.185272216796875,6.185272216796875
G302A,TP53,302,0,0.28111767768859863,-0.28111767768859863
K319T,TP53,319,0,-6.190118789672852,6.190118789672852
Q354P,TP53,354,0,-1.3912487030029297,1.3912487030029297
D368E,TSC1,368,0,-0.12163925170898438,0.12163925170898438
K1314N,BRCA2,1314,0,0.01919698715209961,-0.01919698715209961
I365N,EGFR,365,1,-12.724032402038574,12.724032402038574
K556N,ATM,556,0,-0.3769073486328125,0.3769073486328125
D390G,BRCA1,390,0,-0.626481294631958,0.626481294631958
P367A,BRAF,367,1,-12.22588062286377,12.22588062286377
F21S,PTEN,21,1,-10.934948921203613,10.934948921203613
A137E,PTEN,137,1,-14.500808715820312,14.500808715820312
I1545T,TSC2,1545,1,-0.7179429531097412,0.7179429531097412
G2001A,NF1,2001,1,-0.1085364818572998,0.1085364818572998
L711P,BRAF,711,1,-12.251750946044922,12.251750946044922
I1747N,TSC2,1747,1,-0.24364185333251953,0.24364185333251953
T241A,BRAF,241,1,-12.24754524230957,12.24754524230957
L3074P,BRCA2,3074,1,-4.643871784210205,4.643871784210205
I549N,TP63,549,1,-10.194147109985352,10.194147109985352
D1636N,TSC2,1636,0,0.021162033081054688,-0.021162033081054688
V255G,PTEN,255,1,-14.397314071655273,14.397314071655273
M2213R,NF1,2213,1,-0.391721248626709,0.391721248626709
L282R,STK11,282,1,-16.277259826660156,16.277259826660156
F1247I,NF1,1247,1,0.24837327003479004,-0.24837327003479004
F1168C,MET,1168,1,-5.364993572235107,5.364993572235107
G265A,BRAF,265,1,-11.225844383239746,11.225844383239746
S102R,MET,102,0,-0.6676568984985352,0.6676568984985352
N257I,MET,257,0,-5.426807403564453,5.426807403564453
H92Y,MET,92,0,-0.5231466293334961,0.5231466293334961
N379D,MET,379,0,-0.19312524795532227,0.19312524795532227
N199H,MET,199,0,-0.23288726806640625,0.23288726806640625
N2432K,NF1,2432,0,0.5738492012023926,-0.5738492012023926
S2484T,NF1,2484,0,-0.5586028099060059,0.5586028099060059
N697S,NF1,697,0,0.6446913480758667,-0.6446913480758667
K480N,NF1,480,0,-0.1088402271270752,0.1088402271270752
G859S,NF1,859,0,1.0082052946090698,-1.0082052946090698
P1626A,APC,1626,0,-0.5770955085754395,0.5770955085754395
S130N,APC,130,0,-0.61700439453125,0.61700439453125
V439I,RB1,439,0,-0.06510734558105469,0.06510734558105469
D697H,RB1,697,0,-6.99135684967041,6.99135684967041
P273L,RET,273,0,1.4909558296203613,-1.4909558296203613
T470P,RET,470,0,-0.4158189296722412,0.4158189296722412
G1071E,RET,1071,0,0.3347318172454834,-0.3347318172454834
T130I,RET,130,0,-0.9672207832336426,0.9672207832336426
Y54F,ATM,54,0,0.14831304550170898,-0.14831304550170898
V866G,ATM,866,0,-0.15890169143676758,0.15890169143676758
E204D,TP53,204,0,-4.06277322769165,4.06277322769165
S94A,TP53,94,0,-0.8364119529724121,0.8364119529724121
V73E,TP53,73,0,-0.3983113765716553,0.3983113765716553
V274I,TP53,274,0,0.49657437205314636,-0.49657437205314636
E343D,TP53,343,0,-1.2370059490203857,1.2370059490203857
A76G,TP53,76,0,-3.5091021060943604,3.5091021060943604
R213W,TP53,213,1,-7.099347114562988,7.099347114562988
G356E,TP53,356,0,-0.4042835235595703,0.4042835235595703
F212S,TP53,212,0,1.6161437034606934,-1.6161437034606934
D2976E,ATM,2976,0,0.580458402633667,-0.580458402633667
E2145V,ATM,2145,1,-1.6050615310668945,1.6050615310668945
K1057E,ATM,1057,0,-0.6833467483520508,0.6833467483520508
N2326K,ATM,2326,0,-0.06927680969238281,0.06927680969238281
H42Y,ATM,42,0,0.7650532722473145,-0.7650532722473145
E1995D,ATM,1995,0,-0.7833836078643799,0.7833836078643799
T593A,ATM,593,0,-0.3687286376953125,0.3687286376953125
S707T,ATM,707,0,-0.7639575004577637,0.7639575004577637
T1144N,TSC1,1144,0,-1.3122689723968506,1.3122689723968506
G75D,WT1,75,0,-0.6188530921936035,0.6188530921936035
T1684S,BRCA2,1684,0,0.8911838531494141,-0.8911838531494141
Y1894H,BRCA2,1894,0,0.4001011848449707,-0.4001011848449707
G1515R,BRCA1,1515,0,-0.3242068290710449,0.3242068290710449
V1602L,BRCA1,1602,0,0.3619112968444824,-0.3619112968444824
Q804L,BRCA1,804,0,0.2514472007751465,-0.2514472007751465
N363S,BRCA1,363,0,0.09236359596252441,-0.09236359596252441
T17A,BRCA2,17,0,-0.2373201847076416,0.2373201847076416
K2674M,BRCA2,2674,0,-1.9499835968017578,1.9499835968017578
F3060I,BRCA2,3060,0,0.8026294708251953,-0.8026294708251953
K1691Q,BRCA2,1691,0,-1.2913235425949097,1.2913235425949097
V1283L,BRCA2,1283,0,0.46528148651123047,-0.46528148651123047
E3130K,BRCA2,3130,0,-0.461456298828125,0.461456298828125
P2734R,BRCA2,2734,0,-0.3958895206451416,0.3958895206451416
K437T,BRCA2,437,0,-0.07192611694335938,0.07192611694335938
C3304W,BRCA2,3304,0,-1.690427303314209,1.690427303314209
L583M,BRCA2,583,0,-1.8115315437316895,1.8115315437316895
M1149I,BRCA2,1149,0,0.9287319183349609,-0.9287319183349609
S1770A,BRCA2,1770,0,-1.1911442279815674,1.1911442279815674
K3415E,BRCA2,3415,0,-0.06487083435058594,0.06487083435058594
M3322L,BRCA2,3322,0,1.3075828552246094,-1.3075828552246094
A2902S,BRCA2,2902,0,0.09268522262573242,-0.09268522262573242
K2555T,BRCA2,2555,0,-0.3746194839477539,0.3746194839477539
E1481G,BRCA2,1481,0,-1.1301660537719727,1.1301660537719727
Q1396E,BRCA2,1396,0,0.5124881267547607,-0.5124881267547607
L557S,BRCA2,557,0,0.18929672241210938,-0.18929672241210938
N213S,BRCA2,213,0,0.2419724464416504,-0.2419724464416504
N1296H,BRCA2,1296,0,-2.3471548557281494,2.3471548557281494
N818K,BRCA2,818,0,-0.18107199668884277,0.18107199668884277
A145S,BRAF,145,0,-0.5507030487060547,0.5507030487060547
M117T,BRAF,117,0,-1.5184392929077148,1.5184392929077148
I145L,CDKN2A,145,0,1.0421769618988037,-1.0421769618988037
S7N,CDKN2A,7,0,-1.8119521141052246,1.8119521141052246
A30E,CDKN2A,30,0,-1.6930639743804932,1.6930639743804932
Q1203P,EGFR,1203,0,0.4325833320617676,-0.4325833320617676
E160D,EGFR,160,0,0.018109560012817383,-0.018109560012817383
N1116H,EGFR,1116,0,0.7642412185668945,-0.7642412185668945
V660L,EGFR,660,0,-0.17224788665771484,0.17224788665771484
I1461S,ALK,1461,0,1.3626203536987305,-1.3626203536987305
G920V,ALK,920,0,-2.8646011352539062,2.8646011352539062
T917R,ALK,917,0,0.9095516204833984,-0.9095516204833984
F685V,ALK,685,0,0.8327388763427734,-0.8327388763427734
P157A,ALK,157,0,0.4232339859008789,-0.4232339859008789
R918G,ALK,918,0,1.568416953086853,-1.568416953086853
W913G,ALK,913,0,2.171518325805664,-2.171518325805664
R420K,KIT,420,0,1.3142051696777344,-1.3142051696777344
V422A,KIT,422,0,-0.08610248565673828,0.08610248565673828
R611P,TSC2,611,1,-1.2886104583740234,1.2886104583740234
V917D,NF1,917,1,-1.4380645751953125,1.4380645751953125
A173T,MYCN,173,0,-2.0681490898132324,2.0681490898132324
H478R,WT1,478,1,-13.739347457885742,13.739347457885742
S466F,WT1,466,1,-14.261486053466797,14.261486053466797
S891L,RET,891,1,-9.74748420715332,9.74748420715332
W1952C,NF1,1952,1,1.184981346130371,-1.184981346130371
H474Q,WT1,474,1,-15.727471351623535,15.727471351623535
H123N,PTEN,123,1,-13.156386375427246,13.156386375427246
L2125Q,NF1,2125,1,-0.9977563619613647,0.9977563619613647
R147P,STK11,147,1,-7.107626914978027,7.107626914978027
K1037I,BRCA1,1037,0,-1.1560368537902832,1.1560368537902832
F552V,TP63,552,1,-8.589860916137695,8.589860916137695
Q1017E,NF1,1017,1,0.005902767181396484,-0.005902767181396484
V147G,TP53,147,1,-8.480300903320312,8.480300903320312
R266G,TP63,266,1,-15.036089897155762,15.036089897155762
R454K,TSC2,454,1,-0.16936969757080078,0.16936969757080078
N1451H,NF1,1451,1,-2.682570457458496,2.682570457458496
S433P,TSC2,433,0,-1.127013921737671,1.127013921737671
V54D,NF1,54,1,0.08390188217163086,-0.08390188217163086
L145R,NF1,145,1,-4.6424970626831055,4.6424970626831055
K1457T,NF1,1457,1,-0.08014512062072754,0.08014512062072754
S1912R,NF1,1912,1,-1.2790343761444092,1.2790343761444092
R1438P,TSC2,1438,0,1.001657485961914,-1.001657485961914
I346L,TSC2,346,0,0.8735781908035278,-0.8735781908035278
D416G,TSC2,416,0,0.3789699077606201,-0.3789699077606201
V1492L,TSC2,1492,0,0.6381728649139404,-0.6381728649139404
N1564K,TSC2,1564,1,0.0980691909790039,-0.0980691909790039
D1652E,TSC2,1652,0,0.5617885589599609,-0.5617885589599609
L1694P,TSC2,1694,0,-0.4906330108642578,0.4906330108642578
D1696H,TSC2,1696,0,-0.3369283676147461,0.3369283676147461
T1733S,TSC2,1733,0,0.5402894020080566,-0.5402894020080566
R343L,TP63,343,1,-13.717717170715332,13.717717170715332
H1053R,TSC1,1053,0,1.0047035217285156,-1.0047035217285156
E647Q,TSC1,647,0,-0.9795713424682617,0.9795713424682617
S1704A,TSC2,1704,0,0.5578057765960693,-0.5578057765960693
W111C,PTEN,111,1,-9.469882011413574,9.469882011413574
M35I,PTEN,35,1,-8.940752029418945,8.940752029418945
R159W,PTEN,159,1,-11.807665824890137,11.807665824890137
A551T,TSC1,551,0,0.19767069816589355,-0.19767069816589355
S888T,RB1,888,1,-0.6734199523925781,0.6734199523925781
R1000S,NF1,1000,1,0.8519725799560547,-0.8519725799560547
V289L,NF1,289,0,0.5734617710113525,-0.5734617710113525
R1474S,TSC2,1474,0,0.8574126958847046,-0.8574126958847046
D1656N,TSC2,1656,0,-0.6640036106109619,0.6640036106109619
M949I,APC,949,0,0.6660027503967285,-0.6660027503967285
I280N,TP63,280,0,-5.496698379516602,5.496698379516602
I581S,NF1,581,1,-1.3703349828720093,1.3703349828720093
H1460P,NF1,1460,1,-0.4269094467163086,0.4269094467163086
L1915R,NF1,1915,1,-3.3826065063476562,3.3826065063476562
L2298R,NF1,2298,1,-6.393772125244141,6.393772125244141
P744L,TSC2,744,0,0.48733997344970703,-0.48733997344970703
I2702K,ATM,2702,1,-5.088566780090332,5.088566780090332
L983V,BRCA1,983,0,-0.0029878616333007812,0.0029878616333007812
Y175N,VHL,175,1,-0.08002138137817383,0.08002138137817383
Q442K,WT1,442,1,-17.302162170410156,17.302162170410156
C162S,VHL,162,1,0.6909148693084717,-0.6909148693084717
R200P,VHL,200,1,-2.349830150604248,2.349830150604248
F1124L,BRCA1,1124,0,0.7738301753997803,-0.7738301753997803
S648P,BRCA2,648,0,-1.6363801956176758,1.6363801956176758
G1376R,BRCA2,1376,0,-0.29308223724365234,0.29308223724365234
G1508V,BRCA2,1508,0,0.6912801265716553,-0.6912801265716553
L98P,PTEN,98,1,-8.419724464416504,8.419724464416504
V1683A,TSC2,1683,1,-0.6218461990356445,0.6218461990356445
G1890F,NF1,1890,1,-0.31626200675964355,0.31626200675964355
A48T,MET,48,0,-0.05746936798095703,0.05746936798095703
N2374I,BRCA2,2374,0,-0.8280627727508545,0.8280627727508545
R391C,MYCN,391,1,-11.599145889282227,11.599145889282227
D1217Y,NF1,1217,1,-1.0269498825073242,1.0269498825073242
L23R,HRAS,23,1,-12.801551818847656,12.801551818847656
M1131I,TSC2,1131,1,0.6038541793823242,-0.6038541793823242
S229Y,BRCA1,229,0,-2.6328344345092773,2.6328344345092773
F1219L,BRCA2,1219,0,-2.048511028289795,2.048511028289795
T1526R,BRCA2,1526,0,-3.8337180614471436,3.8337180614471436
K178T,BRCA2,178,0,-0.5986204147338867,0.5986204147338867
G400V,APC,400,0,2.325723648071289,-2.325723648071289
M1V,RB1,1,1,-5.554739475250244,5.554739475250244
S179N,RB1,179,0,-1.0756959915161133,1.0756959915161133
G211S,RET,211,0,-0.4603729248046875,0.4603729248046875
T1697I,ATM,1697,0,0.1908586025238037,-0.1908586025238037
N1326K,ATM,1326,0,-0.24631309509277344,0.24631309509277344
G2765R,ATM,2765,1,-9.700389862060547,9.700389862060547
S2114C,ATM,2114,0,-1.6917665004730225,1.6917665004730225
E394D,ATM,394,0,-0.6053149700164795,0.6053149700164795
M136R,STK11,136,1,-17.28778648376465,17.28778648376465
S166T,TP53,166,0,-2.764491558074951,2.764491558074951
C124W,TP53,124,0,0.14249706268310547,-0.14249706268310547
E62G,TP53,62,0,0.10050272941589355,-0.10050272941589355
D207E,TP53,207,0,-0.8425230979919434,0.8425230979919434
R622G,TSC1,622,0,-0.8372364044189453,0.8372364044189453
Q1752H,TSC2,1752,0,-1.382016897201538,1.382016897201538
V66A,VHL,66,0,-0.20149517059326172,0.20149517059326172
E6K,VHL,6,0,-1.0026252269744873,1.0026252269744873
L118V,VHL,118,0,-0.11110258102416992,0.11110258102416992
M211R,VHL,211,0,2.2535836696624756,-2.2535836696624756
T152S,VHL,152,0,0.2292633056640625,-0.2292633056640625
I109T,VHL,109,0,-0.38062572479248047,0.38062572479248047
H125N,VHL,125,0,0.13037371635437012,-0.13037371635437012
S11A,WT1,11,0,0.8565261363983154,-0.8565261363983154
L2753F,BRCA2,2753,0,-1.5190006494522095,1.5190006494522095
M751V,BRCA1,751,0,1.5065739154815674,-1.5065739154815674
L1605F,BRCA1,1605,0,-1.3081996440887451,1.3081996440887451
V3365I,BRCA2,3365,0,0.06584739685058594,-0.06584739685058594
N1288D,BRCA2,1288,0,0.13607525825500488,-0.13607525825500488
N560K,BRCA2,560,0,0.1640758514404297,-0.1640758514404297
I1945V,BRCA2,1945,0,-0.4643881320953369,0.4643881320953369
V2138I,BRCA2,2138,0,0.19884538650512695,-0.19884538650512695
G2529V,BRCA2,2529,0,0.3381791114807129,-0.3381791114807129
C3173F,BRCA2,3173,0,0.40003228187561035,-0.40003228187561035
A3235D,BRCA2,3235,0,-0.30261754989624023,0.30261754989624023
S496A,BRCA2,496,0,-1.2641375064849854,1.2641375064849854
P1128S,EGFR,1128,0,-0.21394062042236328,0.21394062042236328
V607I,EGFR,607,0,-0.40506744384765625,0.40506744384765625
K454R,EGFR,454,0,-1.2419302463531494,1.2419302463531494
S31T,ALK,31,0,-0.7082498073577881,0.7082498073577881
H1576Q,ALK,1576,0,0.3744661808013916,-0.3744661808013916
N1583T,ALK,1583,0,0.055068254470825195,-0.055068254470825195
A532V,ALK,532,0,-1.2550504207611084,1.2550504207611084
G432S,ALK,432,0,0.35318946838378906,-0.35318946838378906
D45E,KIT,45,0,1.1011772155761719,-1.1011772155761719
F68I,KIT,68,0,-0.531604528427124,0.531604528427124
D72G,KIT,72,0,0.5629730224609375,-0.5629730224609375
H708N,KIT,708,0,-0.6525843143463135,0.6525843143463135
N1520K,ALK,1520,0,0.8538534641265869,-0.8538534641265869
N593S,MET,593,0,0.14527225494384766,-0.14527225494384766
N257T,MET,257,0,-1.806064486503601,1.806064486503601
H150R,MET,150,0,0.7152683734893799,-0.7152683734893799
V136L,MET,136,0,-0.37244153022766113,0.37244153022766113
D1377N,MET,1377,0,-0.8629095554351807,0.8629095554351807
E49K,MET,49,0,-0.3725898265838623,0.3725898265838623
M849I,MET,849,0,1.8144254684448242,-1.8144254684448242
E168K,MET,168,0,-0.11389946937561035,0.11389946937561035
P485A,MET,485,0,-0.5684986114501953,0.5684986114501953
N67D,NF1,67,0,0.08206748962402344,-0.08206748962402344
A2441T,NF1,2441,1,-0.023005008697509766,0.023005008697509766
L81V,NF1,81,0,-0.8527393341064453,0.8527393341064453
N734S,NF1,734,0,0.8581228256225586,-0.8581228256225586
P1923L,APC,1923,0,-0.38378119468688965,0.38378119468688965
W308G,STK11,308,1,-12.857665061950684,12.857665061950684
C135S,TP53,135,1,-5.505019187927246,5.505019187927246
N246D,ATM,246,0,-0.09835934638977051,0.09835934638977051
L1504P,TSC2,1504,1,-0.08450436592102051,0.08450436592102051
Q549H,KIT,549,1,-5.406468868255615,5.406468868255615
M1625K,TSC2,1625,1,-2.6405982971191406,2.6405982971191406
K6I,PTEN,6,1,-12.770859718322754,12.770859718322754
A439V,BRCA1,439,0,0.022641420364379883,-0.022641420364379883
S694R,BRCA1,694,0,-1.1709575653076172,1.1709575653076172
C428R,WT1,428,1,-15.312721252441406,15.312721252441406
N198K,MYCN,198,0,1.7214994430541992,-1.7214994430541992
V917G,NF1,917,1,-1.5254755020141602,1.5254755020141602
D85N,RB1,85,0,-0.34528207778930664,0.34528207778930664
E204Q,RB1,204,0,1.8687933683395386,-1.8687933683395386
C659R,RET,659,0,1.7235685586929321,-1.7235685586929321
H246R,RET,246,0,2.3138692378997803,-2.3138692378997803
M255I,RET,255,0,0.3682703971862793,-0.3682703971862793
T451A,RET,451,0,0.42221498489379883,-0.42221498489379883
T460A,ATM,460,0,0.821235179901123,-0.821235179901123
L2984P,ATM,2984,0,-0.6205101013183594,0.6205101013183594
D176H,STK11,176,1,-11.736209869384766,11.736209869384766
E850Q,ATM,850,0,-1.1342458724975586,1.1342458724975586
D1969V,ATM,1969,0,-0.22747468948364258,0.22747468948364258
I1659L,ATM,1659,0,0.47669410705566406,-0.47669410705566406
H636Q,ATM,636,0,0.5883021354675293,-0.5883021354675293
T1485A,TSC2,1485,0,0.7112226486206055,-0.7112226486206055
E53K,VHL,53,0,-2.770724058151245,2.770724058151245
V66E,VHL,66,0,-0.3844177722930908,0.3844177722930908
E204D,VHL,204,0,-1.016772747039795,1.016772747039795
N141Y,VHL,141,0,-0.34943509101867676,0.34943509101867676
A83P,TP53,83,0,-0.6386814117431641,0.6386814117431641
S378T,TP53,378,0,-0.8337113857269287,0.8337113857269287
D21A,TP53,21,0,-0.8055967092514038,0.8055967092514038
E326D,TP53,326,0,-1.3188122510910034,1.3188122510910034
S240C,TP53,240,1,-8.550276756286621,8.550276756286621
G1543E,BRCA1,1543,0,0.3847496509552002,-0.3847496509552002
F952L,BRCA1,952,0,0.8960301876068115,-0.8960301876068115
L1276S,BRCA1,1276,0,0.9583581686019897,-0.9583581686019897
Q2870P,BRCA2,2870,0,-0.18322134017944336,0.18322134017944336
I2664F,BRCA2,2664,0,-0.3235127925872803,0.3235127925872803
D2983G,BRCA2,2983,0,-0.5060467720031738,0.5060467720031738
E984K,BRCA2,984,0,-0.743009090423584,0.743009090423584
D2492N,BRCA2,2492,0,0.37667226791381836,-0.37667226791381836
A1253T,BRCA2,1253,0,0.6037745475769043,-0.6037745475769043
T2542A,BRCA2,2542,0,-0.06876301765441895,0.06876301765441895
K3196N,BRCA2,3196,0,-0.4297661781311035,0.4297661781311035
T1185R,BRCA2,1185,0,-1.6971445083618164,1.6971445083618164
F3060V,BRCA2,3060,0,0.174149751663208,-0.174149751663208
Q2539E,BRCA2,2539,0,0.3474564552307129,-0.3474564552307129
D2489H,BRCA2,2489,0,-0.5824317932128906,0.5824317932128906
L3215H,BRCA2,3215,0,-1.5103931427001953,1.5103931427001953
K2551R,BRCA2,2551,0,-0.3172454833984375,0.3172454833984375
R2888S,BRCA2,2888,0,0.20394253730773926,-0.20394253730773926
P2883L,BRCA2,2883,0,0.34659361839294434,-0.34659361839294434
I1607N,BRCA2,1607,0,0.8589081764221191,-0.8589081764221191
Q3037L,BRCA2,3037,0,2.705838680267334,-2.705838680267334
N3348D,BRCA2,3348,0,0.451549768447876,-0.451549768447876
Q548K,BRCA2,548,0,0.5336158275604248,-0.5336158275604248
N1747S,BRCA2,1747,0,0.9035056829452515,-0.9035056829452515
K3032R,BRCA2,3032,0,-0.34482336044311523,0.34482336044311523
C1081S,BRCA2,1081,0,1.7126598358154297,-1.7126598358154297
L1357I,BRCA2,1357,0,-0.26888418197631836,0.26888418197631836
K410N,BRCA2,410,0,0.023036956787109375,-0.023036956787109375
P1171A,BRCA2,1171,0,0.21367216110229492,-0.21367216110229492
K1191N,BRCA2,1191,0,1.1350170373916626,-1.1350170373916626
H2548N,BRCA2,2548,0,1.1127820014953613,-1.1127820014953613
L2890R,BRCA2,2890,0,-1.8672752380371094,1.8672752380371094
V358A,BRCA2,358,0,-0.293062686920166,0.293062686920166
I3208V,BRCA2,3208,0,-0.21253609657287598,0.21253609657287598
N1473S,BRCA2,1473,0,-0.1682567596435547,0.1682567596435547
A325G,WT1,325,0,0.06382107734680176,-0.06382107734680176
A66G,WT1,66,0,0.39841151237487793,-0.39841151237487793
P9Q,WT1,9,0,-0.17537903785705566,0.17537903785705566
C721S,NF1,721,0,1.338578701019287,-1.338578701019287
T862S,NF1,862,0,0.9591723680496216,-0.9591723680496216
G1075S,EGFR,1075,0,0.9453494548797607,-0.9453494548797607
H590R,EGFR,590,0,-1.809436321258545,1.809436321258545
A24S,EGFR,24,0,-1.6917698383331299,1.6917698383331299
V1089A,EGFR,1089,0,-0.5932159423828125,0.5932159423828125
Q504E,EGFR,504,0,0.4200558662414551,-0.4200558662414551
A1470V,ALK,1470,0,-0.34349751472473145,0.34349751472473145
D525Y,ALK,525,0,-1.5027055740356445,1.5027055740356445
S1216R,ALK,1216,0,-4.237102031707764,4.237102031707764
G578S,ALK,578,0,0.1725010871887207,-0.1725010871887207
N400I,KIT,400,0,-2.82474946975708,2.82474946975708
A401S,KIT,401,0,-2.5583064556121826,2.5583064556121826
E855K,MET,855,0,0.6294364929199219,-0.6294364929199219
M1V,RET,1,1,-7.060027122497559,7.060027122497559
C124R,TP53,124,1,-5.170991897583008,5.170991897583008
I429V,BRCA1,429,0,0.0339360237121582,-0.0339360237121582
R1095T,ATM,1095,1,0.12423110008239746,-0.12423110008239746
C244Y,TP63,244,1,-12.763741493225098,12.763741493225098
K41E,STK11,41,1,-7.5260844230651855,7.5260844230651855
A862T,TSC2,862,0,-0.43435049057006836,0.43435049057006836
F904L,TSC2,904,0,0.9369101524353027,-0.9369101524353027
E2918D,BRCA2,2918,1,-0.11252546310424805,0.11252546310424805
Q695H,TSC2,695,0,0.15886425971984863,-0.15886425971984863
D361V,BRAF,361,1,-13.377453804016113,13.377453804016113
M1R,TP63,1,1,-4.257478713989258,4.257478713989258
Y46N,PTEN,46,1,-12.302350997924805,12.302350997924805
R391L,MYCN,391,1,-12.82022476196289,12.82022476196289
S2022A,BRCA2,2022,0,-1.1489336490631104,1.1489336490631104
S2219L,BRCA2,2219,0,-0.4843175411224365,0.4843175411224365
S3303R,BRCA2,3303,0,-0.5311424732208252,0.5311424732208252
K533N,TSC2,533,1,-0.39269471168518066,0.39269471168518066
V331I,KIT,331,0,-0.3909015655517578,0.3909015655517578
R55S,KIT,55,0,-1.9465546607971191,1.9465546607971191
S255N,MET,255,0,-1.5729343891143799,1.5729343891143799
D832N,MET,832,0,0.3892674446105957,-0.3892674446105957
I491M,MET,491,0,-1.8935637474060059,1.8935637474060059
S336N,MET,336,0,-0.31867706775665283,0.31867706775665283
L1915Q,NF1,1915,1,-3.3257293701171875,3.3257293701171875
P2477L,NF1,2477,0,0.6675524711608887,-0.6675524711608887
A927T,APC,927,0,0.714383602142334,-0.714383602142334
N361D,RET,361,0,-0.10172414779663086,0.10172414779663086
P354S,PTEN,354,0,-0.8323943614959717,0.8323943614959717
F1087C,RET,1087,0,-1.0197668075561523,1.0197668075561523
A432S,RET,432,0,0.282135009765625,-0.282135009765625
K66R,ATM,66,0,-0.3936924934387207,0.3936924934387207
K2639Q,ATM,2639,1,-0.41542983055114746,0.41542983055114746
F858S,ATM,858,0,1.661261796951294,-1.661261796951294
S2329N,ATM,2329,0,-0.583406925201416,0.583406925201416
K388Q,ATM,388,0,-0.017616748809814453,0.017616748809814453
S1981N,ATM,1981,0,-0.6301727294921875,0.6301727294921875
S421G,STK11,421,0,-0.3186674118041992,0.3186674118041992
W308R,STK11,308,1,-12.037757873535156,12.037757873535156
P367S,TSC1,367,0,0.14343762397766113,-0.14343762397766113
I1131T,TSC1,1131,0,1.312546730041504,-1.312546730041504
L350R,TP53,350,0,-1.2028756141662598,1.2028756141662598
N239K,TP53,239,1,-7.728811740875244,7.728811740875244
S95T,TP53,95,0,-1.1592687368392944,1.1592687368392944
I332L,TP53,332,0,-2.7346858978271484,2.7346858978271484
A79V,TP53,79,0,-1.9707921743392944,1.9707921743392944
T157A,VHL,157,0,-0.10460519790649414,0.10460519790649414
E53D,VHL,53,0,-0.9296748638153076,0.9296748638153076
R69H,VHL,69,0,-1.1480109691619873,1.1480109691619873
S140R,CDKN2A,140,0,0.5183125734329224,-0.5183125734329224
D1420G,BRCA2,1420,0,-0.7829568386077881,0.7829568386077881
Q3394H,BRCA2,3394,0,-0.9969403743743896,0.9969403743743896
I1556T,BRCA2,1556,0,-0.03812813758850098,0.03812813758850098
T680A,BRCA2,680,0,-0.45331859588623047,0.45331859588623047
E3258K,BRCA2,3258,0,0.06096649169921875,-0.06096649169921875
K1281N,BRCA2,1281,0,-0.12456870079040527,0.12456870079040527
E2635D,BRCA2,2635,0,-0.09899663925170898,0.09899663925170898
G3141R,BRCA2,3141,0,0.3841707706451416,-0.3841707706451416
I505L,BRCA2,505,0,0.3977322578430176,-0.3977322578430176
M1272R,BRCA2,1272,0,0.44036102294921875,-0.44036102294921875
E1407Q,BRCA2,1407,0,-0.7567481994628906,0.7567481994628906
E2475K,BRCA2,2475,0,-0.33800220489501953,0.33800220489501953
K3019N,BRCA2,3019,0,-0.29905271530151367,0.29905271530151367
N2931T,BRCA2,2931,0,0.21153640747070312,-0.21153640747070312
S2782R,BRCA2,2782,0,-0.6862902641296387,0.6862902641296387
E362D,BRCA1,362,0,-1.0641182661056519,1.0641182661056519
L574S,BRCA2,574,0,0.23618149757385254,-0.23618149757385254
S942L,BRCA2,942,0,-0.7766702175140381,0.7766702175140381
K457T,BRCA2,457,0,-0.2657651901245117,0.2657651901245117
V494L,BRCA2,494,0,0.4121074676513672,-0.4121074676513672
E2981V,BRCA2,2981,0,-0.6871001720428467,0.6871001720428467
N1935I,BRCA2,1935,0,-0.6714029312133789,0.6714029312133789
N289K,BRCA2,289,0,0.32613706588745117,-0.32613706588745117
Q1089E,BRCA2,1089,0,0.8610031604766846,-0.8610031604766846
L443V,EGFR,443,0,-4.075016975402832,4.075016975402832
A155V,EGFR,155,0,-1.4129180908203125,1.4129180908203125
E27D,EGFR,27,0,-0.34807777404785156,0.34807777404785156
Y813H,EGFR,813,0,-1.2227554321289062,1.2227554321289062
A7T,EGFR,7,0,-1.8752872943878174,1.8752872943878174
A1000V,EGFR,1000,0,-2.2503442764282227,2.2503442764282227
R494K,EGFR,494,0,0.741321325302124,-0.741321325302124
R414G,EGFR,414,0,-0.5107507705688477,0.5107507705688477
P85A,ALK,85,0,0.3580513000488281,-0.3580513000488281
E1016D,ALK,1016,0,-0.6137147545814514,0.6137147545814514
E310A,ALK,310,0,0.13135385513305664,-0.13135385513305664
A1452V,ALK,1452,0,-0.543006420135498,0.543006420135498
R120K,VHL,120,1,-0.9411168098449707,0.9411168098449707
N131H,TP53,131,1,-3.6530754566192627,3.6530754566192627
Y598N,TSC2,598,1,-0.7300872802734375,0.7300872802734375
R1095I,ATM,1095,1,0.4131133556365967,-0.4131133556365967
T1547A,ALK,1547,0,0.8710551261901855,-0.8710551261901855
P1675S,TSC2,1675,1,0.6838350296020508,-0.6838350296020508
K93N,ATM,93,0,-0.5034635066986084,0.5034635066986084
D92N,PTEN,92,1,-9.34841537475586,9.34841537475586
W195L,RB1,195,1,-5.025223731994629,5.025223731994629
I808M,KIT,808,1,-11.441845893859863,11.441845893859863
Y174D,PTEN,174,1,-13.905593872070312,13.905593872070312
D362H,BRCA2,362,0,-0.4013328552246094,0.4013328552246094
A1611T,BRCA1,1611,0,0.22028827667236328,-0.22028827667236328
N1519S,BRCA1,1519,0,0.7180826663970947,-0.7180826663970947
T2713A,BRCA2,2713,0,-0.23725605010986328,0.23725605010986328
S3218A,BRCA2,3218,0,0.1820671558380127,-0.1820671558380127
I76M,TSC1,76,0,-1.6462726593017578,1.6462726593017578
V240L,RET,240,0,0.08793497085571289,-0.08793497085571289
S404C,STK11,404,0,-1.1646943092346191,1.1646943092346191
I422V,RET,422,0,1.1721611022949219,-1.1721611022949219
T105R,VHL,105,0,-0.375354528427124,0.375354528427124
L158R,VHL,158,1,-0.22670650482177734,0.22670650482177734
L116I,VHL,116,0,-0.884587287902832,0.884587287902832
M1300L,TSC2,1300,0,1.5824317932128906,-1.5824317932128906
T1100R,ATM,1100,0,-0.14695453643798828,0.14695453643798828
A1110P,ATM,1110,0,-0.9476356506347656,0.9476356506347656
N429T,ATM,429,0,0.10875105857849121,-0.10875105857849121
L906F,ATM,906,0,-0.7473196983337402,0.7473196983337402
K196E,ATM,196,0,0.7542281150817871,-0.7542281150817871
K1625N,ATM,1625,0,-1.720865249633789,1.720865249633789
E1894D,ATM,1894,0,-0.6255879402160645,0.6255879402160645
A1426G,ATM,1426,0,-1.1940491199493408,1.1940491199493408
E518D,ATM,518,0,-0.25192928314208984,0.25192928314208984
N2470I,NF1,2470,0,-0.4473385810852051,0.4473385810852051
T878S,ATM,878,0,0.9436303377151489,-0.9436303377151489
T417N,ATM,417,0,-0.9811928272247314,0.9811928272247314
H46Y,ATM,46,0,1.1970291137695312,-1.1970291137695312
E1553K,ATM,1553,0,0.015798330307006836,-0.015798330307006836
F172L,ATM,172,0,0.7524933815002441,-0.7524933815002441
V2531A,BRCA2,2531,0,-0.3734424114227295,0.3734424114227295
E1780G,BRCA2,1780,0,-1.780211091041565,1.780211091041565
I383V,BRCA2,383,0,-0.3127737045288086,0.3127737045288086
A3140S,BRCA2,3140,0,0.8241982460021973,-0.8241982460021973
A3186E,BRCA2,3186,0,0.6723241806030273,-0.6723241806030273
T3413A,BRCA2,3413,0,-0.6116323471069336,0.6116323471069336
W2586C,BRCA2,2586,0,0.5962636470794678,-0.5962636470794678
L2480I,BRCA2,2480,0,-0.49535059928894043,0.49535059928894043
F2794L,BRCA2,2794,0,1.003026008605957,-1.003026008605957
P2804A,BRCA2,2804,0,-0.22066164016723633,0.22066164016723633
V2820A,BRCA2,2820,0,0.3345911502838135,-0.3345911502838135
A573T,BRCA2,573,0,0.31983375549316406,-0.31983375549316406
E2856G,BRCA2,2856,0,-2.5437989234924316,2.5437989234924316
P814S,BRCA2,814,0,1.2435801029205322,-1.2435801029205322
G49A,WT1,49,0,0.0812990665435791,-0.0812990665435791
A204G,WT1,204,0,0.6293845176696777,-0.6293845176696777
C29F,WT1,29,0,0.09218263626098633,-0.09218263626098633
M515V,WT1,515,0,0.9321045875549316,-0.9321045875549316
H318Q,BRCA1,318,0,1.0523879528045654,-1.0523879528045654
E880K,BRCA1,880,0,0.2579531669616699,-0.2579531669616699
E2850A,BRCA2,2850,0,0.09810304641723633,-0.09810304641723633
L2996S,BRCA2,2996,0,-1.2227023839950562,1.2227023839950562
L2614H,BRCA2,2614,0,-1.187211513519287,1.187211513519287
H1467L,BRCA2,1467,0,1.3095107078552246,-1.3095107078552246
N2910S,BRCA2,2910,0,0.23313117027282715,-0.23313117027282715
F2921I,BRCA2,2921,0,0.13113880157470703,-0.13113880157470703
V159M,EGFR,159,0,-1.6331474781036377,1.6331474781036377
G185S,EGFR,185,0,0.5235364437103271,-0.5235364437103271
S530N,EGFR,530,0,-1.1135997772216797,1.1135997772216797
S943I,KIT,943,0,-2.241231918334961,2.241231918334961
W112R,MET,112,0,1.876664161682129,-1.876664161682129
N139S,EGFR,139,0,0.5294146537780762,-0.5294146537780762
P325S,MET,325,0,-0.9423884153366089,0.9423884153366089
L939F,KIT,939,0,-4.6792893409729,4.6792893409729
H394R,MET,394,0,0.8424453735351562,-0.8424453735351562
D372Y,MET,372,0,-3.2515950202941895,3.2515950202941895
K479N,EGFR,479,0,0.06158781051635742,-0.06158781051635742
V1097F,EGFR,1097,0,0.0572657585144043,-0.0572657585144043
E228V,KIT,228,0,-1.485252857208252,1.485252857208252
Q788R,ALK,788,0,-0.026874780654907227,0.026874780654907227
S1462P,ALK,1462,0,1.3072830438613892,-1.3072830438613892
E1568D,ALK,1568,0,-0.06634807586669922,0.06634807586669922
G26A,ALK,26,0,-0.3771059513092041,0.3771059513092041
S358P,ALK,358,0,-0.4485645294189453,0.4485645294189453
A121S,PTEN,121,1,-7.876274108886719,7.876274108886719
A509V,ALK,509,0,-0.44700169563293457,0.44700169563293457
G300V,TSC2,300,1,0.6817631721496582,-0.6817631721496582
L618P,TSC2,618,1,-3.9739365577697754,3.9739365577697754
N235H,BRCA2,235,0,-0.9886870384216309,0.9886870384216309
P529A,BRCA1,529,0,0.8708171844482422,-0.8708171844482422
Q2829H,BRCA2,2829,1,-0.4913628101348877,0.4913628101348877
W896C,TSC2,896,0,1.7359447479248047,-1.7359447479248047
L273P,NF1,273,1,-1.212809681892395,1.212809681892395
L2133V,NF1,2133,1,-0.908845067024231,0.908845067024231
S1498I,TSC2,1498,1,-1.1139562129974365,1.1139562129974365
D372E,MET,372,0,-0.0654141902923584,0.0654141902923584
R2909T,ATM,2909,1,-8.531173706054688,8.531173706054688
G601R,KIT,601,1,-11.886832237243652,11.886832237243652
I32S,PTEN,32,1,-13.864751815795898,13.864751815795898
R1533I,NF1,1533,1,0.01776576042175293,-0.01776576042175293
E287G,TP53,287,0,-4.911934852600098,4.911934852600098
N909D,BRCA1,909,0,-0.8262300491333008,0.8262300491333008
P75S,TP53,75,0,-1.7683463096618652,1.7683463096618652
C1755Y,TSC2,1755,0,1.0594735145568848,-1.0594735145568848
E1167K,TSC2,1167,0,-0.04526710510253906,0.04526710510253906
S625P,TSC2,625,0,-0.7839882373809814,0.7839882373809814
F76V,VHL,76,1,0.6091933250427246,-0.6091933250427246
R176W,VHL,176,1,-2.0446765422821045,2.0446765422821045
Y156S,VHL,156,1,1.299543857574463,-1.299543857574463
G171C,WT1,171,1,-4.9734578132629395,4.9734578132629395
S1403N,APC,1403,1,-2.343709945678711,2.343709945678711
V1078M,TSC1,1078,0,-1.0944719314575195,1.0944719314575195
P245S,TP63,245,1,-6.695746898651123,6.695746898651123
K102Q,ATM,102,0,-0.0910806655883789,0.0910806655883789
I117N,NF1,117,1,-5.864304065704346,5.864304065704346
T1191P,NF1,1191,1,0.002965211868286133,-0.002965211868286133
M1R,TSC2,1,1,-6.330788612365723,6.330788612365723
H385Y,TSC2,385,0,0.6765670776367188,-0.6765670776367188
D731H,TSC2,731,0,-0.8737316131591797,0.8737316131591797
D926N,TSC2,926,0,-0.40558433532714844,0.40558433532714844
H61Y,PTEN,61,1,-6.790748596191406,6.790748596191406
D502Y,WT1,502,1,-15.390380859375,15.390380859375
F90L,PTEN,90,1,-12.764511108398438,12.764511108398438
H1620P,TSC2,1620,1,-2.157144069671631,2.157144069671631
L2688H,BRCA2,2688,1,-2.4912123680114746,2.4912123680114746
G1494S,TSC2,1494,1,0.4566316604614258,-0.4566316604614258
I463L,BRAF,463,1,-10.278229713439941,10.278229713439941
C572R,TSC1,572,0,2.0374433994293213,-2.0374433994293213
Q648L,MET,648,0,-0.05372953414916992,0.05372953414916992
I154L,MET,154,0,0.5092427730560303,-0.5092427730560303
P41Q,WT1,41,0,-1.4054832458496094,1.4054832458496094
G1065R,ATM,1065,0,-0.2959291934967041,0.2959291934967041
E2596V,ATM,2596,1,-0.8489804267883301,0.8489804267883301
M1040I,ATM,1040,0,0.6738300323486328,-0.6738300323486328
E834D,ATM,834,0,-0.2646927833557129,0.2646927833557129
S1635F,ATM,1635,0,0.23625516891479492,-0.23625516891479492
A274G,RET,274,0,-0.01685166358947754,0.01685166358947754
V242A,RET,242,0,-0.7981894016265869,0.7981894016265869
T509P,TSC2,509,1,-3.9967806339263916,3.9967806339263916
L688R,RB1,688,1,-9.355159759521484,9.355159759521484
A22T,RB1,22,0,-1.1885654926300049,1.1885654926300049
L299V,TP53,299,0,-0.7415299415588379,0.7415299415588379
Q99E,MET,99,0,0.3643317222595215,-0.3643317222595215
G110V,MET,110,0,0.24896812438964844,-0.24896812438964844
P1137A,MET,1137,0,-2.817613124847412,2.817613124847412
V110M,WT1,110,0,-1.6105961799621582,1.6105961799621582
E70K,WT1,70,0,-1.7714996337890625,1.7714996337890625
I1256V,ATM,1256,0,-0.37834835052490234,0.37834835052490234
E739G,ATM,739,0,-0.999875545501709,0.999875545501709
N1356K,ATM,1356,0,-0.009759187698364258,0.009759187698364258
R1205G,ATM,1205,0,0.41366028785705566,-0.41366028785705566
A1427V,ATM,1427,0,0.279144287109375,-0.279144287109375
T548N,ATM,548,0,0.21120524406433105,-0.21120524406433105
N1045S,RET,1045,0,1.2065632343292236,-1.2065632343292236
H125Q,VHL,125,0,0.5597543716430664,-0.5597543716430664
N119K,STK11,119,0,-13.507898330688477,13.507898330688477
D1728G,BRCA2,1728,0,-0.21706867218017578,0.21706867218017578
K2498R,BRCA2,2498,0,-0.2919735908508301,0.2919735908508301
A3121V,BRCA2,3121,0,0.45700371265411377,-0.45700371265411377
A1453V,ALK,1453,0,-0.2388617992401123,0.2388617992401123
Y178N,PTEN,178,1,-8.07760238647461,8.07760238647461
D326H,PTEN,326,1,-10.042102813720703,10.042102813720703
A188S,RB1,188,0,0.8617072105407715,-0.8617072105407715
L369M,TP53,369,0,-1.8017768859863281,1.8017768859863281
R521G,EGFR,521,0,-0.697040319442749,0.697040319442749
D984N,EGFR,984,0,-1.2396655082702637,1.2396655082702637
A1040T,EGFR,1040,0,1.453881025314331,-1.453881025314331
M784L,BRCA2,784,0,1.503354787826538,-1.503354787826538
Q1934K,BRCA2,1934,0,0.7962968349456787,-0.7962968349456787
G2584V,BRCA2,2584,1,-1.0109180212020874,1.0109180212020874
I3120V,BRCA2,3120,0,0.4254017472267151,-0.4254017472267151
Q2530P,BRCA2,2530,0,0.4326949119567871,-0.4326949119567871
S3016Y,BRCA2,3016,0,-0.5883166790008545,0.5883166790008545
P92S,TP53,92,0,-1.305882453918457,1.305882453918457
Y220F,TP53,220,0,-3.580604076385498,3.580604076385498
L1260F,BRCA2,1260,0,-0.5813250541687012,0.5813250541687012
G614D,EGFR,614,0,1.059173583984375,-1.059173583984375
D179E,EGFR,179,0,0.20308303833007812,-0.20308303833007812
I1047T,BRCA2,1047,0,1.3376059532165527,-1.3376059532165527
V2503L,BRCA2,2503,0,0.6368799209594727,-0.6368799209594727
D3261E,BRCA2,3261,0,0.5841495990753174,-0.5841495990753174
S1558T,BRCA2,1558,0,-0.7898293733596802,0.7898293733596802
S2697R,BRCA2,2697,0,-0.8607778549194336,0.8607778549194336
Q1408E,BRCA2,1408,0,0.8865296840667725,-0.8865296840667725
K1406R,BRCA2,1406,0,-1.3803467750549316,1.3803467750549316
M524L,BRCA2,524,0,1.9975612163543701,-1.9975612163543701
S3397C,BRCA2,3397,0,-1.894937515258789,1.894937515258789
L2885V,BRCA2,2885,0,-0.1273648738861084,0.1273648738861084
P387R,STK11,387,0,0.12450766563415527,-0.12450766563415527
G834R,BRCA1,834,0,-0.44281673431396484,0.44281673431396484
P1551S,ALK,1551,0,-0.38841450214385986,0.38841450214385986
G667W,ALK,667,0,-1.6776998043060303,1.6776998043060303
R84T,ALK,84,0,-0.052935123443603516,0.052935123443603516
W15G,CDKN2A,15,0,2.972585678100586,-2.972585678100586
C124F,PTEN,124,1,-14.641596794128418,14.641596794128418
P210L,MET,210,0,0.5501580238342285,-0.5501580238342285
M636L,MET,636,0,1.6046273708343506,-1.6046273708343506
M2806L,ATM,2806,0,1.1572110652923584,-1.1572110652923584
D1007N,ATM,1007,0,-0.027051210403442383,0.027051210403442383
R23G,EGFR,23,0,-0.02203845977783203,0.02203845977783203
P2886L,BRCA2,2886,0,0.03092360496520996,-0.03092360496520996
S3241P,BRCA2,3241,0,-0.8129066228866577,0.8129066228866577
L639S,BRCA2,639,0,0.19425630569458008,-0.19425630569458008
V545I,BRCA2,545,0,-0.18667387962341309,0.18667387962341309
E954D,BRCA2,954,0,-0.6304309368133545,0.6304309368133545
G276A,STK11,276,0,-0.2851998805999756,0.2851998805999756
R144S,CDKN2A,144,0,-0.2736501693725586,0.2736501693725586
I17N,TSC2,17,0,1.5734491348266602,-1.5734491348266602
P832L,BRCA1,832,0,0.34393763542175293,-0.34393763542175293
V323I,WT1,323,0,-1.4354920387268066,1.4354920387268066
Y1300S,ATM,1300,0,1.3394191265106201,-1.3394191265106201
E2979A,ATM,2979,0,-0.44403743743896484,0.44403743743896484
Q584K,ATM,584,0,0.05384421348571777,-0.05384421348571777
G825S,RET,825,0,0.30965614318847656,-0.30965614318847656
S1279R,NF1,1279,1,-0.5542340278625488,0.5542340278625488
K1251M,TSC2,1251,1,-1.8531222343444824,1.8531222343444824
M1461I,NF1,1461,1,0.794863224029541,-0.794863224029541
A1610I,NF1,1610,1,-1.165076494216919,1.165076494216919
