retained,log_len,pathogenic,stars,tsg,af_model,eval_year,gene
0,3.4531653925258574,1,2,1,0,34.0,NF1
0,3.4531653925258574,1,0,1,0,0.0,NF1
0,3.4531653925258574,1,0,1,0,0.0,NF1
0,3.4531653925258574,1,2,1,0,33.0,NF1
0,3.4531653925258574,1,2,1,0,33.0,NF1
0,3.4531653925258574,1,2,1,0,34.0,NF1
0,3.4531653925258574,1,2,1,0,34.0,NF1
0,3.4531653925258574,1,0,1,0,11.0,NF1
0,3.4531653925258574,1,2,1,0,31.0,NF1
0,3.4531653925258574,1,2,1,0,33.0,NF1
0,3.4531653925258574,1,2,1,0,33.0,NF1
0,3.4537768596904423,0,3,1,0,31.0,APC
0,3.4537768596904423,1,0,1,0,4.0,APC
0,3.4537768596904423,0,2,1,0,34.0,APC
1,2.3283796034387376,1,3,1,1,32.0,VHL
1,2.3283796034387376,1,2,1,1,33.0,VHL
1,2.3283796034387376,1,2,1,1,30.0,VHL
1,2.3283796034387376,1,0,1,1,3.0,VHL
0,2.3283796034387376,1,0,1,1,2.0,VHL
1,2.3283796034387376,1,2,1,1,33.0,VHL
1,2.3283796034387376,1,2,1,1,33.0,VHL
1,2.3283796034387376,1,2,1,1,32.0,VHL
1,2.3283796034387376,1,3,1,1,32.0,VHL
1,2.3283796034387376,1,2,1,1,32.0,VHL
0,2.3283796034387376,1,2,1,1,33.0,VHL
0,2.3283796034387376,1,1,1,1,33.0,VHL
1,2.3283796034387376,1,2,1,1,32.0,VHL
1,2.3283796034387376,0,3,1,1,32.0,VHL
1,2.3283796034387376,1,1,1,1,28.0,VHL
1,2.3283796034387376,1,2,1,1,33.0,VHL
1,2.3283796034387376,1,2,1,1,34.0,VHL
1,2.3283796034387376,1,2,1,1,33.0,VHL
0,3.485153349903652,1,3,1,0,33.0,ATM
0,3.485153349903652,1,3,1,0,30.0,ATM
0,3.485153349903652,0,3,1,0,30.0,ATM
0,3.485153349903652,1,1,1,0,31.0,ATM
0,3.485153349903652,1,2,1,0,33.0,ATM
0,3.485153349903652,0,3,1,0,30.0,ATM
0,2.6522463410033232,1,2,1,1,33.0,WT1
0,2.6522463410033232,1,2,1,1,33.0,WT1
0,2.6522463410033232,1,1,1,1,25.0,WT1
0,2.6522463410033232,1,2,1,1,34.0,WT1
0,2.6522463410033232,1,1,1,1,30.0,WT1
0,2.6522463410033232,1,0,1,1,0.0,WT1
0,2.6522463410033232,1,2,1,1,30.0,WT1
0,2.6522463410033232,1,1,1,1,30.0,WT1
0,2.6522463410033232,1,1,1,1,33.0,WT1
0,2.6522463410033232,1,0,1,1,1.0,WT1
0,2.6522463410033232,1,0,1,1,6.0,WT1
0,2.6522463410033232,1,0,1,1,7.0,WT1
0,2.6522463410033232,1,2,1,1,32.0,WT1
1,3.06595298031387,0,2,1,1,34.0,TSC1
1,3.06595298031387,1,2,1,1,33.0,TSC1
1,3.06595298031387,1,0,1,1,17.0,TSC1
1,2.832508912706236,1,2,1,1,32.0,TP63
1,2.832508912706236,1,2,1,1,33.0,TP63
1,2.832508912706236,1,0,1,1,7.0,TP63
1,2.832508912706236,1,0,1,1,8.0,TP63
1,2.832508912706236,1,2,1,1,31.0,TP63
1,2.832508912706236,1,2,1,1,33.0,TP63
1,2.832508912706236,1,2,1,1,32.0,TP63
1,2.832508912706236,1,0,1,1,17.0,TP63
1,2.832508912706236,1,1,1,1,27.0,TP63
1,2.832508912706236,1,2,1,1,32.0,TP63
1,2.832508912706236,1,1,1,1,24.0,TP63
1,2.832508912706236,1,0,1,1,12.0,TP63
1,2.832508912706236,1,0,1,1,11.0,TP63
1,2.832508912706236,1,1,1,1,28.0,TP63
1,2.832508912706236,1,2,1,1,33.0,TP63
1,2.6364878963533656,1,2,1,1,33.0,STK11
1,2.6364878963533656,1,1,1,1,33.0,STK11
1,2.6364878963533656,1,2,1,1,31.0,STK11
1,2.6364878963533656,1,0,1,1,7.0,STK11
1,2.6364878963533656,1,0,1,1,7.0,STK11
1,2.6364878963533656,1,1,1,1,33.0,STK11
1,2.6364878963533656,0,2,1,1,34.0,STK11
1,2.6053050461411096,1,2,1,1,34.0,PTEN
1,2.6053050461411096,1,3,1,1,33.0,PTEN
1,2.6053050461411096,1,3,1,1,28.0,PTEN
1,2.6053050461411096,1,3,1,1,27.0,PTEN
1,2.6053050461411096,1,3,1,1,26.0,PTEN
0,2.6053050461411096,1,3,1,1,33.0,PTEN
1,2.6053050461411096,1,3,1,1,25.0,PTEN
1,2.6053050461411096,1,1,1,1,25.0,PTEN
1,2.6053050461411096,1,3,1,1,29.0,PTEN
1,2.6053050461411096,1,3,1,1,26.0,PTEN
1,2.6053050461411096,1,3,1,1,31.0,PTEN
1,2.6053050461411096,1,3,1,1,31.0,PTEN
1,2.6053050461411096,1,2,1,1,33.0,PTEN
0,3.533772058384718,1,3,1,0,24.0,BRCA2
0,3.533772058384718,0,3,1,0,23.0,BRCA2
0,3.533772058384718,1,3,1,0,23.0,BRCA2
0,3.533772058384718,1,2,1,0,33.0,BRCA2
0,2.1931245983544616,1,2,1,1,34.0,CDKN2A
0,2.1931245983544616,1,2,1,1,34.0,CDKN2A
0,2.1931245983544616,1,2,1,1,34.0,CDKN2A
0,2.1931245983544616,1,2,1,1,32.0,CDKN2A
0,2.1931245983544616,1,2,1,1,34.0,CDKN2A
0,2.1931245983544616,1,2,1,1,34.0,CDKN2A
0,2.1931245983544616,1,2,1,1,32.0,CDKN2A
1,2.5943925503754266,1,3,1,1,32.0,TP53
1,2.5943925503754266,1,2,1,1,33.0,TP53
1,2.5943925503754266,1,2,1,1,34.0,TP53
1,2.5943925503754266,0,3,1,1,33.0,TP53
1,2.5943925503754266,1,2,1,1,33.0,TP53
1,2.5943925503754266,1,2,1,1,33.0,TP53
1,2.5943925503754266,1,2,1,1,33.0,TP53
1,2.5943925503754266,1,2,1,1,33.0,TP53
1,2.5943925503754266,1,3,1,1,32.0,TP53
1,2.5943925503754266,1,2,1,1,32.0,TP53
1,2.5943925503754266,1,2,1,1,33.0,TP53
1,2.5943925503754266,1,2,1,1,33.0,TP53
1,2.5943925503754266,1,2,1,1,34.0,TP53
1,2.5943925503754266,1,3,1,1,32.0,TP53
1,2.5943925503754266,1,3,1,1,32.0,TP53
1,2.5943925503754266,1,2,1,1,32.0,TP53
1,2.5943925503754266,1,2,1,1,33.0,TP53
1,2.5943925503754266,1,2,1,1,33.0,TP53
1,2.5943925503754266,1,3,1,1,32.0,TP53
1,2.5943925503754266,1,3,1,1,32.0,TP53
1,2.5943925503754266,1,3,1,1,33.0,TP53
1,2.5943925503754266,1,2,1,1,34.0,TP53
1,2.5943925503754266,1,2,1,1,33.0,TP53
1,2.5943925503754266,1,1,1,1,26.0,TP53
1,3.256958152560932,1,2,1,1,33.0,TSC2
1,3.256958152560932,1,2,1,1,33.0,TSC2
1,3.256958152560932,1,0,1,1,7.0,TSC2
1,3.256958152560932,1,2,1,1,33.0,TSC2
0,3.256958152560932,1,2,1,1,34.0,TSC2
1,3.256958152560932,1,2,1,1,33.0,TSC2
1,3.256958152560932,1,2,1,1,33.0,TSC2
1,2.2764618041732443,1,2,0,1,33.0,HRAS
1,2.2764618041732443,1,2,0,1,32.0,HRAS
1,2.2764618041732443,1,3,0,1,25.0,HRAS
1,2.2764618041732443,1,2,0,1,32.0,HRAS
1,2.2764618041732443,1,2,0,1,33.0,HRAS
1,2.2764618041732443,1,3,0,1,32.0,HRAS
1,2.2764618041732443,1,3,0,1,25.0,HRAS
1,2.2764618041732443,1,0,0,1,15.0,HRAS
1,2.2764618041732443,1,2,0,1,30.0,HRAS
1,2.2764618041732443,1,2,0,1,32.0,HRAS
1,2.2764618041732443,1,3,0,1,32.0,HRAS
1,2.2764618041732443,1,2,0,1,26.0,HRAS
1,2.2764618041732443,1,2,0,1,33.0,HRAS
1,2.2764618041732443,1,2,0,1,32.0,HRAS
1,2.967547976218862,1,2,1,1,32.0,RB1
1,2.967547976218862,1,2,1,1,34.0,RB1
1,2.967547976218862,1,2,1,1,32.0,RB1
0,2.9894498176666917,1,0,0,1,0.0,KIT
1,2.9894498176666917,1,1,0,1,31.0,KIT
1,2.9894498176666917,1,0,0,1,6.0,KIT
1,2.9894498176666917,1,0,0,1,6.0,KIT
1,2.9894498176666917,1,0,0,1,6.0,KIT
1,2.9894498176666917,1,0,0,1,4.0,KIT
1,2.9894498176666917,1,2,0,1,25.0,KIT
1,2.9894498176666917,1,0,0,1,8.0,KIT
1,2.9894498176666917,1,2,0,1,32.0,KIT
1,2.9894498176666917,1,2,0,1,33.0,KIT
0,3.098643725817057,0,2,0,1,34.0,ERBB2
0,3.098643725817057,0,2,0,1,34.0,ERBB2
0,3.098643725817057,1,0,0,1,12.0,ERBB2
0,3.098643725817057,1,0,0,1,12.0,ERBB2
0,3.098643725817057,1,0,0,1,12.0,ERBB2
0,3.098643725817057,1,0,0,1,12.0,ERBB2
1,3.143014800254095,1,2,0,1,33.0,MET
1,3.143014800254095,1,0,0,1,5.0,MET
1,3.143014800254095,1,2,0,1,33.0,MET
1,3.143014800254095,1,0,0,1,5.0,MET
1,3.143014800254095,1,2,0,1,33.0,MET
1,3.143014800254095,1,0,0,1,7.0,MET
1,3.143014800254095,1,0,0,1,7.0,MET
1,2.6665179805548807,1,2,0,1,32.0,MYCN
1,2.6665179805548807,1,0,0,1,13.0,MYCN
1,2.6665179805548807,1,2,0,1,33.0,MYCN
1,3.04688519083771,1,2,0,1,33.0,RET
1,3.04688519083771,1,2,0,1,33.0,RET
1,3.04688519083771,1,2,0,1,34.0,RET
1,3.04688519083771,1,2,0,1,33.0,RET
1,3.04688519083771,1,2,0,1,33.0,RET
1,3.04688519083771,1,1,0,1,29.0,RET
1,3.04688519083771,1,2,0,1,33.0,RET
1,3.04688519083771,1,2,0,1,33.0,RET
1,3.04688519083771,1,2,0,1,33.0,RET
1,3.04688519083771,1,2,0,1,34.0,RET
1,3.04688519083771,1,2,0,1,33.0,RET
1,3.04688519083771,1,2,0,1,34.0,RET
1,3.04688519083771,1,1,0,1,32.0,RET
1,3.04688519083771,1,2,0,1,33.0,RET
1,3.04688519083771,1,2,0,1,33.0,RET
1,3.04688519083771,1,2,0,1,33.0,RET
1,3.04688519083771,1,2,0,1,34.0,RET
1,3.04688519083771,1,2,0,1,34.0,RET
1,3.04688519083771,1,2,0,1,30.0,RET
1,3.04688519083771,1,2,0,1,34.0,RET
1,3.04688519083771,1,0,0,1,7.0,RET
1,3.04688519083771,1,2,0,1,33.0,RET
1,3.04688519083771,1,2,0,1,33.0,RET
1,3.04688519083771,1,2,0,1,34.0,RET
1,3.04688519083771,1,2,0,1,34.0,RET
0,3.04688519083771,0,2,0,1,34.0,RET
1,3.04688519083771,1,2,0,1,33.0,RET
1,3.04688519083771,1,2,0,1,33.0,RET
0,2.884228769632604,1,0,0,1,11.0,BRAF
0,2.884228769632604,1,0,0,1,11.0,BRAF
0,2.884228769632604,1,3,0,1,28.0,BRAF
1,2.884228769632604,1,3,0,1,25.0,BRAF
0,2.884228769632604,1,1,0,1,19.0,BRAF
0,2.884228769632604,1,0,0,1,17.0,BRAF
0,2.884228769632604,1,0,0,1,11.0,BRAF
0,2.884228769632604,1,2,0,1,33.0,BRAF
0,2.884228769632604,1,2,0,1,29.0,BRAF
0,2.884228769632604,1,1,0,1,22.0,BRAF
1,2.884228769632604,1,3,0,1,25.0,BRAF
0,2.884228769632604,1,3,0,1,32.0,BRAF
1,2.884228769632604,1,3,0,1,28.0,BRAF
0,2.884228769632604,1,2,0,1,31.0,BRAF
0,2.884228769632604,1,2,0,1,33.0,BRAF
0,2.884228769632604,1,2,0,1,32.0,BRAF
0,2.884228769632604,1,3,0,1,25.0,BRAF
0,2.884228769632604,1,2,0,1,29.0,BRAF
0,2.884228769632604,1,2,0,1,33.0,BRAF
1,3.0827853703164503,1,0,0,1,17.0,EGFR
1,3.2702128548962426,1,2,1,1,34.0,BRCA1
1,3.2702128548962426,1,3,1,1,23.0,BRCA1
1,3.2702128548962426,0,3,1,1,23.0,BRCA1
0,3.2702128548962426,0,3,1,1,27.0,BRCA1
1,3.2702128548962426,0,3,1,1,23.0,BRCA1
0,3.2702128548962426,1,3,1,1,27.0,BRCA1
0,3.2702128548962426,1,3,1,1,23.0,BRCA1
0,3.2702128548962426,1,3,1,1,23.0,BRCA1
0,3.2095150145426308,1,2,0,1,32.0,ALK
0,3.2095150145426308,1,0,0,1,23.0,ALK
0,3.2095150145426308,1,1,0,1,29.0,ALK
0,3.4537768596904423,0,3,1,0,32.0,APC
1,3.04688519083771,1,2,0,1,32.0,RET
1,3.04688519083771,1,2,0,1,33.0,RET
1,3.04688519083771,1,2,0,1,33.0,RET
1,3.04688519083771,1,2,0,1,29.0,RET
1,3.04688519083771,1,2,0,1,33.0,RET
1,3.04688519083771,1,2,0,1,33.0,RET
1,3.04688519083771,1,2,0,1,33.0,RET
1,3.04688519083771,1,2,0,1,32.0,RET
1,3.04688519083771,1,2,0,1,34.0,RET
1,3.04688519083771,1,2,0,1,33.0,RET
1,3.04688519083771,1,2,0,1,33.0,RET
1,3.04688519083771,1,1,0,1,33.0,RET
1,3.04688519083771,1,2,0,1,34.0,RET
1,3.04688519083771,1,2,0,1,34.0,RET
1,3.04688519083771,1,2,0,1,34.0,RET
1,2.884228769632604,1,2,0,1,32.0,BRAF
1,2.884228769632604,1,2,0,1,33.0,BRAF
1,2.884228769632604,1,2,0,1,33.0,BRAF
0,2.884228769632604,1,2,0,1,33.0,BRAF
1,2.832508912706236,1,1,1,1,31.0,TP63
0,3.4531653925258574,1,2,1,0,33.0,NF1
1,2.9894498176666917,1,0,0,1,9.0,KIT
1,2.2764618041732443,1,2,0,1,32.0,HRAS
1,2.3283796034387376,1,2,1,1,33.0,VHL
1,2.3283796034387376,1,2,1,1,34.0,VHL
0,2.3283796034387376,1,2,1,1,33.0,VHL
0,2.3283796034387376,1,2,1,1,33.0,VHL
1,2.3283796034387376,1,2,1,1,33.0,VHL
1,3.2702128548962426,0,3,1,1,27.0,BRCA1
1,3.2702128548962426,0,3,1,1,23.0,BRCA1
1,3.2702128548962426,1,2,1,1,34.0,BRCA1
0,3.2702128548962426,1,2,1,1,34.0,BRCA1
1,3.2702128548962426,0,3,1,1,23.0,BRCA1
1,3.2702128548962426,0,3,1,1,27.0,BRCA1
0,3.2702128548962426,0,3,1,1,23.0,BRCA1
1,3.2702128548962426,0,3,1,1,23.0,BRCA1
1,3.2702128548962426,0,3,1,1,32.0,BRCA1
1,3.2702128548962426,0,3,1,1,23.0,BRCA1
1,3.2702128548962426,0,2,1,1,34.0,BRCA1
0,3.2702128548962426,0,3,1,1,27.0,BRCA1
1,3.2702128548962426,0,3,1,1,23.0,BRCA1
1,3.2702128548962426,0,3,1,1,23.0,BRCA1
1,3.2702128548962426,0,3,1,1,23.0,BRCA1
1,3.2702128548962426,0,2,1,1,34.0,BRCA1
0,3.2702128548962426,0,3,1,1,27.0,BRCA1
1,3.2702128548962426,0,3,1,1,23.0,BRCA1
1,3.2702128548962426,0,3,1,1,32.0,BRCA1
1,3.2702128548962426,0,3,1,1,32.0,BRCA1
1,3.2702128548962426,0,3,1,1,23.0,BRCA1
1,3.2702128548962426,0,3,1,1,23.0,BRCA1
1,3.2702128548962426,0,3,1,1,23.0,BRCA1
1,3.2702128548962426,0,3,1,1,30.0,BRCA1
1,3.2702128548962426,0,3,1,1,23.0,BRCA1
1,3.2702128548962426,0,3,1,1,27.0,BRCA1
0,3.2702128548962426,0,2,1,1,34.0,BRCA1
1,3.2702128548962426,0,2,1,1,33.0,BRCA1
1,3.2702128548962426,0,3,1,1,23.0,BRCA1
0,3.2702128548962426,1,2,1,1,33.0,BRCA1
0,3.2702128548962426,1,2,1,1,34.0,BRCA1
1,3.2702128548962426,0,2,1,1,33.0,BRCA1
0,3.2702128548962426,1,3,1,1,27.0,BRCA1
1,3.2702128548962426,1,2,1,1,33.0,BRCA1
1,3.2702128548962426,0,3,1,1,27.0,BRCA1
1,3.2702128548962426,0,2,1,1,34.0,BRCA1
0,3.2702128548962426,1,2,1,1,33.0,BRCA1
1,3.2702128548962426,0,3,1,1,23.0,BRCA1
0,3.2702128548962426,0,3,1,1,23.0,BRCA1
1,3.2702128548962426,1,2,1,1,33.0,BRCA1
1,3.2702128548962426,1,2,1,1,33.0,BRCA1
1,3.2702128548962426,1,2,1,1,33.0,BRCA1
1,3.2702128548962426,1,2,1,1,33.0,BRCA1
0,3.2702128548962426,1,3,1,1,27.0,BRCA1
1,3.2702128548962426,1,3,1,1,33.0,BRCA1
0,3.2702128548962426,1,3,1,1,25.0,BRCA1
0,3.2702128548962426,1,2,1,1,34.0,BRCA1
0,3.2702128548962426,1,3,1,1,23.0,BRCA1
1,3.2702128548962426,1,3,1,1,27.0,BRCA1
0,3.2702128548962426,1,3,1,1,33.0,BRCA1
1,3.2702128548962426,1,3,1,1,23.0,BRCA1
1,3.2702128548962426,1,3,1,1,23.0,BRCA1
1,3.2702128548962426,0,3,1,1,23.0,BRCA1
1,3.2702128548962426,1,3,1,1,27.0,BRCA1
1,3.2702128548962426,1,2,1,1,33.0,BRCA1
0,3.2702128548962426,1,2,1,1,34.0,BRCA1
1,3.2702128548962426,1,2,1,1,33.0,BRCA1
1,3.2702128548962426,1,3,1,1,32.0,BRCA1
1,3.2702128548962426,1,2,1,1,33.0,BRCA1
1,3.2702128548962426,1,2,1,1,33.0,BRCA1
0,3.2702128548962426,0,3,1,1,23.0,BRCA1
1,3.2702128548962426,0,3,1,1,25.0,BRCA1
1,3.2702128548962426,0,3,1,1,27.0,BRCA1
0,3.2702128548962426,0,3,1,1,27.0,BRCA1
0,3.533772058384718,0,3,1,0,23.0,BRCA2
0,3.533772058384718,0,2,1,0,34.0,BRCA2
0,3.533772058384718,0,2,1,0,33.0,BRCA2
0,3.533772058384718,0,3,1,0,23.0,BRCA2
0,3.533772058384718,0,3,1,0,23.0,BRCA2
0,3.533772058384718,0,2,1,0,34.0,BRCA2
0,3.533772058384718,0,3,1,0,23.0,BRCA2
0,3.533772058384718,0,3,1,0,23.0,BRCA2
0,3.533772058384718,0,3,1,0,27.0,BRCA2
0,3.533772058384718,0,3,1,0,27.0,BRCA2
0,3.533772058384718,0,3,1,0,23.0,BRCA2
0,3.533772058384718,0,3,1,0,23.0,BRCA2
0,3.533772058384718,0,3,1,0,27.0,BRCA2
0,3.533772058384718,0,3,1,0,23.0,BRCA2
0,3.533772058384718,0,3,1,0,23.0,BRCA2
0,3.533772058384718,0,3,1,0,23.0,BRCA2
0,3.533772058384718,0,3,1,0,23.0,BRCA2
0,3.533772058384718,0,3,1,0,23.0,BRCA2
0,3.533772058384718,1,2,1,0,32.0,BRCA2
0,3.533772058384718,0,3,1,0,23.0,BRCA2
0,3.533772058384718,0,3,1,0,23.0,BRCA2
0,3.533772058384718,0,3,1,0,23.0,BRCA2
0,3.533772058384718,0,2,1,0,34.0,BRCA2
0,3.533772058384718,0,3,1,0,23.0,BRCA2
0,3.533772058384718,0,2,1,0,34.0,BRCA2
0,3.533772058384718,1,3,1,0,33.0,BRCA2
0,3.533772058384718,0,3,1,0,23.0,BRCA2
0,3.533772058384718,0,3,1,0,23.0,BRCA2
0,3.533772058384718,0,2,1,0,34.0,BRCA2
0,3.533772058384718,0,3,1,0,27.0,BRCA2
0,3.533772058384718,0,3,1,0,31.0,BRCA2
0,3.533772058384718,0,3,1,0,23.0,BRCA2
0,3.533772058384718,0,3,1,0,27.0,BRCA2
0,3.533772058384718,0,3,1,0,23.0,BRCA2
0,3.533772058384718,0,2,1,0,34.0,BRCA2
0,3.533772058384718,0,3,1,0,23.0,BRCA2
0,3.533772058384718,0,3,1,0,23.0,BRCA2
0,3.533772058384718,0,3,1,0,27.0,BRCA2
0,3.533772058384718,1,2,1,0,33.0,BRCA2
0,3.533772058384718,0,3,1,0,23.0,BRCA2
0,3.533772058384718,0,3,1,0,23.0,BRCA2
0,3.533772058384718,0,3,1,0,32.0,BRCA2
0,3.533772058384718,0,3,1,0,23.0,BRCA2
0,3.533772058384718,0,3,1,0,23.0,BRCA2
0,3.533772058384718,1,3,1,0,27.0,BRCA2
0,3.533772058384718,0,2,1,0,34.0,BRCA2
0,3.533772058384718,0,3,1,0,23.0,BRCA2
0,3.533772058384718,0,3,1,0,23.0,BRCA2
0,3.533772058384718,1,2,1,0,33.0,BRCA2
0,3.533772058384718,1,3,1,0,31.0,BRCA2
0,3.533772058384718,1,3,1,0,27.0,BRCA2
0,3.533772058384718,1,2,1,0,33.0,BRCA2
0,3.533772058384718,0,3,1,0,27.0,BRCA2
0,3.533772058384718,0,2,1,0,33.0,BRCA2
0,3.533772058384718,0,2,1,0,33.0,BRCA2
0,3.533772058384718,1,2,1,0,34.0,BRCA2
0,3.533772058384718,1,3,1,0,23.0,BRCA2
0,3.533772058384718,0,3,1,0,23.0,BRCA2
0,3.533772058384718,0,3,1,0,32.0,BRCA2
0,3.533772058384718,1,2,1,0,34.0,BRCA2
0,3.533772058384718,1,2,1,0,33.0,BRCA2
0,3.533772058384718,1,2,1,0,33.0,BRCA2
0,3.533772058384718,0,3,1,0,33.0,BRCA2
0,3.533772058384718,0,3,1,0,27.0,BRCA2
0,3.533772058384718,0,3,1,0,23.0,BRCA2
0,3.533772058384718,0,2,1,0,34.0,BRCA2
0,3.533772058384718,1,2,1,0,33.0,BRCA2
0,3.533772058384718,1,3,1,0,34.0,BRCA2
0,3.533772058384718,0,3,1,0,27.0,BRCA2
0,3.533772058384718,0,3,1,0,23.0,BRCA2
0,3.533772058384718,0,3,1,0,23.0,BRCA2
0,3.533772058384718,1,2,1,0,33.0,BRCA2
0,3.533772058384718,1,3,1,0,27.0,BRCA2
0,3.533772058384718,0,2,1,0,34.0,BRCA2
0,3.533772058384718,0,1,1,0,33.0,BRCA2
0,3.533772058384718,0,3,1,0,23.0,BRCA2
0,3.533772058384718,0,2,1,0,33.0,BRCA2
0,3.533772058384718,0,2,1,0,34.0,BRCA2
0,3.533772058384718,0,2,1,0,34.0,BRCA2
1,3.04688519083771,1,2,0,1,33.0,RET
1,3.04688519083771,1,2,0,1,33.0,RET
1,3.04688519083771,1,2,0,1,33.0,RET
1,3.04688519083771,1,2,0,1,33.0,RET
0,3.04688519083771,1,2,0,1,32.0,RET
1,2.832508912706236,1,1,1,1,31.0,TP63
1,2.6053050461411096,1,3,1,1,31.0,PTEN
1,2.6053050461411096,1,3,1,1,26.0,PTEN
0,3.485153349903652,1,2,1,0,34.0,ATM
0,2.884228769632604,0,3,0,1,25.0,BRAF
0,2.884228769632604,0,2,0,1,34.0,BRAF
1,2.884228769632604,1,3,0,1,25.0,BRAF
1,2.884228769632604,1,3,0,1,27.0,BRAF
1,2.884228769632604,1,3,0,1,27.0,BRAF
1,2.884228769632604,1,2,0,1,31.0,BRAF
1,2.884228769632604,1,2,0,1,32.0,BRAF
0,2.884228769632604,1,2,0,1,31.0,BRAF
0,2.884228769632604,1,1,0,1,30.0,BRAF
0,2.884228769632604,1,2,0,1,31.0,BRAF
1,2.884228769632604,1,2,0,1,32.0,BRAF
1,2.884228769632604,1,2,0,1,33.0,BRAF
0,2.884228769632604,1,2,0,1,31.0,BRAF
1,2.884228769632604,1,3,0,1,28.0,BRAF
0,2.884228769632604,1,2,0,1,33.0,BRAF
0,2.884228769632604,1,2,0,1,29.0,BRAF
0,2.884228769632604,1,2,0,1,30.0,BRAF
0,2.884228769632604,1,2,0,1,32.0,BRAF
0,2.884228769632604,1,1,0,1,25.0,BRAF
0,2.884228769632604,1,3,0,1,25.0,BRAF
0,2.884228769632604,1,2,0,1,32.0,BRAF
0,2.884228769632604,1,1,0,1,31.0,BRAF
0,2.884228769632604,1,3,0,1,25.0,BRAF
0,2.884228769632604,1,3,0,1,28.0,BRAF
0,2.884228769632604,1,3,0,1,28.0,BRAF
0,2.884228769632604,1,2,0,1,33.0,BRAF
0,2.884228769632604,1,1,0,1,32.0,BRAF
1,2.2764618041732443,1,3,0,1,32.0,HRAS
1,2.2764618041732443,1,2,0,1,32.0,HRAS
1,2.2764618041732443,0,3,0,1,32.0,HRAS
1,2.2764618041732443,1,1,0,1,22.0,HRAS
0,2.2764618041732443,0,3,0,1,25.0,HRAS
0,2.884228769632604,1,2,0,1,32.0,BRAF
0,3.4537768596904423,0,2,1,0,34.0,APC
0,3.4537768596904423,0,2,1,0,34.0,APC
0,3.4537768596904423,0,2,1,0,34.0,APC
0,3.4537768596904423,0,2,1,0,34.0,APC
0,3.4537768596904423,0,3,1,0,31.0,APC
0,3.4537768596904423,0,2,1,0,34.0,APC
0,3.4537768596904423,0,2,1,0,34.0,APC
0,3.4537768596904423,0,2,1,0,34.0,APC
0,3.4537768596904423,0,3,1,0,31.0,APC
0,3.533772058384718,0,3,1,0,23.0,BRCA2
0,3.533772058384718,0,3,1,0,23.0,BRCA2
0,3.533772058384718,0,3,1,0,27.0,BRCA2
0,3.533772058384718,0,3,1,0,27.0,BRCA2
0,3.533772058384718,0,3,1,0,23.0,BRCA2
0,3.533772058384718,0,3,1,0,23.0,BRCA2
0,3.533772058384718,0,3,1,0,23.0,BRCA2
0,3.533772058384718,0,3,1,0,23.0,BRCA2
0,3.533772058384718,0,3,1,0,23.0,BRCA2
0,3.533772058384718,0,1,1,0,31.0,BRCA2
0,3.533772058384718,0,3,1,0,27.0,BRCA2
0,3.533772058384718,0,1,1,0,31.0,BRCA2
0,3.533772058384718,0,3,1,0,23.0,BRCA2
0,3.533772058384718,0,3,1,0,23.0,BRCA2
0,3.533772058384718,0,3,1,0,27.0,BRCA2
0,3.533772058384718,0,3,1,0,24.0,BRCA2
0,3.533772058384718,0,3,1,0,23.0,BRCA2
0,3.533772058384718,0,3,1,0,32.0,BRCA2
0,3.533772058384718,0,3,1,0,27.0,BRCA2
0,3.533772058384718,0,3,1,0,31.0,BRCA2
0,3.533772058384718,0,3,1,0,23.0,BRCA2
0,3.533772058384718,0,3,1,0,24.0,BRCA2
0,3.533772058384718,0,3,1,0,23.0,BRCA2
1,2.1931245983544616,0,2,1,1,34.0,CDKN2A
0,2.1931245983544616,0,2,1,1,34.0,CDKN2A
0,2.1931245983544616,0,2,1,1,34.0,CDKN2A
1,2.9894498176666917,0,2,0,1,34.0,KIT
1,2.9894498176666917,0,2,0,1,34.0,KIT
1,3.143014800254095,0,2,0,1,34.0,MET
1,3.143014800254095,0,2,0,1,34.0,MET
1,3.143014800254095,0,2,0,1,34.0,MET
0,3.4531653925258574,0,2,1,0,34.0,NF1
0,3.4531653925258574,0,2,1,0,34.0,NF1
1,2.6053050461411096,0,3,1,1,26.0,PTEN
1,2.967547976218862,0,2,1,1,34.0,RB1
1,2.967547976218862,0,2,1,1,34.0,RB1
1,3.06595298031387,0,2,1,1,34.0,TSC1
0,3.06595298031387,0,2,1,1,34.0,TSC1
1,3.06595298031387,0,2,1,1,34.0,TSC1
1,3.06595298031387,0,2,1,1,34.0,TSC1
1,3.06595298031387,0,2,1,1,34.0,TSC1
1,3.256958152560932,0,2,1,1,34.0,TSC2
1,3.256958152560932,0,2,1,1,34.0,TSC2
1,3.256958152560932,0,2,1,1,34.0,TSC2
1,3.256958152560932,0,2,1,1,34.0,TSC2
1,3.256958152560932,0,2,1,1,34.0,TSC2
1,3.256958152560932,0,2,1,1,34.0,TSC2
0,3.256958152560932,0,2,1,1,34.0,TSC2
1,3.256958152560932,0,2,1,1,34.0,TSC2
1,3.256958152560932,0,2,1,1,32.0,TSC2
1,3.256958152560932,0,2,1,1,34.0,TSC2
1,3.2702128548962426,0,3,1,1,23.0,BRCA1
1,3.2702128548962426,0,3,1,1,32.0,BRCA1
0,3.2702128548962426,0,3,1,1,23.0,BRCA1
1,3.2702128548962426,0,3,1,1,23.0,BRCA1
1,3.2702128548962426,0,3,1,1,23.0,BRCA1
0,3.2702128548962426,0,3,1,1,23.0,BRCA1
1,3.2702128548962426,0,3,1,1,23.0,BRCA1
1,3.2702128548962426,0,3,1,1,23.0,BRCA1
1,3.2702128548962426,0,3,1,1,33.0,BRCA1
1,3.2702128548962426,0,3,1,1,31.0,BRCA1
1,3.2702128548962426,0,3,1,1,23.0,BRCA1
0,3.2702128548962426,0,3,1,1,23.0,BRCA1
1,3.2702128548962426,0,3,1,1,32.0,BRCA1
0,3.2702128548962426,0,3,1,1,31.0,BRCA1
1,3.2702128548962426,0,1,1,1,31.0,BRCA1
0,3.2702128548962426,0,3,1,1,23.0,BRCA1
0,3.2702128548962426,0,3,1,1,23.0,BRCA1
1,3.2702128548962426,0,3,1,1,27.0,BRCA1
0,3.2702128548962426,0,3,1,1,23.0,BRCA1
1,3.2702128548962426,0,3,1,1,23.0,BRCA1
0,3.2702128548962426,0,3,1,1,23.0,BRCA1
1,3.2702128548962426,0,3,1,1,23.0,BRCA1
1,3.2702128548962426,0,0,1,1,20.0,BRCA1
1,3.2702128548962426,0,3,1,1,23.0,BRCA1
1,3.04688519083771,0,2,0,1,34.0,RET
1,3.04688519083771,0,2,0,1,34.0,RET
1,2.5943925503754266,1,3,1,1,32.0,TP53
1,2.5943925503754266,0,3,1,1,32.0,TP53
1,2.5943925503754266,1,2,1,1,33.0,TP53
1,2.3283796034387376,1,3,1,1,32.0,VHL
1,2.3283796034387376,1,2,1,1,33.0,VHL
1,2.3283796034387376,1,2,1,1,26.0,VHL
1,2.3283796034387376,1,2,1,1,33.0,VHL
1,2.3283796034387376,1,2,1,1,31.0,VHL
1,2.3283796034387376,1,2,1,1,26.0,VHL
0,2.884228769632604,1,2,0,1,32.0,BRAF
0,2.884228769632604,1,1,0,1,19.0,BRAF
0,2.884228769632604,1,2,0,1,32.0,BRAF
0,2.884228769632604,1,2,0,1,30.0,BRAF
0,2.884228769632604,1,2,0,1,29.0,BRAF
0,2.884228769632604,1,1,0,1,18.0,BRAF
0,2.884228769632604,1,1,0,1,21.0,BRAF
0,2.884228769632604,1,2,0,1,26.0,BRAF
0,2.884228769632604,1,1,0,1,28.0,BRAF
0,2.884228769632604,1,1,0,1,20.0,BRAF
0,2.884228769632604,1,1,0,1,19.0,BRAF
0,2.884228769632604,1,2,0,1,33.0,BRAF
1,2.884228769632604,1,3,0,1,28.0,BRAF
1,2.884228769632604,1,3,0,1,27.0,BRAF
1,2.884228769632604,1,2,0,1,29.0,BRAF
1,2.884228769632604,1,3,0,1,28.0,BRAF
0,2.884228769632604,0,3,0,1,32.0,BRAF
0,2.884228769632604,0,3,0,1,25.0,BRAF
0,3.098643725817057,0,2,0,1,33.0,ERBB2
1,3.0827853703164503,1,0,0,1,17.0,EGFR
1,3.0827853703164503,1,1,0,1,21.0,EGFR
1,3.0827853703164503,1,1,0,1,21.0,EGFR
1,3.0827853703164503,1,1,0,1,20.0,EGFR
1,3.06595298031387,0,2,1,1,34.0,TSC1
1,3.06595298031387,0,2,1,1,34.0,TSC1
1,3.06595298031387,0,2,1,1,34.0,TSC1
1,3.06595298031387,0,2,1,1,34.0,TSC1
1,3.06595298031387,0,2,1,1,34.0,TSC1
1,3.06595298031387,1,2,1,1,30.0,TSC1
1,3.06595298031387,0,2,1,1,34.0,TSC1
0,3.06595298031387,1,1,1,1,34.0,TSC1
1,3.06595298031387,1,1,1,1,32.0,TSC1
1,3.06595298031387,0,2,1,1,34.0,TSC1
1,3.06595298031387,0,2,1,1,34.0,TSC1
1,3.06595298031387,0,2,1,1,34.0,TSC1
1,3.06595298031387,0,2,1,1,34.0,TSC1
1,3.06595298031387,0,2,1,1,34.0,TSC1
1,3.06595298031387,0,2,1,1,34.0,TSC1
1,3.06595298031387,1,1,1,1,30.0,TSC1
1,3.06595298031387,1,2,1,1,33.0,TSC1
1,3.06595298031387,1,1,1,1,30.0,TSC1
1,3.06595298031387,1,2,1,1,33.0,TSC1
1,3.256958152560932,1,2,1,1,33.0,TSC2
1,3.256958152560932,1,2,1,1,31.0,TSC2
1,3.256958152560932,1,2,1,1,34.0,TSC2
1,3.256958152560932,1,2,1,1,33.0,TSC2
0,3.256958152560932,0,2,1,1,34.0,TSC2
1,3.256958152560932,1,1,1,1,33.0,TSC2
1,3.256958152560932,0,2,1,1,34.0,TSC2
1,3.256958152560932,1,2,1,1,34.0,TSC2
1,3.256958152560932,1,1,1,1,30.0,TSC2
1,3.256958152560932,0,2,1,1,34.0,TSC2
1,3.256958152560932,1,1,1,1,25.0,TSC2
1,3.256958152560932,1,2,1,1,33.0,TSC2
1,3.256958152560932,1,2,1,1,33.0,TSC2
0,3.256958152560932,1,2,1,1,33.0,TSC2
1,3.256958152560932,1,2,1,1,33.0,TSC2
1,3.256958152560932,1,1,1,1,32.0,TSC2
1,3.256958152560932,1,1,1,1,32.0,TSC2
1,3.256958152560932,1,1,1,1,25.0,TSC2
0,3.256958152560932,1,1,1,1,24.0,TSC2
1,3.256958152560932,1,2,1,1,33.0,TSC2
1,3.256958152560932,0,1,1,1,30.0,TSC2
1,3.256958152560932,0,2,1,1,32.0,TSC2
1,3.256958152560932,0,2,1,1,33.0,TSC2
1,3.256958152560932,1,2,1,1,31.0,TSC2
1,3.256958152560932,1,1,1,1,31.0,TSC2
1,3.256958152560932,0,2,1,1,34.0,TSC2
1,3.256958152560932,1,2,1,1,31.0,TSC2
1,3.256958152560932,1,2,1,1,31.0,TSC2
1,3.256958152560932,1,2,1,1,33.0,TSC2
1,3.256958152560932,1,2,1,1,33.0,TSC2
1,3.256958152560932,1,2,1,1,32.0,TSC2
1,3.256958152560932,1,2,1,1,33.0,TSC2
0,3.256958152560932,1,2,1,1,30.0,TSC2
1,3.256958152560932,0,2,1,1,34.0,TSC2
1,3.256958152560932,1,1,1,1,33.0,TSC2
1,3.256958152560932,1,1,1,1,29.0,TSC2
1,3.256958152560932,1,2,1,1,32.0,TSC2
0,3.256958152560932,0,1,1,1,30.0,TSC2
1,3.256958152560932,1,1,1,1,32.0,TSC2
1,3.256958152560932,0,2,1,1,34.0,TSC2
1,3.256958152560932,1,2,1,1,33.0,TSC2
1,3.256958152560932,1,1,1,1,28.0,TSC2
1,3.256958152560932,1,1,1,1,24.0,TSC2
1,3.256958152560932,1,1,1,1,32.0,TSC2
0,3.256958152560932,0,2,1,1,33.0,TSC2
1,3.256958152560932,1,2,1,1,33.0,TSC2
1,3.256958152560932,1,2,1,1,33.0,TSC2
0,3.256958152560932,0,2,1,1,34.0,TSC2
1,3.256958152560932,0,2,1,1,34.0,TSC2
0,3.256958152560932,0,2,1,1,34.0,TSC2
1,3.256958152560932,0,2,1,1,34.0,TSC2
1,3.256958152560932,1,2,1,1,33.0,TSC2
1,3.256958152560932,1,2,1,1,32.0,TSC2
0,3.256958152560932,0,2,1,1,34.0,TSC2
1,3.256958152560932,1,2,1,1,33.0,TSC2
1,3.256958152560932,0,2,1,1,34.0,TSC2
1,3.256958152560932,0,2,1,1,34.0,TSC2
1,3.256958152560932,1,2,1,1,34.0,TSC2
0,3.256958152560932,0,2,1,1,34.0,TSC2
1,3.256958152560932,1,2,1,1,33.0,TSC2
1,3.256958152560932,1,1,1,1,28.0,TSC2
1,3.256958152560932,1,1,1,1,33.0,TSC2
1,3.256958152560932,1,1,1,1,32.0,TSC2
0,3.256958152560932,1,1,1,1,25.0,TSC2
1,3.256958152560932,1,1,1,1,25.0,TSC2
1,3.256958152560932,1,2,1,1,33.0,TSC2
1,3.256958152560932,1,2,1,1,34.0,TSC2
1,3.256958152560932,1,1,1,1,23.0,TSC2
0,3.256958152560932,0,2,1,1,34.0,TSC2
1,3.256958152560932,0,2,1,1,34.0,TSC2
1,3.256958152560932,1,1,1,1,30.0,TSC2
1,3.256958152560932,1,2,1,1,33.0,TSC2
1,3.256958152560932,1,1,1,1,31.0,TSC2
0,3.256958152560932,1,1,1,1,31.0,TSC2
1,3.256958152560932,1,2,1,1,32.0,TSC2
1,3.256958152560932,0,2,1,1,34.0,TSC2
1,3.256958152560932,0,2,1,1,33.0,TSC2
0,3.256958152560932,0,2,1,1,34.0,TSC2
1,3.256958152560932,1,2,1,1,29.0,TSC2
0,3.256958152560932,1,2,1,1,33.0,TSC2
1,3.256958152560932,0,2,1,1,34.0,TSC2
0,3.256958152560932,1,2,1,1,32.0,TSC2
1,3.256958152560932,1,2,1,1,29.0,TSC2
1,3.256958152560932,1,2,1,1,32.0,TSC2
0,3.256958152560932,1,2,1,1,33.0,TSC2
1,3.256958152560932,1,1,1,1,32.0,TSC2
1,3.256958152560932,1,2,1,1,29.0,TSC2
1,3.256958152560932,0,2,1,1,34.0,TSC2
1,3.256958152560932,1,2,1,1,32.0,TSC2
0,3.256958152560932,1,2,1,1,33.0,TSC2
1,3.256958152560932,1,2,1,1,33.0,TSC2
0,3.256958152560932,0,2,1,1,33.0,TSC2
1,3.256958152560932,1,1,1,1,20.0,TSC2
0,3.256958152560932,0,2,1,1,34.0,TSC2
1,3.256958152560932,1,1,1,1,26.0,TSC2
1,3.256958152560932,1,1,1,1,25.0,TSC2
0,3.533772058384718,0,3,1,0,27.0,BRCA2
0,3.533772058384718,0,3,1,0,27.0,BRCA2
0,3.533772058384718,0,3,1,0,23.0,BRCA2
0,3.533772058384718,0,3,1,0,27.0,BRCA2
0,3.533772058384718,0,3,1,0,33.0,BRCA2
0,3.533772058384718,0,3,1,0,23.0,BRCA2
0,3.533772058384718,0,1,1,0,31.0,BRCA2
0,3.533772058384718,0,3,1,0,23.0,BRCA2
0,3.533772058384718,0,1,1,0,31.0,BRCA2
0,3.533772058384718,0,3,1,0,27.0,BRCA2
0,3.533772058384718,0,3,1,0,27.0,BRCA2
0,3.533772058384718,0,3,1,0,23.0,BRCA2
0,3.533772058384718,0,1,1,0,31.0,BRCA2
0,3.533772058384718,0,1,1,0,31.0,BRCA2
0,3.533772058384718,0,2,1,0,34.0,BRCA2
0,3.533772058384718,0,1,1,0,31.0,BRCA2
0,3.533772058384718,0,1,1,0,32.0,BRCA2
0,3.533772058384718,0,3,1,0,23.0,BRCA2
0,3.533772058384718,0,1,1,0,31.0,BRCA2
0,3.533772058384718,0,3,1,0,23.0,BRCA2
0,3.533772058384718,0,1,1,0,31.0,BRCA2
0,3.533772058384718,0,1,1,0,31.0,BRCA2
0,3.533772058384718,0,3,1,0,23.0,BRCA2
0,3.533772058384718,0,3,1,0,27.0,BRCA2
0,3.533772058384718,0,3,1,0,23.0,BRCA2
0,3.533772058384718,0,2,1,0,34.0,BRCA2
0,3.533772058384718,0,2,1,0,33.0,BRCA2
0,3.533772058384718,0,3,1,0,23.0,BRCA2
0,3.533772058384718,0,1,1,0,31.0,BRCA2
0,3.533772058384718,0,3,1,0,27.0,BRCA2
0,3.533772058384718,1,2,1,0,33.0,BRCA2
0,3.533772058384718,1,2,1,0,33.0,BRCA2
0,3.533772058384718,0,1,1,0,31.0,BRCA2
0,3.533772058384718,0,1,1,0,31.0,BRCA2
0,3.533772058384718,0,3,1,0,27.0,BRCA2
0,3.533772058384718,0,1,1,0,31.0,BRCA2
0,3.533772058384718,0,2,1,0,34.0,BRCA2
0,3.533772058384718,0,3,1,0,23.0,BRCA2
0,3.533772058384718,0,3,1,0,27.0,BRCA2
0,3.533772058384718,0,3,1,0,23.0,BRCA2
0,3.533772058384718,0,1,1,0,31.0,BRCA2
0,3.533772058384718,0,1,1,0,31.0,BRCA2
0,3.533772058384718,0,1,1,0,31.0,BRCA2
0,3.533772058384718,0,3,1,0,23.0,BRCA2
0,3.533772058384718,0,3,1,0,23.0,BRCA2
0,3.533772058384718,0,3,1,0,23.0,BRCA2
0,3.533772058384718,0,1,1,0,31.0,BRCA2
0,3.533772058384718,0,3,1,0,23.0,BRCA2
0,3.533772058384718,0,3,1,0,27.0,BRCA2
0,3.533772058384718,0,3,1,0,27.0,BRCA2
0,3.533772058384718,0,2,1,0,34.0,BRCA2
0,3.533772058384718,0,1,1,0,31.0,BRCA2
0,3.533772058384718,0,3,1,0,23.0,BRCA2
0,3.533772058384718,0,2,1,0,33.0,BRCA2
0,3.533772058384718,1,2,1,0,32.0,BRCA2
0,3.533772058384718,0,1,1,0,31.0,BRCA2
0,3.533772058384718,0,3,1,0,23.0,BRCA2
0,3.533772058384718,0,3,1,0,23.0,BRCA2
0,3.533772058384718,0,3,1,0,23.0,BRCA2
0,3.533772058384718,0,1,1,0,31.0,BRCA2
0,3.533772058384718,0,3,1,0,27.0,BRCA2
0,3.533772058384718,0,1,1,0,31.0,BRCA2
0,3.533772058384718,0,3,1,0,23.0,BRCA2
0,3.533772058384718,0,3,1,0,27.0,BRCA2
0,3.533772058384718,0,1,1,0,31.0,BRCA2
0,3.533772058384718,1,2,1,0,33.0,BRCA2
0,3.533772058384718,0,1,1,0,31.0,BRCA2
0,3.533772058384718,0,3,1,0,27.0,BRCA2
0,3.533772058384718,0,1,1,0,31.0,BRCA2
0,3.533772058384718,1,2,1,0,29.0,BRCA2
0,3.533772058384718,0,3,1,0,27.0,BRCA2
0,3.533772058384718,0,3,1,0,27.0,BRCA2
0,3.533772058384718,1,2,1,0,33.0,BRCA2
0,3.533772058384718,1,2,1,0,33.0,BRCA2
0,3.533772058384718,0,3,1,0,23.0,BRCA2
0,3.533772058384718,0,3,1,0,27.0,BRCA2
0,3.533772058384718,0,3,1,0,27.0,BRCA2
0,3.533772058384718,0,3,1,0,23.0,BRCA2
0,3.533772058384718,0,3,1,0,23.0,BRCA2
0,3.533772058384718,0,3,1,0,27.0,BRCA2
0,3.533772058384718,0,3,1,0,27.0,BRCA2
0,3.533772058384718,0,1,1,0,33.0,BRCA2
0,3.533772058384718,1,3,1,0,33.0,BRCA2
0,3.533772058384718,1,1,1,0,23.0,BRCA2
0,3.533772058384718,1,2,1,0,33.0,BRCA2
0,3.533772058384718,1,3,1,0,32.0,BRCA2
0,3.533772058384718,1,2,1,0,33.0,BRCA2
0,3.533772058384718,1,2,1,0,33.0,BRCA2
0,3.533772058384718,1,2,1,0,33.0,BRCA2
0,3.533772058384718,1,3,1,0,23.0,BRCA2
0,3.533772058384718,1,2,1,0,33.0,BRCA2
0,3.533772058384718,1,2,1,0,33.0,BRCA2
0,3.533772058384718,1,3,1,0,23.0,BRCA2
0,3.533772058384718,1,2,1,0,34.0,BRCA2
0,3.533772058384718,1,3,1,0,32.0,BRCA2
0,3.533772058384718,1,2,1,0,33.0,BRCA2
0,3.533772058384718,1,3,1,0,34.0,BRCA2
0,3.533772058384718,1,3,1,0,23.0,BRCA2
0,3.533772058384718,1,3,1,0,32.0,BRCA2
0,3.533772058384718,1,2,1,0,33.0,BRCA2
0,3.533772058384718,1,2,1,0,34.0,BRCA2
0,3.533772058384718,1,3,1,0,23.0,BRCA2
0,3.533772058384718,0,3,1,0,27.0,BRCA2
0,3.533772058384718,1,3,1,0,33.0,BRCA2
0,3.533772058384718,1,3,1,0,33.0,BRCA2
0,3.533772058384718,1,2,1,0,34.0,BRCA2
0,3.533772058384718,0,3,1,0,27.0,BRCA2
0,3.533772058384718,0,3,1,0,23.0,BRCA2
0,3.533772058384718,0,2,1,0,34.0,BRCA2
0,3.533772058384718,0,3,1,0,23.0,BRCA2
0,3.533772058384718,1,3,1,0,23.0,BRCA2
0,3.533772058384718,0,3,1,0,27.0,BRCA2
0,3.533772058384718,0,2,1,0,33.0,BRCA2
0,3.533772058384718,1,2,1,0,32.0,BRCA2
0,3.533772058384718,1,3,1,0,33.0,BRCA2
0,3.533772058384718,1,2,1,0,34.0,BRCA2
0,3.533772058384718,1,3,1,0,34.0,BRCA2
0,3.533772058384718,0,3,1,0,23.0,BRCA2
0,3.533772058384718,0,3,1,0,33.0,BRCA2
0,3.533772058384718,0,3,1,0,33.0,BRCA2
0,3.533772058384718,0,3,1,0,27.0,BRCA2
1,3.2702128548962426,0,3,1,1,23.0,BRCA1
1,3.2702128548962426,0,1,1,1,31.0,BRCA1
0,3.2702128548962426,1,3,1,1,23.0,BRCA1
1,3.2702128548962426,1,2,1,1,33.0,BRCA1
1,3.2702128548962426,0,1,1,1,31.0,BRCA1
0,3.2702128548962426,0,1,1,1,31.0,BRCA1
1,3.2702128548962426,0,2,1,1,34.0,BRCA1
1,3.2702128548962426,1,2,1,1,33.0,BRCA1
1,3.2702128548962426,1,3,1,1,23.0,BRCA1
0,3.2702128548962426,1,2,1,1,33.0,BRCA1
1,3.2702128548962426,0,1,1,1,31.0,BRCA1
0,3.2702128548962426,1,3,1,1,23.0,BRCA1
0,3.2702128548962426,0,1,1,1,31.0,BRCA1
1,3.2702128548962426,1,3,1,1,32.0,BRCA1
1,3.2702128548962426,1,1,1,1,27.0,BRCA1
0,3.2702128548962426,1,3,1,1,23.0,BRCA1
1,3.2702128548962426,1,3,1,1,27.0,BRCA1
1,3.2702128548962426,0,3,1,1,34.0,BRCA1
1,3.2702128548962426,0,1,1,1,31.0,BRCA1
1,3.2702128548962426,1,1,1,1,24.0,BRCA1
0,3.2702128548962426,1,3,1,1,27.0,BRCA1
1,3.2702128548962426,1,2,1,1,33.0,BRCA1
1,3.2702128548962426,0,3,1,1,23.0,BRCA1
1,3.2702128548962426,0,3,1,1,27.0,BRCA1
1,3.2702128548962426,0,2,1,1,34.0,BRCA1
1,3.2702128548962426,0,3,1,1,31.0,BRCA1
1,3.2702128548962426,0,3,1,1,23.0,BRCA1
1,3.2702128548962426,0,1,1,1,31.0,BRCA1
1,3.2702128548962426,0,3,1,1,27.0,BRCA1
1,3.2702128548962426,0,1,1,1,31.0,BRCA1
1,3.2702128548962426,0,3,1,1,27.0,BRCA1
1,3.2702128548962426,0,1,1,1,31.0,BRCA1
1,3.2702128548962426,0,1,1,1,31.0,BRCA1
1,3.2702128548962426,1,2,1,1,28.0,BRCA1
1,3.2702128548962426,1,2,1,1,33.0,BRCA1
1,3.2702128548962426,1,2,1,1,33.0,BRCA1
1,3.2702128548962426,0,3,1,1,27.0,BRCA1
0,3.2702128548962426,0,3,1,1,23.0,BRCA1
1,3.2702128548962426,0,1,1,1,31.0,BRCA1
1,3.2702128548962426,0,1,1,1,31.0,BRCA1
1,3.2702128548962426,1,2,1,1,33.0,BRCA1
1,3.2702128548962426,1,3,1,1,32.0,BRCA1
1,3.2702128548962426,0,3,1,1,23.0,BRCA1
1,3.2702128548962426,0,3,1,1,27.0,BRCA1
0,3.2702128548962426,0,1,1,1,31.0,BRCA1
0,3.2702128548962426,0,1,1,1,31.0,BRCA1
0,3.2702128548962426,0,1,1,1,31.0,BRCA1
1,3.2702128548962426,0,3,1,1,23.0,BRCA1
1,3.2702128548962426,1,2,1,1,33.0,BRCA1
1,3.2702128548962426,0,3,1,1,27.0,BRCA1
1,3.2702128548962426,1,2,1,1,33.0,BRCA1
0,3.2702128548962426,0,3,1,1,27.0,BRCA1
1,3.2702128548962426,0,3,1,1,27.0,BRCA1
1,3.2702128548962426,0,2,1,1,34.0,BRCA1
1,3.2702128548962426,0,3,1,1,23.0,BRCA1
1,3.2702128548962426,0,1,1,1,31.0,BRCA1
0,3.2702128548962426,0,3,1,1,23.0,BRCA1
0,3.2702128548962426,0,1,1,1,31.0,BRCA1
1,3.2702128548962426,0,2,1,1,34.0,BRCA1
0,3.2702128548962426,0,3,1,1,23.0,BRCA1
1,3.2702128548962426,0,3,1,1,27.0,BRCA1
1,3.2702128548962426,0,1,1,1,31.0,BRCA1
1,3.2702128548962426,0,1,1,1,31.0,BRCA1
1,3.2702128548962426,1,3,1,1,34.0,BRCA1
1,3.2702128548962426,0,1,1,1,31.0,BRCA1
1,3.2702128548962426,0,3,1,1,27.0,BRCA1
1,3.2702128548962426,0,1,1,1,31.0,BRCA1
1,3.2702128548962426,0,1,1,1,31.0,BRCA1
1,3.2702128548962426,0,2,1,1,34.0,BRCA1
1,3.2702128548962426,1,2,1,1,33.0,BRCA1
1,3.2702128548962426,1,2,1,1,29.0,BRCA1
1,3.2702128548962426,0,3,1,1,23.0,BRCA1
1,3.2702128548962426,0,1,1,1,32.0,BRCA1
1,3.2702128548962426,0,1,1,1,31.0,BRCA1
1,3.2702128548962426,0,3,1,1,27.0,BRCA1
0,3.2702128548962426,0,3,1,1,23.0,BRCA1
1,3.2702128548962426,0,1,1,1,31.0,BRCA1
1,3.2702128548962426,0,3,1,1,23.0,BRCA1
1,3.2702128548962426,0,3,1,1,27.0,BRCA1
1,3.2702128548962426,0,1,1,1,31.0,BRCA1
1,3.2702128548962426,0,3,1,1,27.0,BRCA1
1,3.2702128548962426,0,3,1,1,23.0,BRCA1
1,3.2702128548962426,0,1,1,1,31.0,BRCA1
0,3.2702128548962426,0,3,1,1,27.0,BRCA1
1,3.2702128548962426,0,1,1,1,31.0,BRCA1
1,3.2702128548962426,0,2,1,1,34.0,BRCA1
1,3.2702128548962426,0,2,1,1,34.0,BRCA1
1,3.2702128548962426,0,3,1,1,23.0,BRCA1
1,3.2702128548962426,0,1,1,1,33.0,BRCA1
1,3.2702128548962426,0,3,1,1,23.0,BRCA1
1,3.2702128548962426,0,1,1,1,31.0,BRCA1
1,3.2702128548962426,0,1,1,1,31.0,BRCA1
0,3.2702128548962426,0,3,1,1,31.0,BRCA1
1,3.2702128548962426,0,3,1,1,23.0,BRCA1
1,3.2702128548962426,0,1,1,1,31.0,BRCA1
1,3.2702128548962426,0,3,1,1,27.0,BRCA1
0,3.2702128548962426,0,3,1,1,23.0,BRCA1
1,3.2702128548962426,0,3,1,1,23.0,BRCA1
1,3.2702128548962426,0,1,1,1,31.0,BRCA1
1,3.2702128548962426,0,3,1,1,23.0,BRCA1
1,3.2702128548962426,0,1,1,1,31.0,BRCA1
1,3.2702128548962426,0,2,1,1,34.0,BRCA1
1,3.2702128548962426,0,1,1,1,31.0,BRCA1
1,3.2702128548962426,0,3,1,1,23.0,BRCA1
1,3.2702128548962426,0,3,1,1,27.0,BRCA1
1,3.2702128548962426,1,3,1,1,33.0,BRCA1
1,3.2702128548962426,0,1,1,1,31.0,BRCA1
0,3.2702128548962426,0,3,1,1,23.0,BRCA1
1,3.2702128548962426,0,3,1,1,27.0,BRCA1
0,3.2702128548962426,0,3,1,1,27.0,BRCA1
1,3.2702128548962426,0,3,1,1,23.0,BRCA1
1,3.2702128548962426,1,2,1,1,33.0,BRCA1
1,3.2702128548962426,0,3,1,1,23.0,BRCA1
1,3.2702128548962426,0,1,1,1,26.0,BRCA1
1,3.2702128548962426,0,3,1,1,23.0,BRCA1
0,3.2702128548962426,0,3,1,1,23.0,BRCA1
1,3.2702128548962426,0,3,1,1,23.0,BRCA1
1,3.2702128548962426,0,3,1,1,23.0,BRCA1
0,3.2702128548962426,0,3,1,1,23.0,BRCA1
0,3.2702128548962426,0,2,1,1,34.0,BRCA1
1,3.2702128548962426,0,3,1,1,23.0,BRCA1
1,3.2702128548962426,0,2,1,1,34.0,BRCA1
0,3.2702128548962426,0,2,1,1,33.0,BRCA1
1,3.2702128548962426,0,2,1,1,34.0,BRCA1
0,3.2702128548962426,0,0,1,1,31.0,BRCA1
0,3.2702128548962426,0,3,1,1,23.0,BRCA1
1,3.2702128548962426,0,3,1,1,23.0,BRCA1
1,3.2702128548962426,0,1,1,1,29.0,BRCA1
1,3.2702128548962426,1,2,1,1,33.0,BRCA1
1,3.2702128548962426,0,3,1,1,23.0,BRCA1
0,3.2702128548962426,0,3,1,1,23.0,BRCA1
1,3.2702128548962426,1,1,1,1,33.0,BRCA1
1,3.2702128548962426,1,3,1,1,23.0,BRCA1
1,3.2702128548962426,1,3,1,1,23.0,BRCA1
1,3.2702128548962426,1,2,1,1,34.0,BRCA1
1,3.2702128548962426,1,2,1,1,33.0,BRCA1
0,3.2702128548962426,1,1,1,1,23.0,BRCA1
1,3.2702128548962426,1,3,1,1,34.0,BRCA1
1,3.2702128548962426,1,3,1,1,32.0,BRCA1
1,3.2702128548962426,0,3,1,1,27.0,BRCA1
1,3.2702128548962426,1,3,1,1,23.0,BRCA1
1,3.2702128548962426,1,2,1,1,31.0,BRCA1
1,3.2702128548962426,1,3,1,1,33.0,BRCA1
0,3.2702128548962426,0,3,1,1,23.0,BRCA1
1,3.2702128548962426,1,3,1,1,23.0,BRCA1
0,3.2702128548962426,1,3,1,1,33.0,BRCA1
0,3.2702128548962426,1,2,1,1,32.0,BRCA1
1,3.2702128548962426,1,3,1,1,33.0,BRCA1
1,3.2702128548962426,1,3,1,1,33.0,BRCA1
1,3.2702128548962426,1,3,1,1,27.0,BRCA1
0,3.2702128548962426,1,2,1,1,33.0,BRCA1
0,3.2702128548962426,0,3,1,1,23.0,BRCA1
1,3.2702128548962426,0,3,1,1,27.0,BRCA1
0,3.2702128548962426,1,1,1,1,33.0,BRCA1
0,3.2702128548962426,1,2,1,1,30.0,BRCA1
1,3.2702128548962426,1,3,1,1,32.0,BRCA1
1,3.2702128548962426,1,2,1,1,33.0,BRCA1
0,3.2702128548962426,1,2,1,1,33.0,BRCA1
0,3.2702128548962426,1,2,1,1,33.0,BRCA1
1,3.2702128548962426,1,2,1,1,30.0,BRCA1
1,3.2702128548962426,1,1,1,1,29.0,BRCA1
0,3.2702128548962426,1,2,1,1,33.0,BRCA1
0,3.2702128548962426,1,1,1,1,22.0,BRCA1
1,3.2702128548962426,0,3,1,1,23.0,BRCA1
1,3.2702128548962426,1,3,1,1,33.0,BRCA1
1,3.2702128548962426,1,2,1,1,33.0,BRCA1
1,3.2702128548962426,1,3,1,1,33.0,BRCA1
0,3.2702128548962426,1,3,1,1,23.0,BRCA1
1,3.2702128548962426,1,3,1,1,33.0,BRCA1
1,3.2702128548962426,1,2,1,1,33.0,BRCA1
1,3.2702128548962426,1,2,1,1,30.0,BRCA1
0,3.2702128548962426,1,3,1,1,33.0,BRCA1
1,3.2702128548962426,1,2,1,1,33.0,BRCA1
0,3.2702128548962426,0,3,1,1,23.0,BRCA1
0,3.2702128548962426,1,3,1,1,34.0,BRCA1
0,3.2702128548962426,1,2,1,1,33.0,BRCA1
0,3.2702128548962426,0,2,1,1,34.0,BRCA1
1,3.2702128548962426,1,2,1,1,33.0,BRCA1
1,3.2702128548962426,1,2,1,1,33.0,BRCA1
1,3.2702128548962426,1,3,1,1,34.0,BRCA1
1,3.2702128548962426,1,3,1,1,23.0,BRCA1
1,3.2702128548962426,1,2,1,1,33.0,BRCA1
0,3.2702128548962426,0,3,1,1,27.0,BRCA1
0,3.2702128548962426,1,2,1,1,33.0,BRCA1
0,3.2702128548962426,1,3,1,1,33.0,BRCA1
1,3.2702128548962426,0,2,1,1,33.0,BRCA1
0,3.2702128548962426,0,3,1,1,23.0,BRCA1
1,3.2702128548962426,0,3,1,1,23.0,BRCA1
0,3.2702128548962426,0,2,1,1,34.0,BRCA1
1,3.2702128548962426,1,3,1,1,23.0,BRCA1
1,3.2702128548962426,1,2,1,1,32.0,BRCA1
1,3.2702128548962426,0,3,1,1,27.0,BRCA1
1,3.2702128548962426,1,2,1,1,34.0,BRCA1
1,3.2702128548962426,0,1,1,1,31.0,BRCA1
1,3.2702128548962426,0,1,1,1,31.0,BRCA1
1,3.2702128548962426,0,1,1,1,31.0,BRCA1
1,3.2702128548962426,0,1,1,1,31.0,BRCA1
0,3.2702128548962426,0,3,1,1,33.0,BRCA1
1,3.2702128548962426,0,3,1,1,27.0,BRCA1
0,3.2702128548962426,0,3,1,1,27.0,BRCA1
1,3.2702128548962426,0,3,1,1,23.0,BRCA1
1,3.2702128548962426,0,3,1,1,27.0,BRCA1
1,2.884228769632604,1,3,0,1,27.0,BRAF
1,3.06595298031387,1,2,1,1,33.0,TSC1
1,3.06595298031387,1,1,1,1,24.0,TSC1
1,3.06595298031387,0,2,1,1,33.0,TSC1
1,3.06595298031387,1,1,1,1,30.0,TSC1
1,3.06595298031387,0,2,1,1,34.0,TSC1
0,3.256958152560932,0,2,1,1,33.0,TSC2
1,3.256958152560932,0,2,1,1,33.0,TSC2
1,3.256958152560932,1,2,1,1,33.0,TSC2
1,3.256958152560932,1,1,1,1,24.0,TSC2
1,3.256958152560932,1,2,1,1,31.0,TSC2
1,3.256958152560932,0,2,1,1,34.0,TSC2
0,3.256958152560932,1,2,1,1,31.0,TSC2
0,3.256958152560932,0,2,1,1,34.0,TSC2
0,3.256958152560932,0,2,1,1,34.0,TSC2
1,3.256958152560932,0,2,1,1,34.0,TSC2
1,3.256958152560932,0,2,1,1,32.0,TSC2
1,3.256958152560932,0,2,1,1,33.0,TSC2
1,3.256958152560932,1,1,1,1,32.0,TSC2
0,3.256958152560932,0,2,1,1,34.0,TSC2
0,3.256958152560932,1,1,1,1,29.0,TSC2
0,3.256958152560932,0,2,1,1,34.0,TSC2
1,3.256958152560932,1,1,1,1,31.0,TSC2
1,3.256958152560932,0,2,1,1,34.0,TSC2
1,3.256958152560932,0,2,1,1,34.0,TSC2
0,3.256958152560932,0,2,1,1,34.0,TSC2
1,3.256958152560932,0,2,1,1,34.0,TSC2
0,3.256958152560932,0,2,1,1,34.0,TSC2
1,3.256958152560932,1,1,1,1,27.0,TSC2
1,3.256958152560932,0,2,1,1,34.0,TSC2
1,3.256958152560932,1,2,1,1,32.0,TSC2
1,3.256958152560932,0,2,1,1,34.0,TSC2
0,3.256958152560932,1,1,1,1,34.0,TSC2
1,3.256958152560932,1,1,1,1,30.0,TSC2
1,3.256958152560932,1,1,1,1,31.0,TSC2
1,3.256958152560932,1,1,1,1,31.0,TSC2
1,3.256958152560932,1,2,1,1,33.0,TSC2
1,3.256958152560932,1,2,1,1,33.0,TSC2
1,3.256958152560932,0,2,1,1,34.0,TSC2
1,3.256958152560932,1,1,1,1,28.0,TSC2
1,3.256958152560932,1,1,1,1,32.0,TSC2
1,3.256958152560932,0,2,1,1,34.0,TSC2
1,3.256958152560932,1,1,1,1,32.0,TSC2
1,3.256958152560932,1,1,1,1,33.0,TSC2
1,3.256958152560932,1,1,1,1,33.0,TSC2
1,3.256958152560932,1,1,1,1,25.0,TSC2
1,3.256958152560932,1,2,1,1,32.0,TSC2
0,3.2095150145426308,1,0,0,1,23.0,ALK
0,3.4531653925258574,1,2,1,0,33.0,NF1
0,3.4531653925258574,1,2,1,0,33.0,NF1
0,3.4531653925258574,1,2,1,0,33.0,NF1
0,3.4531653925258574,1,2,1,0,33.0,NF1
0,3.4531653925258574,1,2,1,0,34.0,NF1
0,3.4531653925258574,1,2,1,0,33.0,NF1
0,3.4531653925258574,1,2,1,0,33.0,NF1
0,3.4531653925258574,1,2,1,0,33.0,NF1
0,3.4531653925258574,1,2,1,0,33.0,NF1
0,3.4531653925258574,1,2,1,0,32.0,NF1
0,3.4531653925258574,1,2,1,0,33.0,NF1
0,3.4531653925258574,1,2,1,0,33.0,NF1
0,3.4531653925258574,1,2,1,0,34.0,NF1
0,3.4531653925258574,1,2,1,0,33.0,NF1
0,3.4531653925258574,1,2,1,0,32.0,NF1
0,3.4531653925258574,1,2,1,0,34.0,NF1
0,3.4531653925258574,1,2,1,0,33.0,NF1
0,3.4531653925258574,1,2,1,0,33.0,NF1
0,3.4531653925258574,1,2,1,0,33.0,NF1
0,3.4531653925258574,1,2,1,0,33.0,NF1
0,3.4531653925258574,1,1,1,0,33.0,NF1
0,3.4531653925258574,1,2,1,0,32.0,NF1
0,3.4531653925258574,1,2,1,0,33.0,NF1
0,3.4531653925258574,1,2,1,0,34.0,NF1
0,3.4531653925258574,1,2,1,0,33.0,NF1
0,3.4531653925258574,1,2,1,0,34.0,NF1
0,3.4531653925258574,1,1,1,0,24.0,NF1
0,3.4531653925258574,1,2,1,0,31.0,NF1
0,3.4531653925258574,1,2,1,0,32.0,NF1
0,3.4531653925258574,1,2,1,0,33.0,NF1
0,3.4531653925258574,1,1,1,0,33.0,NF1
0,3.4531653925258574,1,2,1,0,33.0,NF1
0,3.4531653925258574,1,2,1,0,33.0,NF1
0,3.4531653925258574,1,1,1,0,30.0,NF1
0,3.4531653925258574,1,2,1,0,33.0,NF1
0,3.4531653925258574,1,2,1,0,34.0,NF1
0,3.4531653925258574,1,2,1,0,33.0,NF1
0,2.6522463410033232,1,0,1,1,26.0,WT1
0,3.4531653925258574,1,2,1,0,31.0,NF1
1,2.5943925503754266,0,3,1,1,32.0,TP53
1,3.2702128548962426,0,3,1,1,23.0,BRCA1
1,3.2702128548962426,0,1,1,1,31.0,BRCA1
1,3.2702128548962426,0,1,1,1,32.0,BRCA1
0,3.2702128548962426,0,2,1,1,32.0,BRCA1
1,3.2702128548962426,1,3,1,1,33.0,BRCA1
1,3.2702128548962426,1,3,1,1,27.0,BRCA1
0,3.533772058384718,1,2,1,0,33.0,BRCA2
0,3.533772058384718,0,3,1,0,23.0,BRCA2
0,3.533772058384718,0,2,1,0,34.0,BRCA2
0,3.533772058384718,0,2,1,0,33.0,BRCA2
1,2.6053050461411096,1,1,1,1,31.0,PTEN
1,2.6053050461411096,1,3,1,1,33.0,PTEN
1,2.6053050461411096,1,3,1,1,28.0,PTEN
1,2.6053050461411096,1,1,1,1,33.0,PTEN
1,2.6053050461411096,1,1,1,1,29.0,PTEN
1,2.3283796034387376,1,3,1,1,32.0,VHL
1,2.3283796034387376,1,2,1,1,33.0,VHL
0,2.3283796034387376,0,3,1,1,32.0,VHL
1,3.143014800254095,0,2,0,1,34.0,MET
0,3.533772058384718,0,2,1,0,33.0,BRCA2
0,3.533772058384718,0,3,1,0,27.0,BRCA2
0,3.533772058384718,0,3,1,0,27.0,BRCA2
0,3.533772058384718,0,2,1,0,34.0,BRCA2
0,3.533772058384718,0,3,1,0,24.0,BRCA2
0,3.533772058384718,0,2,1,0,34.0,BRCA2
0,3.533772058384718,1,3,1,0,33.0,BRCA2
0,3.2702128548962426,0,2,1,1,33.0,BRCA1
1,3.2702128548962426,0,2,1,1,33.0,BRCA1
1,3.2702128548962426,1,3,1,1,33.0,BRCA1
0,2.967547976218862,1,2,1,1,33.0,RB1
1,2.5943925503754266,1,2,1,1,33.0,TP53
1,2.5943925503754266,1,0,1,1,32.0,TP53
1,3.2702128548962426,0,0,1,1,18.0,BRCA1
1,3.2702128548962426,0,1,1,1,31.0,BRCA1
0,3.2702128548962426,0,0,1,1,8.0,BRCA1
0,3.2702128548962426,1,2,1,1,29.0,BRCA1
0,3.533772058384718,0,1,1,0,31.0,BRCA2
0,3.533772058384718,0,3,1,0,23.0,BRCA2
0,3.533772058384718,0,0,1,0,34.0,BRCA2
0,3.533772058384718,0,0,1,0,18.0,BRCA2
0,3.533772058384718,1,3,1,0,34.0,BRCA2
0,3.533772058384718,1,2,1,0,33.0,BRCA2
0,3.533772058384718,1,3,1,0,32.0,BRCA2
1,2.967547976218862,1,0,1,1,21.0,RB1
1,2.967547976218862,1,0,1,1,21.0,RB1
1,2.967547976218862,1,0,1,1,21.0,RB1
1,2.967547976218862,1,1,1,1,32.0,RB1
0,3.4537768596904423,0,2,1,0,34.0,APC
0,3.4537768596904423,0,2,1,0,34.0,APC
0,3.4537768596904423,0,2,1,0,34.0,APC
0,3.4537768596904423,0,2,1,0,34.0,APC
0,3.485153349903652,0,3,1,0,30.0,ATM
0,3.485153349903652,0,3,1,0,33.0,ATM
0,3.485153349903652,0,2,1,0,34.0,ATM
0,3.485153349903652,0,3,1,0,33.0,ATM
0,3.485153349903652,0,2,1,0,34.0,ATM
0,3.485153349903652,0,3,1,0,30.0,ATM
0,3.485153349903652,0,2,1,0,34.0,ATM
0,3.485153349903652,1,3,1,0,33.0,ATM
0,3.485153349903652,0,3,1,0,33.0,ATM
0,3.485153349903652,1,2,1,0,34.0,ATM
0,3.485153349903652,1,3,1,0,32.0,ATM
1,2.6053050461411096,0,3,1,1,31.0,PTEN
1,2.6053050461411096,0,3,1,1,31.0,PTEN
0,2.5943925503754266,0,3,1,1,32.0,TP53
1,2.5943925503754266,0,3,1,1,33.0,TP53
1,2.5943925503754266,1,3,1,1,32.0,TP53
1,2.5943925503754266,1,2,1,1,33.0,TP53
1,2.5943925503754266,0,3,1,1,33.0,TP53
1,2.5943925503754266,1,2,1,1,33.0,TP53
1,2.5943925503754266,1,3,1,1,32.0,TP53
1,2.5943925503754266,1,2,1,1,33.0,TP53
1,2.5943925503754266,0,3,1,1,32.0,TP53
1,2.5943925503754266,0,3,1,1,32.0,TP53
1,2.5943925503754266,0,3,1,1,32.0,TP53
1,2.5943925503754266,0,3,1,1,33.0,TP53
0,2.3283796034387376,1,2,1,1,33.0,VHL
0,3.485153349903652,0,2,1,0,34.0,ATM
0,3.485153349903652,0,2,1,0,34.0,ATM
0,3.485153349903652,0,2,1,0,34.0,ATM
0,3.485153349903652,0,2,1,0,34.0,ATM
0,3.485153349903652,0,2,1,0,34.0,ATM
0,3.485153349903652,0,2,1,0,34.0,ATM
0,3.485153349903652,0,2,1,0,34.0,ATM
1,2.5943925503754266,0,3,1,1,33.0,TP53
0,3.2095150145426308,0,2,0,1,34.0,ALK
0,3.2095150145426308,0,2,0,1,34.0,ALK
0,3.2095150145426308,0,2,0,1,34.0,ALK
0,3.2095150145426308,0,2,0,1,34.0,ALK
0,3.2095150145426308,0,2,0,1,34.0,ALK
0,3.2095150145426308,0,2,0,1,34.0,ALK
0,3.2095150145426308,0,2,0,1,34.0,ALK
0,3.2095150145426308,0,2,0,1,34.0,ALK
0,3.2095150145426308,0,2,0,1,34.0,ALK
0,3.2095150145426308,0,2,0,1,34.0,ALK
0,3.2095150145426308,0,2,0,1,34.0,ALK
0,3.2095150145426308,0,2,0,1,34.0,ALK
0,3.2095150145426308,0,2,0,1,34.0,ALK
0,3.2095150145426308,0,2,0,1,34.0,ALK
0,3.2095150145426308,0,2,0,1,34.0,ALK
0,3.2095150145426308,0,2,0,1,33.0,ALK
0,3.2095150145426308,0,2,0,1,34.0,ALK
0,3.4537768596904423,0,2,1,0,34.0,APC
0,3.4537768596904423,0,2,1,0,34.0,APC
0,3.4537768596904423,0,2,1,0,34.0,APC
0,3.4537768596904423,0,2,1,0,34.0,APC
0,3.4537768596904423,0,3,1,0,31.0,APC
0,3.4537768596904423,0,2,1,0,34.0,APC
0,3.4537768596904423,0,2,1,0,34.0,APC
0,3.485153349903652,0,2,1,0,34.0,ATM
0,3.485153349903652,0,2,1,0,34.0,ATM
0,3.485153349903652,0,2,1,0,34.0,ATM
0,3.485153349903652,0,3,1,0,30.0,ATM
0,3.485153349903652,0,2,1,0,34.0,ATM
0,3.485153349903652,0,2,1,0,34.0,ATM
0,3.485153349903652,0,3,1,0,33.0,ATM
0,3.485153349903652,0,2,1,0,34.0,ATM
0,3.485153349903652,0,2,1,0,34.0,ATM
0,3.485153349903652,0,3,1,0,30.0,ATM
0,3.533772058384718,0,3,1,0,33.0,BRCA2
0,3.533772058384718,0,2,1,0,34.0,BRCA2
1,3.0827853703164503,0,2,0,1,34.0,EGFR
1,3.0827853703164503,0,2,0,1,34.0,EGFR
0,3.0827853703164503,0,2,0,1,34.0,EGFR
0,3.098643725817057,0,1,0,1,33.0,ERBB2
0,3.098643725817057,0,2,0,1,33.0,ERBB2
0,3.098643725817057,0,2,0,1,33.0,ERBB2
0,3.098643725817057,0,2,0,1,33.0,ERBB2
0,3.098643725817057,0,1,0,1,33.0,ERBB2
0,3.098643725817057,0,2,0,1,34.0,ERBB2
0,3.098643725817057,0,2,0,1,34.0,ERBB2
0,3.098643725817057,0,2,0,1,34.0,ERBB2
0,3.098643725817057,0,1,0,1,33.0,ERBB2
0,3.098643725817057,0,2,0,1,33.0,ERBB2
0,3.098643725817057,0,1,0,1,34.0,ERBB2
0,3.098643725817057,0,2,0,1,34.0,ERBB2
1,3.143014800254095,0,2,0,1,34.0,MET
1,3.143014800254095,0,2,0,1,34.0,MET
1,3.143014800254095,0,2,0,1,34.0,MET
0,3.4531653925258574,0,2,1,0,34.0,NF1
0,3.4531653925258574,0,2,1,0,34.0,NF1
1,2.967547976218862,0,2,1,1,34.0,RB1
1,2.967547976218862,0,2,1,1,33.0,RB1
1,2.967547976218862,0,2,1,1,34.0,RB1
1,2.967547976218862,0,2,1,1,34.0,RB1
1,3.04688519083771,0,2,0,1,34.0,RET
1,3.04688519083771,0,2,0,1,34.0,RET
1,2.5943925503754266,1,2,1,1,34.0,TP53
1,2.5943925503754266,0,3,1,1,32.0,TP53
1,3.06595298031387,0,2,1,1,32.0,TSC1
0,3.256958152560932,0,2,1,1,34.0,TSC2
1,3.256958152560932,0,2,1,1,34.0,TSC2
1,3.256958152560932,0,2,1,1,34.0,TSC2
0,2.3283796034387376,0,3,1,1,32.0,VHL
0,3.4537768596904423,0,3,1,0,31.0,APC
0,3.4537768596904423,0,2,1,0,34.0,APC
1,2.5943925503754266,0,3,1,1,33.0,TP53
1,2.6053050461411096,1,2,1,1,33.0,PTEN
1,2.6053050461411096,0,3,1,1,31.0,PTEN
0,2.5943925503754266,0,3,1,1,32.0,TP53
1,2.5943925503754266,0,3,1,1,32.0,TP53
0,3.485153349903652,0,2,1,0,33.0,ATM
1,2.5943925503754266,1,2,1,1,33.0,TP53
1,2.5943925503754266,1,2,1,1,33.0,TP53
0,3.485153349903652,1,3,1,0,33.0,ATM
1,2.5943925503754266,0,3,1,1,33.0,TP53
0,3.533772058384718,1,2,1,0,33.0,BRCA2
0,3.533772058384718,0,1,1,0,33.0,BRCA2
1,2.5943925503754266,0,3,1,1,33.0,TP53
1,2.5943925503754266,0,3,1,1,33.0,TP53
1,2.5943925503754266,0,3,1,1,32.0,TP53
0,3.533772058384718,0,3,1,0,27.0,BRCA2
0,3.485153349903652,1,2,1,0,33.0,ATM
1,2.5943925503754266,1,2,1,1,32.0,TP53
1,2.5943925503754266,0,3,1,1,33.0,TP53
1,2.5943925503754266,1,2,1,1,33.0,TP53
1,2.5943925503754266,0,3,1,1,33.0,TP53
0,3.533772058384718,0,3,1,0,33.0,BRCA2
1,2.5943925503754266,0,3,1,1,33.0,TP53
0,2.5943925503754266,0,3,1,1,30.0,TP53
0,3.4531653925258574,1,1,1,0,34.0,NF1
1,3.256958152560932,0,2,1,1,34.0,TSC2
1,2.5943925503754266,0,3,1,1,32.0,TP53
0,3.533772058384718,0,1,1,0,28.0,BRCA2
0,3.485153349903652,1,3,1,0,33.0,ATM
1,2.5943925503754266,0,3,1,1,33.0,TP53
0,3.4537768596904423,0,2,1,0,34.0,APC
0,3.533772058384718,0,1,1,0,31.0,BRCA2
1,2.5943925503754266,0,3,1,1,33.0,TP53
0,2.5943925503754266,0,3,1,1,32.0,TP53
0,3.485153349903652,1,2,1,0,34.0,ATM
0,3.4531653925258574,0,2,1,0,34.0,NF1
1,3.06595298031387,0,2,1,1,34.0,TSC1
0,3.533772058384718,0,3,1,0,27.0,BRCA2
0,3.485153349903652,1,2,1,0,32.0,ATM
1,2.5943925503754266,1,2,1,1,33.0,TP53
1,2.6053050461411096,0,3,1,1,33.0,PTEN
1,2.5943925503754266,0,3,1,1,32.0,TP53
1,2.5943925503754266,1,2,1,1,33.0,TP53
1,2.5943925503754266,0,3,1,1,32.0,TP53
0,3.4537768596904423,0,3,1,0,31.0,APC
1,2.6053050461411096,1,3,1,1,27.0,PTEN
0,3.485153349903652,1,3,1,0,32.0,ATM
1,2.6053050461411096,1,3,1,1,33.0,PTEN
1,2.6053050461411096,1,3,1,1,33.0,PTEN
1,2.6053050461411096,1,3,1,1,25.0,PTEN
1,2.5943925503754266,0,3,1,1,33.0,TP53
1,2.6053050461411096,1,2,1,1,33.0,PTEN
1,2.5943925503754266,1,2,1,1,34.0,TP53
1,2.5943925503754266,0,3,1,1,33.0,TP53
1,2.5943925503754266,0,3,1,1,32.0,TP53
0,3.533772058384718,0,2,1,0,33.0,BRCA2
1,2.5943925503754266,0,3,1,1,33.0,TP53
1,2.6053050461411096,1,1,1,1,21.0,PTEN
1,2.5943925503754266,1,3,1,1,33.0,TP53
1,2.5943925503754266,0,3,1,1,32.0,TP53
1,2.5943925503754266,1,3,1,1,33.0,TP53
0,3.533772058384718,0,1,1,0,28.0,BRCA2
1,2.5943925503754266,1,2,1,1,34.0,TP53
0,3.533772058384718,0,2,1,0,32.0,BRCA2
0,3.485153349903652,1,2,1,0,34.0,ATM
1,2.5943925503754266,1,3,1,1,33.0,TP53
1,2.5943925503754266,1,3,1,1,32.0,TP53
0,3.533772058384718,1,3,1,0,34.0,BRCA2
0,3.485153349903652,1,2,1,0,34.0,ATM
1,2.5943925503754266,1,3,1,1,33.0,TP53
1,2.5943925503754266,0,3,1,1,33.0,TP53
0,2.1931245983544616,1,2,1,1,32.0,CDKN2A
0,3.485153349903652,0,1,1,0,20.0,ATM
0,3.2702128548962426,0,1,1,1,33.0,BRCA1
0,3.533772058384718,0,1,1,0,33.0,BRCA2
0,3.485153349903652,0,2,1,0,33.0,ATM
1,2.6053050461411096,0,3,1,1,31.0,PTEN
0,3.2702128548962426,0,1,1,1,31.0,BRCA1
0,3.533772058384718,0,1,1,0,31.0,BRCA2
1,3.0827853703164503,1,1,0,1,33.0,EGFR
1,2.2764618041732443,1,2,0,1,33.0,HRAS
0,2.3283796034387376,0,3,1,1,32.0,VHL
1,3.256958152560932,0,2,1,1,34.0,TSC2
1,3.256958152560932,0,2,1,1,34.0,TSC2
1,2.5943925503754266,1,2,1,1,33.0,TP53
1,2.5943925503754266,1,2,1,1,28.0,TP53
1,2.5943925503754266,1,2,1,1,33.0,TP53
1,2.3283796034387376,1,2,1,1,33.0,VHL
1,2.884228769632604,1,3,0,1,33.0,BRAF
0,2.884228769632604,1,2,0,1,32.0,BRAF
0,2.884228769632604,1,1,0,1,21.0,BRAF
1,3.0827853703164503,1,0,0,1,14.0,EGFR
0,2.2764618041732443,1,1,0,1,22.0,HRAS
0,2.2764618041732443,1,2,0,1,25.0,HRAS
1,2.5943925503754266,1,2,1,1,33.0,TP53
1,2.5943925503754266,1,3,1,1,33.0,TP53
0,2.3283796034387376,1,2,1,1,30.0,VHL
1,2.884228769632604,1,2,0,1,33.0,BRAF
0,2.884228769632604,1,1,0,1,33.0,BRAF
1,2.2764618041732443,1,2,0,1,33.0,HRAS
1,2.3283796034387376,1,2,1,1,32.0,VHL
1,2.3283796034387376,1,3,1,1,32.0,VHL
1,2.3283796034387376,1,2,1,1,33.0,VHL
1,2.3283796034387376,1,2,1,1,31.0,VHL
1,2.3283796034387376,1,2,1,1,34.0,VHL
0,2.1931245983544616,1,2,1,1,33.0,CDKN2A
0,3.485153349903652,1,2,1,0,33.0,ATM
0,3.485153349903652,0,3,1,0,33.0,ATM
0,3.485153349903652,0,2,1,0,34.0,ATM
0,3.485153349903652,1,2,1,0,34.0,ATM
0,3.485153349903652,1,3,1,0,32.0,ATM
0,3.485153349903652,1,2,1,0,33.0,ATM
0,3.485153349903652,1,2,1,0,34.0,ATM
0,3.485153349903652,1,2,1,0,33.0,ATM
0,3.485153349903652,1,2,1,0,33.0,ATM
0,3.485153349903652,1,2,1,0,33.0,ATM
0,3.533772058384718,1,2,1,0,34.0,BRCA2
0,2.5943925503754266,0,3,1,1,33.0,TP53
1,2.5943925503754266,1,2,1,1,33.0,TP53
1,2.5943925503754266,1,2,1,1,33.0,TP53
1,2.5943925503754266,1,2,1,1,34.0,TP53
1,2.5943925503754266,1,2,1,1,33.0,TP53
1,2.5943925503754266,1,3,1,1,32.0,TP53
1,2.5943925503754266,1,2,1,1,33.0,TP53
1,2.5943925503754266,0,3,1,1,33.0,TP53
1,2.5943925503754266,0,3,1,1,33.0,TP53
1,2.5943925503754266,0,3,1,1,32.0,TP53
1,2.5943925503754266,0,3,1,1,33.0,TP53
1,2.6364878963533656,1,2,1,1,27.0,STK11
1,2.6364878963533656,1,2,1,1,32.0,STK11
1,2.6364878963533656,1,1,1,1,32.0,STK11
1,2.6364878963533656,1,2,1,1,33.0,STK11
1,2.6364878963533656,1,1,1,1,32.0,STK11
1,2.6364878963533656,1,2,1,1,33.0,STK11
0,3.4537768596904423,0,3,1,0,31.0,APC
0,3.2702128548962426,1,2,1,1,33.0,BRCA1
1,3.143014800254095,1,1,0,1,23.0,MET
1,2.3283796034387376,1,2,1,1,32.0,VHL
0,3.4537768596904423,0,3,1,0,31.0,APC
0,3.4537768596904423,0,2,1,0,33.0,APC
0,3.4537768596904423,0,2,1,0,34.0,APC
1,3.143014800254095,1,2,0,1,33.0,MET
0,2.1931245983544616,1,1,1,1,32.0,CDKN2A
0,2.1931245983544616,1,2,1,1,34.0,CDKN2A
1,2.6053050461411096,1,2,1,1,33.0,PTEN
1,2.6053050461411096,1,3,1,1,33.0,PTEN
1,2.6053050461411096,1,3,1,1,33.0,PTEN
1,2.6053050461411096,1,2,1,1,33.0,PTEN
1,2.6053050461411096,1,2,1,1,33.0,PTEN
1,2.6053050461411096,1,2,1,1,33.0,PTEN
1,2.6053050461411096,1,2,1,1,33.0,PTEN
1,2.6053050461411096,1,3,1,1,31.0,PTEN
0,3.485153349903652,1,2,1,0,33.0,ATM
0,3.485153349903652,1,3,1,0,30.0,ATM
0,3.485153349903652,1,3,1,0,33.0,ATM
0,3.485153349903652,1,2,1,0,33.0,ATM
0,3.485153349903652,1,3,1,0,30.0,ATM
0,3.485153349903652,1,2,1,0,33.0,ATM
0,3.485153349903652,1,2,1,0,33.0,ATM
0,3.485153349903652,1,2,1,0,33.0,ATM
0,3.533772058384718,1,2,1,0,33.0,BRCA2
0,3.533772058384718,0,1,1,0,30.0,BRCA2
0,3.533772058384718,0,3,1,0,33.0,BRCA2
0,3.256958152560932,0,2,1,1,34.0,TSC2
1,3.256958152560932,0,2,1,1,34.0,TSC2
1,3.256958152560932,0,2,1,1,34.0,TSC2
0,3.4531653925258574,1,2,1,0,34.0,NF1
0,3.2702128548962426,0,3,1,1,23.0,BRCA1
1,3.2702128548962426,0,2,1,1,31.0,BRCA1
1,3.2702128548962426,0,3,1,1,27.0,BRCA1
0,3.2702128548962426,1,2,1,1,34.0,BRCA1
0,3.2702128548962426,0,3,1,1,23.0,BRCA1
1,3.2702128548962426,1,3,1,1,34.0,BRCA1
0,2.5943925503754266,0,3,1,1,33.0,TP53
1,2.5943925503754266,0,3,1,1,33.0,TP53
1,2.5943925503754266,0,3,1,1,33.0,TP53
1,2.5943925503754266,1,2,1,1,33.0,TP53
1,2.5943925503754266,1,2,1,1,33.0,TP53
1,2.5943925503754266,1,3,1,1,30.0,TP53
1,2.5943925503754266,1,2,1,1,34.0,TP53
1,2.5943925503754266,1,2,1,1,33.0,TP53
1,2.5943925503754266,1,2,1,1,33.0,TP53
1,2.5943925503754266,0,3,1,1,33.0,TP53
1,2.5943925503754266,0,3,1,1,33.0,TP53
1,2.5943925503754266,1,3,1,1,33.0,TP53
1,2.5943925503754266,0,3,1,1,33.0,TP53
1,2.5943925503754266,0,3,1,1,32.0,TP53
1,2.6364878963533656,1,2,1,1,33.0,STK11
1,2.6364878963533656,1,2,1,1,33.0,STK11
1,3.143014800254095,0,2,0,1,34.0,MET
0,2.1931245983544616,1,2,1,1,33.0,CDKN2A
1,3.04688519083771,0,2,0,1,34.0,RET
1,3.04688519083771,0,2,0,1,34.0,RET
0,3.4531653925258574,1,1,1,0,26.0,NF1
0,3.4531653925258574,1,2,1,0,34.0,NF1
1,2.5943925503754266,1,3,1,1,33.0,TP53
1,2.6364878963533656,1,2,1,1,33.0,STK11
0,3.485153349903652,1,2,1,0,34.0,ATM
1,2.6053050461411096,1,2,1,1,31.0,PTEN
1,2.6053050461411096,1,2,1,1,32.0,PTEN
0,2.6053050461411096,1,2,1,1,32.0,PTEN
1,2.6053050461411096,1,3,1,1,31.0,PTEN
1,2.6053050461411096,1,3,1,1,28.0,PTEN
1,2.6053050461411096,1,3,1,1,31.0,PTEN
1,2.6053050461411096,1,2,1,1,33.0,PTEN
1,2.6053050461411096,1,1,1,1,31.0,PTEN
1,2.6053050461411096,1,3,1,1,27.0,PTEN
1,2.6053050461411096,1,1,1,1,33.0,PTEN
1,2.6053050461411096,1,2,1,1,32.0,PTEN
1,2.6053050461411096,1,2,1,1,33.0,PTEN
1,2.6053050461411096,1,3,1,1,25.0,PTEN
1,2.6053050461411096,1,2,1,1,33.0,PTEN
1,2.6053050461411096,1,3,1,1,33.0,PTEN
1,2.6053050461411096,1,3,1,1,25.0,PTEN
1,2.6053050461411096,1,3,1,1,33.0,PTEN
1,2.6053050461411096,1,3,1,1,31.0,PTEN
1,2.3283796034387376,1,2,1,1,27.0,VHL
1,2.967547976218862,1,1,1,1,23.0,RB1
1,3.256958152560932,1,2,1,1,29.0,TSC2
1,3.04688519083771,1,1,0,1,30.0,RET
0,3.06595298031387,0,2,1,1,33.0,TSC1
1,3.06595298031387,0,2,1,1,34.0,TSC1
1,3.06595298031387,0,2,1,1,34.0,TSC1
1,3.256958152560932,0,2,1,1,34.0,TSC2
1,3.256958152560932,0,2,1,1,33.0,TSC2
1,3.256958152560932,0,2,1,1,34.0,TSC2
1,3.256958152560932,0,2,1,1,34.0,TSC2
1,3.256958152560932,0,2,1,1,34.0,TSC2
1,3.256958152560932,0,2,1,1,34.0,TSC2
1,3.256958152560932,0,2,1,1,34.0,TSC2
1,3.256958152560932,0,2,1,1,34.0,TSC2
1,2.832508912706236,1,2,1,1,32.0,TP63
1,2.832508912706236,1,1,1,1,22.0,TP63
1,2.6053050461411096,1,2,1,1,33.0,PTEN
0,3.4531653925258574,1,1,1,0,32.0,NF1
0,3.4531653925258574,1,2,1,0,34.0,NF1
0,3.4531653925258574,1,2,1,0,34.0,NF1
0,3.4531653925258574,1,2,1,0,33.0,NF1
0,3.4531653925258574,1,2,1,0,33.0,NF1
0,3.533772058384718,0,3,1,0,31.0,BRCA2
0,3.533772058384718,0,3,1,0,23.0,BRCA2
0,3.4537768596904423,1,2,1,0,33.0,APC
0,3.4537768596904423,1,2,1,0,34.0,APC
0,2.1931245983544616,1,2,1,1,33.0,CDKN2A
1,2.6053050461411096,1,3,1,1,28.0,PTEN
0,3.485153349903652,1,2,1,0,33.0,ATM
0,3.533772058384718,1,1,1,0,27.0,BRCA2
0,3.533772058384718,1,3,1,0,33.0,BRCA2
0,3.4531653925258574,1,2,1,0,34.0,NF1
0,3.4531653925258574,1,1,1,0,34.0,NF1
0,3.4531653925258574,1,2,1,0,34.0,NF1
0,3.4531653925258574,1,2,1,0,33.0,NF1
0,2.5943925503754266,0,3,1,1,33.0,TP53
1,2.5943925503754266,1,3,1,1,32.0,TP53
1,2.5943925503754266,0,3,1,1,34.0,TP53
1,2.5943925503754266,0,3,1,1,33.0,TP53
1,2.5943925503754266,1,2,1,1,33.0,TP53
1,2.5943925503754266,1,2,1,1,33.0,TP53
1,2.5943925503754266,1,2,1,1,33.0,TP53
1,2.5943925503754266,1,2,1,1,32.0,TP53
1,2.5943925503754266,0,3,1,1,33.0,TP53
0,3.2095150145426308,1,0,0,1,23.0,ALK
0,3.2095150145426308,1,0,0,1,23.0,ALK
0,3.2095150145426308,1,0,0,1,23.0,ALK
0,3.2095150145426308,1,0,0,1,23.0,ALK
0,3.2095150145426308,1,0,0,1,23.0,ALK
0,3.2095150145426308,1,0,0,1,23.0,ALK
0,3.2095150145426308,1,0,0,1,23.0,ALK
1,2.3283796034387376,1,2,1,1,32.0,VHL
1,2.3283796034387376,1,0,1,1,23.0,VHL
1,2.3283796034387376,1,0,1,1,23.0,VHL
0,3.4537768596904423,0,3,1,0,31.0,APC
0,2.1931245983544616,1,2,1,1,33.0,CDKN2A
1,3.04688519083771,0,2,0,1,34.0,RET
1,2.6053050461411096,1,3,1,1,31.0,PTEN
0,3.2702128548962426,1,2,1,1,32.0,BRCA1
1,2.5943925503754266,1,2,1,1,32.0,TP53
1,2.5943925503754266,1,3,1,1,34.0,TP53
1,2.6364878963533656,1,2,1,1,27.0,STK11
0,2.884228769632604,1,2,0,1,32.0,BRAF
0,2.6522463410033232,1,2,1,1,30.0,WT1
0,2.884228769632604,1,1,0,1,24.0,BRAF
1,2.6053050461411096,1,3,1,1,31.0,PTEN
1,2.3283796034387376,1,0,1,1,24.0,VHL
1,2.3283796034387376,1,2,1,1,28.0,VHL
1,2.3283796034387376,1,1,1,1,32.0,VHL
1,2.3283796034387376,1,2,1,1,30.0,VHL
1,2.3283796034387376,1,1,1,1,26.0,VHL
1,2.3283796034387376,1,2,1,1,32.0,VHL
1,2.3283796034387376,1,3,1,1,33.0,VHL
1,2.3283796034387376,1,1,1,1,28.0,VHL
1,2.3283796034387376,1,2,1,1,33.0,VHL
1,2.3283796034387376,1,0,1,1,24.0,VHL
1,2.3283796034387376,1,2,1,1,33.0,VHL
1,2.3283796034387376,1,2,1,1,30.0,VHL
1,2.3283796034387376,1,2,1,1,30.0,VHL
1,2.3283796034387376,1,2,1,1,31.0,VHL
1,2.3283796034387376,1,2,1,1,33.0,VHL
0,2.3283796034387376,1,2,1,1,33.0,VHL
1,2.3283796034387376,1,2,1,1,29.0,VHL
0,2.3283796034387376,1,2,1,1,29.0,VHL
0,2.3283796034387376,1,1,1,1,32.0,VHL
0,2.3283796034387376,1,0,1,1,32.0,VHL
0,2.3283796034387376,1,1,1,1,25.0,VHL
0,2.3283796034387376,1,1,1,1,29.0,VHL
0,2.3283796034387376,1,0,1,1,24.0,VHL
0,2.3283796034387376,1,2,1,1,33.0,VHL
1,2.3283796034387376,1,2,1,1,32.0,VHL
1,2.3283796034387376,1,2,1,1,31.0,VHL
1,2.3283796034387376,1,2,1,1,33.0,VHL
1,2.3283796034387376,1,2,1,1,33.0,VHL
1,3.2702128548962426,0,3,1,1,33.0,BRCA1
1,3.2702128548962426,1,2,1,1,29.0,BRCA1
1,2.6053050461411096,1,3,1,1,33.0,PTEN
1,2.6053050461411096,1,2,1,1,30.0,PTEN
1,3.2702128548962426,1,3,1,1,34.0,BRCA1
1,2.6053050461411096,1,3,1,1,28.0,PTEN
1,2.6053050461411096,1,2,1,1,30.0,PTEN
1,2.6053050461411096,1,1,1,1,29.0,PTEN
1,2.5943925503754266,1,3,1,1,32.0,TP53
0,2.3283796034387376,1,1,1,1,34.0,VHL
0,3.4537768596904423,1,3,1,0,31.0,APC
0,2.1931245983544616,1,2,1,1,34.0,CDKN2A
0,2.1931245983544616,1,2,1,1,33.0,CDKN2A
0,2.1931245983544616,1,2,1,1,33.0,CDKN2A
0,2.1931245983544616,1,2,1,1,33.0,CDKN2A
1,2.6053050461411096,1,3,1,1,31.0,PTEN
1,2.6053050461411096,1,3,1,1,32.0,PTEN
1,2.6053050461411096,1,1,1,1,33.0,PTEN
1,2.6053050461411096,1,2,1,1,33.0,PTEN
1,2.6053050461411096,1,2,1,1,32.0,PTEN
1,2.6053050461411096,1,2,1,1,33.0,PTEN
1,2.6053050461411096,1,2,1,1,33.0,PTEN
0,3.485153349903652,1,3,1,0,32.0,ATM
0,3.485153349903652,0,1,1,0,32.0,ATM
0,3.485153349903652,1,2,1,0,33.0,ATM
0,3.485153349903652,1,2,1,0,33.0,ATM
0,3.485153349903652,1,2,1,0,33.0,ATM
0,3.485153349903652,1,2,1,0,33.0,ATM
0,3.485153349903652,1,2,1,0,34.0,ATM
0,3.485153349903652,1,3,1,0,33.0,ATM
0,3.533772058384718,0,1,1,0,23.0,BRCA2
0,3.533772058384718,1,3,1,0,33.0,BRCA2
0,3.533772058384718,1,2,1,0,33.0,BRCA2
0,3.533772058384718,1,2,1,0,33.0,BRCA2
0,3.533772058384718,0,1,1,0,33.0,BRCA2
0,3.533772058384718,0,1,1,0,30.0,BRCA2
0,3.533772058384718,0,1,1,0,33.0,BRCA2
0,3.533772058384718,0,1,1,0,30.0,BRCA2
0,3.533772058384718,0,1,1,0,33.0,BRCA2
0,3.533772058384718,0,1,1,0,33.0,BRCA2
0,3.533772058384718,0,1,1,0,33.0,BRCA2
0,3.4531653925258574,0,2,1,0,34.0,NF1
0,3.4531653925258574,1,2,1,0,33.0,NF1
0,3.4531653925258574,1,2,1,0,34.0,NF1
1,3.2702128548962426,0,1,1,1,31.0,BRCA1
1,3.2702128548962426,1,3,1,1,33.0,BRCA1
1,3.2702128548962426,1,3,1,1,33.0,BRCA1
1,3.2702128548962426,1,3,1,1,34.0,BRCA1
0,3.2702128548962426,0,3,1,1,27.0,BRCA1
0,3.2702128548962426,0,3,1,1,27.0,BRCA1
0,3.2702128548962426,0,2,1,1,31.0,BRCA1
1,3.2702128548962426,1,3,1,1,33.0,BRCA1
1,3.2702128548962426,1,3,1,1,33.0,BRCA1
1,2.5943925503754266,0,3,1,1,32.0,TP53
1,2.5943925503754266,0,3,1,1,32.0,TP53
1,2.5943925503754266,0,3,1,1,32.0,TP53
1,2.5943925503754266,0,3,1,1,32.0,TP53
1,2.5943925503754266,0,3,1,1,33.0,TP53
1,2.5943925503754266,0,3,1,1,33.0,TP53
1,2.5943925503754266,1,2,1,1,33.0,TP53
1,2.5943925503754266,1,2,1,1,33.0,TP53
1,2.5943925503754266,0,3,1,1,33.0,TP53
1,2.5943925503754266,1,3,1,1,32.0,TP53
1,2.5943925503754266,1,2,1,1,32.0,TP53
1,2.5943925503754266,1,2,1,1,33.0,TP53
1,2.5943925503754266,1,2,1,1,33.0,TP53
1,2.5943925503754266,0,2,1,1,33.0,TP53
1,2.5943925503754266,0,3,1,1,33.0,TP53
1,2.5943925503754266,1,2,1,1,32.0,TP53
1,2.5943925503754266,1,3,1,1,33.0,TP53
1,2.5943925503754266,0,3,1,1,33.0,TP53
1,2.5943925503754266,0,1,1,1,29.0,TP53
0,2.5943925503754266,0,3,1,1,29.0,TP53
1,2.5943925503754266,0,1,1,1,23.0,TP53
0,3.2095150145426308,0,2,0,1,34.0,ALK
0,3.2095150145426308,0,2,0,1,34.0,ALK
1,2.9894498176666917,0,2,0,1,34.0,KIT
1,2.9894498176666917,0,2,0,1,34.0,KIT
0,3.4537768596904423,0,1,1,0,30.0,APC
1,3.06595298031387,0,2,1,1,33.0,TSC1
1,3.06595298031387,0,2,1,1,33.0,TSC1
0,2.1931245983544616,1,2,1,1,33.0,CDKN2A
0,2.1931245983544616,1,2,1,1,33.0,CDKN2A
1,3.04688519083771,0,2,0,1,34.0,RET
1,3.04688519083771,0,2,0,1,34.0,RET
1,3.04688519083771,0,2,0,1,34.0,RET
0,3.485153349903652,1,2,1,0,34.0,ATM
0,2.6522463410033232,0,2,1,1,34.0,WT1
1,2.2764618041732443,0,1,0,1,33.0,HRAS
0,2.967547976218862,0,2,1,1,34.0,RB1
1,2.967547976218862,0,2,1,1,34.0,RB1
1,2.967547976218862,0,2,1,1,34.0,RB1
1,2.967547976218862,0,2,1,1,33.0,RB1
1,3.256958152560932,0,2,1,1,34.0,TSC2
1,3.256958152560932,1,1,1,1,30.0,TSC2
1,3.256958152560932,0,2,1,1,34.0,TSC2
0,3.256958152560932,0,2,1,1,34.0,TSC2
1,3.256958152560932,0,2,1,1,34.0,TSC2
0,3.4531653925258574,1,2,1,0,33.0,NF1
0,3.4531653925258574,1,2,1,0,32.0,NF1
0,3.4531653925258574,1,2,1,0,33.0,NF1
0,3.4531653925258574,1,1,1,0,31.0,NF1
0,3.4531653925258574,1,1,1,0,33.0,NF1
0,3.4531653925258574,1,2,1,0,33.0,NF1
0,3.4531653925258574,1,2,1,0,33.0,NF1
1,3.2702128548962426,1,2,1,1,32.0,BRCA1
1,3.2702128548962426,0,3,1,1,27.0,BRCA1
1,2.5943925503754266,1,3,1,1,33.0,TP53
1,2.5943925503754266,1,2,1,1,32.0,TP53
0,2.5943925503754266,0,3,1,1,33.0,TP53
0,3.4537768596904423,1,2,1,0,32.0,APC
0,3.4537768596904423,0,2,1,0,34.0,APC
0,3.4537768596904423,0,2,1,0,34.0,APC
0,3.2702128548962426,1,3,1,1,27.0,BRCA1
1,3.2702128548962426,1,3,1,1,33.0,BRCA1
0,2.5943925503754266,0,3,1,1,33.0,TP53
1,2.5943925503754266,1,2,1,1,32.0,TP53
1,2.5943925503754266,1,3,1,1,32.0,TP53
1,2.5943925503754266,1,3,1,1,33.0,TP53
1,2.5943925503754266,1,3,1,1,33.0,TP53
0,3.533772058384718,1,3,1,0,32.0,BRCA2
1,3.2702128548962426,1,2,1,1,32.0,BRCA1
1,3.2702128548962426,1,0,1,1,18.0,BRCA1
1,3.0827853703164503,1,0,0,1,24.0,EGFR
1,2.6364878963533656,1,1,1,1,24.0,STK11
1,3.2702128548962426,1,1,1,1,23.0,BRCA1
1,2.6364878963533656,1,2,1,1,33.0,STK11
0,3.4531653925258574,0,1,1,0,32.0,NF1
1,2.832508912706236,1,2,1,1,33.0,TP63
1,2.5943925503754266,1,2,1,1,34.0,TP53
0,3.2702128548962426,1,3,1,1,24.0,BRCA1
0,3.533772058384718,0,1,1,0,31.0,BRCA2
0,3.2702128548962426,1,2,1,1,33.0,BRCA1
0,3.2702128548962426,1,2,1,1,33.0,BRCA1
0,3.2702128548962426,1,2,1,1,33.0,BRCA1
1,3.2702128548962426,1,1,1,1,23.0,BRCA1
1,3.2702128548962426,1,2,1,1,27.0,BRCA1
1,2.832508912706236,1,2,1,1,33.0,TP63
0,2.884228769632604,1,1,0,1,24.0,BRAF
0,2.884228769632604,1,1,0,1,33.0,BRAF
0,2.884228769632604,1,3,0,1,28.0,BRAF
1,2.6053050461411096,1,3,1,1,33.0,PTEN
0,2.6053050461411096,1,3,1,1,31.0,PTEN
0,3.256958152560932,1,1,1,1,29.0,TSC2
0,3.4531653925258574,1,2,1,0,33.0,NF1
1,2.832508912706236,0,2,1,1,34.0,TP63
0,3.2095150145426308,0,2,0,1,34.0,ALK
0,3.2095150145426308,0,2,0,1,33.0,ALK
0,3.4537768596904423,0,2,1,0,34.0,APC
0,3.0827853703164503,0,2,0,1,33.0,EGFR
0,2.967547976218862,0,2,1,1,33.0,RB1
1,3.256958152560932,0,2,1,1,33.0,TSC2
0,3.4531653925258574,1,2,1,0,33.0,NF1
1,3.256958152560932,0,2,1,1,33.0,TSC2
1,2.6665179805548807,1,1,0,1,24.0,MYCN
1,2.832508912706236,1,1,1,1,24.0,TP63
1,2.832508912706236,1,1,1,1,24.0,TP63
1,2.832508912706236,1,2,1,1,33.0,TP63
1,2.832508912706236,1,2,1,1,33.0,TP63
0,2.884228769632604,1,1,0,1,23.0,BRAF
0,2.884228769632604,1,1,0,1,32.0,BRAF
1,2.6053050461411096,1,3,1,1,31.0,PTEN
1,2.6053050461411096,1,3,1,1,27.0,PTEN
1,2.5943925503754266,1,2,1,1,33.0,TP53
0,3.2702128548962426,1,3,1,1,33.0,BRCA1
0,3.2095150145426308,1,1,0,1,31.0,ALK
1,2.9894498176666917,1,2,0,1,33.0,KIT
1,2.9894498176666917,1,1,0,1,32.0,KIT
1,2.9894498176666917,1,2,0,1,33.0,KIT
1,2.9894498176666917,1,1,0,1,33.0,KIT
1,2.9894498176666917,1,2,0,1,33.0,KIT
1,2.9894498176666917,1,0,0,1,26.0,KIT
1,2.9894498176666917,1,2,0,1,34.0,KIT
1,2.9894498176666917,1,1,0,1,33.0,KIT
0,2.884228769632604,1,0,0,1,32.0,BRAF
0,2.884228769632604,1,3,0,1,28.0,BRAF
1,2.6053050461411096,1,3,1,1,27.0,PTEN
1,2.6053050461411096,1,3,1,1,33.0,PTEN
1,2.2764618041732443,1,1,0,1,30.0,HRAS
1,2.5943925503754266,1,2,1,1,32.0,TP53
1,2.5943925503754266,1,2,1,1,33.0,TP53
1,2.6053050461411096,1,2,1,1,33.0,PTEN
1,3.143014800254095,1,1,0,1,32.0,MET
0,3.2095150145426308,1,0,0,1,32.0,ALK
0,3.098643725817057,1,0,0,1,32.0,ERBB2
0,3.098643725817057,1,1,0,1,28.0,ERBB2
1,2.2764618041732443,1,1,0,1,25.0,HRAS
1,2.2764618041732443,1,1,0,1,30.0,HRAS
1,2.6053050461411096,1,2,1,1,33.0,PTEN
1,2.5943925503754266,1,2,1,1,33.0,TP53
1,2.5943925503754266,1,2,1,1,33.0,TP53
1,2.5943925503754266,1,3,1,1,32.0,TP53
1,2.5943925503754266,1,2,1,1,33.0,TP53
1,2.5943925503754266,1,2,1,1,33.0,TP53
1,2.5943925503754266,1,2,1,1,33.0,TP53
1,2.5943925503754266,1,2,1,1,33.0,TP53
1,2.5943925503754266,1,2,1,1,32.0,TP53
1,2.5943925503754266,1,2,1,1,33.0,TP53
1,2.5943925503754266,1,1,1,1,31.0,TP53
1,2.5943925503754266,1,2,1,1,34.0,TP53
1,2.5943925503754266,1,2,1,1,33.0,TP53
1,2.5943925503754266,1,2,1,1,33.0,TP53
1,2.5943925503754266,1,2,1,1,33.0,TP53
1,2.5943925503754266,1,2,1,1,32.0,TP53
1,2.5943925503754266,1,2,1,1,33.0,TP53
1,2.5943925503754266,1,1,1,1,32.0,TP53
1,2.5943925503754266,1,2,1,1,33.0,TP53
1,2.5943925503754266,1,1,1,1,31.0,TP53
1,2.5943925503754266,1,2,1,1,33.0,TP53
1,2.5943925503754266,1,1,1,1,32.0,TP53
1,2.5943925503754266,1,2,1,1,33.0,TP53
1,2.5943925503754266,1,2,1,1,32.0,TP53
1,2.5943925503754266,1,2,1,1,33.0,TP53
1,2.5943925503754266,1,2,1,1,33.0,TP53
1,2.5943925503754266,1,2,1,1,33.0,TP53
1,2.5943925503754266,1,3,1,1,32.0,TP53
1,2.5943925503754266,1,2,1,1,32.0,TP53
1,2.5943925503754266,1,3,1,1,32.0,TP53
1,2.5943925503754266,1,3,1,1,33.0,TP53
1,2.5943925503754266,1,3,1,1,32.0,TP53
1,2.5943925503754266,1,2,1,1,33.0,TP53
1,2.5943925503754266,1,3,1,1,33.0,TP53
1,2.5943925503754266,1,3,1,1,34.0,TP53
1,2.5943925503754266,1,3,1,1,33.0,TP53
1,2.5943925503754266,1,3,1,1,34.0,TP53
1,2.5943925503754266,1,2,1,1,33.0,TP53
1,2.5943925503754266,1,2,1,1,33.0,TP53
1,2.5943925503754266,1,2,1,1,33.0,TP53
1,2.5943925503754266,1,2,1,1,33.0,TP53
1,2.5943925503754266,1,2,1,1,33.0,TP53
1,2.5943925503754266,1,2,1,1,33.0,TP53
1,2.5943925503754266,1,3,1,1,32.0,TP53
1,2.5943925503754266,1,2,1,1,34.0,TP53
1,2.5943925503754266,1,2,1,1,33.0,TP53
1,2.5943925503754266,1,2,1,1,33.0,TP53
1,2.5943925503754266,1,2,1,1,33.0,TP53
1,2.5943925503754266,1,2,1,1,33.0,TP53
1,2.5943925503754266,1,2,1,1,33.0,TP53
1,2.5943925503754266,1,2,1,1,33.0,TP53
1,2.5943925503754266,1,2,1,1,33.0,TP53
1,2.5943925503754266,1,3,1,1,33.0,TP53
1,2.5943925503754266,1,2,1,1,33.0,TP53
1,2.5943925503754266,1,2,1,1,33.0,TP53
1,2.5943925503754266,1,2,1,1,33.0,TP53
1,2.5943925503754266,1,2,1,1,33.0,TP53
1,2.5943925503754266,1,2,1,1,33.0,TP53
1,2.5943925503754266,1,2,1,1,32.0,TP53
1,2.5943925503754266,1,2,1,1,33.0,TP53
1,2.6364878963533656,1,1,1,1,33.0,STK11
1,2.6665179805548807,0,1,0,1,23.0,MYCN
0,2.832508912706236,1,2,1,1,34.0,TP63
1,2.832508912706236,1,2,1,1,27.0,TP63
1,2.832508912706236,1,1,1,1,23.0,TP63
1,2.832508912706236,1,1,1,1,33.0,TP63
1,3.06595298031387,0,2,1,1,33.0,TSC1
1,3.06595298031387,0,2,1,1,34.0,TSC1
0,3.533772058384718,0,1,1,0,24.0,BRCA2
1,3.256958152560932,1,1,1,1,24.0,TSC2
1,2.2764618041732443,1,2,0,1,33.0,HRAS
1,3.256958152560932,0,2,1,1,34.0,TSC2
1,3.256958152560932,0,2,1,1,34.0,TSC2
0,3.533772058384718,0,2,1,0,33.0,BRCA2
0,3.533772058384718,1,1,1,0,25.0,BRCA2
0,3.4531653925258574,1,1,1,0,23.0,NF1
0,3.256958152560932,1,2,1,1,32.0,TSC2
1,3.256958152560932,0,2,1,1,33.0,TSC2
0,3.4531653925258574,1,2,1,0,33.0,NF1
1,2.9894498176666917,1,1,0,1,32.0,KIT
0,3.2095150145426308,0,2,0,1,34.0,ALK
0,3.2095150145426308,0,2,0,1,34.0,ALK
1,2.3283796034387376,1,2,1,1,33.0,VHL
0,3.4537768596904423,1,2,1,0,34.0,APC
0,3.4537768596904423,0,3,1,0,31.0,APC
0,3.4537768596904423,0,3,1,0,31.0,APC
0,2.884228769632604,0,3,0,1,25.0,BRAF
1,3.06595298031387,0,2,1,1,34.0,TSC1
1,3.06595298031387,0,2,1,1,34.0,TSC1
1,3.06595298031387,0,2,1,1,33.0,TSC1
1,3.06595298031387,0,2,1,1,34.0,TSC1
1,3.06595298031387,1,2,1,1,33.0,TSC1
1,3.06595298031387,0,2,1,1,34.0,TSC1
0,2.1931245983544616,1,2,1,1,34.0,CDKN2A
1,2.6053050461411096,1,2,1,1,32.0,PTEN
1,2.6053050461411096,1,3,1,1,32.0,PTEN
0,2.6053050461411096,1,3,1,1,31.0,PTEN
1,2.6053050461411096,1,3,1,1,27.0,PTEN
0,3.485153349903652,1,3,1,0,33.0,ATM
0,3.485153349903652,1,2,1,0,33.0,ATM
0,3.533772058384718,0,2,1,0,32.0,BRCA2
0,3.533772058384718,1,3,1,0,33.0,BRCA2
1,2.967547976218862,0,2,1,1,34.0,RB1
0,2.967547976218862,0,2,1,1,34.0,RB1
0,2.967547976218862,1,2,1,1,33.0,RB1
0,3.533772058384718,0,3,1,0,33.0,BRCA2
0,3.533772058384718,1,2,1,0,33.0,BRCA2
1,3.256958152560932,0,1,1,1,30.0,TSC2
1,3.256958152560932,0,2,1,1,33.0,TSC2
1,3.256958152560932,0,2,1,1,34.0,TSC2
0,3.256958152560932,0,2,1,1,33.0,TSC2
1,3.256958152560932,0,1,1,1,32.0,TSC2
0,3.256958152560932,0,2,1,1,34.0,TSC2
0,3.256958152560932,0,2,1,1,33.0,TSC2
1,3.256958152560932,1,1,1,1,28.0,TSC2
1,3.256958152560932,0,2,1,1,33.0,TSC2
0,3.4531653925258574,1,2,1,0,34.0,NF1
0,3.256958152560932,0,2,1,1,34.0,TSC2
1,3.256958152560932,0,2,1,1,33.0,TSC2
0,3.4531653925258574,1,2,1,0,33.0,NF1
0,3.4531653925258574,1,2,1,0,33.0,NF1
0,3.4531653925258574,1,2,1,0,33.0,NF1
0,3.4531653925258574,1,2,1,0,32.0,NF1
0,3.4531653925258574,1,2,1,0,33.0,NF1
0,3.4531653925258574,1,2,1,0,32.0,NF1
0,3.4531653925258574,1,1,1,0,28.0,NF1
0,3.4531653925258574,1,2,1,0,34.0,NF1
0,3.4531653925258574,1,2,1,0,34.0,NF1
0,3.4531653925258574,1,2,1,0,33.0,NF1
1,2.5943925503754266,0,3,1,1,33.0,TP53
1,2.5943925503754266,0,3,1,1,33.0,TP53
1,2.5943925503754266,1,2,1,1,33.0,TP53
1,2.5943925503754266,1,3,1,1,33.0,TP53
1,3.2702128548962426,1,3,1,1,33.0,BRCA1
1,2.5943925503754266,1,2,1,1,31.0,TP53
1,3.2702128548962426,1,1,1,1,32.0,BRCA1
0,2.5943925503754266,0,3,1,1,33.0,TP53
1,2.5943925503754266,0,3,1,1,33.0,TP53
0,3.533772058384718,0,1,1,0,31.0,BRCA2
1,3.2702128548962426,1,3,1,1,26.0,BRCA1
0,2.3283796034387376,0,3,1,1,32.0,VHL
1,2.3283796034387376,1,2,1,1,32.0,VHL
0,2.3283796034387376,1,2,1,1,33.0,VHL
1,2.3283796034387376,1,2,1,1,32.0,VHL
1,2.832508912706236,1,1,1,1,28.0,TP63
1,2.832508912706236,1,1,1,1,29.0,TP63
0,3.4537768596904423,0,2,1,0,33.0,APC
1,3.06595298031387,1,1,1,1,34.0,TSC1
0,2.1931245983544616,1,2,1,1,33.0,CDKN2A
0,2.1931245983544616,1,2,1,1,33.0,CDKN2A
1,2.6053050461411096,1,2,1,1,33.0,PTEN
1,2.6053050461411096,1,2,1,1,33.0,PTEN
1,2.6053050461411096,1,1,1,1,27.0,PTEN
1,2.6053050461411096,1,2,1,1,32.0,PTEN
1,2.6053050461411096,1,3,1,1,32.0,PTEN
0,3.485153349903652,1,2,1,0,31.0,ATM
0,2.6522463410033232,1,2,1,1,32.0,WT1
0,3.533772058384718,1,3,1,0,33.0,BRCA2
0,3.533772058384718,1,3,1,0,33.0,BRCA2
0,3.256958152560932,1,1,1,1,25.0,TSC2
1,3.256958152560932,1,2,1,1,31.0,TSC2
0,3.4531653925258574,1,2,1,0,33.0,NF1
0,3.4531653925258574,1,2,1,0,33.0,NF1
1,3.2702128548962426,1,3,1,1,33.0,BRCA1
1,2.5943925503754266,1,2,1,1,33.0,TP53
1,2.5943925503754266,1,2,1,1,33.0,TP53
1,2.5943925503754266,1,3,1,1,30.0,TP53
1,2.5943925503754266,0,3,1,1,33.0,TP53
1,2.6364878963533656,1,1,1,1,24.0,STK11
0,3.4531653925258574,1,2,1,0,33.0,NF1
0,3.4531653925258574,1,2,1,0,33.0,NF1
1,2.6053050461411096,1,1,1,1,25.0,PTEN
1,2.6053050461411096,1,2,1,1,33.0,PTEN
1,2.6053050461411096,1,2,1,1,30.0,PTEN
1,2.6053050461411096,1,2,1,1,32.0,PTEN
1,2.6053050461411096,1,1,1,1,25.0,PTEN
1,2.6053050461411096,1,2,1,1,31.0,PTEN
0,3.4537768596904423,1,3,1,0,33.0,APC
0,3.4537768596904423,1,2,1,0,32.0,APC
0,3.4537768596904423,1,2,1,0,33.0,APC
0,3.4537768596904423,0,1,1,0,24.0,APC
0,3.4537768596904423,1,3,1,0,33.0,APC
1,2.6053050461411096,1,3,1,1,31.0,PTEN
1,2.6053050461411096,1,3,1,1,31.0,PTEN
1,2.6053050461411096,1,2,1,1,31.0,PTEN
1,2.6053050461411096,1,2,1,1,32.0,PTEN
1,2.6053050461411096,1,2,1,1,33.0,PTEN
1,2.6053050461411096,1,3,1,1,33.0,PTEN
1,2.6053050461411096,1,3,1,1,27.0,PTEN
1,2.6053050461411096,1,2,1,1,32.0,PTEN
1,2.6053050461411096,1,2,1,1,32.0,PTEN
1,2.6053050461411096,1,2,1,1,33.0,PTEN
1,2.6053050461411096,1,2,1,1,32.0,PTEN
1,2.6053050461411096,1,2,1,1,32.0,PTEN
1,2.6053050461411096,1,3,1,1,34.0,PTEN
1,2.6053050461411096,1,1,1,1,23.0,PTEN
1,2.6053050461411096,1,1,1,1,33.0,PTEN
1,2.6053050461411096,1,2,1,1,29.0,PTEN
1,2.6053050461411096,1,1,1,1,24.0,PTEN
1,2.6053050461411096,1,3,1,1,28.0,PTEN
1,2.3283796034387376,1,2,1,1,34.0,VHL
0,2.3283796034387376,1,2,1,1,32.0,VHL
0,2.3283796034387376,1,2,1,1,31.0,VHL
0,2.3283796034387376,1,1,1,1,23.0,VHL
0,2.3283796034387376,1,2,1,1,29.0,VHL
1,2.3283796034387376,1,2,1,1,34.0,VHL
1,2.3283796034387376,1,2,1,1,32.0,VHL
0,2.967547976218862,1,2,1,1,32.0,RB1
0,2.967547976218862,1,2,1,1,33.0,RB1
1,2.967547976218862,1,2,1,1,32.0,RB1
1,2.967547976218862,0,2,1,1,34.0,RB1
1,2.967547976218862,1,2,1,1,32.0,RB1
1,2.967547976218862,1,1,1,1,21.0,RB1
1,2.5943925503754266,1,2,1,1,30.0,TP53
1,2.5943925503754266,0,1,1,1,33.0,TP53
1,2.5943925503754266,0,3,1,1,32.0,TP53
1,2.5943925503754266,1,2,1,1,33.0,TP53
1,2.5943925503754266,1,2,1,1,32.0,TP53
1,2.5943925503754266,1,2,1,1,30.0,TP53
1,2.5943925503754266,1,2,1,1,33.0,TP53
1,2.6364878963533656,1,1,1,1,31.0,STK11
1,2.6364878963533656,1,2,1,1,32.0,STK11
0,3.4531653925258574,1,2,1,0,33.0,NF1
0,3.4531653925258574,1,2,1,0,33.0,NF1
0,3.4531653925258574,1,2,1,0,33.0,NF1
0,3.4531653925258574,1,2,1,0,33.0,NF1
0,3.4531653925258574,1,2,1,0,31.0,NF1
0,3.4531653925258574,1,2,1,0,32.0,NF1
0,3.4531653925258574,1,2,1,0,33.0,NF1
0,3.4531653925258574,1,1,1,0,33.0,NF1
0,2.1931245983544616,1,2,1,1,33.0,CDKN2A
0,2.1931245983544616,1,2,1,1,33.0,CDKN2A
1,2.832508912706236,1,1,1,1,25.0,TP63
0,2.1931245983544616,1,2,1,1,33.0,CDKN2A
0,3.485153349903652,1,2,1,0,33.0,ATM
0,3.4531653925258574,1,1,1,0,25.0,NF1
0,3.098643725817057,1,0,0,1,23.0,ERBB2
0,3.533772058384718,0,1,1,0,31.0,BRCA2
1,3.2702128548962426,0,1,1,1,25.0,BRCA1
0,3.533772058384718,1,2,1,0,30.0,BRCA2
0,3.533772058384718,1,0,1,0,22.0,BRCA2
0,3.2702128548962426,0,1,1,1,31.0,BRCA1
0,3.4531653925258574,1,2,1,0,33.0,NF1
0,3.4531653925258574,0,1,1,0,30.0,NF1
0,3.4531653925258574,1,0,1,0,25.0,NF1
0,3.4531653925258574,1,2,1,0,33.0,NF1
0,3.4531653925258574,1,2,1,0,30.0,NF1
0,3.4531653925258574,1,1,1,0,30.0,NF1
0,3.4531653925258574,1,1,1,0,30.0,NF1
0,3.4531653925258574,1,2,1,0,33.0,NF1
0,3.4531653925258574,1,2,1,0,33.0,NF1
0,3.4531653925258574,1,2,1,0,31.0,NF1
0,3.4531653925258574,1,0,1,0,25.0,NF1
0,3.4531653925258574,1,1,1,0,33.0,NF1
0,3.4531653925258574,1,2,1,0,30.0,NF1
0,3.4531653925258574,1,2,1,0,33.0,NF1
0,3.4531653925258574,1,1,1,0,33.0,NF1
0,3.4531653925258574,1,2,1,0,32.0,NF1
0,3.4531653925258574,1,2,1,0,33.0,NF1
1,2.6053050461411096,1,1,1,1,25.0,PTEN
1,2.6053050461411096,1,1,1,1,23.0,PTEN
0,3.4531653925258574,1,2,1,0,33.0,NF1
0,3.4531653925258574,1,2,1,0,33.0,NF1
0,3.4531653925258574,1,2,1,0,32.0,NF1
0,3.4531653925258574,1,1,1,0,25.0,NF1
0,3.4537768596904423,0,0,1,0,32.0,APC
0,3.4537768596904423,0,1,1,0,30.0,APC
0,3.533772058384718,0,1,1,0,31.0,BRCA2
0,3.533772058384718,0,1,1,0,31.0,BRCA2
0,3.533772058384718,0,1,1,0,32.0,BRCA2
0,3.533772058384718,0,1,1,0,31.0,BRCA2
0,3.533772058384718,0,1,1,0,31.0,BRCA2
0,3.533772058384718,1,2,1,0,33.0,BRCA2
0,3.533772058384718,0,1,1,0,26.0,BRCA2
0,3.2702128548962426,1,2,1,1,34.0,BRCA1
0,3.2702128548962426,1,1,1,1,28.0,BRCA1
1,3.2702128548962426,1,2,1,1,33.0,BRCA1
0,3.2702128548962426,0,1,1,1,31.0,BRCA1
1,3.2702128548962426,0,1,1,1,31.0,BRCA1
0,3.533772058384718,0,2,1,0,34.0,BRCA2
0,3.533772058384718,0,2,1,0,34.0,BRCA2
0,2.6522463410033232,1,1,1,1,33.0,WT1
0,3.533772058384718,1,3,1,0,33.0,BRCA2
1,2.6053050461411096,1,1,1,1,31.0,PTEN
0,3.533772058384718,1,3,1,0,33.0,BRCA2
1,3.2702128548962426,1,3,1,1,33.0,BRCA1
1,2.6053050461411096,1,2,1,1,31.0,PTEN
0,3.4531653925258574,1,2,1,0,33.0,NF1
0,3.485153349903652,1,1,1,0,33.0,ATM
0,3.533772058384718,1,1,1,0,31.0,BRCA2
0,3.533772058384718,0,2,1,0,33.0,BRCA2
0,3.533772058384718,0,1,1,0,33.0,BRCA2
0,3.533772058384718,0,1,1,0,33.0,BRCA2
0,3.2702128548962426,0,1,1,1,29.0,BRCA1
0,3.2702128548962426,0,1,1,1,29.0,BRCA1
1,3.143014800254095,1,0,0,1,32.0,MET
1,3.256958152560932,1,1,1,1,31.0,TSC2
1,3.256958152560932,1,1,1,1,25.0,TSC2
1,2.884228769632604,0,3,0,1,25.0,BRAF
1,2.6053050461411096,1,3,1,1,32.0,PTEN
0,3.485153349903652,1,2,1,0,32.0,ATM
0,2.6522463410033232,1,1,1,1,25.0,WT1
0,3.4531653925258574,1,2,1,0,33.0,NF1
0,3.4531653925258574,1,2,1,0,33.0,NF1
0,3.4531653925258574,1,2,1,0,32.0,NF1
1,2.5943925503754266,1,1,1,1,26.0,TP53
1,2.3283796034387376,1,2,1,1,32.0,VHL
1,2.3283796034387376,1,2,1,1,33.0,VHL
1,2.832508912706236,1,2,1,1,27.0,TP63
1,2.9894498176666917,0,2,0,1,34.0,KIT
0,3.4537768596904423,1,3,1,0,31.0,APC
1,3.143014800254095,0,2,0,1,33.0,MET
1,3.06595298031387,0,2,1,1,33.0,TSC1
1,3.06595298031387,0,2,1,1,34.0,TSC1
1,3.06595298031387,0,2,1,1,34.0,TSC1
1,2.6053050461411096,1,3,1,1,32.0,PTEN
1,2.6053050461411096,1,2,1,1,32.0,PTEN
1,2.6053050461411096,1,2,1,1,31.0,PTEN
0,3.485153349903652,1,3,1,0,33.0,ATM
1,2.6053050461411096,1,1,1,1,32.0,PTEN
0,2.6522463410033232,1,1,1,1,31.0,WT1
0,3.533772058384718,1,2,1,0,32.0,BRCA2
1,2.967547976218862,1,1,1,1,25.0,RB1
0,2.967547976218862,0,2,1,1,34.0,RB1
0,3.533772058384718,0,2,1,0,33.0,BRCA2
1,2.967547976218862,0,2,1,1,33.0,RB1
1,2.967547976218862,0,2,1,1,33.0,RB1
0,2.967547976218862,0,2,1,1,34.0,RB1
1,2.967547976218862,0,2,1,1,34.0,RB1
0,3.256958152560932,0,2,1,1,33.0,TSC2
1,3.256958152560932,0,2,1,1,33.0,TSC2
1,3.256958152560932,0,1,1,1,30.0,TSC2
1,3.256958152560932,1,1,1,1,29.0,TSC2
1,3.256958152560932,1,1,1,1,33.0,TSC2
0,3.4531653925258574,1,2,1,0,33.0,NF1
0,3.4531653925258574,1,2,1,0,33.0,NF1
0,3.4531653925258574,1,2,1,0,33.0,NF1
0,3.4531653925258574,1,2,1,0,33.0,NF1
0,3.4531653925258574,1,1,1,0,28.0,NF1
0,3.4531653925258574,1,1,1,0,32.0,NF1
0,3.4531653925258574,1,2,1,0,31.0,NF1
0,3.4531653925258574,1,2,1,0,34.0,NF1
0,3.4531653925258574,1,2,1,0,33.0,NF1
0,3.4531653925258574,1,2,1,0,34.0,NF1
1,2.5943925503754266,1,2,1,1,32.0,TP53
0,3.4531653925258574,1,1,1,0,32.0,NF1
1,2.5943925503754266,1,2,1,1,33.0,TP53
0,3.4531653925258574,1,2,1,0,30.0,NF1
0,3.4531653925258574,1,2,1,0,32.0,NF1
0,3.4531653925258574,1,1,1,0,31.0,NF1
1,3.2702128548962426,1,1,1,1,32.0,BRCA1
0,3.4531653925258574,1,1,1,0,33.0,NF1
0,3.4531653925258574,1,2,1,0,34.0,NF1
0,3.2702128548962426,0,2,1,1,32.0,BRCA1
0,3.4531653925258574,1,2,1,0,32.0,NF1
0,3.4531653925258574,1,2,1,0,33.0,NF1
0,3.4531653925258574,0,2,1,0,33.0,NF1
1,3.2702128548962426,1,2,1,1,34.0,BRCA1
1,2.5943925503754266,1,2,1,1,33.0,TP53
1,2.3283796034387376,1,2,1,1,29.0,VHL
1,2.3283796034387376,1,2,1,1,32.0,VHL
0,2.3283796034387376,1,2,1,1,33.0,VHL
0,3.4537768596904423,0,1,1,0,26.0,APC
0,3.4537768596904423,0,3,1,0,31.0,APC
0,3.4537768596904423,1,2,1,0,32.0,APC
0,3.4537768596904423,1,2,1,0,33.0,APC
0,3.4537768596904423,0,1,1,0,24.0,APC
0,3.4537768596904423,0,1,1,0,24.0,APC
1,2.6053050461411096,1,3,1,1,28.0,PTEN
1,2.6053050461411096,1,1,1,1,25.0,PTEN
1,3.04688519083771,0,1,0,1,25.0,RET
1,2.6053050461411096,1,3,1,1,27.0,PTEN
1,2.6053050461411096,1,1,1,1,33.0,PTEN
1,2.6053050461411096,1,3,1,1,29.0,PTEN
1,2.6053050461411096,1,3,1,1,31.0,PTEN
1,2.6053050461411096,1,1,1,1,32.0,PTEN
1,2.6053050461411096,1,2,1,1,34.0,PTEN
0,3.485153349903652,0,2,1,0,34.0,ATM
0,3.485153349903652,0,1,1,0,29.0,ATM
0,3.485153349903652,1,2,1,0,34.0,ATM
0,3.485153349903652,1,3,1,0,33.0,ATM
0,3.485153349903652,0,1,1,0,33.0,ATM
0,3.485153349903652,0,1,1,0,33.0,ATM
0,3.485153349903652,0,1,1,0,25.0,ATM
0,3.533772058384718,0,3,1,0,27.0,BRCA2
0,3.533772058384718,0,2,1,0,31.0,BRCA2
0,3.533772058384718,0,1,1,0,30.0,BRCA2
0,3.533772058384718,0,2,1,0,32.0,BRCA2
0,3.533772058384718,0,1,1,0,33.0,BRCA2
0,3.533772058384718,1,3,1,0,33.0,BRCA2
0,3.533772058384718,0,1,1,0,33.0,BRCA2
0,3.533772058384718,0,1,1,0,33.0,BRCA2
0,3.533772058384718,1,1,1,0,33.0,BRCA2
0,3.533772058384718,0,2,1,0,31.0,BRCA2
0,3.533772058384718,0,1,1,0,30.0,BRCA2
0,3.533772058384718,0,1,1,0,33.0,BRCA2
0,3.533772058384718,0,2,1,0,31.0,BRCA2
0,3.533772058384718,0,1,1,0,33.0,BRCA2
0,3.533772058384718,0,1,1,0,33.0,BRCA2
0,3.533772058384718,1,3,1,0,34.0,BRCA2
0,3.533772058384718,0,1,1,0,24.0,BRCA2
1,3.256958152560932,0,2,1,1,34.0,TSC2
0,3.533772058384718,0,2,1,0,31.0,BRCA2
1,3.256958152560932,0,2,1,1,33.0,TSC2
0,3.533772058384718,0,1,1,0,30.0,BRCA2
0,3.533772058384718,1,3,1,0,33.0,BRCA2
0,3.533772058384718,0,1,1,0,24.0,BRCA2
1,2.967547976218862,0,2,1,1,34.0,RB1
0,3.4531653925258574,1,2,1,0,32.0,NF1
0,3.4531653925258574,1,2,1,0,33.0,NF1
0,3.4531653925258574,1,2,1,0,33.0,NF1
0,3.4531653925258574,1,2,1,0,32.0,NF1
0,3.4531653925258574,1,2,1,0,33.0,NF1
0,3.2702128548962426,1,1,1,1,32.0,BRCA1
0,3.2702128548962426,1,1,1,1,29.0,BRCA1
1,3.2702128548962426,0,1,1,1,29.0,BRCA1
1,3.2702128548962426,0,2,1,1,31.0,BRCA1
1,3.2702128548962426,0,2,1,1,31.0,BRCA1
1,3.2702128548962426,0,2,1,1,31.0,BRCA1
0,3.4531653925258574,0,2,1,0,26.0,NF1
0,3.2702128548962426,1,2,1,1,33.0,BRCA1
0,2.5943925503754266,0,1,1,1,29.0,TP53
0,2.5943925503754266,0,1,1,1,33.0,TP53
1,2.5943925503754266,1,3,1,1,34.0,TP53
1,2.5943925503754266,1,2,1,1,32.0,TP53
1,3.2702128548962426,0,1,1,1,29.0,BRCA1
1,2.5943925503754266,1,2,1,1,33.0,TP53
1,2.5943925503754266,1,2,1,1,34.0,TP53
1,2.5943925503754266,1,3,1,1,32.0,TP53
0,3.485153349903652,1,2,1,0,33.0,ATM
0,3.533772058384718,1,3,1,0,33.0,BRCA2
0,3.533772058384718,1,3,1,0,33.0,BRCA2
0,2.1931245983544616,1,2,1,1,33.0,CDKN2A
0,3.485153349903652,1,2,1,0,33.0,ATM
0,3.533772058384718,0,2,1,0,33.0,BRCA2
0,3.485153349903652,1,3,1,0,30.0,ATM
1,2.6053050461411096,1,3,1,1,32.0,PTEN
1,2.6053050461411096,1,2,1,1,32.0,PTEN
1,2.5943925503754266,1,3,1,1,33.0,TP53
1,2.3283796034387376,1,2,1,1,32.0,VHL
1,2.3283796034387376,1,1,1,1,24.0,VHL
0,2.3283796034387376,1,2,1,1,32.0,VHL
0,2.3283796034387376,1,2,1,1,33.0,VHL
1,2.3283796034387376,1,2,1,1,33.0,VHL
0,2.3283796034387376,1,2,1,1,32.0,VHL
0,2.3283796034387376,1,2,1,1,32.0,VHL
1,2.3283796034387376,1,2,1,1,33.0,VHL
0,2.3283796034387376,1,2,1,1,33.0,VHL
0,2.3283796034387376,1,2,1,1,31.0,VHL
0,2.967547976218862,1,2,1,1,26.0,RB1
1,2.6665179805548807,0,2,0,1,34.0,MYCN
1,3.06595298031387,0,1,1,1,26.0,TSC1
1,3.2702128548962426,0,2,1,1,31.0,BRCA1
0,3.256958152560932,0,2,1,1,33.0,TSC2
0,3.533772058384718,0,2,1,0,31.0,BRCA2
1,2.832508912706236,1,1,1,1,25.0,TP63
0,2.884228769632604,1,2,0,1,31.0,BRAF
0,3.4531653925258574,1,2,1,0,25.0,NF1
0,2.6522463410033232,1,0,1,1,25.0,WT1
1,2.6053050461411096,1,1,1,1,25.0,PTEN
0,3.4531653925258574,1,2,1,0,33.0,NF1
0,3.2095150145426308,0,2,0,1,34.0,ALK
0,3.2095150145426308,0,2,0,1,33.0,ALK
1,2.3283796034387376,1,1,1,1,30.0,VHL
1,2.3283796034387376,1,2,1,1,33.0,VHL
0,2.3283796034387376,1,1,1,1,30.0,VHL
1,2.832508912706236,1,1,1,1,32.0,TP63
1,2.832508912706236,1,1,1,1,28.0,TP63
1,3.143014800254095,0,2,0,1,33.0,MET
1,3.143014800254095,0,2,0,1,33.0,MET
1,3.06595298031387,0,2,1,1,34.0,TSC1
1,3.06595298031387,0,2,1,1,32.0,TSC1
1,2.6053050461411096,1,2,1,1,32.0,PTEN
1,2.6053050461411096,1,3,1,1,33.0,PTEN
1,2.6053050461411096,1,2,1,1,33.0,PTEN
0,3.485153349903652,0,1,1,0,33.0,ATM
1,2.967547976218862,0,2,1,1,33.0,RB1
0,3.533772058384718,0,2,1,0,33.0,BRCA2
1,2.967547976218862,1,1,1,1,31.0,RB1
0,3.533772058384718,0,2,1,0,31.0,BRCA2
1,2.967547976218862,1,1,1,1,26.0,RB1
0,2.967547976218862,1,2,1,1,33.0,RB1
1,3.256958152560932,1,2,1,1,32.0,TSC2
1,3.256958152560932,1,1,1,1,33.0,TSC2
1,3.256958152560932,1,1,1,1,29.0,TSC2
1,3.256958152560932,1,1,1,1,33.0,TSC2
0,3.4531653925258574,1,2,1,0,33.0,NF1
0,3.4531653925258574,1,1,1,0,31.0,NF1
0,3.4531653925258574,1,2,1,0,33.0,NF1
0,3.4531653925258574,0,2,1,0,33.0,NF1
0,3.4531653925258574,1,2,1,0,33.0,NF1
0,3.4531653925258574,1,2,1,0,33.0,NF1
0,3.4531653925258574,1,1,1,0,26.0,NF1
0,3.4531653925258574,1,2,1,0,34.0,NF1
0,3.4531653925258574,1,2,1,0,33.0,NF1
1,3.2702128548962426,1,3,1,1,33.0,BRCA1
0,3.4531653925258574,1,1,1,0,33.0,NF1
1,3.2702128548962426,1,2,1,1,33.0,BRCA1
1,3.2702128548962426,1,3,1,1,33.0,BRCA1
0,3.4531653925258574,1,1,1,0,27.0,NF1
1,3.2702128548962426,1,1,1,1,32.0,BRCA1
0,3.4531653925258574,1,1,1,0,31.0,NF1
1,3.2702128548962426,0,2,1,1,33.0,BRCA1
0,3.4531653925258574,1,2,1,0,33.0,NF1
0,3.4531653925258574,1,2,1,0,33.0,NF1
1,2.5943925503754266,1,3,1,1,33.0,TP53
1,2.6364878963533656,1,1,1,1,31.0,STK11
0,3.2095150145426308,1,0,0,1,25.0,ALK
0,3.533772058384718,1,3,1,0,34.0,BRCA2
0,3.533772058384718,0,1,1,0,31.0,BRCA2
1,2.9894498176666917,1,0,0,1,26.0,KIT
0,2.6522463410033232,1,2,1,1,31.0,WT1
1,2.3283796034387376,1,1,1,1,24.0,VHL
1,2.6053050461411096,1,2,1,1,33.0,PTEN
1,3.256958152560932,1,2,1,1,25.0,TSC2
0,3.4531653925258574,1,2,1,0,34.0,NF1
0,3.4531653925258574,1,2,1,0,33.0,NF1
0,3.4531653925258574,1,2,1,0,31.0,NF1
0,3.4531653925258574,1,2,1,0,33.0,NF1
0,3.4531653925258574,1,2,1,0,33.0,NF1
0,3.4531653925258574,1,2,1,0,33.0,NF1
0,3.4531653925258574,1,1,1,0,24.0,NF1
0,3.4531653925258574,1,2,1,0,33.0,NF1
0,3.485153349903652,1,2,1,0,32.0,ATM
0,3.533772058384718,0,1,1,0,31.0,BRCA2
0,3.533772058384718,0,1,1,0,33.0,BRCA2
0,3.533772058384718,0,1,1,0,31.0,BRCA2
1,3.04688519083771,1,0,0,1,14.0,RET
0,2.6053050461411096,1,1,1,1,26.0,PTEN
0,2.3283796034387376,1,2,1,1,26.0,VHL
0,3.4531653925258574,1,2,1,0,34.0,NF1
0,3.4531653925258574,1,1,1,0,33.0,NF1
0,2.6522463410033232,1,0,1,1,26.0,WT1
1,2.3283796034387376,1,2,1,1,33.0,VHL
0,2.3283796034387376,1,2,1,1,31.0,VHL
1,2.3283796034387376,1,2,1,1,31.0,VHL
1,2.832508912706236,1,1,1,1,29.0,TP63
1,2.9894498176666917,1,2,0,1,31.0,KIT
1,2.3283796034387376,1,1,1,1,31.0,VHL
1,3.143014800254095,0,2,0,1,33.0,MET
0,2.884228769632604,0,2,0,1,30.0,BRAF
1,2.832508912706236,1,1,1,1,29.0,TP63
1,3.06595298031387,0,2,1,1,32.0,TSC1
1,3.06595298031387,0,2,1,1,34.0,TSC1
0,2.967547976218862,0,2,1,1,33.0,RB1
1,2.6053050461411096,1,2,1,1,33.0,PTEN
1,2.6053050461411096,1,3,1,1,33.0,PTEN
1,2.6053050461411096,1,2,1,1,33.0,PTEN
1,2.6053050461411096,1,1,1,1,31.0,PTEN
1,2.6053050461411096,1,2,1,1,34.0,PTEN
1,3.256958152560932,0,2,1,1,30.0,TSC2
1,3.256958152560932,0,1,1,1,33.0,TSC2
1,3.256958152560932,0,2,1,1,33.0,TSC2
1,3.256958152560932,0,2,1,1,33.0,TSC2
0,3.533772058384718,1,2,1,0,31.0,BRCA2
0,2.967547976218862,0,2,1,1,33.0,RB1
1,2.967547976218862,1,1,1,1,28.0,RB1
0,3.4531653925258574,1,1,1,0,31.0,NF1
0,3.4531653925258574,1,2,1,0,33.0,NF1
0,3.4531653925258574,1,1,1,0,32.0,NF1
0,3.4531653925258574,1,2,1,0,32.0,NF1
0,3.4531653925258574,1,1,1,0,33.0,NF1
0,3.4531653925258574,1,2,1,0,33.0,NF1
0,3.4531653925258574,0,1,1,0,32.0,NF1
0,3.2702128548962426,1,2,1,1,33.0,BRCA1
1,2.5943925503754266,1,2,1,1,31.0,TP53
0,2.6364878963533656,1,2,1,1,33.0,STK11
0,3.4531653925258574,1,2,1,0,31.0,NF1
0,3.4531653925258574,1,2,1,0,33.0,NF1
0,3.4531653925258574,1,2,1,0,33.0,NF1
0,3.4531653925258574,1,2,1,0,33.0,NF1
0,3.4531653925258574,0,2,1,0,33.0,NF1
0,3.4531653925258574,0,2,1,0,32.0,NF1
1,2.6364878963533656,1,1,1,1,32.0,STK11
0,3.256958152560932,1,1,1,1,32.0,TSC2
1,3.256958152560932,1,1,1,1,31.0,TSC2
1,3.256958152560932,0,1,1,1,30.0,TSC2
0,3.4531653925258574,0,2,1,0,33.0,NF1
1,3.0827853703164503,0,2,0,1,34.0,EGFR
0,3.4531653925258574,1,2,1,0,33.0,NF1
1,2.5943925503754266,1,2,1,1,33.0,TP53
0,3.256958152560932,1,2,1,1,31.0,TSC2
0,3.4531653925258574,1,2,1,0,33.0,NF1
0,3.4531653925258574,1,2,1,0,33.0,NF1
1,3.2702128548962426,0,1,1,1,31.0,BRCA1
1,3.04688519083771,1,0,0,1,21.0,RET
1,3.04688519083771,1,0,0,1,21.0,RET
1,2.3283796034387376,1,2,1,1,30.0,VHL
1,2.6053050461411096,1,2,1,1,30.0,PTEN
0,2.6522463410033232,1,1,1,1,25.0,WT1
1,2.3283796034387376,1,1,1,1,26.0,VHL
1,2.3283796034387376,1,2,1,1,31.0,VHL
1,2.3283796034387376,1,2,1,1,33.0,VHL
1,2.3283796034387376,0,1,1,1,26.0,VHL
1,2.3283796034387376,1,1,1,1,26.0,VHL
1,2.3283796034387376,1,2,1,1,33.0,VHL
1,2.3283796034387376,1,1,1,1,26.0,VHL
1,2.3283796034387376,1,2,1,1,31.0,VHL
1,2.3283796034387376,1,1,1,1,26.0,VHL
1,2.3283796034387376,1,2,1,1,30.0,VHL
0,3.485153349903652,1,1,1,0,27.0,ATM
0,3.4537768596904423,0,3,1,0,31.0,APC
0,3.533772058384718,0,2,1,0,30.0,BRCA2
0,3.2702128548962426,1,3,1,1,33.0,BRCA1
1,3.2702128548962426,1,3,1,1,33.0,BRCA1
1,3.2702128548962426,0,3,1,1,27.0,BRCA1
1,2.3283796034387376,1,2,1,1,28.0,VHL
1,2.5943925503754266,1,2,1,1,34.0,TP53
1,2.5943925503754266,1,2,1,1,33.0,TP53
1,2.5943925503754266,1,1,1,1,30.0,TP53
1,2.5943925503754266,1,0,1,1,33.0,TP53
1,2.5943925503754266,1,2,1,1,32.0,TP53
1,2.5943925503754266,1,1,1,1,32.0,TP53
1,2.5943925503754266,1,1,1,1,32.0,TP53
0,2.6053050461411096,1,0,1,1,26.0,PTEN
0,3.4531653925258574,1,2,1,0,33.0,NF1
0,2.884228769632604,1,1,0,1,25.0,BRAF
0,2.3283796034387376,1,2,1,1,31.0,VHL
0,2.3283796034387376,1,2,1,1,26.0,VHL
1,2.832508912706236,1,1,1,1,27.0,TP63
1,2.832508912706236,1,1,1,1,30.0,TP63
1,2.832508912706236,1,2,1,1,33.0,TP63
1,2.832508912706236,1,1,1,1,26.0,TP63
1,2.9894498176666917,1,1,0,1,26.0,KIT
0,3.4537768596904423,1,3,1,0,31.0,APC
1,2.884228769632604,1,1,0,1,26.0,BRAF
0,3.06595298031387,0,1,1,1,33.0,TSC1
0,2.1931245983544616,1,2,1,1,34.0,CDKN2A
1,2.6053050461411096,1,3,1,1,29.0,PTEN
1,2.6053050461411096,1,2,1,1,33.0,PTEN
1,2.6053050461411096,1,2,1,1,33.0,PTEN
1,2.6053050461411096,1,3,1,1,33.0,PTEN
0,3.485153349903652,1,3,1,0,33.0,ATM
0,3.485153349903652,1,2,1,0,33.0,ATM
0,2.6522463410033232,1,2,1,1,33.0,WT1
0,2.6522463410033232,0,2,1,1,34.0,WT1
1,2.2764618041732443,1,1,0,1,30.0,HRAS
1,2.967547976218862,0,2,1,1,34.0,RB1
1,2.967547976218862,0,2,1,1,33.0,RB1
1,2.967547976218862,0,2,1,1,33.0,RB1
1,3.256958152560932,0,1,1,1,30.0,TSC2
1,3.256958152560932,0,2,1,1,31.0,TSC2
1,3.256958152560932,0,2,1,1,34.0,TSC2
0,3.4531653925258574,1,2,1,0,34.0,NF1
0,3.4531653925258574,1,2,1,0,32.0,NF1
0,3.4531653925258574,1,2,1,0,32.0,NF1
0,3.4531653925258574,1,2,1,0,34.0,NF1
0,3.4531653925258574,1,2,1,0,32.0,NF1
0,3.4531653925258574,1,2,1,0,32.0,NF1
0,3.4531653925258574,1,1,1,0,30.0,NF1
0,3.4531653925258574,1,1,1,0,31.0,NF1
0,3.4531653925258574,1,1,1,0,33.0,NF1
0,3.4531653925258574,1,2,1,0,33.0,NF1
0,3.4531653925258574,1,2,1,0,32.0,NF1
0,3.4531653925258574,1,2,1,0,34.0,NF1
0,3.4531653925258574,1,2,1,0,34.0,NF1
0,3.4531653925258574,1,2,1,0,34.0,NF1
0,3.4531653925258574,1,2,1,0,32.0,NF1
0,3.4531653925258574,1,2,1,0,33.0,NF1
0,3.4531653925258574,1,2,1,0,32.0,NF1
0,3.4531653925258574,1,2,1,0,32.0,NF1
0,3.4531653925258574,1,1,1,0,33.0,NF1
0,3.4531653925258574,0,1,1,0,33.0,NF1
1,3.2702128548962426,1,2,1,1,33.0,BRCA1
1,3.2702128548962426,0,2,1,1,31.0,BRCA1
1,3.2702128548962426,1,2,1,1,33.0,BRCA1
1,3.2702128548962426,1,1,1,1,27.0,BRCA1
1,3.2702128548962426,1,1,1,1,30.0,BRCA1
0,3.2702128548962426,1,2,1,1,32.0,BRCA1
1,3.2702128548962426,1,2,1,1,32.0,BRCA1
1,2.5943925503754266,1,3,1,1,34.0,TP53
0,2.884228769632604,1,1,0,1,32.0,BRAF
0,2.884228769632604,1,0,0,1,32.0,BRAF
0,2.884228769632604,0,0,0,1,32.0,BRAF
0,3.533772058384718,0,2,1,0,33.0,BRCA2
1,2.832508912706236,1,2,1,1,32.0,TP63
1,3.04688519083771,1,1,0,1,27.0,RET
1,3.2702128548962426,1,1,1,1,25.0,BRCA1
0,3.4531653925258574,1,2,1,0,33.0,NF1
0,3.4531653925258574,1,2,1,0,33.0,NF1
0,3.4531653925258574,1,2,1,0,33.0,NF1
0,3.4531653925258574,1,2,1,0,32.0,NF1
0,3.4531653925258574,1,1,1,0,27.0,NF1
0,3.4531653925258574,1,2,1,0,33.0,NF1
1,3.04688519083771,1,1,0,1,26.0,RET
0,2.6522463410033232,0,2,1,1,32.0,WT1
1,2.967547976218862,0,2,1,1,33.0,RB1
0,3.4531653925258574,0,2,1,0,33.0,NF1
0,3.2095150145426308,0,2,0,1,32.0,ALK
1,2.967547976218862,0,2,1,1,34.0,RB1
1,2.967547976218862,0,2,1,1,33.0,RB1
1,3.256958152560932,0,2,1,1,33.0,TSC2
0,3.256958152560932,0,2,1,1,33.0,TSC2
0,2.6522463410033232,0,2,1,1,33.0,WT1
0,3.098643725817057,0,1,0,1,33.0,ERBB2
1,2.832508912706236,0,1,1,1,30.0,TP63
1,2.832508912706236,0,1,1,1,32.0,TP63
1,2.832508912706236,0,1,1,1,32.0,TP63
0,2.2764618041732443,0,1,0,1,32.0,HRAS
1,3.06595298031387,0,2,1,1,33.0,TSC1
1,3.0827853703164503,0,2,0,1,34.0,EGFR
1,3.06595298031387,0,2,1,1,33.0,TSC1
0,3.256958152560932,0,1,1,1,32.0,TSC2
0,3.485153349903652,1,0,1,0,27.0,ATM
0,3.4531653925258574,1,0,1,0,27.0,NF1
1,3.2702128548962426,1,3,1,1,33.0,BRCA1
1,3.2702128548962426,1,1,1,1,27.0,BRCA1
1,2.884228769632604,1,1,0,1,27.0,BRAF
1,3.0827853703164503,0,1,0,1,27.0,EGFR
0,3.485153349903652,0,1,1,0,27.0,ATM
0,3.485153349903652,1,1,1,0,27.0,ATM
0,3.485153349903652,1,1,1,0,27.0,ATM
0,3.485153349903652,0,1,1,0,27.0,ATM
0,3.533772058384718,0,2,1,0,31.0,BRCA2
0,3.533772058384718,0,2,1,0,31.0,BRCA2
1,3.256958152560932,0,1,1,1,27.0,TSC2
0,3.4531653925258574,1,1,1,0,27.0,NF1
0,3.4531653925258574,0,1,1,0,27.0,NF1
0,3.4531653925258574,0,1,1,0,27.0,NF1
1,2.5943925503754266,1,3,1,1,32.0,TP53
0,3.2702128548962426,0,1,1,1,31.0,BRCA1
1,2.832508912706236,1,1,1,1,27.0,TP63
0,2.6522463410033232,1,1,1,1,27.0,WT1
0,3.4531653925258574,1,2,1,0,32.0,NF1
0,3.533772058384718,0,3,1,0,27.0,BRCA2
0,2.6522463410033232,1,0,1,1,32.0,WT1
0,2.3283796034387376,0,1,1,1,33.0,VHL
1,2.3283796034387376,1,1,1,1,32.0,VHL
0,2.3283796034387376,1,1,1,1,28.0,VHL
1,2.3283796034387376,1,1,1,1,27.0,VHL
0,3.4537768596904423,0,1,1,0,31.0,APC
0,3.143014800254095,0,2,0,1,33.0,MET
1,3.06595298031387,1,1,1,1,32.0,TSC1
0,2.1931245983544616,1,2,1,1,33.0,CDKN2A
0,3.04688519083771,1,2,0,1,33.0,RET
0,3.04688519083771,0,1,0,1,26.0,RET
1,2.6053050461411096,1,3,1,1,33.0,PTEN
1,2.6053050461411096,1,3,1,1,31.0,PTEN
1,2.6053050461411096,1,2,1,1,33.0,PTEN
1,2.6053050461411096,1,2,1,1,31.0,PTEN
1,2.6053050461411096,1,3,1,1,29.0,PTEN
0,3.485153349903652,0,1,1,0,32.0,ATM
0,3.485153349903652,0,1,1,0,27.0,ATM
0,3.485153349903652,0,1,1,0,27.0,ATM
0,3.485153349903652,0,1,1,0,33.0,ATM
0,3.485153349903652,1,1,1,0,33.0,ATM
0,3.485153349903652,0,1,1,0,33.0,ATM
0,3.485153349903652,1,2,1,0,33.0,ATM
0,3.533772058384718,0,2,1,0,31.0,BRCA2
0,3.533772058384718,0,2,1,0,31.0,BRCA2
0,3.533772058384718,0,1,1,0,33.0,BRCA2
0,3.533772058384718,0,1,1,0,33.0,BRCA2
0,3.533772058384718,0,1,1,0,30.0,BRCA2
0,3.533772058384718,0,1,1,0,33.0,BRCA2
0,3.533772058384718,0,1,1,0,33.0,BRCA2
0,3.533772058384718,0,1,1,0,33.0,BRCA2
0,3.533772058384718,0,1,1,0,30.0,BRCA2
0,3.533772058384718,0,1,1,0,33.0,BRCA2
0,3.533772058384718,0,1,1,0,33.0,BRCA2
0,3.533772058384718,0,1,1,0,33.0,BRCA2
0,3.533772058384718,0,1,1,0,33.0,BRCA2
0,3.533772058384718,0,1,1,0,33.0,BRCA2
0,3.533772058384718,0,1,1,0,30.0,BRCA2
0,3.533772058384718,0,1,1,0,33.0,BRCA2
0,3.533772058384718,0,1,1,0,33.0,BRCA2
1,2.967547976218862,0,2,1,1,33.0,RB1
1,2.967547976218862,0,1,1,1,27.0,RB1
0,3.256958152560932,0,1,1,1,34.0,TSC2
1,3.256958152560932,0,2,1,1,33.0,TSC2
0,3.4531653925258574,0,1,1,0,33.0,NF1
0,3.4531653925258574,0,1,1,0,33.0,NF1
0,3.4531653925258574,1,2,1,0,33.0,NF1
0,3.4531653925258574,0,1,1,0,33.0,NF1
0,3.4531653925258574,1,1,1,0,33.0,NF1
0,3.4531653925258574,0,1,1,0,32.0,NF1
0,3.2702128548962426,0,1,1,1,31.0,BRCA1
1,3.2702128548962426,1,1,1,1,27.0,BRCA1
1,3.2702128548962426,0,1,1,1,29.0,BRCA1
1,3.2702128548962426,0,1,1,1,27.0,BRCA1
1,3.2702128548962426,0,2,1,1,31.0,BRCA1
1,3.2702128548962426,0,2,1,1,33.0,BRCA1
0,3.2702128548962426,1,2,1,1,31.0,BRCA1
1,3.2702128548962426,0,1,1,1,30.0,BRCA1
1,2.5943925503754266,0,1,1,1,27.0,TP53
1,2.5943925503754266,1,2,1,1,30.0,TP53
1,2.5943925503754266,1,2,1,1,32.0,TP53
1,2.5943925503754266,1,2,1,1,32.0,TP53
0,2.5943925503754266,1,1,1,1,27.0,TP53
1,2.5943925503754266,1,1,1,1,33.0,TP53
1,2.5943925503754266,1,3,1,1,34.0,TP53
1,2.5943925503754266,1,3,1,1,33.0,TP53
1,2.5943925503754266,0,1,1,1,29.0,TP53
0,2.5943925503754266,0,1,1,1,27.0,TP53
1,2.6364878963533656,1,1,1,1,33.0,STK11
0,2.6364878963533656,0,1,1,1,32.0,STK11
1,2.3283796034387376,1,0,1,1,28.0,VHL
0,2.1931245983544616,1,2,1,1,33.0,CDKN2A
0,2.1931245983544616,1,1,1,1,31.0,CDKN2A
0,3.485153349903652,0,1,1,0,27.0,ATM
0,3.533772058384718,0,1,1,0,31.0,BRCA2
1,2.3283796034387376,1,1,1,1,33.0,VHL
0,2.3283796034387376,1,1,1,1,29.0,VHL
1,2.3283796034387376,1,1,1,1,31.0,VHL
1,2.832508912706236,1,2,1,1,32.0,TP63
0,3.0827853703164503,0,2,0,1,33.0,EGFR
1,3.06595298031387,0,1,1,1,32.0,TSC1
1,3.06595298031387,0,1,1,1,30.0,TSC1
1,3.06595298031387,0,1,1,1,33.0,TSC1
1,3.06595298031387,0,2,1,1,33.0,TSC1
1,3.06595298031387,1,1,1,1,27.0,TSC1
1,2.6053050461411096,1,1,1,1,31.0,PTEN
1,2.6053050461411096,1,2,1,1,33.0,PTEN
1,2.6053050461411096,1,2,1,1,33.0,PTEN
1,2.6053050461411096,1,3,1,1,33.0,PTEN
1,2.6053050461411096,1,2,1,1,34.0,PTEN
0,3.485153349903652,1,2,1,0,33.0,ATM
0,3.485153349903652,1,1,1,0,33.0,ATM
0,2.6522463410033232,0,2,1,1,33.0,WT1
0,3.533772058384718,0,2,1,0,33.0,BRCA2
1,3.256958152560932,1,1,1,1,32.0,TSC2
0,3.256958152560932,0,1,1,1,31.0,TSC2
1,3.256958152560932,0,1,1,1,31.0,TSC2
1,3.256958152560932,0,2,1,1,33.0,TSC2
1,3.256958152560932,1,1,1,1,31.0,TSC2
1,3.256958152560932,0,1,1,1,30.0,TSC2
1,3.256958152560932,0,1,1,1,31.0,TSC2
0,3.4531653925258574,1,2,1,0,33.0,NF1
0,3.4531653925258574,1,2,1,0,33.0,NF1
0,3.4531653925258574,1,1,1,0,32.0,NF1
0,3.4531653925258574,1,2,1,0,34.0,NF1
0,3.4531653925258574,1,2,1,0,32.0,NF1
0,3.4531653925258574,1,1,1,0,32.0,NF1
0,3.4531653925258574,1,2,1,0,33.0,NF1
0,3.4531653925258574,1,1,1,0,32.0,NF1
0,3.4531653925258574,1,2,1,0,32.0,NF1
0,3.4531653925258574,1,1,1,0,32.0,NF1
0,3.4531653925258574,1,2,1,0,33.0,NF1
0,3.4531653925258574,0,1,1,0,33.0,NF1
0,3.4531653925258574,1,2,1,0,33.0,NF1
0,3.4531653925258574,1,2,1,0,33.0,NF1
0,3.4531653925258574,1,1,1,0,27.0,NF1
0,3.2702128548962426,1,1,1,1,27.0,BRCA1
1,2.5943925503754266,1,3,1,1,33.0,TP53
1,2.5943925503754266,1,2,1,1,33.0,TP53
1,2.5943925503754266,1,2,1,1,33.0,TP53
1,2.6364878963533656,1,2,1,1,34.0,STK11
1,3.2702128548962426,1,1,1,1,28.0,BRCA1
1,3.2702128548962426,1,1,1,1,29.0,BRCA1
0,3.2702128548962426,0,1,1,1,30.0,BRCA1
1,3.2702128548962426,0,1,1,1,29.0,BRCA1
1,3.2702128548962426,0,1,1,1,31.0,BRCA1
1,3.2702128548962426,0,1,1,1,33.0,BRCA1
1,3.2702128548962426,0,1,1,1,32.0,BRCA1
1,3.2702128548962426,0,1,1,1,33.0,BRCA1
1,3.2702128548962426,1,2,1,1,33.0,BRCA1
0,3.2702128548962426,0,1,1,1,32.0,BRCA1
1,3.2702128548962426,0,1,1,1,33.0,BRCA1
1,3.2702128548962426,1,1,1,1,30.0,BRCA1
1,3.2702128548962426,0,1,1,1,33.0,BRCA1
1,3.2702128548962426,0,1,1,1,32.0,BRCA1
1,3.2702128548962426,0,1,1,1,31.0,BRCA1
1,3.2702128548962426,0,1,1,1,33.0,BRCA1
1,3.2702128548962426,0,1,1,1,30.0,BRCA1
0,3.2702128548962426,1,2,1,1,33.0,BRCA1
0,3.2702128548962426,1,1,1,1,27.0,BRCA1
1,3.2702128548962426,0,1,1,1,34.0,BRCA1
1,3.2702128548962426,0,1,1,1,31.0,BRCA1
1,3.2702128548962426,0,1,1,1,33.0,BRCA1
0,3.2702128548962426,0,1,1,1,34.0,BRCA1
0,3.2702128548962426,1,1,1,1,32.0,BRCA1
1,3.2702128548962426,0,1,1,1,33.0,BRCA1
1,3.2702128548962426,0,1,1,1,33.0,BRCA1
1,3.2702128548962426,0,1,1,1,31.0,BRCA1
1,3.2702128548962426,1,1,1,1,32.0,BRCA1
1,3.2702128548962426,1,1,1,1,31.0,BRCA1
0,3.2702128548962426,1,1,1,1,34.0,BRCA1
0,3.2702128548962426,1,1,1,1,32.0,BRCA1
1,3.2702128548962426,0,1,1,1,34.0,BRCA1
1,3.2702128548962426,0,1,1,1,31.0,BRCA1
1,3.2702128548962426,1,1,1,1,34.0,BRCA1
1,3.2702128548962426,1,1,1,1,31.0,BRCA1
1,3.2702128548962426,0,1,1,1,33.0,BRCA1
1,3.2702128548962426,1,1,1,1,32.0,BRCA1
1,3.2702128548962426,1,1,1,1,29.0,BRCA1
1,3.2702128548962426,1,2,1,1,34.0,BRCA1
0,3.2702128548962426,0,1,1,1,33.0,BRCA1
1,3.2702128548962426,1,2,1,1,33.0,BRCA1
0,3.2702128548962426,0,1,1,1,32.0,BRCA1
1,3.2702128548962426,0,1,1,1,31.0,BRCA1
1,3.2702128548962426,0,1,1,1,33.0,BRCA1
0,3.2702128548962426,1,1,1,1,29.0,BRCA1
1,3.2702128548962426,1,1,1,1,29.0,BRCA1
1,3.2702128548962426,1,1,1,1,33.0,BRCA1
1,3.2702128548962426,0,1,1,1,31.0,BRCA1
1,3.2702128548962426,1,1,1,1,31.0,BRCA1
1,3.2702128548962426,1,1,1,1,32.0,BRCA1
0,3.2702128548962426,1,1,1,1,29.0,BRCA1
1,3.2702128548962426,1,1,1,1,29.0,BRCA1
0,3.2702128548962426,1,0,1,1,32.0,BRCA1
1,3.2702128548962426,1,1,1,1,29.0,BRCA1
1,3.2702128548962426,1,1,1,1,28.0,BRCA1
1,3.2702128548962426,0,1,1,1,28.0,BRCA1
1,3.2702128548962426,1,2,1,1,34.0,BRCA1
1,3.2702128548962426,0,1,1,1,32.0,BRCA1
1,3.2702128548962426,0,1,1,1,33.0,BRCA1
1,3.2702128548962426,0,1,1,1,29.0,BRCA1
0,3.2702128548962426,0,1,1,1,32.0,BRCA1
1,3.2702128548962426,0,1,1,1,29.0,BRCA1
1,3.2702128548962426,0,1,1,1,31.0,BRCA1
1,3.2702128548962426,0,0,1,1,32.0,BRCA1
1,3.2702128548962426,0,1,1,1,31.0,BRCA1
0,3.2702128548962426,0,1,1,1,30.0,BRCA1
1,3.2702128548962426,1,1,1,1,31.0,BRCA1
1,3.2702128548962426,0,1,1,1,31.0,BRCA1
1,3.2702128548962426,1,1,1,1,32.0,BRCA1
1,3.2702128548962426,0,1,1,1,29.0,BRCA1
1,3.2702128548962426,0,1,1,1,30.0,BRCA1
1,3.2702128548962426,0,1,1,1,33.0,BRCA1
0,3.2702128548962426,0,1,1,1,33.0,BRCA1
0,3.2702128548962426,0,1,1,1,30.0,BRCA1
1,3.2702128548962426,0,1,1,1,33.0,BRCA1
1,3.2702128548962426,0,1,1,1,34.0,BRCA1
1,3.2702128548962426,0,1,1,1,31.0,BRCA1
0,3.2702128548962426,0,1,1,1,31.0,BRCA1
1,3.2702128548962426,0,1,1,1,32.0,BRCA1
1,3.2702128548962426,0,1,1,1,34.0,BRCA1
1,3.2702128548962426,0,1,1,1,33.0,BRCA1
1,3.2702128548962426,0,1,1,1,31.0,BRCA1
1,3.2702128548962426,0,2,1,1,32.0,BRCA1
1,3.2702128548962426,0,1,1,1,33.0,BRCA1
0,3.2702128548962426,0,1,1,1,32.0,BRCA1
0,3.2702128548962426,1,2,1,1,32.0,BRCA1
1,3.2702128548962426,1,1,1,1,31.0,BRCA1
1,3.2702128548962426,1,1,1,1,33.0,BRCA1
1,3.2702128548962426,0,1,1,1,31.0,BRCA1
1,3.2702128548962426,0,1,1,1,34.0,BRCA1
1,3.2702128548962426,0,1,1,1,31.0,BRCA1
0,3.2702128548962426,1,1,1,1,27.0,BRCA1
1,3.2702128548962426,0,1,1,1,32.0,BRCA1
1,3.2702128548962426,0,1,1,1,34.0,BRCA1
1,3.2702128548962426,0,1,1,1,32.0,BRCA1
1,3.2702128548962426,0,1,1,1,34.0,BRCA1
0,3.2702128548962426,1,1,1,1,30.0,BRCA1
1,3.2702128548962426,0,1,1,1,33.0,BRCA1
1,3.2702128548962426,1,0,1,1,29.0,BRCA1
1,3.2702128548962426,1,0,1,1,32.0,BRCA1
1,3.2702128548962426,1,1,1,1,28.0,BRCA1
1,3.2702128548962426,0,1,1,1,30.0,BRCA1
0,3.2702128548962426,0,1,1,1,31.0,BRCA1
0,3.2702128548962426,1,2,1,1,34.0,BRCA1
0,3.2702128548962426,1,1,1,1,33.0,BRCA1
0,3.2702128548962426,1,1,1,1,33.0,BRCA1
1,3.2702128548962426,0,1,1,1,33.0,BRCA1
1,3.2702128548962426,0,1,1,1,32.0,BRCA1
1,3.2702128548962426,0,1,1,1,31.0,BRCA1
1,3.2702128548962426,0,1,1,1,33.0,BRCA1
1,3.2702128548962426,0,1,1,1,33.0,BRCA1
1,3.2702128548962426,0,1,1,1,32.0,BRCA1
1,3.2702128548962426,0,1,1,1,34.0,BRCA1
0,3.2702128548962426,0,1,1,1,33.0,BRCA1
1,3.2702128548962426,0,1,1,1,32.0,BRCA1
1,3.2702128548962426,0,1,1,1,33.0,BRCA1
1,3.04688519083771,1,1,0,1,26.0,RET
0,3.485153349903652,1,3,1,0,33.0,ATM
0,3.4531653925258574,1,2,1,0,32.0,NF1
0,2.6522463410033232,1,1,1,1,32.0,WT1
0,3.533772058384718,0,0,1,0,27.0,BRCA2
1,2.5943925503754266,1,2,1,1,32.0,TP53
1,2.6053050461411096,1,1,1,1,28.0,PTEN
0,3.533772058384718,0,1,1,0,26.0,BRCA2
0,3.2702128548962426,0,1,1,1,33.0,BRCA1
0,2.6522463410033232,1,1,1,1,28.0,WT1
0,3.4531653925258574,1,2,1,0,33.0,NF1
0,2.3283796034387376,1,1,1,1,33.0,VHL
1,3.06595298031387,0,1,1,1,32.0,TSC1
1,2.6053050461411096,1,1,1,1,27.0,PTEN
1,2.6053050461411096,1,2,1,1,33.0,PTEN
1,2.6053050461411096,1,2,1,1,33.0,PTEN
1,3.256958152560932,0,1,1,1,31.0,TSC2
1,3.256958152560932,0,1,1,1,30.0,TSC2
1,3.256958152560932,0,1,1,1,33.0,TSC2
0,3.256958152560932,1,1,1,1,27.0,TSC2
1,3.256958152560932,0,1,1,1,31.0,TSC2
0,3.4531653925258574,1,2,1,0,33.0,NF1
1,2.6053050461411096,1,3,1,1,31.0,PTEN
1,2.6053050461411096,1,3,1,1,32.0,PTEN
1,3.256958152560932,0,1,1,1,30.0,TSC2
0,3.4531653925258574,1,1,1,0,28.0,NF1
0,3.4531653925258574,1,2,1,0,33.0,NF1
1,2.5943925503754266,1,3,1,1,34.0,TP53
1,3.04688519083771,1,1,0,1,33.0,RET
1,2.6053050461411096,1,2,1,1,31.0,PTEN
0,2.967547976218862,1,1,1,1,29.0,RB1
1,3.256958152560932,0,1,1,1,32.0,TSC2
1,3.256958152560932,0,1,1,1,30.0,TSC2
0,3.256958152560932,0,2,1,1,33.0,TSC2
0,3.4531653925258574,1,1,1,0,30.0,NF1
0,3.4531653925258574,1,1,1,0,30.0,NF1
0,3.4531653925258574,1,2,1,0,33.0,NF1
0,3.4531653925258574,1,2,1,0,33.0,NF1
0,3.4531653925258574,1,2,1,0,33.0,NF1
1,2.5943925503754266,1,2,1,1,32.0,TP53
1,2.5943925503754266,1,2,1,1,32.0,TP53
1,2.5943925503754266,0,3,1,1,34.0,TP53
1,2.3283796034387376,1,1,1,1,30.0,VHL
0,3.533772058384718,1,1,1,0,27.0,BRCA2
1,3.256958152560932,0,1,1,1,30.0,TSC2
0,3.4531653925258574,1,2,1,0,32.0,NF1
0,3.4531653925258574,1,2,1,0,32.0,NF1
1,3.06595298031387,1,1,1,1,28.0,TSC1
1,2.6053050461411096,1,1,1,1,32.0,PTEN
1,2.6665179805548807,0,0,0,1,27.0,MYCN
1,2.6665179805548807,1,0,0,1,27.0,MYCN
1,2.6053050461411096,1,2,1,1,33.0,PTEN
0,3.4531653925258574,1,2,1,0,32.0,NF1
1,2.6053050461411096,1,1,1,1,33.0,PTEN
0,2.884228769632604,1,0,0,1,27.0,BRAF
0,2.6522463410033232,1,1,1,1,28.0,WT1
1,2.6665179805548807,1,2,0,1,32.0,MYCN
1,2.6053050461411096,1,2,1,1,33.0,PTEN
1,2.5943925503754266,0,1,1,1,31.0,TP53
0,3.256958152560932,1,1,1,1,28.0,TSC2
0,3.533772058384718,1,1,1,0,33.0,BRCA2
0,3.533772058384718,1,1,1,0,26.0,BRCA2
0,3.533772058384718,1,2,1,0,34.0,BRCA2
0,3.533772058384718,1,1,1,0,30.0,BRCA2
0,3.4531653925258574,1,2,1,0,33.0,NF1
0,3.4531653925258574,0,2,1,0,34.0,NF1
0,3.4531653925258574,1,2,1,0,31.0,NF1
0,3.4531653925258574,1,2,1,0,32.0,NF1
0,3.4531653925258574,1,2,1,0,33.0,NF1
0,3.4531653925258574,1,2,1,0,32.0,NF1
1,3.06595298031387,1,1,1,1,31.0,TSC1
1,3.256958152560932,0,1,1,1,30.0,TSC2
0,3.4531653925258574,1,1,1,0,31.0,NF1
0,3.4531653925258574,1,2,1,0,33.0,NF1
0,3.533772058384718,1,0,1,0,32.0,BRCA2
0,3.533772058384718,1,0,1,0,32.0,BRCA2
1,2.3283796034387376,1,1,1,1,32.0,VHL
0,2.3283796034387376,1,1,1,1,32.0,VHL
0,3.4537768596904423,1,3,1,0,33.0,APC
0,3.485153349903652,1,2,1,0,32.0,ATM
0,3.485153349903652,1,3,1,0,33.0,ATM
1,3.256958152560932,0,2,1,1,32.0,TSC2
1,3.256958152560932,0,1,1,1,30.0,TSC2
1,2.5943925503754266,1,3,1,1,33.0,TP53
1,2.5943925503754266,1,2,1,1,34.0,TP53
0,3.485153349903652,1,2,1,0,30.0,ATM
1,2.6053050461411096,1,3,1,1,33.0,PTEN
1,2.967547976218862,1,2,1,1,33.0,RB1
0,2.967547976218862,0,2,1,1,33.0,RB1
1,3.256958152560932,0,2,1,1,33.0,TSC2
0,3.256958152560932,1,1,1,1,32.0,TSC2
1,3.256958152560932,1,1,1,1,28.0,TSC2
0,3.4531653925258574,1,1,1,0,32.0,NF1
0,3.4531653925258574,1,2,1,0,33.0,NF1
0,3.4531653925258574,1,1,1,0,29.0,NF1
0,3.4531653925258574,1,1,1,0,29.0,NF1
0,3.4531653925258574,1,2,1,0,34.0,NF1
0,3.4531653925258574,1,1,1,0,30.0,NF1
0,3.4531653925258574,1,1,1,0,29.0,NF1
0,3.4531653925258574,1,1,1,0,31.0,NF1
0,3.4531653925258574,1,0,1,0,27.0,NF1
0,3.4531653925258574,1,0,1,0,27.0,NF1
0,3.4531653925258574,1,0,1,0,33.0,NF1
0,3.4531653925258574,1,0,1,0,28.0,NF1
0,3.4531653925258574,1,2,1,0,32.0,NF1
0,3.533772058384718,0,1,1,0,31.0,BRCA2
0,3.533772058384718,0,1,1,0,31.0,BRCA2
0,3.533772058384718,0,1,1,0,31.0,BRCA2
0,3.533772058384718,0,1,1,0,31.0,BRCA2
0,3.533772058384718,0,1,1,0,31.0,BRCA2
0,3.533772058384718,0,2,1,0,34.0,BRCA2
0,3.533772058384718,0,1,1,0,31.0,BRCA2
0,3.533772058384718,0,1,1,0,31.0,BRCA2
1,3.2702128548962426,0,1,1,1,31.0,BRCA1
1,3.2702128548962426,0,1,1,1,31.0,BRCA1
1,3.2702128548962426,0,1,1,1,31.0,BRCA1
1,3.2702128548962426,0,1,1,1,31.0,BRCA1
1,2.832508912706236,1,1,1,1,33.0,TP63
0,3.06595298031387,0,2,1,1,33.0,TSC1
1,3.06595298031387,0,1,1,1,33.0,TSC1
0,3.485153349903652,1,3,1,0,33.0,ATM
0,3.256958152560932,0,1,1,1,30.0,TSC2
1,3.256958152560932,0,1,1,1,31.0,TSC2
0,3.4531653925258574,1,1,1,0,29.0,NF1
1,2.967547976218862,1,1,1,1,28.0,RB1
1,2.3283796034387376,1,2,1,1,33.0,VHL
1,2.6053050461411096,1,2,1,1,33.0,PTEN
1,2.6053050461411096,1,2,1,1,32.0,PTEN
1,2.6053050461411096,1,2,1,1,32.0,PTEN
1,2.6053050461411096,1,2,1,1,33.0,PTEN
1,2.6053050461411096,1,1,1,1,34.0,PTEN
1,2.967547976218862,1,1,1,1,28.0,RB1
1,3.256958152560932,1,1,1,1,33.0,TSC2
0,3.4531653925258574,1,2,1,0,31.0,NF1
0,3.4531653925258574,1,1,1,0,28.0,NF1
0,3.4531653925258574,1,2,1,0,33.0,NF1
0,3.4531653925258574,1,2,1,0,32.0,NF1
0,3.4531653925258574,1,2,1,0,32.0,NF1
0,3.4531653925258574,1,2,1,0,33.0,NF1
0,3.4531653925258574,1,1,1,0,29.0,NF1
0,3.4531653925258574,1,2,1,0,33.0,NF1
1,3.2702128548962426,1,2,1,1,33.0,BRCA1
1,2.5943925503754266,1,1,1,1,31.0,TP53
1,2.3283796034387376,1,2,1,1,34.0,VHL
1,2.832508912706236,1,2,1,1,29.0,TP63
1,2.832508912706236,1,2,1,1,30.0,TP63
1,3.04688519083771,1,2,0,1,32.0,RET
0,3.4531653925258574,1,2,1,0,33.0,NF1
0,3.4531653925258574,1,2,1,0,32.0,NF1
0,3.4531653925258574,1,2,1,0,33.0,NF1
0,3.4531653925258574,1,2,1,0,31.0,NF1
0,3.4531653925258574,1,1,1,0,31.0,NF1
1,2.832508912706236,0,1,1,1,28.0,TP63
0,2.6364878963533656,0,2,1,1,32.0,STK11
1,3.0827853703164503,0,2,0,1,34.0,EGFR
1,2.967547976218862,0,2,1,1,33.0,RB1
0,3.098643725817057,0,1,0,1,33.0,ERBB2
0,3.098643725817057,0,1,0,1,33.0,ERBB2
0,2.884228769632604,1,1,0,1,30.0,BRAF
1,2.6665179805548807,0,2,0,1,34.0,MYCN
0,3.533772058384718,0,2,1,0,34.0,BRCA2
0,3.098643725817057,0,2,0,1,33.0,ERBB2
1,3.2702128548962426,0,1,1,1,34.0,BRCA1
1,2.5943925503754266,0,3,1,1,29.0,TP53
0,3.533772058384718,0,1,1,0,31.0,BRCA2
1,2.6053050461411096,1,0,1,1,32.0,PTEN
0,3.533772058384718,0,2,1,0,33.0,BRCA2
0,3.2702128548962426,0,1,1,1,31.0,BRCA1
1,2.6053050461411096,1,2,1,1,32.0,PTEN
0,2.832508912706236,1,1,1,1,29.0,TP63
0,3.098643725817057,1,0,0,1,32.0,ERBB2
0,3.4531653925258574,1,1,1,0,27.0,NF1
0,2.884228769632604,1,1,0,1,27.0,BRAF
1,2.6053050461411096,1,1,1,1,28.0,PTEN
1,2.2764618041732443,1,1,0,1,29.0,HRAS
0,3.4531653925258574,1,2,1,0,33.0,NF1
0,3.485153349903652,1,1,1,0,32.0,ATM
1,2.3283796034387376,1,2,1,1,32.0,VHL
1,2.6053050461411096,1,1,1,1,27.0,PTEN
0,3.4531653925258574,1,2,1,0,33.0,NF1
1,3.2702128548962426,0,1,1,1,31.0,BRCA1
0,2.884228769632604,1,1,0,1,27.0,BRAF
0,2.1931245983544616,1,1,1,1,27.0,CDKN2A
0,3.4531653925258574,1,2,1,0,33.0,NF1
0,3.4537768596904423,0,2,1,0,29.0,APC
0,3.533772058384718,0,2,1,0,33.0,BRCA2
0,3.256958152560932,1,1,1,1,31.0,TSC2
0,3.2702128548962426,0,0,1,1,32.0,BRCA1
1,3.2702128548962426,0,1,1,1,31.0,BRCA1
0,3.533772058384718,0,1,1,0,31.0,BRCA2
1,2.832508912706236,0,2,1,1,33.0,TP63
1,2.3283796034387376,1,1,1,1,31.0,VHL
0,3.533772058384718,0,1,1,0,31.0,BRCA2
1,2.832508912706236,1,1,1,1,29.0,TP63
0,2.884228769632604,1,1,0,1,32.0,BRAF
1,2.884228769632604,1,2,0,1,33.0,BRAF
0,2.884228769632604,1,1,0,1,33.0,BRAF
1,2.884228769632604,1,2,0,1,32.0,BRAF
1,3.2702128548962426,0,1,1,1,30.0,BRCA1
1,2.884228769632604,1,1,0,1,33.0,BRAF
1,2.3283796034387376,1,0,1,1,29.0,VHL
0,3.4531653925258574,1,2,1,0,33.0,NF1
0,3.533772058384718,0,0,1,0,30.0,BRCA2
0,3.4531653925258574,1,2,1,0,33.0,NF1
1,2.6053050461411096,1,3,1,1,33.0,PTEN
1,2.832508912706236,1,1,1,1,30.0,TP63
1,2.832508912706236,1,0,1,1,27.0,TP63
1,3.256958152560932,1,1,1,1,29.0,TSC2
1,2.5943925503754266,1,2,1,1,34.0,TP53
0,3.4531653925258574,1,1,1,0,33.0,NF1
0,3.4531653925258574,1,1,1,0,29.0,NF1
0,3.256958152560932,0,1,1,1,30.0,TSC2
1,2.832508912706236,1,1,1,1,30.0,TP63
0,3.4531653925258574,1,1,1,0,32.0,NF1
0,3.256958152560932,0,1,1,1,30.0,TSC2
1,3.256958152560932,0,1,1,1,31.0,TSC2
0,3.4531653925258574,1,1,1,0,29.0,NF1
1,3.256958152560932,0,1,1,1,33.0,TSC2
1,2.3283796034387376,1,1,1,1,29.0,VHL
0,3.4531653925258574,1,2,1,0,33.0,NF1
1,2.832508912706236,1,1,1,1,30.0,TP63
1,3.256958152560932,0,1,1,1,32.0,TSC2
0,2.3283796034387376,1,2,1,1,32.0,VHL
0,3.485153349903652,1,1,1,0,28.0,ATM
1,3.06595298031387,0,1,1,1,32.0,TSC1
0,3.4531653925258574,1,2,1,0,33.0,NF1
0,3.533772058384718,1,1,1,0,30.0,BRCA2
0,3.4531653925258574,1,1,1,0,33.0,NF1
0,3.256958152560932,1,2,1,1,33.0,TSC2
1,3.256958152560932,1,2,1,1,34.0,TSC2
1,2.6053050461411096,1,2,1,1,32.0,PTEN
1,3.06595298031387,0,1,1,1,33.0,TSC1
1,3.06595298031387,0,1,1,1,32.0,TSC1
0,3.4531653925258574,1,1,1,0,29.0,NF1
0,3.4537768596904423,1,3,1,0,31.0,APC
1,2.832508912706236,1,1,1,1,29.0,TP63
0,3.4531653925258574,1,1,1,0,29.0,NF1
0,3.485153349903652,1,1,1,0,29.0,ATM
1,3.256958152560932,1,1,1,1,32.0,TSC2
1,2.6053050461411096,1,3,1,1,32.0,PTEN
0,3.4531653925258574,1,1,1,0,32.0,NF1
0,3.4531653925258574,1,2,1,0,32.0,NF1
0,3.4531653925258574,1,2,1,0,33.0,NF1
0,3.4531653925258574,1,2,1,0,31.0,NF1
0,3.4531653925258574,1,1,1,0,33.0,NF1
0,3.4531653925258574,1,2,1,0,32.0,NF1
1,3.256958152560932,0,1,1,1,32.0,TSC2
0,3.256958152560932,0,1,1,1,30.0,TSC2
1,2.6364878963533656,1,2,1,1,33.0,STK11
1,3.256958152560932,1,1,1,1,31.0,TSC2
0,3.4531653925258574,1,1,1,0,33.0,NF1
0,3.533772058384718,1,1,1,0,30.0,BRCA2
1,3.256958152560932,0,1,1,1,30.0,TSC2
0,3.4531653925258574,1,2,1,0,33.0,NF1
0,3.4531653925258574,1,1,1,0,32.0,NF1
1,3.256958152560932,0,1,1,1,30.0,TSC2
0,3.485153349903652,1,1,1,0,32.0,ATM
0,3.485153349903652,1,2,1,0,33.0,ATM
0,3.4531653925258574,1,2,1,0,33.0,NF1
0,3.4531653925258574,1,2,1,0,31.0,NF1
1,2.6053050461411096,1,2,1,1,34.0,PTEN
0,3.4531653925258574,1,2,1,0,32.0,NF1
0,3.256958152560932,1,1,1,1,29.0,TSC2
0,3.4531653925258574,1,2,1,0,33.0,NF1
1,2.6053050461411096,1,1,1,1,29.0,PTEN
1,3.256958152560932,1,1,1,1,32.0,TSC2
0,2.5943925503754266,1,2,1,1,33.0,TP53
0,3.533772058384718,1,2,1,0,34.0,BRCA2
0,3.4531653925258574,1,1,1,0,33.0,NF1
0,3.4531653925258574,1,2,1,0,32.0,NF1
0,3.4531653925258574,1,1,1,0,29.0,NF1
1,2.967547976218862,0,2,1,1,32.0,RB1
0,3.4531653925258574,1,1,1,0,29.0,NF1
1,2.6053050461411096,1,2,1,1,33.0,PTEN
1,3.256958152560932,0,1,1,1,33.0,TSC2
0,3.4531653925258574,1,1,1,0,33.0,NF1
1,2.832508912706236,1,1,1,1,29.0,TP63
0,3.4531653925258574,1,2,1,0,33.0,NF1
0,3.4531653925258574,1,1,1,0,29.0,NF1
0,3.4531653925258574,0,1,1,0,33.0,NF1
0,3.485153349903652,1,1,1,0,29.0,ATM
1,3.256958152560932,0,1,1,1,30.0,TSC2
1,3.256958152560932,0,1,1,1,34.0,TSC2
1,3.256958152560932,1,1,1,1,30.0,TSC2
1,3.256958152560932,0,1,1,1,30.0,TSC2
1,2.832508912706236,1,2,1,1,31.0,TP63
1,3.256958152560932,0,2,1,1,32.0,TSC2
0,3.533772058384718,0,2,1,0,33.0,BRCA2
1,2.832508912706236,0,1,1,1,30.0,TP63
0,3.2095150145426308,0,2,0,1,33.0,ALK
1,2.2764618041732443,0,1,0,1,30.0,HRAS
0,3.533772058384718,0,2,1,0,33.0,BRCA2
0,2.832508912706236,0,2,1,1,32.0,TP63
0,3.485153349903652,0,1,1,0,34.0,ATM
1,2.832508912706236,1,0,1,1,31.0,TP63
1,2.832508912706236,1,0,1,1,31.0,TP63
1,2.967547976218862,1,1,1,1,30.0,RB1
0,2.6522463410033232,1,1,1,1,27.0,WT1
1,2.6665179805548807,1,1,0,1,31.0,MYCN
0,3.485153349903652,0,1,1,0,30.0,ATM
0,3.485153349903652,0,1,1,0,30.0,ATM
1,2.6665179805548807,1,1,0,1,29.0,MYCN
0,3.2702128548962426,0,1,1,1,30.0,BRCA1
0,3.533772058384718,0,1,1,0,30.0,BRCA2
0,2.884228769632604,1,2,0,1,32.0,BRAF
1,2.6053050461411096,1,1,1,1,30.0,PTEN
0,2.6522463410033232,0,1,1,1,30.0,WT1
0,3.4531653925258574,1,2,1,0,31.0,NF1
0,3.533772058384718,0,1,1,0,31.0,BRCA2
1,3.2702128548962426,0,1,1,1,33.0,BRCA1
0,3.533772058384718,0,1,1,0,31.0,BRCA2
1,2.3283796034387376,1,1,1,1,29.0,VHL
1,2.6053050461411096,1,3,1,1,32.0,PTEN
0,3.4531653925258574,1,1,1,0,33.0,NF1
1,3.256958152560932,1,2,1,1,32.0,TSC2
0,3.4537768596904423,1,1,1,0,33.0,APC
1,2.967547976218862,1,1,1,1,28.0,RB1
0,3.4531653925258574,1,1,1,0,30.0,NF1
1,3.256958152560932,1,1,1,1,30.0,TSC2
0,3.256958152560932,1,1,1,1,30.0,TSC2
1,2.6053050461411096,1,1,1,1,30.0,PTEN
0,3.4531653925258574,1,2,1,0,32.0,NF1
0,3.4531653925258574,1,2,1,0,33.0,NF1
0,3.4531653925258574,1,1,1,0,30.0,NF1
0,3.4531653925258574,1,1,1,0,30.0,NF1
0,3.4531653925258574,1,1,1,0,32.0,NF1
0,3.4531653925258574,1,2,1,0,32.0,NF1
0,3.4531653925258574,1,1,1,0,30.0,NF1
0,3.4531653925258574,1,1,1,0,30.0,NF1
0,3.2095150145426308,1,0,0,1,32.0,ALK
0,3.4531653925258574,1,2,1,0,34.0,NF1
1,2.6053050461411096,1,2,1,1,31.0,PTEN
0,2.6522463410033232,1,1,1,1,30.0,WT1
0,3.4531653925258574,1,2,1,0,33.0,NF1
0,3.2702128548962426,0,2,1,1,32.0,BRCA1
0,3.533772058384718,0,1,1,0,32.0,BRCA2
0,3.4531653925258574,1,2,1,0,31.0,NF1
0,3.2702128548962426,0,2,1,1,32.0,BRCA1
1,3.06595298031387,1,1,1,1,29.0,TSC1
0,3.533772058384718,0,2,1,0,32.0,BRCA2
0,3.256958152560932,1,1,1,1,30.0,TSC2
1,2.832508912706236,1,1,1,1,30.0,TP63
1,2.6364878963533656,1,1,1,1,33.0,STK11
1,2.9894498176666917,1,1,0,1,30.0,KIT
1,3.2702128548962426,0,1,1,1,29.0,BRCA1
1,3.2702128548962426,0,2,1,1,31.0,BRCA1
1,2.6053050461411096,1,2,1,1,33.0,PTEN
0,3.485153349903652,0,1,1,0,32.0,ATM
0,2.3283796034387376,1,2,1,1,32.0,VHL
1,2.6053050461411096,1,2,1,1,33.0,PTEN
0,3.533772058384718,0,2,1,0,32.0,BRCA2
1,2.5943925503754266,0,1,1,1,33.0,TP53
0,3.143014800254095,0,1,0,1,33.0,MET
1,2.3283796034387376,1,2,1,1,33.0,VHL
0,3.4531653925258574,1,2,1,0,32.0,NF1
1,2.5943925503754266,0,1,1,1,29.0,TP53
0,2.5943925503754266,0,1,1,1,30.0,TP53
1,2.5943925503754266,0,3,1,1,34.0,TP53
1,2.6364878963533656,0,1,1,1,30.0,STK11
0,2.9894498176666917,0,1,0,1,33.0,KIT
1,3.256958152560932,0,1,1,1,29.0,TSC2
1,3.256958152560932,1,1,1,1,27.0,TSC2
0,3.4531653925258574,1,2,1,0,33.0,NF1
1,2.6053050461411096,1,1,1,1,30.0,PTEN
1,3.256958152560932,0,1,1,1,33.0,TSC2
0,3.2702128548962426,0,2,1,1,31.0,BRCA1
1,3.256958152560932,0,1,1,1,28.0,TSC2
0,3.4537768596904423,0,1,1,0,33.0,APC
1,3.2702128548962426,0,2,1,1,33.0,BRCA1
0,3.4531653925258574,1,2,1,0,31.0,NF1
0,3.256958152560932,0,1,1,1,29.0,TSC2
1,3.143014800254095,0,1,0,1,34.0,MET
1,2.3283796034387376,0,1,1,1,34.0,VHL
0,3.4531653925258574,0,1,1,0,32.0,NF1
0,3.485153349903652,0,1,1,0,29.0,ATM
0,3.533772058384718,0,2,1,0,31.0,BRCA2
0,3.4531653925258574,1,1,1,0,32.0,NF1
0,3.485153349903652,0,1,1,0,32.0,ATM
1,3.256958152560932,0,1,1,1,30.0,TSC2
1,2.6053050461411096,1,1,1,1,34.0,PTEN
1,2.5943925503754266,1,1,1,1,30.0,TP53
0,3.4537768596904423,0,1,1,0,29.0,APC
0,3.485153349903652,0,1,1,0,32.0,ATM
0,3.4537768596904423,0,1,1,0,23.0,APC
0,3.533772058384718,0,2,1,0,31.0,BRCA2
0,3.2095150145426308,0,1,0,1,30.0,ALK
0,3.533772058384718,0,1,1,0,25.0,BRCA2
1,2.5943925503754266,1,2,1,1,33.0,TP53
0,3.2095150145426308,0,1,0,1,33.0,ALK
0,3.533772058384718,0,2,1,0,31.0,BRCA2
0,3.4531653925258574,1,2,1,0,32.0,NF1
1,2.3283796034387376,1,1,1,1,30.0,VHL
1,2.5943925503754266,1,1,1,1,28.0,TP53
1,3.256958152560932,1,1,1,1,26.0,TSC2
0,3.485153349903652,1,1,1,0,30.0,ATM
1,2.5943925503754266,0,1,1,1,29.0,TP53
0,3.485153349903652,0,1,1,0,32.0,ATM
1,2.967547976218862,0,1,1,1,33.0,RB1
0,3.485153349903652,0,1,1,0,28.0,ATM
1,2.6053050461411096,1,1,1,1,30.0,PTEN
1,2.6364878963533656,1,1,1,1,28.0,STK11
0,3.485153349903652,0,1,1,0,32.0,ATM
0,2.5943925503754266,0,1,1,1,30.0,TP53
0,3.533772058384718,0,1,1,0,27.0,BRCA2
0,3.4537768596904423,0,1,1,0,32.0,APC
0,3.485153349903652,0,1,1,0,33.0,ATM
0,3.533772058384718,0,2,1,0,31.0,BRCA2
0,3.533772058384718,0,2,1,0,33.0,BRCA2
0,3.485153349903652,0,1,1,0,32.0,ATM
0,3.485153349903652,0,1,1,0,27.0,ATM
0,3.533772058384718,0,1,1,0,33.0,BRCA2
1,2.5943925503754266,1,3,1,1,34.0,TP53
1,3.143014800254095,0,1,0,1,32.0,MET
1,2.5943925503754266,1,2,1,1,31.0,TP53
0,3.533772058384718,0,1,1,0,33.0,BRCA2
0,3.533772058384718,0,1,1,0,33.0,BRCA2
0,3.533772058384718,0,1,1,0,33.0,BRCA2
0,3.533772058384718,0,1,1,0,33.0,BRCA2
0,3.533772058384718,0,1,1,0,33.0,BRCA2
0,3.533772058384718,0,1,1,0,33.0,BRCA2
0,3.533772058384718,0,1,1,0,33.0,BRCA2
1,2.5943925503754266,0,1,1,1,28.0,TP53
0,3.533772058384718,0,2,1,0,31.0,BRCA2
0,3.533772058384718,0,1,1,0,29.0,BRCA2
0,3.533772058384718,0,1,1,0,33.0,BRCA2
0,3.533772058384718,0,1,1,0,33.0,BRCA2
1,2.5943925503754266,0,1,1,1,33.0,TP53
0,3.533772058384718,0,1,1,0,28.0,BRCA2
0,3.533772058384718,0,1,1,0,33.0,BRCA2
0,3.533772058384718,0,1,1,0,33.0,BRCA2
0,3.533772058384718,0,1,1,0,31.0,BRCA2
0,3.533772058384718,0,1,1,0,33.0,BRCA2
0,3.533772058384718,0,1,1,0,33.0,BRCA2
0,3.533772058384718,0,1,1,0,33.0,BRCA2
0,3.533772058384718,0,1,1,0,33.0,BRCA2
0,3.533772058384718,0,1,1,0,33.0,BRCA2
0,3.2095150145426308,0,1,0,1,33.0,ALK
0,3.533772058384718,0,1,1,0,33.0,BRCA2
0,3.533772058384718,0,1,1,0,33.0,BRCA2
0,3.2095150145426308,0,1,0,1,33.0,ALK
0,3.485153349903652,1,2,1,0,33.0,ATM
0,3.04688519083771,0,1,0,1,28.0,RET
0,3.485153349903652,0,1,1,0,30.0,ATM
0,3.533772058384718,0,1,1,0,34.0,BRCA2
0,3.533772058384718,0,1,1,0,33.0,BRCA2
0,3.533772058384718,0,1,1,0,33.0,BRCA2
0,3.533772058384718,0,1,1,0,33.0,BRCA2
0,3.533772058384718,0,1,1,0,33.0,BRCA2
0,3.533772058384718,0,1,1,0,33.0,BRCA2
0,3.4531653925258574,0,1,1,0,32.0,NF1
0,3.533772058384718,0,1,1,0,33.0,BRCA2
1,2.5943925503754266,0,1,1,1,22.0,TP53
0,3.533772058384718,0,1,1,0,33.0,BRCA2
1,3.04688519083771,0,1,0,1,33.0,RET
0,2.5943925503754266,0,1,1,1,30.0,TP53
0,3.533772058384718,0,1,1,0,29.0,BRCA2
0,3.533772058384718,0,1,1,0,32.0,BRCA2
0,3.533772058384718,0,1,1,0,29.0,BRCA2
0,3.485153349903652,1,1,1,0,30.0,ATM
1,3.143014800254095,0,1,0,1,30.0,MET
0,3.533772058384718,0,1,1,0,33.0,BRCA2
0,3.4537768596904423,0,1,1,0,28.0,APC
0,3.533772058384718,0,1,1,0,33.0,BRCA2
0,3.485153349903652,0,1,1,0,29.0,ATM
0,3.533772058384718,0,1,1,0,33.0,BRCA2
0,3.533772058384718,0,1,1,0,33.0,BRCA2
0,3.533772058384718,0,1,1,0,33.0,BRCA2
0,3.533772058384718,0,1,1,0,33.0,BRCA2
0,3.533772058384718,0,1,1,0,33.0,BRCA2
1,2.5943925503754266,0,1,1,1,30.0,TP53
0,3.533772058384718,0,1,1,0,33.0,BRCA2
0,3.533772058384718,0,1,1,0,33.0,BRCA2
0,3.533772058384718,0,1,1,0,33.0,BRCA2
1,2.5943925503754266,1,1,1,1,30.0,TP53
0,3.533772058384718,0,1,1,0,33.0,BRCA2
0,3.485153349903652,0,1,1,0,33.0,ATM
0,3.533772058384718,0,1,1,0,29.0,BRCA2
1,3.143014800254095,0,1,0,1,33.0,MET
1,3.04688519083771,1,2,0,1,34.0,RET
0,3.2095150145426308,0,1,0,1,33.0,ALK
1,3.06595298031387,0,2,1,1,33.0,TSC1
1,2.5943925503754266,0,1,1,1,28.0,TP53
1,3.143014800254095,0,1,0,1,33.0,MET
0,3.4531653925258574,1,2,1,0,32.0,NF1
1,2.5943925503754266,0,1,1,1,29.0,TP53
1,3.04688519083771,0,1,0,1,29.0,RET
1,3.143014800254095,0,1,0,1,32.0,MET
1,3.2702128548962426,0,2,1,1,31.0,BRCA1
1,3.04688519083771,0,1,0,1,30.0,RET
0,3.2095150145426308,0,1,0,1,32.0,ALK
1,3.143014800254095,0,1,0,1,33.0,MET
0,2.1931245983544616,0,1,1,1,30.0,CDKN2A
1,2.5943925503754266,0,1,1,1,29.0,TP53
1,3.04688519083771,0,1,0,1,29.0,RET
1,2.9894498176666917,0,1,0,1,33.0,KIT
0,2.967547976218862,1,2,1,1,32.0,RB1
0,2.967547976218862,0,1,1,1,32.0,RB1
0,3.4531653925258574,0,1,1,0,32.0,NF1
1,3.06595298031387,0,1,1,1,32.0,TSC1
1,2.6053050461411096,1,1,1,1,32.0,PTEN
1,2.967547976218862,0,1,1,1,33.0,RB1
1,2.5943925503754266,0,1,1,1,30.0,TP53
1,2.5943925503754266,0,1,1,1,29.0,TP53
0,3.4531653925258574,0,1,1,0,33.0,NF1
0,3.485153349903652,0,1,1,0,30.0,ATM
1,2.5943925503754266,0,1,1,1,30.0,TP53
1,3.04688519083771,0,1,0,1,29.0,RET
1,2.3283796034387376,1,1,1,1,29.0,VHL
1,3.06595298031387,0,1,1,1,29.0,TSC1
0,3.2095150145426308,0,1,0,1,30.0,ALK
0,2.1931245983544616,1,2,1,1,32.0,CDKN2A
0,3.533772058384718,0,2,1,0,31.0,BRCA2
0,3.2095150145426308,0,1,0,1,33.0,ALK
0,3.533772058384718,0,2,1,0,31.0,BRCA2
0,3.533772058384718,0,2,1,0,31.0,BRCA2
0,3.533772058384718,0,1,1,0,32.0,BRCA2
0,3.533772058384718,0,2,1,0,31.0,BRCA2
1,3.2702128548962426,0,2,1,1,31.0,BRCA1
1,3.2702128548962426,0,2,1,1,31.0,BRCA1
1,3.143014800254095,0,1,0,1,33.0,MET
0,3.2095150145426308,0,1,0,1,33.0,ALK
0,3.533772058384718,0,2,1,0,33.0,BRCA2
1,2.5943925503754266,0,1,1,1,28.0,TP53
1,2.6053050461411096,1,1,1,1,31.0,PTEN
0,3.143014800254095,0,1,0,1,32.0,MET
1,3.256958152560932,1,2,1,1,34.0,TSC2
0,3.2702128548962426,0,2,1,1,31.0,BRCA1
0,3.4537768596904423,0,1,1,0,30.0,APC
0,3.4537768596904423,0,1,1,0,31.0,APC
1,3.2702128548962426,0,2,1,1,31.0,BRCA1
1,2.3283796034387376,1,1,1,1,30.0,VHL
1,2.3283796034387376,1,2,1,1,31.0,VHL
0,2.5943925503754266,0,1,1,1,29.0,TP53
1,3.04688519083771,1,1,0,1,30.0,RET
1,3.256958152560932,1,1,1,1,30.0,TSC2
1,2.6053050461411096,1,1,1,1,30.0,PTEN
1,2.6053050461411096,1,1,1,1,30.0,PTEN
1,2.2764618041732443,1,2,0,1,32.0,HRAS
0,3.4531653925258574,1,2,1,0,33.0,NF1
0,3.4531653925258574,1,1,1,0,30.0,NF1
0,2.1931245983544616,1,1,1,1,30.0,CDKN2A
0,2.6522463410033232,1,1,1,1,30.0,WT1
0,2.884228769632604,0,1,0,1,30.0,BRAF
1,3.06595298031387,0,1,1,1,31.0,TSC1
0,3.4531653925258574,0,2,1,0,31.0,NF1
0,3.4531653925258574,1,2,1,0,33.0,NF1
1,3.256958152560932,1,1,1,1,30.0,TSC2
0,3.4531653925258574,1,1,1,0,33.0,NF1
0,3.4531653925258574,1,1,1,0,32.0,NF1
0,3.4531653925258574,1,1,1,0,30.0,NF1
1,3.256958152560932,0,1,1,1,33.0,TSC2
0,2.3283796034387376,1,1,1,1,29.0,VHL
0,2.3283796034387376,1,1,1,1,30.0,VHL
0,3.4531653925258574,1,2,1,0,33.0,NF1
0,3.4531653925258574,1,1,1,0,30.0,NF1
0,3.485153349903652,1,2,1,0,33.0,ATM
1,2.832508912706236,0,1,1,1,30.0,TP63
1,3.06595298031387,0,1,1,1,33.0,TSC1
1,3.06595298031387,0,1,1,1,30.0,TSC1
1,2.6053050461411096,1,1,1,1,30.0,PTEN
0,3.485153349903652,1,1,1,0,30.0,ATM
0,3.485153349903652,1,1,1,0,30.0,ATM
0,3.533772058384718,0,1,1,0,33.0,BRCA2
0,3.533772058384718,0,2,1,0,31.0,BRCA2
0,2.832508912706236,0,1,1,1,30.0,TP63
1,2.832508912706236,1,1,1,1,30.0,TP63
0,3.4531653925258574,1,2,1,0,33.0,NF1
0,2.2764618041732443,0,1,0,1,30.0,HRAS
0,3.4531653925258574,1,1,1,0,30.0,NF1
0,3.4531653925258574,1,1,1,0,31.0,NF1
0,3.4531653925258574,1,1,1,0,33.0,NF1
0,3.4531653925258574,1,1,1,0,30.0,NF1
1,3.256958152560932,1,1,1,1,30.0,TSC2
1,2.832508912706236,1,1,1,1,30.0,TP63
0,3.4531653925258574,1,2,1,0,33.0,NF1
1,2.3283796034387376,1,1,1,1,29.0,VHL
1,3.256958152560932,0,1,1,1,33.0,TSC2
0,3.4531653925258574,1,1,1,0,33.0,NF1
1,3.256958152560932,1,1,1,1,30.0,TSC2
0,3.256958152560932,0,1,1,1,30.0,TSC2
0,3.4531653925258574,0,1,1,0,30.0,NF1
0,3.533772058384718,1,1,1,0,30.0,BRCA2
1,3.256958152560932,1,1,1,1,29.0,TSC2
1,3.256958152560932,0,1,1,1,30.0,TSC2
1,3.256958152560932,0,1,1,1,30.0,TSC2
0,3.256958152560932,1,1,1,1,30.0,TSC2
1,2.832508912706236,1,1,1,1,30.0,TP63
0,3.485153349903652,1,2,1,0,33.0,ATM
0,3.4531653925258574,1,1,1,0,33.0,NF1
0,3.4531653925258574,1,2,1,0,31.0,NF1
0,3.256958152560932,0,1,1,1,30.0,TSC2
0,3.4531653925258574,1,1,1,0,30.0,NF1
0,3.533772058384718,1,2,1,0,30.0,BRCA2
0,3.4531653925258574,1,2,1,0,34.0,NF1
0,2.3283796034387376,1,1,1,1,30.0,VHL
1,3.256958152560932,0,1,1,1,31.0,TSC2
0,3.4531653925258574,1,1,1,0,30.0,NF1
0,3.4531653925258574,1,2,1,0,33.0,NF1
0,3.4531653925258574,1,1,1,0,30.0,NF1
1,3.256958152560932,1,1,1,1,30.0,TSC2
1,3.256958152560932,1,1,1,1,33.0,TSC2
0,3.4531653925258574,1,1,1,0,31.0,NF1
1,3.256958152560932,0,1,1,1,30.0,TSC2
1,2.5943925503754266,1,1,1,1,32.0,TP53
0,3.4531653925258574,1,1,1,0,32.0,NF1
0,3.485153349903652,0,1,1,0,34.0,ATM
0,3.256958152560932,0,1,1,1,30.0,TSC2
1,3.04688519083771,1,1,0,1,30.0,RET
1,3.2702128548962426,1,1,1,1,30.0,BRCA1
0,3.533772058384718,1,1,1,0,33.0,BRCA2
1,2.832508912706236,1,1,1,1,31.0,TP63
1,2.6053050461411096,1,1,1,1,30.0,PTEN
0,2.6522463410033232,1,1,1,1,30.0,WT1
1,3.04688519083771,1,2,0,1,31.0,RET
0,3.533772058384718,0,1,1,0,31.0,BRCA2
1,2.6665179805548807,1,1,0,1,28.0,MYCN
1,3.256958152560932,0,1,1,1,30.0,TSC2
0,3.2095150145426308,0,1,0,1,30.0,ALK
0,2.6522463410033232,0,1,1,1,30.0,WT1
0,3.4537768596904423,0,1,1,0,33.0,APC
0,3.4531653925258574,0,1,1,0,30.0,NF1
1,3.0827853703164503,0,1,0,1,30.0,EGFR
0,3.485153349903652,0,1,1,0,30.0,ATM
0,3.2702128548962426,0,1,1,1,30.0,BRCA1
0,3.0827853703164503,0,1,0,1,30.0,EGFR
0,3.2095150145426308,0,1,0,1,30.0,ALK
1,3.256958152560932,1,1,1,1,30.0,TSC2
0,3.4537768596904423,1,1,1,0,30.0,APC
0,3.485153349903652,1,1,1,0,30.0,ATM
0,2.6522463410033232,1,1,1,1,30.0,WT1
1,3.0827853703164503,1,1,0,1,30.0,EGFR
0,3.4537768596904423,1,1,1,0,30.0,APC
0,3.4531653925258574,0,1,1,0,30.0,NF1
1,3.04688519083771,1,1,0,1,30.0,RET
0,2.6522463410033232,0,1,1,1,30.0,WT1
1,3.2702128548962426,1,1,1,1,30.0,BRCA1
0,3.2095150145426308,1,1,0,1,30.0,ALK
1,2.5943925503754266,1,0,1,1,32.0,TP53
1,3.143014800254095,0,1,0,1,30.0,MET
0,2.1931245983544616,1,1,1,1,31.0,CDKN2A
0,2.5943925503754266,0,1,1,1,30.0,TP53
1,2.5943925503754266,1,1,1,1,30.0,TP53
1,2.5943925503754266,0,1,1,1,31.0,TP53
1,2.5943925503754266,0,1,1,1,31.0,TP53
1,2.5943925503754266,0,1,1,1,31.0,TP53
1,2.5943925503754266,0,1,1,1,31.0,TP53
0,3.4531653925258574,1,2,1,0,32.0,NF1
0,3.4531653925258574,0,1,1,0,31.0,NF1
0,3.485153349903652,1,1,1,0,30.0,ATM
0,3.485153349903652,0,1,1,0,31.0,ATM
1,3.256958152560932,0,1,1,1,31.0,TSC2
0,2.3283796034387376,1,1,1,1,30.0,VHL
0,2.6364878963533656,0,1,1,1,31.0,STK11
1,3.06595298031387,1,1,1,1,31.0,TSC1
0,3.533772058384718,0,1,1,0,30.0,BRCA2
0,3.533772058384718,0,1,1,0,33.0,BRCA2
0,3.533772058384718,0,1,1,0,31.0,BRCA2
0,3.533772058384718,0,1,1,0,33.0,BRCA2
0,3.533772058384718,0,1,1,0,33.0,BRCA2
1,3.143014800254095,0,1,0,1,30.0,MET
1,3.143014800254095,0,1,0,1,33.0,MET
0,3.143014800254095,0,1,0,1,33.0,MET
0,3.533772058384718,0,1,1,0,33.0,BRCA2
0,3.485153349903652,0,1,1,0,31.0,ATM
1,2.6053050461411096,1,2,1,1,31.0,PTEN
1,2.6053050461411096,1,1,1,1,31.0,PTEN
1,2.832508912706236,1,1,1,1,32.0,TP63
1,2.6053050461411096,1,2,1,1,32.0,PTEN
1,2.6053050461411096,1,1,1,1,31.0,PTEN
1,2.5943925503754266,1,0,1,1,32.0,TP53
1,3.256958152560932,1,1,1,1,31.0,TSC2
0,2.6522463410033232,1,2,1,1,32.0,WT1
1,2.5943925503754266,1,0,1,1,32.0,TP53
0,3.4531653925258574,0,1,1,0,32.0,NF1
1,2.6364878963533656,1,2,1,1,33.0,STK11
1,3.256958152560932,1,1,1,1,30.0,TSC2
1,2.6665179805548807,1,1,0,1,26.0,MYCN
0,3.4531653925258574,1,2,1,0,32.0,NF1
1,2.6665179805548807,0,2,0,1,34.0,MYCN
1,2.6665179805548807,0,1,0,1,31.0,MYCN
0,3.533772058384718,1,1,1,0,31.0,BRCA2
1,2.3283796034387376,1,2,1,1,34.0,VHL
0,3.2095150145426308,0,1,0,1,33.0,ALK
0,3.4537768596904423,0,1,1,0,31.0,APC
1,2.6053050461411096,1,1,1,1,32.0,PTEN
1,2.6053050461411096,1,1,1,1,34.0,PTEN
0,3.533772058384718,0,1,1,0,33.0,BRCA2
0,3.533772058384718,0,1,1,0,33.0,BRCA2
0,3.533772058384718,0,1,1,0,33.0,BRCA2
0,3.533772058384718,0,1,1,0,33.0,BRCA2
0,3.533772058384718,0,1,1,0,33.0,BRCA2
0,3.533772058384718,0,1,1,0,33.0,BRCA2
0,3.533772058384718,0,1,1,0,33.0,BRCA2
0,3.533772058384718,0,1,1,0,31.0,BRCA2
1,3.143014800254095,0,1,0,1,31.0,MET
0,2.1931245983544616,0,1,1,1,33.0,CDKN2A
0,3.4537768596904423,0,1,1,0,31.0,APC
1,3.256958152560932,1,2,1,1,33.0,TSC2
1,2.3283796034387376,1,1,1,1,31.0,VHL
0,3.2095150145426308,0,1,0,1,31.0,ALK
0,3.485153349903652,0,1,1,0,31.0,ATM
1,2.9894498176666917,0,1,0,1,31.0,KIT
1,3.04688519083771,0,1,0,1,31.0,RET
1,3.04688519083771,0,1,0,1,31.0,RET
1,3.256958152560932,1,1,1,1,31.0,TSC2
1,2.6053050461411096,1,2,1,1,32.0,PTEN
1,2.5943925503754266,1,0,1,1,32.0,TP53
1,2.5943925503754266,0,0,1,1,32.0,TP53
1,2.5943925503754266,0,0,1,1,32.0,TP53
0,3.4531653925258574,1,1,1,0,33.0,NF1
0,3.533772058384718,1,1,1,0,31.0,BRCA2
1,2.5943925503754266,1,0,1,1,32.0,TP53
1,2.5943925503754266,0,0,1,1,32.0,TP53
1,2.832508912706236,1,1,1,1,31.0,TP63
1,2.832508912706236,1,1,1,1,31.0,TP63
1,2.9894498176666917,1,1,0,1,31.0,KIT
0,3.098643725817057,1,0,0,1,32.0,ERBB2
0,3.098643725817057,1,0,0,1,32.0,ERBB2
1,3.0827853703164503,1,0,0,1,32.0,EGFR
1,3.0827853703164503,1,0,0,1,32.0,EGFR
1,3.0827853703164503,1,0,0,1,32.0,EGFR
1,3.0827853703164503,1,0,0,1,32.0,EGFR
0,3.098643725817057,1,0,0,1,32.0,ERBB2
0,3.098643725817057,1,0,0,1,32.0,ERBB2
0,2.6522463410033232,1,1,1,1,31.0,WT1
0,3.0827853703164503,1,0,0,1,32.0,EGFR
1,3.0827853703164503,1,0,0,1,32.0,EGFR
1,3.0827853703164503,1,0,0,1,32.0,EGFR
0,2.6522463410033232,1,1,1,1,31.0,WT1
1,2.967547976218862,0,1,1,1,31.0,RB1
0,3.2702128548962426,0,1,1,1,31.0,BRCA1
1,2.5943925503754266,0,1,1,1,31.0,TP53
0,2.5943925503754266,0,1,1,1,31.0,TP53
1,2.6364878963533656,1,1,1,1,33.0,STK11
0,3.2095150145426308,0,1,0,1,31.0,ALK
0,3.533772058384718,1,1,1,0,33.0,BRCA2
0,3.533772058384718,0,1,1,0,33.0,BRCA2
0,3.533772058384718,0,1,1,0,33.0,BRCA2
0,3.533772058384718,0,1,1,0,33.0,BRCA2
0,3.533772058384718,0,1,1,0,33.0,BRCA2
0,3.533772058384718,0,1,1,0,33.0,BRCA2
0,3.485153349903652,0,1,1,0,33.0,ATM
0,2.1931245983544616,1,2,1,1,33.0,CDKN2A
1,2.6053050461411096,1,1,1,1,31.0,PTEN
1,2.5943925503754266,1,2,1,1,33.0,TP53
1,2.3283796034387376,1,1,1,1,31.0,VHL
1,2.6053050461411096,1,2,1,1,33.0,PTEN
1,2.832508912706236,1,1,1,1,31.0,TP63
0,3.06595298031387,1,1,1,1,33.0,TSC1
0,3.4531653925258574,1,2,1,0,33.0,NF1
1,2.832508912706236,1,1,1,1,31.0,TP63
0,3.4531653925258574,1,1,1,0,31.0,NF1
0,2.6665179805548807,0,1,0,1,30.0,MYCN
0,2.6053050461411096,1,1,1,1,31.0,PTEN
1,2.5943925503754266,1,0,1,1,31.0,TP53
0,3.4531653925258574,1,1,1,0,32.0,NF1
1,2.6053050461411096,1,2,1,1,33.0,PTEN
1,2.6053050461411096,1,2,1,1,34.0,PTEN
1,2.6053050461411096,1,1,1,1,31.0,PTEN
1,2.6053050461411096,1,2,1,1,32.0,PTEN
1,2.9894498176666917,0,0,0,1,32.0,KIT
0,2.6522463410033232,1,1,1,1,31.0,WT1
0,2.6522463410033232,1,1,1,1,31.0,WT1
0,2.6522463410033232,1,1,1,1,31.0,WT1
1,2.5943925503754266,0,1,1,1,31.0,TP53
0,3.533772058384718,0,0,1,0,31.0,BRCA2
0,3.2702128548962426,0,0,1,1,31.0,BRCA1
1,3.2702128548962426,0,0,1,1,31.0,BRCA1
1,3.2702128548962426,0,0,1,1,31.0,BRCA1
1,3.2702128548962426,0,0,1,1,31.0,BRCA1
0,3.533772058384718,0,0,1,0,31.0,BRCA2
0,3.533772058384718,0,0,1,0,33.0,BRCA2
0,3.533772058384718,0,0,1,0,31.0,BRCA2
0,3.533772058384718,0,0,1,0,31.0,BRCA2
0,3.533772058384718,0,0,1,0,31.0,BRCA2
0,3.4537768596904423,1,1,1,0,32.0,APC
1,2.832508912706236,1,1,1,1,31.0,TP63
1,2.832508912706236,1,1,1,1,31.0,TP63
1,2.6053050461411096,1,1,1,1,31.0,PTEN
1,3.2702128548962426,1,1,1,1,32.0,BRCA1
0,2.6522463410033232,1,1,1,1,31.0,WT1
1,3.2702128548962426,0,1,1,1,33.0,BRCA1
0,3.533772058384718,0,1,1,0,33.0,BRCA2
0,3.533772058384718,0,1,1,0,33.0,BRCA2
0,3.533772058384718,0,1,1,0,33.0,BRCA2
0,3.533772058384718,0,1,1,0,33.0,BRCA2
1,3.06595298031387,0,1,1,1,31.0,TSC1
0,3.4531653925258574,1,1,1,0,33.0,NF1
0,3.4531653925258574,1,1,1,0,32.0,NF1
1,3.256958152560932,0,1,1,1,31.0,TSC2
1,3.256958152560932,0,1,1,1,31.0,TSC2
0,3.256958152560932,0,1,1,1,33.0,TSC2
1,3.256958152560932,1,1,1,1,31.0,TSC2
1,2.832508912706236,1,1,1,1,30.0,TP63
0,3.256958152560932,1,2,1,1,33.0,TSC2
0,3.4531653925258574,1,2,1,0,33.0,NF1
1,2.967547976218862,1,1,1,1,31.0,RB1
1,2.967547976218862,1,2,1,1,33.0,RB1
0,3.4531653925258574,1,1,1,0,31.0,NF1
1,3.256958152560932,1,1,1,1,32.0,TSC2
0,3.4531653925258574,1,1,1,0,34.0,NF1
0,3.4531653925258574,1,1,1,0,31.0,NF1
0,3.4531653925258574,1,1,1,0,31.0,NF1
1,2.6364878963533656,1,2,1,1,32.0,STK11
1,3.256958152560932,1,1,1,1,31.0,TSC2
1,2.5943925503754266,1,3,1,1,34.0,TP53
1,2.9894498176666917,1,1,0,1,31.0,KIT
1,3.06595298031387,0,1,1,1,31.0,TSC1
0,3.4531653925258574,1,1,1,0,33.0,NF1
0,3.256958152560932,0,1,1,1,31.0,TSC2
1,3.256958152560932,0,1,1,1,31.0,TSC2
1,2.5943925503754266,1,3,1,1,33.0,TP53
1,3.256958152560932,1,1,1,1,32.0,TSC2
1,3.256958152560932,1,1,1,1,31.0,TSC2
1,3.256958152560932,0,1,1,1,33.0,TSC2
0,3.4531653925258574,1,1,1,0,32.0,NF1
1,2.6053050461411096,1,1,1,1,33.0,PTEN
1,3.06595298031387,0,1,1,1,31.0,TSC1
0,3.4531653925258574,1,1,1,0,32.0,NF1
0,3.4531653925258574,1,1,1,0,31.0,NF1
1,3.06595298031387,0,1,1,1,31.0,TSC1
1,2.5943925503754266,0,3,1,1,33.0,TP53
0,3.4531653925258574,1,1,1,0,31.0,NF1
0,3.4531653925258574,1,1,1,0,30.0,NF1
1,2.2764618041732443,0,1,0,1,30.0,HRAS
0,3.4531653925258574,1,1,1,0,30.0,NF1
1,3.256958152560932,1,1,1,1,31.0,TSC2
0,3.4531653925258574,1,1,1,0,31.0,NF1
1,3.06595298031387,0,1,1,1,31.0,TSC1
1,3.06595298031387,0,1,1,1,31.0,TSC1
0,3.256958152560932,0,2,1,1,33.0,TSC2
0,3.4531653925258574,1,2,1,0,33.0,NF1
1,3.256958152560932,1,1,1,1,31.0,TSC2
1,2.967547976218862,1,1,1,1,31.0,RB1
0,3.4531653925258574,1,1,1,0,30.0,NF1
0,3.4531653925258574,1,1,1,0,32.0,NF1
0,3.4531653925258574,1,1,1,0,31.0,NF1
1,3.256958152560932,0,1,1,1,32.0,TSC2
1,3.256958152560932,1,1,1,1,31.0,TSC2
0,3.533772058384718,0,1,1,0,32.0,BRCA2
0,3.533772058384718,0,1,1,0,32.0,BRCA2
1,2.3283796034387376,1,1,1,1,32.0,VHL
0,2.3283796034387376,1,1,1,1,31.0,VHL
0,2.6522463410033232,1,1,1,1,31.0,WT1
0,2.3283796034387376,1,1,1,1,32.0,VHL
1,2.3283796034387376,1,1,1,1,32.0,VHL
1,2.3283796034387376,1,1,1,1,31.0,VHL
1,2.3283796034387376,1,1,1,1,31.0,VHL
0,2.3283796034387376,1,1,1,1,31.0,VHL
1,3.256958152560932,0,1,1,1,33.0,TSC2
1,3.256958152560932,0,1,1,1,33.0,TSC2
0,3.4531653925258574,1,1,1,0,31.0,NF1
0,3.4531653925258574,1,1,1,0,31.0,NF1
1,3.256958152560932,0,1,1,1,31.0,TSC2
1,2.967547976218862,1,1,1,1,32.0,RB1
0,3.4531653925258574,1,1,1,0,31.0,NF1
1,2.6053050461411096,1,1,1,1,32.0,PTEN
0,2.6522463410033232,1,1,1,1,32.0,WT1
1,2.9894498176666917,1,1,0,1,32.0,KIT
1,3.04688519083771,1,1,0,1,32.0,RET
1,2.5943925503754266,1,2,1,1,32.0,TP53
1,2.6053050461411096,1,1,1,1,31.0,PTEN
0,3.485153349903652,0,1,1,0,32.0,ATM
0,3.2095150145426308,0,1,0,1,33.0,ALK
0,3.533772058384718,0,1,1,0,32.0,BRCA2
0,3.533772058384718,0,1,1,0,32.0,BRCA2
0,3.533772058384718,0,1,1,0,31.0,BRCA2
0,3.533772058384718,0,1,1,0,33.0,BRCA2
0,3.533772058384718,1,1,1,0,32.0,BRCA2
0,3.485153349903652,0,1,1,0,33.0,ATM
0,3.533772058384718,0,1,1,0,32.0,BRCA2
0,3.533772058384718,0,1,1,0,32.0,BRCA2
0,3.533772058384718,0,1,1,0,33.0,BRCA2
0,2.6364878963533656,0,1,1,1,31.0,STK11
1,2.5943925503754266,0,1,1,1,31.0,TP53
1,2.5943925503754266,0,1,1,1,31.0,TP53
1,3.256958152560932,0,1,1,1,31.0,TSC2
1,3.143014800254095,0,1,0,1,32.0,MET
1,3.143014800254095,0,1,0,1,33.0,MET
0,3.485153349903652,0,1,1,0,33.0,ATM
0,3.485153349903652,0,1,1,0,31.0,ATM
0,3.4537768596904423,1,1,1,0,31.0,APC
1,3.2702128548962426,0,1,1,1,31.0,BRCA1
1,3.2702128548962426,0,1,1,1,31.0,BRCA1
0,3.533772058384718,0,1,1,0,32.0,BRCA2
0,3.533772058384718,0,1,1,0,31.0,BRCA2
0,3.533772058384718,0,1,1,0,33.0,BRCA2
0,3.533772058384718,0,1,1,0,33.0,BRCA2
1,3.143014800254095,0,1,0,1,32.0,MET
0,3.485153349903652,0,1,1,0,32.0,ATM
0,3.143014800254095,0,1,0,1,31.0,MET
0,3.143014800254095,0,1,0,1,31.0,MET
1,3.143014800254095,0,1,0,1,32.0,MET
0,3.485153349903652,0,1,1,0,32.0,ATM
0,3.04688519083771,0,1,0,1,31.0,RET
0,3.04688519083771,0,1,0,1,32.0,RET
1,3.04688519083771,0,1,0,1,31.0,RET
1,3.04688519083771,0,1,0,1,32.0,RET
1,3.04688519083771,0,1,0,1,32.0,RET
0,3.533772058384718,0,1,1,0,33.0,BRCA2
0,3.533772058384718,0,1,1,0,33.0,BRCA2
0,3.533772058384718,0,1,1,0,33.0,BRCA2
0,3.533772058384718,0,1,1,0,33.0,BRCA2
1,2.6053050461411096,1,1,1,1,31.0,PTEN
1,2.6053050461411096,1,1,1,1,33.0,PTEN
0,3.485153349903652,0,1,1,0,31.0,ATM
0,3.485153349903652,0,1,1,0,32.0,ATM
1,2.832508912706236,1,2,1,1,33.0,TP63
1,3.04688519083771,1,1,0,1,31.0,RET
1,2.967547976218862,1,1,1,1,32.0,RB1
1,2.967547976218862,1,1,1,1,32.0,RB1
1,2.967547976218862,1,1,1,1,32.0,RB1
1,2.967547976218862,1,1,1,1,32.0,RB1
1,2.967547976218862,1,1,1,1,32.0,RB1
0,3.4531653925258574,1,1,1,0,31.0,NF1
0,3.4531653925258574,0,1,1,0,31.0,NF1
0,3.4531653925258574,0,1,1,0,33.0,NF1
0,3.4531653925258574,0,1,1,0,33.0,NF1
0,3.4531653925258574,0,1,1,0,31.0,NF1
0,3.4531653925258574,0,1,1,0,31.0,NF1
0,3.533772058384718,0,1,1,0,32.0,BRCA2
0,2.884228769632604,0,1,0,1,32.0,BRAF
1,2.832508912706236,1,1,1,1,31.0,TP63
1,2.6053050461411096,1,2,1,1,34.0,PTEN
0,3.533772058384718,0,1,1,0,33.0,BRCA2
0,3.533772058384718,0,1,1,0,33.0,BRCA2
1,3.2702128548962426,0,1,1,1,33.0,BRCA1
1,2.6053050461411096,1,3,1,1,33.0,PTEN
0,2.6522463410033232,1,1,1,1,32.0,WT1
0,2.6364878963533656,1,1,1,1,32.0,STK11
0,2.1931245983544616,0,1,1,1,32.0,CDKN2A
1,2.1931245983544616,0,1,1,1,32.0,CDKN2A
0,3.533772058384718,0,1,1,0,32.0,BRCA2
0,3.533772058384718,0,1,1,0,32.0,BRCA2
0,3.533772058384718,0,1,1,0,33.0,BRCA2
0,3.533772058384718,0,1,1,0,32.0,BRCA2
0,3.533772058384718,0,1,1,0,32.0,BRCA2
0,3.533772058384718,0,1,1,0,33.0,BRCA2
0,3.533772058384718,0,1,1,0,32.0,BRCA2
0,3.533772058384718,1,1,1,0,33.0,BRCA2
0,3.533772058384718,0,1,1,0,33.0,BRCA2
0,3.533772058384718,0,1,1,0,33.0,BRCA2
0,3.533772058384718,0,1,1,0,32.0,BRCA2
0,3.533772058384718,0,1,1,0,33.0,BRCA2
0,3.533772058384718,0,1,1,0,33.0,BRCA2
0,3.533772058384718,0,1,1,0,33.0,BRCA2
0,3.533772058384718,0,1,1,0,32.0,BRCA2
0,3.533772058384718,0,1,1,0,33.0,BRCA2
0,3.533772058384718,0,1,1,0,32.0,BRCA2
0,3.533772058384718,0,1,1,0,32.0,BRCA2
0,3.533772058384718,0,1,1,0,32.0,BRCA2
0,3.533772058384718,0,1,1,0,32.0,BRCA2
0,3.533772058384718,0,1,1,0,33.0,BRCA2
0,3.533772058384718,0,1,1,0,32.0,BRCA2
0,3.533772058384718,0,1,1,0,32.0,BRCA2
1,3.143014800254095,0,1,0,1,32.0,MET
1,3.143014800254095,0,1,0,1,32.0,MET
1,2.6665179805548807,0,2,0,1,33.0,MYCN
0,3.4537768596904423,0,1,1,0,32.0,APC
1,3.04688519083771,0,1,0,1,32.0,RET
0,3.4537768596904423,0,1,1,0,32.0,APC
0,3.485153349903652,0,1,1,0,32.0,ATM
0,3.485153349903652,0,1,1,0,32.0,ATM
0,3.485153349903652,0,1,1,0,32.0,ATM
0,3.485153349903652,0,1,1,0,32.0,ATM
0,3.485153349903652,0,1,1,0,32.0,ATM
0,3.485153349903652,0,1,1,0,32.0,ATM
1,2.5943925503754266,0,1,1,1,32.0,TP53
1,2.5943925503754266,1,1,1,1,32.0,TP53
1,2.5943925503754266,0,1,1,1,32.0,TP53
1,2.5943925503754266,0,1,1,1,32.0,TP53
1,2.5943925503754266,0,1,1,1,32.0,TP53
1,2.5943925503754266,0,1,1,1,32.0,TP53
1,3.06595298031387,0,1,1,1,32.0,TSC1
0,3.533772058384718,0,1,1,0,32.0,BRCA2
1,3.0827853703164503,1,0,0,1,32.0,EGFR
0,3.485153349903652,0,1,1,0,32.0,ATM
0,3.2702128548962426,0,1,1,1,32.0,BRCA1
1,2.884228769632604,1,1,0,1,32.0,BRAF
1,2.6053050461411096,1,1,1,1,31.0,PTEN
1,2.6053050461411096,1,1,1,1,31.0,PTEN
1,3.256958152560932,1,1,1,1,32.0,TSC2
0,3.4531653925258574,1,1,1,0,32.0,NF1
0,2.884228769632604,1,1,0,1,32.0,BRAF
1,3.256958152560932,1,2,1,1,32.0,TSC2
1,2.884228769632604,1,1,0,1,32.0,BRAF
0,3.533772058384718,1,1,1,0,32.0,BRCA2
1,2.832508912706236,1,1,1,1,32.0,TP63
1,3.256958152560932,0,1,1,1,34.0,TSC2
1,2.6053050461411096,1,1,1,1,32.0,PTEN
0,3.4531653925258574,1,1,1,0,32.0,NF1
1,2.6364878963533656,1,1,1,1,32.0,STK11
0,3.4531653925258574,1,1,1,0,32.0,NF1
1,3.143014800254095,1,1,0,1,32.0,MET
1,2.884228769632604,1,1,0,1,32.0,BRAF
1,3.143014800254095,0,1,0,1,33.0,MET
1,3.143014800254095,0,1,0,1,32.0,MET
1,3.143014800254095,0,1,0,1,32.0,MET
1,3.143014800254095,0,1,0,1,32.0,MET
1,3.143014800254095,0,1,0,1,32.0,MET
0,3.4531653925258574,0,1,1,0,32.0,NF1
0,3.4531653925258574,0,1,1,0,32.0,NF1
0,3.4531653925258574,0,1,1,0,32.0,NF1
0,3.4531653925258574,0,1,1,0,32.0,NF1
0,3.4531653925258574,0,1,1,0,32.0,NF1
0,3.4537768596904423,0,1,1,0,32.0,APC
0,3.4537768596904423,0,1,1,0,32.0,APC
1,2.967547976218862,0,1,1,1,32.0,RB1
1,2.967547976218862,0,1,1,1,32.0,RB1
1,3.04688519083771,0,1,0,1,32.0,RET
1,3.04688519083771,0,1,0,1,32.0,RET
0,3.04688519083771,0,1,0,1,32.0,RET
1,3.04688519083771,0,1,0,1,32.0,RET
0,3.485153349903652,0,1,1,0,32.0,ATM
0,3.485153349903652,0,1,1,0,32.0,ATM
1,2.5943925503754266,0,1,1,1,32.0,TP53
1,2.5943925503754266,0,1,1,1,32.0,TP53
1,2.5943925503754266,0,1,1,1,32.0,TP53
1,2.5943925503754266,0,1,1,1,32.0,TP53
1,2.5943925503754266,0,1,1,1,33.0,TP53
1,2.5943925503754266,0,1,1,1,32.0,TP53
0,2.5943925503754266,1,2,1,1,33.0,TP53
1,2.5943925503754266,0,1,1,1,32.0,TP53
1,2.5943925503754266,0,1,1,1,32.0,TP53
0,3.485153349903652,0,1,1,0,32.0,ATM
0,3.485153349903652,1,1,1,0,32.0,ATM
0,3.485153349903652,0,1,1,0,32.0,ATM
0,3.485153349903652,0,1,1,0,32.0,ATM
0,3.485153349903652,0,1,1,0,32.0,ATM
0,3.485153349903652,0,1,1,0,32.0,ATM
0,3.485153349903652,0,1,1,0,32.0,ATM
0,3.485153349903652,0,1,1,0,32.0,ATM
1,3.06595298031387,0,1,1,1,32.0,TSC1
0,2.6522463410033232,0,1,1,1,32.0,WT1
0,3.533772058384718,0,1,1,0,33.0,BRCA2
0,3.533772058384718,0,1,1,0,32.0,BRCA2
0,3.2702128548962426,0,1,1,1,32.0,BRCA1
1,3.2702128548962426,0,1,1,1,32.0,BRCA1
1,3.2702128548962426,0,1,1,1,32.0,BRCA1
1,3.2702128548962426,0,1,1,1,32.0,BRCA1
0,3.533772058384718,0,1,1,0,32.0,BRCA2
0,3.533772058384718,0,1,1,0,33.0,BRCA2
0,3.533772058384718,0,1,1,0,33.0,BRCA2
0,3.533772058384718,0,1,1,0,32.0,BRCA2
0,3.533772058384718,0,1,1,0,32.0,BRCA2
0,3.533772058384718,0,1,1,0,33.0,BRCA2
0,3.533772058384718,0,1,1,0,33.0,BRCA2
0,3.533772058384718,0,1,1,0,32.0,BRCA2
0,3.533772058384718,0,1,1,0,32.0,BRCA2
0,3.533772058384718,0,1,1,0,32.0,BRCA2
0,3.533772058384718,0,1,1,0,33.0,BRCA2
0,3.533772058384718,0,1,1,0,32.0,BRCA2
0,3.533772058384718,0,1,1,0,32.0,BRCA2
0,3.533772058384718,0,1,1,0,32.0,BRCA2
0,3.533772058384718,0,1,1,0,33.0,BRCA2
0,3.533772058384718,0,1,1,0,33.0,BRCA2
0,3.533772058384718,0,1,1,0,32.0,BRCA2
0,3.533772058384718,0,1,1,0,32.0,BRCA2
0,3.533772058384718,0,1,1,0,32.0,BRCA2
0,3.533772058384718,0,1,1,0,32.0,BRCA2
0,3.533772058384718,0,1,1,0,32.0,BRCA2
0,3.533772058384718,0,1,1,0,32.0,BRCA2
1,2.884228769632604,0,1,0,1,32.0,BRAF
0,2.884228769632604,0,1,0,1,32.0,BRAF
0,2.1931245983544616,0,1,1,1,32.0,CDKN2A
0,2.1931245983544616,0,1,1,1,32.0,CDKN2A
0,2.1931245983544616,0,1,1,1,32.0,CDKN2A
0,3.0827853703164503,0,1,0,1,32.0,EGFR
1,3.0827853703164503,0,1,0,1,32.0,EGFR
0,3.0827853703164503,0,1,0,1,32.0,EGFR
1,3.0827853703164503,0,1,0,1,32.0,EGFR
0,3.2095150145426308,0,1,0,1,32.0,ALK
0,3.2095150145426308,0,1,0,1,32.0,ALK
0,3.2095150145426308,0,1,0,1,32.0,ALK
0,3.2095150145426308,0,1,0,1,32.0,ALK
0,3.2095150145426308,0,1,0,1,32.0,ALK
0,3.2095150145426308,0,1,0,1,32.0,ALK
0,3.2095150145426308,0,1,0,1,32.0,ALK
1,2.9894498176666917,0,1,0,1,32.0,KIT
1,2.9894498176666917,0,1,0,1,32.0,KIT
1,3.256958152560932,1,1,1,1,32.0,TSC2
0,3.4531653925258574,1,1,1,0,32.0,NF1
1,2.6665179805548807,0,1,0,1,32.0,MYCN
0,2.6522463410033232,1,1,1,1,32.0,WT1
0,2.6522463410033232,1,1,1,1,32.0,WT1
1,3.04688519083771,1,1,0,1,32.0,RET
0,3.4531653925258574,1,1,1,0,31.0,NF1
0,2.6522463410033232,1,1,1,1,32.0,WT1
1,2.6053050461411096,1,1,1,1,32.0,PTEN
0,3.4531653925258574,1,1,1,0,32.0,NF1
1,2.6364878963533656,1,1,1,1,33.0,STK11
1,3.2702128548962426,0,1,1,1,33.0,BRCA1
1,2.832508912706236,1,1,1,1,32.0,TP63
0,3.4531653925258574,1,1,1,0,32.0,NF1
1,2.5943925503754266,1,2,1,1,33.0,TP53
1,2.832508912706236,1,1,1,1,32.0,TP63
0,3.256958152560932,1,2,1,1,33.0,TSC2
0,3.4531653925258574,1,1,1,0,33.0,NF1
1,3.256958152560932,0,1,1,1,32.0,TSC2
0,3.4531653925258574,1,1,1,0,33.0,NF1
0,3.4531653925258574,1,1,1,0,32.0,NF1
0,3.4531653925258574,1,1,1,0,32.0,NF1
0,3.4531653925258574,1,1,1,0,33.0,NF1
0,3.256958152560932,0,1,1,1,32.0,TSC2
1,3.256958152560932,0,1,1,1,32.0,TSC2
1,3.256958152560932,0,1,1,1,32.0,TSC2
1,3.256958152560932,0,1,1,1,32.0,TSC2
0,3.256958152560932,1,1,1,1,32.0,TSC2
1,3.256958152560932,0,1,1,1,33.0,TSC2
1,3.256958152560932,0,1,1,1,32.0,TSC2
1,3.256958152560932,0,1,1,1,32.0,TSC2
0,3.256958152560932,0,1,1,1,33.0,TSC2
1,2.832508912706236,1,1,1,1,32.0,TP63
1,3.06595298031387,0,1,1,1,32.0,TSC1
1,3.06595298031387,0,1,1,1,32.0,TSC1
1,3.256958152560932,0,1,1,1,32.0,TSC2
1,2.6053050461411096,1,1,1,1,33.0,PTEN
1,2.6053050461411096,1,1,1,1,32.0,PTEN
1,2.6053050461411096,1,1,1,1,32.0,PTEN
1,3.06595298031387,0,1,1,1,32.0,TSC1
0,2.967547976218862,1,1,1,1,32.0,RB1
0,3.4531653925258574,1,1,1,0,33.0,NF1
0,3.4531653925258574,0,1,1,0,32.0,NF1
1,3.256958152560932,0,1,1,1,33.0,TSC2
0,3.256958152560932,0,1,1,1,32.0,TSC2
0,3.4537768596904423,0,1,1,0,34.0,APC
1,2.832508912706236,0,1,1,1,32.0,TP63
0,3.4531653925258574,1,1,1,0,32.0,NF1
0,3.4531653925258574,1,1,1,0,32.0,NF1
0,3.4531653925258574,1,1,1,0,32.0,NF1
0,3.4531653925258574,1,1,1,0,32.0,NF1
1,3.256958152560932,0,1,1,1,32.0,TSC2
0,3.485153349903652,1,1,1,0,33.0,ATM
0,3.2702128548962426,0,1,1,1,32.0,BRCA1
1,2.3283796034387376,1,1,1,1,32.0,VHL
0,2.6522463410033232,1,1,1,1,32.0,WT1
1,2.3283796034387376,1,1,1,1,33.0,VHL
1,2.3283796034387376,1,1,1,1,32.0,VHL
1,3.2702128548962426,0,1,1,1,33.0,BRCA1
0,3.533772058384718,0,1,1,0,33.0,BRCA2
0,3.533772058384718,0,1,1,0,33.0,BRCA2
0,3.533772058384718,0,1,1,0,33.0,BRCA2
1,2.6053050461411096,1,1,1,1,32.0,PTEN
0,3.256958152560932,1,1,1,1,33.0,TSC2
0,3.4531653925258574,1,1,1,0,33.0,NF1
1,3.143014800254095,0,1,0,1,34.0,MET
0,3.533772058384718,0,1,1,0,32.0,BRCA2
1,2.6665179805548807,1,1,0,1,32.0,MYCN
0,3.4531653925258574,1,1,1,0,33.0,NF1
1,2.2764618041732443,1,1,0,1,33.0,HRAS
1,3.256958152560932,1,1,1,1,33.0,TSC2
1,3.2702128548962426,0,1,1,1,32.0,BRCA1
0,3.533772058384718,0,1,1,0,32.0,BRCA2
0,3.533772058384718,0,1,1,0,32.0,BRCA2
0,3.533772058384718,0,1,1,0,32.0,BRCA2
0,3.4537768596904423,0,1,1,0,31.0,APC
0,2.967547976218862,1,2,1,1,33.0,RB1
1,2.967547976218862,0,1,1,1,32.0,RB1
1,3.04688519083771,0,1,0,1,32.0,RET
0,3.485153349903652,0,1,1,0,33.0,ATM
0,3.485153349903652,0,1,1,0,34.0,ATM
0,3.485153349903652,1,1,1,0,32.0,ATM
0,3.485153349903652,0,1,1,0,33.0,ATM
0,3.485153349903652,0,1,1,0,33.0,ATM
1,2.6364878963533656,1,2,1,1,33.0,STK11
1,2.5943925503754266,0,1,1,1,32.0,TP53
1,2.5943925503754266,0,1,1,1,33.0,TP53
1,2.5943925503754266,0,1,1,1,33.0,TP53
1,2.5943925503754266,0,1,1,1,33.0,TP53
1,3.06595298031387,0,1,1,1,33.0,TSC1
1,3.256958152560932,0,1,1,1,32.0,TSC2
1,2.3283796034387376,0,1,1,1,33.0,VHL
0,2.3283796034387376,0,1,1,1,33.0,VHL
0,2.3283796034387376,0,1,1,1,33.0,VHL
0,2.3283796034387376,0,1,1,1,32.0,VHL
0,2.3283796034387376,0,1,1,1,33.0,VHL
1,2.3283796034387376,0,1,1,1,33.0,VHL
0,2.3283796034387376,0,1,1,1,33.0,VHL
0,2.6522463410033232,0,1,1,1,32.0,WT1
0,3.533772058384718,0,1,1,0,33.0,BRCA2
0,3.2702128548962426,0,1,1,1,33.0,BRCA1
0,3.2702128548962426,0,1,1,1,33.0,BRCA1
0,3.533772058384718,0,1,1,0,33.0,BRCA2
0,3.533772058384718,0,1,1,0,33.0,BRCA2
0,3.533772058384718,0,1,1,0,32.0,BRCA2
0,3.533772058384718,0,1,1,0,33.0,BRCA2
0,3.533772058384718,0,1,1,0,33.0,BRCA2
0,3.533772058384718,0,1,1,0,33.0,BRCA2
0,3.533772058384718,0,1,1,0,33.0,BRCA2
0,3.533772058384718,0,1,1,0,33.0,BRCA2
0,3.533772058384718,0,1,1,0,33.0,BRCA2
0,3.0827853703164503,0,1,0,1,32.0,EGFR
1,3.0827853703164503,0,1,0,1,32.0,EGFR
1,3.0827853703164503,0,1,0,1,33.0,EGFR
0,3.2095150145426308,0,1,0,1,33.0,ALK
0,3.2095150145426308,0,1,0,1,33.0,ALK
0,3.2095150145426308,0,1,0,1,33.0,ALK
0,3.2095150145426308,0,1,0,1,33.0,ALK
0,3.2095150145426308,0,1,0,1,33.0,ALK
1,2.9894498176666917,0,1,0,1,33.0,KIT
1,2.9894498176666917,0,1,0,1,33.0,KIT
1,2.9894498176666917,0,1,0,1,33.0,KIT
1,2.9894498176666917,0,1,0,1,33.0,KIT
0,3.2095150145426308,0,1,0,1,33.0,ALK
1,3.143014800254095,0,1,0,1,32.0,MET
1,3.143014800254095,0,1,0,1,33.0,MET
0,3.143014800254095,0,1,0,1,32.0,MET
1,3.143014800254095,0,1,0,1,33.0,MET
0,3.143014800254095,0,1,0,1,32.0,MET
1,3.143014800254095,0,1,0,1,33.0,MET
1,3.143014800254095,0,1,0,1,34.0,MET
1,3.143014800254095,0,1,0,1,33.0,MET
1,3.143014800254095,0,1,0,1,33.0,MET
0,3.4531653925258574,0,1,1,0,32.0,NF1
0,3.4531653925258574,1,1,1,0,33.0,NF1
0,3.4531653925258574,0,1,1,0,33.0,NF1
0,3.4531653925258574,0,1,1,0,33.0,NF1
0,3.4537768596904423,0,1,1,0,33.0,APC
1,2.6364878963533656,1,1,1,1,27.0,STK11
1,2.5943925503754266,1,1,1,1,33.0,TP53
0,3.485153349903652,0,1,1,0,33.0,ATM
1,3.256958152560932,1,1,1,1,32.0,TSC2
1,2.9894498176666917,1,1,0,1,33.0,KIT
1,3.256958152560932,1,1,1,1,33.0,TSC2
1,2.6053050461411096,1,1,1,1,32.0,PTEN
1,3.2702128548962426,0,1,1,1,33.0,BRCA1
1,3.2702128548962426,0,1,1,1,33.0,BRCA1
0,2.6522463410033232,1,1,1,1,33.0,WT1
1,2.6665179805548807,0,1,0,1,33.0,MYCN
0,3.4531653925258574,1,1,1,0,33.0,NF1
1,2.967547976218862,0,1,1,1,33.0,RB1
1,2.967547976218862,0,1,1,1,33.0,RB1
1,3.04688519083771,0,1,0,1,33.0,RET
1,3.04688519083771,0,1,0,1,33.0,RET
1,3.04688519083771,0,1,0,1,33.0,RET
1,3.04688519083771,0,1,0,1,33.0,RET
0,3.485153349903652,0,1,1,0,33.0,ATM
0,3.485153349903652,0,1,1,0,33.0,ATM
1,2.6364878963533656,1,1,1,1,33.0,STK11
0,3.485153349903652,0,1,1,0,33.0,ATM
0,3.485153349903652,0,1,1,0,33.0,ATM
0,3.485153349903652,0,1,1,0,33.0,ATM
0,3.485153349903652,0,1,1,0,33.0,ATM
0,3.256958152560932,0,1,1,1,33.0,TSC2
0,2.3283796034387376,0,1,1,1,33.0,VHL
1,2.3283796034387376,0,1,1,1,33.0,VHL
1,2.3283796034387376,0,1,1,1,33.0,VHL
0,2.3283796034387376,0,1,1,1,33.0,VHL
1,2.5943925503754266,0,1,1,1,33.0,TP53
0,2.5943925503754266,0,1,1,1,33.0,TP53
0,2.5943925503754266,0,1,1,1,33.0,TP53
1,2.5943925503754266,0,1,1,1,33.0,TP53
1,2.5943925503754266,1,1,1,1,33.0,TP53
1,3.2702128548962426,0,1,1,1,33.0,BRCA1
1,3.2702128548962426,0,1,1,1,33.0,BRCA1
1,3.2702128548962426,0,1,1,1,33.0,BRCA1
0,3.533772058384718,0,1,1,0,33.0,BRCA2
0,3.533772058384718,0,1,1,0,33.0,BRCA2
0,3.533772058384718,0,1,1,0,33.0,BRCA2
0,3.533772058384718,0,1,1,0,33.0,BRCA2
0,3.533772058384718,0,1,1,0,33.0,BRCA2
0,3.533772058384718,0,1,1,0,33.0,BRCA2
0,3.533772058384718,0,1,1,0,33.0,BRCA2
0,3.533772058384718,0,1,1,0,33.0,BRCA2
0,3.533772058384718,0,1,1,0,33.0,BRCA2
0,3.533772058384718,0,1,1,0,33.0,BRCA2
0,3.533772058384718,0,1,1,0,33.0,BRCA2
0,3.533772058384718,0,1,1,0,33.0,BRCA2
0,3.533772058384718,0,1,1,0,33.0,BRCA2
0,3.533772058384718,0,1,1,0,33.0,BRCA2
0,3.533772058384718,0,1,1,0,33.0,BRCA2
0,3.533772058384718,0,1,1,0,33.0,BRCA2
0,3.533772058384718,0,1,1,0,33.0,BRCA2
0,3.533772058384718,0,1,1,0,33.0,BRCA2
0,3.533772058384718,0,1,1,0,33.0,BRCA2
0,3.533772058384718,0,1,1,0,33.0,BRCA2
0,3.533772058384718,0,1,1,0,33.0,BRCA2
0,3.533772058384718,0,1,1,0,33.0,BRCA2
0,3.533772058384718,0,1,1,0,33.0,BRCA2
0,3.533772058384718,0,1,1,0,33.0,BRCA2
0,3.533772058384718,0,1,1,0,33.0,BRCA2
0,3.533772058384718,0,1,1,0,33.0,BRCA2
0,3.533772058384718,0,1,1,0,33.0,BRCA2
0,3.533772058384718,0,1,1,0,33.0,BRCA2
0,3.533772058384718,0,1,1,0,33.0,BRCA2
0,3.533772058384718,0,1,1,0,33.0,BRCA2
0,3.533772058384718,0,1,1,0,33.0,BRCA2
0,3.533772058384718,0,1,1,0,33.0,BRCA2
0,2.6522463410033232,0,1,1,1,33.0,WT1
0,2.6522463410033232,0,1,1,1,33.0,WT1
0,2.6522463410033232,0,1,1,1,33.0,WT1
0,3.4531653925258574,0,1,1,0,33.0,NF1
0,3.4531653925258574,0,1,1,0,34.0,NF1
0,3.0827853703164503,0,1,0,1,33.0,EGFR
1,3.0827853703164503,0,1,0,1,33.0,EGFR
0,3.0827853703164503,0,1,0,1,33.0,EGFR
0,3.0827853703164503,0,1,0,1,33.0,EGFR
1,3.0827853703164503,0,1,0,1,33.0,EGFR
0,3.2095150145426308,0,1,0,1,33.0,ALK
0,3.2095150145426308,0,1,0,1,33.0,ALK
0,3.2095150145426308,0,1,0,1,33.0,ALK
0,3.2095150145426308,0,1,0,1,33.0,ALK
1,2.9894498176666917,0,1,0,1,33.0,KIT
1,2.9894498176666917,0,1,0,1,33.0,KIT
1,3.143014800254095,0,1,0,1,33.0,MET
0,3.04688519083771,1,1,0,1,33.0,RET
1,2.5943925503754266,1,1,1,1,32.0,TP53
1,3.2702128548962426,0,1,1,1,32.0,BRCA1
0,3.485153349903652,1,3,1,0,33.0,ATM
1,2.832508912706236,1,1,1,1,33.0,TP63
1,2.6364878963533656,1,1,1,1,33.0,STK11
1,3.256958152560932,0,1,1,1,34.0,TSC2
1,3.256958152560932,0,1,1,1,34.0,TSC2
0,3.533772058384718,1,1,1,0,33.0,BRCA2
1,3.256958152560932,0,1,1,1,33.0,TSC2
1,2.884228769632604,1,1,0,1,30.0,BRAF
0,2.832508912706236,1,1,1,1,27.0,TP63
1,2.6053050461411096,1,1,1,1,33.0,PTEN
1,2.6665179805548807,1,1,0,1,33.0,MYCN
0,3.533772058384718,0,1,1,0,33.0,BRCA2
0,3.533772058384718,0,1,1,0,33.0,BRCA2
0,3.533772058384718,0,1,1,0,33.0,BRCA2
1,3.256958152560932,1,1,1,1,33.0,TSC2
1,2.9894498176666917,0,1,0,1,33.0,KIT
1,2.9894498176666917,0,1,0,1,33.0,KIT
1,3.143014800254095,0,1,0,1,33.0,MET
1,3.143014800254095,0,1,0,1,33.0,MET
1,3.143014800254095,0,1,0,1,33.0,MET
1,3.143014800254095,0,1,0,1,33.0,MET
0,3.4531653925258574,1,1,1,0,33.0,NF1
0,3.4531653925258574,0,1,1,0,33.0,NF1
0,3.4537768596904423,0,1,1,0,33.0,APC
1,3.04688519083771,0,1,0,1,33.0,RET
1,2.6053050461411096,0,1,1,1,33.0,PTEN
0,3.04688519083771,0,1,0,1,33.0,RET
1,3.04688519083771,0,1,0,1,33.0,RET
0,3.485153349903652,0,1,1,0,33.0,ATM
0,3.485153349903652,1,1,1,0,33.0,ATM
0,3.485153349903652,0,1,1,0,33.0,ATM
0,3.485153349903652,0,1,1,0,33.0,ATM
0,3.485153349903652,0,1,1,0,33.0,ATM
0,3.485153349903652,0,1,1,0,33.0,ATM
0,2.6364878963533656,0,1,1,1,33.0,STK11
1,2.6364878963533656,1,1,1,1,33.0,STK11
1,3.06595298031387,0,1,1,1,33.0,TSC1
1,3.06595298031387,0,1,1,1,33.0,TSC1
1,2.5943925503754266,0,1,1,1,33.0,TP53
1,2.5943925503754266,1,1,1,1,34.0,TP53
1,2.5943925503754266,0,1,1,1,33.0,TP53
1,2.5943925503754266,0,1,1,1,33.0,TP53
1,2.5943925503754266,0,1,1,1,33.0,TP53
1,2.3283796034387376,0,1,1,1,33.0,VHL
0,2.3283796034387376,0,1,1,1,33.0,VHL
1,2.3283796034387376,0,1,1,1,33.0,VHL
0,2.1931245983544616,0,1,1,1,33.0,CDKN2A
0,3.533772058384718,0,1,1,0,33.0,BRCA2
0,3.533772058384718,0,1,1,0,33.0,BRCA2
0,3.533772058384718,0,1,1,0,33.0,BRCA2
0,3.533772058384718,0,1,1,0,33.0,BRCA2
0,3.533772058384718,0,1,1,0,33.0,BRCA2
0,3.533772058384718,0,1,1,0,33.0,BRCA2
0,3.533772058384718,0,1,1,0,33.0,BRCA2
0,3.533772058384718,0,1,1,0,33.0,BRCA2
0,3.533772058384718,0,1,1,0,33.0,BRCA2
0,3.533772058384718,0,1,1,0,33.0,BRCA2
0,3.533772058384718,0,1,1,0,33.0,BRCA2
0,3.533772058384718,0,1,1,0,33.0,BRCA2
0,3.533772058384718,0,1,1,0,33.0,BRCA2
0,3.533772058384718,0,1,1,0,33.0,BRCA2
0,3.533772058384718,0,1,1,0,33.0,BRCA2
0,3.2702128548962426,0,1,1,1,33.0,BRCA1
0,3.533772058384718,0,1,1,0,33.0,BRCA2
0,3.533772058384718,0,1,1,0,33.0,BRCA2
0,3.533772058384718,0,1,1,0,33.0,BRCA2
0,3.533772058384718,0,1,1,0,33.0,BRCA2
0,3.533772058384718,0,1,1,0,33.0,BRCA2
0,3.533772058384718,0,1,1,0,33.0,BRCA2
0,3.533772058384718,0,1,1,0,33.0,BRCA2
0,3.533772058384718,0,1,1,0,33.0,BRCA2
1,3.0827853703164503,0,1,0,1,33.0,EGFR
1,3.0827853703164503,0,1,0,1,33.0,EGFR
0,3.0827853703164503,0,1,0,1,33.0,EGFR
1,3.0827853703164503,0,1,0,1,33.0,EGFR
0,3.0827853703164503,0,1,0,1,33.0,EGFR
1,3.0827853703164503,0,1,0,1,33.0,EGFR
1,3.0827853703164503,0,1,0,1,33.0,EGFR
1,3.0827853703164503,0,1,0,1,33.0,EGFR
0,3.2095150145426308,0,1,0,1,33.0,ALK
0,3.2095150145426308,0,1,0,1,33.0,ALK
0,3.2095150145426308,0,1,0,1,33.0,ALK
0,3.2095150145426308,0,1,0,1,33.0,ALK
0,2.3283796034387376,1,1,1,1,32.0,VHL
1,2.5943925503754266,1,1,1,1,33.0,TP53
1,3.256958152560932,1,1,1,1,33.0,TSC2
0,3.485153349903652,1,1,1,0,33.0,ATM
0,3.2095150145426308,0,1,0,1,34.0,ALK
1,3.256958152560932,1,1,1,1,33.0,TSC2
0,3.485153349903652,0,0,1,0,33.0,ATM
1,2.6053050461411096,1,1,1,1,33.0,PTEN
1,2.967547976218862,1,1,1,1,32.0,RB1
1,2.9894498176666917,1,1,0,1,33.0,KIT
1,2.6053050461411096,1,1,1,1,33.0,PTEN
0,3.533772058384718,0,1,1,0,33.0,BRCA2
1,3.2702128548962426,0,1,1,1,33.0,BRCA1
1,3.2702128548962426,0,1,1,1,33.0,BRCA1
0,3.533772058384718,0,1,1,0,33.0,BRCA2
0,3.533772058384718,0,1,1,0,33.0,BRCA2
1,3.06595298031387,0,1,1,1,33.0,TSC1
1,3.04688519083771,0,1,0,1,34.0,RET
0,2.6364878963533656,0,1,1,1,33.0,STK11
1,3.04688519083771,0,1,0,1,33.0,RET
1,2.3283796034387376,0,1,1,1,33.0,VHL
1,2.3283796034387376,1,1,1,1,33.0,VHL
0,2.3283796034387376,0,1,1,1,33.0,VHL
1,3.256958152560932,0,1,1,1,33.0,TSC2
0,3.485153349903652,0,1,1,0,33.0,ATM
0,3.485153349903652,0,1,1,0,33.0,ATM
0,3.485153349903652,0,1,1,0,33.0,ATM
0,3.485153349903652,0,1,1,0,33.0,ATM
0,3.485153349903652,0,1,1,0,33.0,ATM
0,3.485153349903652,0,1,1,0,33.0,ATM
0,3.485153349903652,0,1,1,0,33.0,ATM
0,3.485153349903652,0,1,1,0,33.0,ATM
0,3.485153349903652,0,1,1,0,33.0,ATM
0,3.4531653925258574,0,1,1,0,33.0,NF1
0,3.485153349903652,0,1,1,0,33.0,ATM
0,3.485153349903652,0,1,1,0,33.0,ATM
0,3.485153349903652,0,1,1,0,33.0,ATM
0,3.485153349903652,0,1,1,0,33.0,ATM
0,3.485153349903652,0,1,1,0,33.0,ATM
0,3.533772058384718,0,1,1,0,33.0,BRCA2
0,3.533772058384718,0,1,1,0,33.0,BRCA2
0,3.533772058384718,0,1,1,0,33.0,BRCA2
0,3.533772058384718,0,1,1,0,33.0,BRCA2
0,3.533772058384718,0,1,1,0,33.0,BRCA2
0,3.533772058384718,0,1,1,0,33.0,BRCA2
0,3.533772058384718,0,1,1,0,33.0,BRCA2
0,3.533772058384718,0,1,1,0,33.0,BRCA2
0,3.533772058384718,0,1,1,0,33.0,BRCA2
0,3.533772058384718,0,1,1,0,33.0,BRCA2
0,3.533772058384718,0,1,1,0,33.0,BRCA2
0,3.533772058384718,0,1,1,0,33.0,BRCA2
0,3.533772058384718,0,1,1,0,33.0,BRCA2
0,3.533772058384718,0,1,1,0,33.0,BRCA2
0,2.6522463410033232,0,1,1,1,33.0,WT1
0,2.6522463410033232,0,1,1,1,34.0,WT1
0,2.6522463410033232,0,1,1,1,33.0,WT1
0,2.6522463410033232,0,1,1,1,33.0,WT1
1,3.2702128548962426,0,1,1,1,33.0,BRCA1
0,3.2702128548962426,0,1,1,1,33.0,BRCA1
0,3.533772058384718,0,1,1,0,33.0,BRCA2
0,3.533772058384718,0,1,1,0,33.0,BRCA2
0,3.533772058384718,0,1,1,0,33.0,BRCA2
0,3.533772058384718,0,1,1,0,33.0,BRCA2
0,3.533772058384718,0,1,1,0,33.0,BRCA2
0,3.533772058384718,0,1,1,0,33.0,BRCA2
1,3.0827853703164503,0,1,0,1,33.0,EGFR
1,3.0827853703164503,0,1,0,1,33.0,EGFR
1,3.0827853703164503,0,1,0,1,33.0,EGFR
1,2.9894498176666917,0,1,0,1,33.0,KIT
1,3.143014800254095,0,1,0,1,33.0,MET
1,3.0827853703164503,0,1,0,1,33.0,EGFR
1,3.143014800254095,0,1,0,1,33.0,MET
1,2.9894498176666917,0,1,0,1,33.0,KIT
1,3.143014800254095,0,1,0,1,33.0,MET
1,3.143014800254095,0,1,0,1,33.0,MET
1,3.0827853703164503,0,1,0,1,33.0,EGFR
0,3.0827853703164503,0,1,0,1,33.0,EGFR
1,2.9894498176666917,0,1,0,1,33.0,KIT
0,3.2095150145426308,0,1,0,1,33.0,ALK
0,3.2095150145426308,0,1,0,1,33.0,ALK
0,3.2095150145426308,0,1,0,1,33.0,ALK
0,3.2095150145426308,0,1,0,1,33.0,ALK
0,3.2095150145426308,0,1,0,1,33.0,ALK
1,2.6053050461411096,1,1,1,1,33.0,PTEN
0,3.2095150145426308,0,1,0,1,33.0,ALK
0,3.256958152560932,1,1,1,1,32.0,TSC2
1,3.256958152560932,1,1,1,1,33.0,TSC2
0,3.533772058384718,0,1,1,0,32.0,BRCA2
1,3.2702128548962426,0,1,1,1,33.0,BRCA1
0,3.533772058384718,1,2,1,0,34.0,BRCA2
1,3.256958152560932,0,1,1,1,34.0,TSC2
0,3.4531653925258574,1,1,1,0,33.0,NF1
0,3.4531653925258574,1,1,1,0,33.0,NF1
1,3.256958152560932,1,1,1,1,33.0,TSC2
1,3.143014800254095,0,1,0,1,33.0,MET
0,3.485153349903652,1,1,1,0,33.0,ATM
1,2.9894498176666917,1,1,0,1,34.0,KIT
1,2.6053050461411096,1,1,1,1,34.0,PTEN
0,3.4531653925258574,1,1,1,0,33.0,NF1
1,2.5943925503754266,0,1,1,1,33.0,TP53
1,3.2702128548962426,0,1,1,1,33.0,BRCA1
1,2.5943925503754266,0,1,1,1,33.0,TP53
0,3.256958152560932,0,1,1,1,33.0,TSC2
1,3.256958152560932,0,1,1,1,33.0,TSC2
1,3.256958152560932,0,1,1,1,33.0,TSC2
1,2.3283796034387376,1,1,1,1,33.0,VHL
1,2.3283796034387376,1,1,1,1,33.0,VHL
1,2.3283796034387376,1,1,1,1,33.0,VHL
0,2.6522463410033232,1,1,1,1,33.0,WT1
0,3.4537768596904423,1,1,1,0,34.0,APC
1,3.06595298031387,0,1,1,1,34.0,TSC1
1,2.832508912706236,1,1,1,1,32.0,TP63
0,3.485153349903652,0,1,1,0,33.0,ATM
0,3.4531653925258574,1,1,1,0,33.0,NF1
0,3.4531653925258574,1,1,1,0,33.0,NF1
1,3.256958152560932,1,1,1,1,33.0,TSC2
1,3.256958152560932,0,1,1,1,33.0,TSC2
1,3.256958152560932,0,1,1,1,33.0,TSC2
1,3.256958152560932,0,1,1,1,33.0,TSC2
1,2.6053050461411096,1,1,1,1,34.0,PTEN
0,2.6522463410033232,1,1,1,1,33.0,WT1
1,2.6053050461411096,1,1,1,1,34.0,PTEN
1,3.256958152560932,1,1,1,1,34.0,TSC2
0,3.533772058384718,1,1,1,0,33.0,BRCA2
0,3.256958152560932,1,1,1,1,33.0,TSC2
0,2.884228769632604,1,1,0,1,33.0,BRAF
0,3.06595298031387,0,1,1,1,34.0,TSC1
1,3.143014800254095,0,1,0,1,34.0,MET
1,3.143014800254095,0,1,0,1,34.0,MET
0,2.6522463410033232,0,1,1,1,34.0,WT1
0,3.485153349903652,0,1,1,0,34.0,ATM
0,3.485153349903652,1,1,1,0,34.0,ATM
0,3.485153349903652,0,1,1,0,34.0,ATM
0,3.485153349903652,0,1,1,0,34.0,ATM
0,3.485153349903652,0,1,1,0,34.0,ATM
1,3.04688519083771,0,1,0,1,34.0,RET
1,3.04688519083771,0,1,0,1,34.0,RET
1,3.256958152560932,1,1,1,1,34.0,TSC2
1,2.967547976218862,1,1,1,1,34.0,RB1
0,2.967547976218862,0,1,1,1,34.0,RB1
1,2.5943925503754266,0,1,1,1,34.0,TP53
1,3.143014800254095,0,1,0,1,34.0,MET
1,3.143014800254095,0,1,0,1,34.0,MET
1,3.143014800254095,0,1,0,1,34.0,MET
0,2.6522463410033232,0,1,1,1,34.0,WT1
0,2.6522463410033232,0,1,1,1,34.0,WT1
0,3.485153349903652,0,1,1,0,34.0,ATM
0,3.485153349903652,0,1,1,0,34.0,ATM
0,3.485153349903652,0,1,1,0,34.0,ATM
0,3.485153349903652,0,1,1,0,34.0,ATM
0,3.485153349903652,0,1,1,0,34.0,ATM
0,3.485153349903652,0,1,1,0,34.0,ATM
1,3.04688519083771,0,1,0,1,34.0,RET
0,2.3283796034387376,0,1,1,1,34.0,VHL
1,2.6364878963533656,0,1,1,1,34.0,STK11
0,3.533772058384718,0,1,1,0,34.0,BRCA2
0,3.533772058384718,0,1,1,0,34.0,BRCA2
0,3.533772058384718,0,1,1,0,33.0,BRCA2
0,3.2095150145426308,0,1,0,1,34.0,ALK
1,2.6053050461411096,1,1,1,1,34.0,PTEN
1,2.6053050461411096,1,1,1,1,34.0,PTEN
1,2.967547976218862,0,1,1,1,34.0,RB1
1,2.5943925503754266,0,1,1,1,34.0,TP53
1,3.0827853703164503,0,1,0,1,34.0,EGFR
1,3.0827853703164503,0,1,0,1,34.0,EGFR
0,3.0827853703164503,0,1,0,1,34.0,EGFR
0,3.533772058384718,0,1,1,0,34.0,BRCA2
0,3.533772058384718,0,1,1,0,34.0,BRCA2
0,3.533772058384718,1,1,1,0,34.0,BRCA2
0,3.533772058384718,0,1,1,0,34.0,BRCA2
0,3.533772058384718,0,1,1,0,34.0,BRCA2
0,3.533772058384718,0,1,1,0,34.0,BRCA2
1,2.5943925503754266,0,1,1,1,33.0,TP53
1,2.5943925503754266,0,1,1,1,33.0,TP53
0,3.533772058384718,0,1,1,0,33.0,BRCA2
1,3.0827853703164503,0,1,0,1,34.0,EGFR
1,3.0827853703164503,0,1,0,1,34.0,EGFR
0,3.533772058384718,0,1,1,0,34.0,BRCA2
0,3.533772058384718,0,1,1,0,34.0,BRCA2
0,3.533772058384718,0,1,1,0,34.0,BRCA2
0,3.533772058384718,0,1,1,0,34.0,BRCA2
0,3.533772058384718,0,1,1,0,34.0,BRCA2
0,3.533772058384718,0,1,1,0,34.0,BRCA2
0,3.533772058384718,0,1,1,0,34.0,BRCA2
0,3.533772058384718,0,1,1,0,34.0,BRCA2
0,3.533772058384718,0,1,1,0,34.0,BRCA2
0,3.533772058384718,0,1,1,0,34.0,BRCA2
0,2.6364878963533656,0,1,1,1,34.0,STK11
1,3.2702128548962426,0,1,1,1,34.0,BRCA1
0,3.2095150145426308,0,1,0,1,34.0,ALK
0,3.2095150145426308,0,1,0,1,34.0,ALK
0,3.2095150145426308,0,1,0,1,34.0,ALK
0,2.1931245983544616,0,1,1,1,34.0,CDKN2A
1,2.6053050461411096,1,1,1,1,34.0,PTEN
1,3.143014800254095,0,1,0,1,34.0,MET
1,3.143014800254095,0,1,0,1,34.0,MET
0,3.485153349903652,0,1,1,0,34.0,ATM
0,3.485153349903652,0,1,1,0,33.0,ATM
0,3.0827853703164503,0,1,0,1,34.0,EGFR
0,3.533772058384718,0,1,1,0,33.0,BRCA2
0,3.533772058384718,0,1,1,0,33.0,BRCA2
0,3.533772058384718,0,1,1,0,34.0,BRCA2
0,3.533772058384718,0,1,1,0,34.0,BRCA2
0,3.533772058384718,0,1,1,0,34.0,BRCA2
1,2.6364878963533656,0,1,1,1,33.0,STK11
0,2.1931245983544616,0,1,1,1,34.0,CDKN2A
1,3.256958152560932,0,1,1,1,33.0,TSC2
0,3.2702128548962426,0,1,1,1,34.0,BRCA1
0,2.6522463410033232,0,1,1,1,34.0,WT1
0,3.485153349903652,0,1,1,0,33.0,ATM
0,3.485153349903652,0,1,1,0,33.0,ATM
0,3.485153349903652,0,1,1,0,34.0,ATM
1,3.04688519083771,0,1,0,1,33.0,RET
0,3.4531653925258574,1,1,1,0,34.0,NF1
1,3.256958152560932,1,1,1,1,34.0,TSC2
0,3.4531653925258574,1,1,1,0,33.0,NF1
0,3.4531653925258574,1,1,1,0,32.0,NF1
