target_gene,variant_id,position,label,s_esm1v_ensemble5
NF1,K1444E,1444,1,0.44027199745178214
NF1,L2164M,2164,1,1.6996270179748536
NF1,Y2192N,2192,1,-0.7570802211761475
NF1,R1412S,1412,1,0.3930793285369873
NF1,R1276P,1276,1,0.4283184051513672
NF1,Y489C,489,1,-0.17322845458984376
NF1,L508P,508,1,0.8436228275299072
NF1,L316M,316,1,1.7341675281524658
NF1,L357P,357,1,1.6073743104934692
NF1,L1243P,1243,1,2.2099270820617676
NF1,L844R,844,1,2.1537140607833862
APC,R414C,414,0,0.0365478038787842
APC,S1395C,1395,1,3.9459664821624756
APC,E1317Q,1317,0,0.34465370178222654
VHL,R167Q,167,1,0.5977053165435791
VHL,R167W,167,1,2.2286782264709473
VHL,R167G,167,1,0.8229414463043213
VHL,W88S,88,1,-0.934065580368042
VHL,L135F,135,1,0.49536662101745604
VHL,Y112H,112,1,0.06188015937805177
VHL,Y98H,98,1,0.16450390815734864
VHL,V166F,166,1,0.5019689559936523
VHL,R64P,64,1,0.08467717170715332
VHL,Y112N,112,1,0.29639496803283694
VHL,V130L,130,1,-0.09455370903015134
VHL,D126Y,126,1,-0.09269390106201172
VHL,L163P,163,1,1.1329395294189453
VHL,P81S,81,0,-0.2817952632904052
VHL,H191D,191,1,-1.2685105562210084
VHL,V84L,84,1,-0.21077795028686525
VHL,G93S,93,1,1.356661033630371
VHL,Q164R,164,1,-0.3816830158233643
ATM,F2827C,2827,1,2.4270419120788573
ATM,V2424G,2424,1,1.0574942588806153
ATM,M1040V,1040,0,-0.7861984252929688
ATM,L2656P,2656,1,1.5071809530258178
ATM,Y2677C,2677,1,0.4718743324279785
ATM,S49C,49,0,1.9083629608154298
WT1,R467W,467,1,15.612701225280762
WT1,R439H,439,1,13.225656318664551
WT1,D469G,469,1,15.383779907226563
WT1,D469N,469,1,15.076417922973633
WT1,R467P,467,1,19.889480972290038
WT1,C403Y,403,1,13.745159339904784
WT1,H450Y,450,1,14.603491592407227
WT1,C433G,433,1,15.456988334655762
WT1,H446Q,446,1,14.539181137084961
WT1,S346G,346,1,1.4350074768066405
WT1,F456L,456,1,13.808304977416991
WT1,F465L,465,1,16.09231243133545
WT1,R439C,439,1,14.709199714660645
TSC1,K587R,587,0,-0.3310385227203369
TSC1,M224R,224,1,0.7163402557373046
TSC1,L180P,180,1,5.765000915527343
TP63,R243W,243,1,12.123245811462402
TP63,R243Q,243,1,10.89763355255127
TP63,C345R,345,1,14.48329429626465
TP63,K233E,233,1,13.951042747497558
TP63,R319C,319,1,12.862296867370606
TP63,R318H,318,1,13.194602966308594
TP63,R343Q,343,1,11.568158912658692
TP63,L553F,553,1,6.090319728851318
TP63,C561G,561,1,8.748273944854736
TP63,R337Q,337,1,11.722879219055176
TP63,D351G,351,1,12.845119285583497
TP63,I549T,549,1,5.396498441696167
TP63,S580P,580,1,7.036281490325928
TP63,R337G,337,1,12.8199031829834
TP63,R266Q,266,1,11.239358901977539
STK11,L67P,67,1,12.891037559509277
STK11,G163D,163,1,12.709057998657226
STK11,D194Y,194,1,13.095436096191406
STK11,Y49D,49,1,15.348383903503418
STK11,G135R,135,1,7.093781185150147
STK11,W239C,239,1,13.875724601745606
STK11,F354L,354,0,3.389502000808716
PTEN,G129E,129,1,11.349370193481445
PTEN,S170R,170,1,15.272225952148437
PTEN,H123R,123,1,14.734446907043457
PTEN,C124R,124,1,12.266962432861328
PTEN,M35R,35,1,15.34809226989746
PTEN,L70P,70,1,12.236466026306152
PTEN,R130Q,130,1,11.709806632995607
PTEN,L112P,112,1,11.783055114746094
PTEN,H61D,61,1,12.438895225524902
PTEN,H93R,93,1,13.33316764831543
PTEN,D252G,252,1,10.84077091217041
PTEN,F241S,241,1,9.787634658813477
PTEN,G132V,132,1,14.074610900878906
BRCA2,A938P,938,1,0.07260799407958982
BRCA2,N372H,372,0,0.9443010330200196
BRCA2,T2722R,2722,1,2.6329894065856934
BRCA2,L2510P,2510,1,0.11843562126159665
CDKN2A,G101W,101,1,9.519566345214844
CDKN2A,M53I,53,1,-0.535042667388916
CDKN2A,R24P,24,1,4.219625759124756
CDKN2A,V126D,126,1,7.094185733795166
CDKN2A,V59G,59,1,4.489528751373291
CDKN2A,S56I,56,1,5.203922271728516
CDKN2A,G89D,89,1,6.334252643585205
TP53,R248W,248,1,11.322216606140136
TP53,E258K,258,1,9.30664348602295
TP53,G245C,245,1,9.972819900512695
TP53,P72R,72,0,2.9659510612487794
TP53,R249S,249,1,11.327940082550048
TP53,V157F,157,1,6.042045783996582
TP53,C242Y,242,1,10.819309616088868
TP53,G245D,245,1,9.686299133300782
TP53,R248Q,248,1,9.778463172912598
TP53,M133T,133,1,3.594904661178589
TP53,V272L,272,1,5.585831642150879
TP53,S241F,241,1,9.653129577636719
TP53,R282W,282,1,8.773830127716064
TP53,G245S,245,1,7.109690093994141
TP53,R273H,273,1,8.14104471206665
TP53,R280T,280,1,10.63075590133667
TP53,P151T,151,1,5.996036720275879
TP53,P151S,151,1,5.738805484771729
TP53,R175H,175,1,7.744068813323975
TP53,L344P,344,1,10.443438148498535
TP53,A138P,138,1,7.624732780456543
TP53,R337H,337,1,1.4819322109222413
TP53,Y220S,220,1,8.29664888381958
TP53,E285V,285,1,7.017328929901123
TSC2,P1675L,1675,1,0.35500435829162597
TSC2,R611Q,611,1,0.5255612373352051
TSC2,L717R,717,1,2.561340808868408
TSC2,Q1503P,1503,1,-0.4051938533782959
TSC2,R905Q,905,1,0.17299633026123043
TSC2,R905W,905,1,0.9168026924133301
TSC2,R905G,905,1,0.28691849708557127
HRAS,G12V,12,1,11.625729370117188
HRAS,Q61K,61,1,12.480673027038574
HRAS,G12S,12,1,10.0524582862854
HRAS,G12A,12,1,9.05788278579712
HRAS,G13D,13,1,12.952935981750489
HRAS,K117R,117,1,10.460515594482422
HRAS,G13C,13,1,11.794334602355956
HRAS,A146T,146,1,10.76898193359375
HRAS,E63K,63,1,11.989107704162597
HRAS,Q22K,22,1,11.931781578063966
HRAS,T58I,58,1,11.359084129333496
HRAS,A146V,146,1,10.71393117904663
HRAS,G12D,12,1,12.310313606262207
HRAS,G12C,12,1,11.49576416015625
RB1,S567L,567,1,7.512785530090332
RB1,R661W,661,1,11.095350646972657
RB1,C712R,712,1,11.028189086914063
KIT,G664R,664,1,8.619106674194336
KIT,E583K,583,1,10.105940055847167
KIT,V559D,559,1,10.94107265472412
KIT,R796G,796,1,15.255121803283691
KIT,T847P,847,1,13.074466133117676
KIT,E839K,839,1,11.67310028076172
KIT,D816H,816,1,11.827114677429199
KIT,F584C,584,1,9.712513732910157
KIT,V559A,559,1,6.103446578979492
KIT,K642E,642,1,10.414374542236327
ERBB2,I655V,655,0,-0.19706231355667114
ERBB2,I654V,654,0,-0.45703216791152956
ERBB2,L755P,755,1,9.179000759124756
ERBB2,E914K,914,1,12.725106620788575
ERBB2,G776S,776,1,-1.8015143871307373
ERBB2,N857S,857,1,2.5978946685791016
MET,M1131T,1131,1,6.708261489868164
MET,V1188L,1188,1,5.491248989105225
MET,V1220I,1220,1,-0.27976264953613283
MET,D1228N,1228,1,1.5059672355651856
MET,H1094R,1094,1,-1.4504867553710938
MET,M1250I,1250,1,5.315001773834228
MET,K1244R,1244,1,0.48361884355545043
MYCN,R393H,393,1,12.538546943664551
MYCN,R393S,393,1,14.087079620361328
MYCN,R394H,394,1,13.341651916503906
RET,C618G,618,1,-0.3352633476257324
RET,C634G,634,1,-1.0410163402557373
RET,C634Y,634,1,-0.30472583770751954
RET,C634S,634,1,-2.0898945331573486
RET,C634F,634,1,-0.05067529678344727
RET,C611W,611,1,1.5060591220855712
RET,C618S,618,1,0.04541125297546387
RET,C620R,620,1,0.9222706079483032
RET,C620Y,620,1,1.236566710472107
RET,C634R,634,1,-1.3674288749694825
RET,C634W,634,1,0.04012422561645508
RET,M918T,918,1,8.65879421234131
RET,R972G,972,1,6.493477916717529
RET,S32L,32,1,0.7395178556442261
RET,C620F,620,1,1.1858978033065797
RET,C618R,618,1,0.17681093215942384
RET,E768D,768,1,1.4161949157714844
RET,C609Y,609,1,1.031519365310669
RET,C620W,620,1,1.3036489963531495
RET,L790F,790,1,3.0031063556671143
RET,A640G,640,1,0.5839330434799195
RET,C620S,620,1,0.6666892290115356
RET,C609R,609,1,0.46621136665344237
RET,V804M,804,1,1.8757308721542358
RET,V804L,804,1,1.5346951603889465
RET,R114H,114,0,1.161243486404419
RET,G533C,533,1,0.8106941223144531
RET,S891A,891,1,-1.3378524780273435
BRAF,R462I,462,1,14.388079643249512
BRAF,I463S,463,1,14.43120231628418
BRAF,G464E,464,1,14.610711288452148
BRAF,A246P,246,1,13.140997505187988
BRAF,K601E,601,1,12.620186042785644
BRAF,G466V,466,1,14.892367935180664
BRAF,L597R,597,1,13.854242515563964
BRAF,L597V,597,1,13.450005531311035
BRAF,G469R,469,1,12.088992500305176
BRAF,G469A,469,1,10.805150604248047
BRAF,Q257R,257,1,10.329582595825196
BRAF,G469E,469,1,14.613285255432128
BRAF,L485F,485,1,11.92441520690918
BRAF,K499E,499,1,12.93333683013916
BRAF,E501K,501,1,12.457569694519043
BRAF,E501G,501,1,12.024484539031983
BRAF,N581D,581,1,14.38890724182129
BRAF,G534R,534,1,11.884238052368165
BRAF,D638E,638,1,14.156664657592774
EGFR,G719C,719,1,11.5942232131958
BRCA1,C64G,64,1,10.637712860107422
BRCA1,C61G,61,1,11.914330863952637
BRCA1,S1040N,1040,0,0.9338783740997314
BRCA1,R1443G,1443,0,-0.20016660690307614
BRCA1,R841W,841,0,2.4283681869506837
BRCA1,R71G,71,1,2.8277667284011843
BRCA1,M1775R,1775,1,1.038861083984375
BRCA1,M1775K,1775,1,0.9783412933349609
ALK,R1275Q,1275,1,10.37499942779541
ALK,G1128A,1128,1,7.9266432762146
ALK,R1192P,1192,1,12.677828788757324
APC,V1822D,1822,0,-0.4167467594146729
RET,C609G,609,1,0.01838264465332031
RET,C609W,609,1,1.2689665794372558
RET,C611R,611,1,0.47885138988494874
RET,C611G,611,1,0.435693860054016
RET,C611Y,611,1,0.6796905755996704
RET,C611F,611,1,0.6914728879928589
RET,C618Y,618,1,0.7447186470031738
RET,C618F,618,1,0.6451208114624023
RET,C620G,620,1,0.86475989818573
RET,C630R,630,1,0.595589542388916
RET,C630Y,630,1,1.3725221157073975
RET,C630S,630,1,-0.1248793363571167
RET,D631Y,631,1,1.2558549404144288
RET,K666E,666,1,1.8718775272369386
RET,K666N,666,1,1.817559051513672
BRAF,T241M,241,1,11.359262466430664
BRAF,T241R,241,1,13.354360771179199
BRAF,T241P,241,1,12.570581817626953
BRAF,W531C,531,1,14.392651557922363
TP63,R266P,266,1,14.755083465576172
NF1,L1411F,1411,1,1.3817796230316162
KIT,V620A,620,1,8.230681610107421
HRAS,G13R,13,1,12.652289390563965
VHL,P81L,81,1,-0.020605754852294895
VHL,R107P,107,1,0.3274384498596191
VHL,T124I,124,1,0.40582122802734377
VHL,L153Q,153,1,0.824718427658081
VHL,Y175C,175,1,0.9441047668457031
BRCA1,P346S,346,0,-1.3588202476501465
BRCA1,D369N,369,0,-0.34507102966308595
BRCA1,C39Y,39,1,8.90930643081665
BRCA1,C39F,39,1,9.618493938446045
BRCA1,R496C,496,0,0.8597262382507325
BRCA1,L512F,512,0,0.7606147766113281
BRCA1,N550H,550,0,0.9680855751037598
BRCA1,L668F,668,0,1.1997303009033202
BRCA1,K719E,719,0,0.3548680305480957
BRCA1,N723D,723,0,0.4012932777404785
BRCA1,E736A,736,0,1.0779915809631349
BRCA1,S784L,784,0,1.388954520225525
BRCA1,T826K,826,0,-0.12349696159362789
BRCA1,K862E,862,0,0.2451200008392334
BRCA1,G890V,890,0,-0.3055521965026855
BRCA1,K912R,912,0,1.1040226459503173
BRCA1,V920I,920,0,0.31331768035888674
BRCA1,I925L,925,0,-0.40882506370544436
BRCA1,A102G,102,0,-0.18299994468688965
BRCA1,R1028C,1028,0,0.5523791313171387
BRCA1,R1028H,1028,0,0.5133813858032227
BRCA1,I1044V,1044,0,0.9451686143875122
BRCA1,K1109N,1109,0,0.4134561538696289
BRCA1,E1219D,1219,0,0.1734268188476562
BRCA1,P1238L,1238,0,-0.00130724906921384
BRCA1,I1275V,1275,0,-0.22820668220520016
BRCA1,E1346K,1346,0,0.5118713855743409
BRCA1,I1405V,1405,0,-0.20818095207214354
BRCA1,E143K,143,0,0.3182975769042969
BRCA1,R1495K,1495,1,-0.6378356456756592
BRCA1,R1495M,1495,1,0.5325475692749023
BRCA1,S153R,153,0,1.2343620777130127
BRCA1,E1559K,1559,1,0.5590669631958007
BRCA1,E1559Q,1559,1,0.4467489242553711
BRCA1,K1606E,1606,0,-0.5778735160827637
BRCA1,S1613C,1613,0,1.7030072212219238
BRCA1,A1623G,1623,1,0.40203061103820803
BRCA1,M1652T,1652,0,4.450751399993896
BRCA1,L1664P,1664,0,2.7941974639892577
BRCA1,M1689R,1689,1,6.016564178466797
BRCA1,T1691K,1691,1,0.6219332933425903
BRCA1,T1691I,1691,1,3.866705226898193
BRCA1,D1692N,1692,1,0.9323718547821045
BRCA1,D1692H,1692,1,2.8894668579101563
BRCA1,C1697Y,1697,1,5.327192258834839
BRCA1,R1699Q,1699,1,4.517846632003784
BRCA1,L1705P,1705,1,7.7163405418396
BRCA1,G1706E,1706,1,8.249604225158691
BRCA1,V1736A,1736,1,3.0260297298431396
BRCA1,G1748C,1748,1,1.8525362014770508
BRCA1,I1766S,1766,1,7.8589027404785154
BRCA1,G1788V,1788,1,8.409320259094239
BRCA1,Y179C,179,0,-0.42909631729125974
BRCA1,M18T,18,1,0.9481632232666015
BRCA1,G1803A,1803,1,0.11280312538146972
BRCA1,P1812A,1812,1,0.6146367788314819
BRCA1,D1818G,1818,1,0.1786206245422363
BRCA1,W1837R,1837,1,6.366986560821533
BRCA1,W1837C,1837,1,5.889101791381836
BRCA1,S1841R,1841,1,7.598171520233154
BRCA1,V191I,191,0,0.6340174674987793
BRCA1,D214G,214,0,0.21415877342224116
BRCA1,T276R,276,0,0.3597393989562988
BRCA1,S316G,316,0,0.9506431102752684
BRCA2,T3349A,3349,0,-0.24401822090148922
BRCA2,T3371A,3371,0,0.49926137924194336
BRCA2,R3385C,3385,0,1.60525541305542
BRCA2,Y42C,42,0,-0.6722145557403565
BRCA2,E462G,462,0,1.1558197498321534
BRCA2,I505V,505,0,-0.0641688346862793
BRCA2,N56T,56,0,0.06357383728027347
BRCA2,T582P,582,0,-0.3903967380523682
BRCA2,K604E,604,0,-0.3647600173950195
BRCA2,A622V,622,0,0.045928573608398394
BRCA2,T630I,630,0,0.34137601852416993
BRCA2,P655R,655,0,-0.29205832481384275
BRCA2,D935H,935,0,0.9031380176544189
BRCA2,L1019V,1019,0,-0.25004920959472654
BRCA2,N1102Y,1102,0,1.0433897495269775
BRCA2,N1228D,1228,0,1.1335544109344482
BRCA2,C1290Y,1290,0,-0.16465129852294919
BRCA2,V1306I,1306,0,-0.11820678710937496
BRCA2,M1I,1,1,4.59228925704956
BRCA2,C1365Y,1365,0,0.19115219116210933
BRCA2,Q1396R,1396,0,0.4561579704284668
BRCA2,G1529R,1529,0,4.247524166107178
BRCA2,T1557S,1557,0,-0.8891531229019165
BRCA2,K1690N,1690,0,1.4163653612136842
BRCA2,D1699N,1699,0,-0.14073967933654788
BRCA2,G173V,173,1,-0.3950935363769531
BRCA2,S1733F,1733,0,0.8644718170166016
BRCA2,G1771D,1771,0,-0.41017951965332033
BRCA2,A1825V,1825,0,-0.04539499282836912
BRCA2,I1851S,1851,0,-2.2824986457824705
BRCA2,N1878K,1878,0,-0.11351537704467773
BRCA2,L1904V,1904,0,0.711232042312622
BRCA2,D1923A,1923,0,1.2008397579193115
BRCA2,I1929V,1929,0,0.4293103694915771
BRCA2,C1960Y,1960,0,-0.15179967880249026
BRCA2,N2048I,2048,0,1.9395742416381836
BRCA2,H2074N,2074,0,0.1646737575531006
BRCA2,T2097M,2097,0,1.5731603622436523
BRCA2,V211L,211,1,-0.5188553810119629
BRCA2,R2108H,2108,0,-0.2012282848358154
BRCA2,N2113S,2113,0,-0.6706187486648559
BRCA2,F221L,221,0,-0.9054659843444824
BRCA2,T2250A,2250,0,0.3536280632019043
BRCA2,I2285V,2285,0,-0.34534358978271484
BRCA2,R2336H,2336,1,0.5331947326660156
BRCA2,A2351G,2351,0,0.39212727546691895
BRCA2,Q2384K,2384,0,-0.45911216735839844
BRCA2,T2515I,2515,0,0.3376319885253906
BRCA2,H2623R,2623,1,-0.8212352752685547
BRCA2,W2626C,2626,1,-0.583017635345459
BRCA2,R2659G,2659,1,0.12305145263671875
BRCA2,R2659K,2659,1,-0.14724383354187007
BRCA2,D2665G,2665,0,0.10940861701965332
BRCA2,I2672V,2672,0,0.23462271690368652
BRCA2,M2676T,2676,0,-0.42220335006713866
BRCA2,L2688P,2688,1,2.115587282180786
BRCA2,D2723G,2723,1,4.684967088699341
BRCA2,K2729N,2729,0,1.8421326398849487
BRCA2,N277K,277,0,-0.22437129020690919
BRCA2,R2784W,2784,1,1.5175800800323487
BRCA2,G2793E,2793,1,-0.09343214035034181
BRCA2,Q2829R,2829,1,-0.17579607963562008
BRCA2,G2901D,2901,0,-1.5064783096313477
BRCA2,S2922G,2922,0,2.209164094924927
BRCA2,R2973C,2973,0,1.3936451911926269
BRCA2,R2991H,2991,0,0.32239747047424316
BRCA2,E3002K,3002,1,0.9893747091293335
BRCA2,Y3006D,3006,1,4.682227325439453
BRCA2,T3013I,3013,0,-0.4538969278335571
BRCA2,V3079I,3079,0,0.5756133079528809
BRCA2,Y3098H,3098,0,-0.7934009075164795
BRCA2,L3101R,3101,1,1.74284188747406
BRCA2,N3124I,3124,1,2.708548831939697
BRCA2,C315S,315,0,-2.2671224594116213
BRCA2,N3174K,3174,0,-0.9985633611679077
BRCA2,C3198R,3198,0,-0.7071058273315429
BRCA2,P3202L,3202,0,-0.6959093093872071
BRCA2,G3212R,3212,0,-0.0980500698089599
BRCA2,K322Q,322,0,1.364625382423401
RET,C609F,609,1,0.8835049629211426
RET,C609S,609,1,0.42855396270751955
RET,C611S,611,1,0.23652842044830322
RET,M918V,918,1,8.391727256774903
RET,A883F,883,1,5.565145015716553
TP63,G173D,173,1,10.153564071655273
PTEN,T167N,167,1,11.512143325805663
PTEN,T131I,131,1,12.249777793884277
ATM,A2067D,2067,1,1.3844662666320802
BRAF,D22N,22,0,9.822985649108887
BRAF,E26D,26,0,4.5909764766693115
BRAF,T244P,244,1,11.249761772155761
BRAF,L245F,245,1,10.087854194641114
BRAF,F247S,247,1,13.622092628479004
BRAF,Q257K,257,1,11.967867469787597
BRAF,Q262K,262,1,12.645537948608398
BRAF,G464V,464,1,14.84121322631836
BRAF,G464A,464,1,11.897296524047851
BRAF,F468S,468,1,12.426553916931152
BRAF,V471F,471,1,14.104119205474854
BRAF,V471I,471,1,11.472921752929688
BRAF,K483Q,483,1,14.928185081481933
BRAF,L485S,485,1,13.390406227111816
BRAF,K499N,499,1,13.421229362487793
BRAF,E501A,501,1,15.256103515625
BRAF,E501V,501,1,14.821165657043457
BRAF,L505F,505,1,11.08535270690918
BRAF,W531L,531,1,13.80745964050293
BRAF,C532Y,532,1,12.097553634643555
BRAF,D565E,565,1,11.332124710083008
BRAF,F583L,583,1,8.867264747619629
BRAF,G596V,596,1,15.563305282592774
BRAF,T599I,599,1,12.67420825958252
BRAF,V600G,600,1,13.440764617919921
BRAF,K601I,601,1,15.808752632141113
BRAF,Q709R,709,1,11.618254661560059
HRAS,A59T,59,1,12.091764450073242
HRAS,G60D,60,1,11.443537521362305
HRAS,N86T,86,0,6.765017700195313
HRAS,S89C,89,1,9.751252937316895
HRAS,P174S,174,0,0.3590549468994141
BRAF,K601Q,601,1,13.01339931488037
APC,P870S,870,0,-1.5304252862930299
APC,L1129S,1129,0,-0.7093087911605835
APC,A2274V,2274,0,0.10538697242736814
APC,G2502S,2502,0,-0.6880073785781861
APC,S2621C,2621,0,3.7092195987701415
APC,A735V,735,0,0.39748353958129884
APC,D1083E,1083,0,-0.2727165222167969
APC,N1118D,1118,0,0.46702041625976565
APC,E140D,140,0,2.421394634246826
BRCA2,I3412V,3412,0,0.10394134521484373
BRCA2,S384F,384,0,1.3686790943145752
BRCA2,I505T,505,0,-0.03095631599426264
BRCA2,T598A,598,0,0.5764563083648682
BRCA2,M784V,784,0,-1.0978891849517822
BRCA2,N991D,991,0,0.4350122928619385
BRCA2,S1172L,1172,0,0.48563599586486816
BRCA2,G1194D,1194,0,-0.5518612861633301
BRCA2,D1420Y,1420,0,1.0977264881134032
BRCA2,K1531N,1531,0,-0.24250273704528807
BRCA2,E1593D,1593,0,0.5957777023315429
BRCA2,D1911V,1911,0,-0.529536247253418
BRCA2,T1915M,1915,0,1.2770193576812745
BRCA2,R2034C,2034,0,0.08065428733825683
BRCA2,R2108C,2108,0,-0.27363767623901364
BRCA2,H2116R,2116,0,-0.026679229736328126
BRCA2,H2440R,2440,0,-0.29288377761840817
BRCA2,A2717S,2717,0,1.3181750535964967
BRCA2,V2728I,2728,0,0.001483321189880371
BRCA2,N289H,289,0,0.9748781204223633
BRCA2,I2944F,2944,0,1.1249979496002198
BRCA2,A2951T,2951,0,0.9470620632171631
BRCA2,V3244I,3244,0,0.1031988143920898
CDKN2A,A127S,127,0,3.853148174285889
CDKN2A,R144C,144,0,2.8003915786743163
CDKN2A,A148T,148,0,1.1086763858795166
KIT,N400S,400,0,1.061532974243164
KIT,M541L,541,0,-0.4855780839920043
MET,V37A,37,0,0.7301249980926514
MET,N375S,375,0,0.02187914848327637
MET,I316M,316,0,1.8997960090637207
NF1,I1679V,1679,0,0.033612680435180654
NF1,A2532V,2532,0,0.11406965255737304
PTEN,A79T,79,0,2.24649338722229
RB1,E137D,137,0,0.6077762365341186
RB1,D210Y,210,0,3.9273882865905763
TSC1,S334L,334,0,0.6064772844314575
TSC1,T360N,360,0,1.379642629623413
TSC1,Q550E,550,0,-0.8100546836853028
TSC1,T899S,899,0,-0.26928548812866204
TSC1,M322T,322,0,-2.317832326889038
TSC2,R367Q,367,0,0.22846503257751466
TSC2,A583T,583,0,0.5590721607208252
TSC2,A607T,607,0,0.09902396202087402
TSC2,A1257V,1257,0,0.5222491264343262
TSC2,S1276F,1276,0,2.1545010566711427
TSC2,P1305L,1305,0,0.13081393241882325
TSC2,R1329H,1329,0,1.46862850189209
TSC2,A1429S,1429,0,-0.5203571319580078
TSC2,S1774T,1774,0,0.7014583587646485
TSC2,R1795C,1795,0,2.4580976486206056
BRCA1,Q356R,356,0,-0.36482748985290525
BRCA1,D411E,411,0,-0.23157424926757808
BRCA1,R496H,496,0,0.5964357852935791
BRCA1,E597K,597,0,0.298193883895874
BRCA1,D693N,693,0,-0.43522372245788576
BRCA1,V772A,772,0,0.32318267822265623
BRCA1,K820E,820,0,-0.33315610885620117
BRCA1,R866C,866,0,1.1726152896881104
BRCA1,P871L,871,0,-0.5930294513702392
BRCA1,M1008I,1008,0,-1.4061286449432373
BRCA1,E1038G,1038,0,0.8764429569244385
BRCA1,P1099L,1099,0,-0.45392684936523436
BRCA1,S1140G,1140,0,1.234670925140381
BRCA1,K1183R,1183,0,0.6431704998016358
BRCA1,L1261F,1261,0,1.0368733406066895
BRCA1,R1347G,1347,0,-0.2239922523498535
BRCA1,P142H,142,0,1.0074543476104736
BRCA1,R1507T,1507,0,-0.8892926692962646
BRCA1,S1512I,1512,0,1.7197286128997802
BRCA1,S1613G,1613,0,1.1105106353759766
BRCA1,M1628T,1628,0,-1.4146576404571534
BRCA1,M1652I,1652,0,0.12026686668395996
BRCA1,H1860P,1860,0,-0.9636404514312744
BRCA1,L246V,246,0,0.43273200988769533
RET,R67H,67,0,1.0379210233688354
RET,T278N,278,0,-0.04626884460449217
TP53,A347D,347,1,6.570304203033447
TP53,P47S,47,0,-0.20035400390625
TP53,R273C,273,1,8.77512149810791
VHL,S65W,65,1,0.7321939945220948
VHL,E70K,70,1,0.5532131195068359
VHL,R107G,107,1,-0.2860384941101074
VHL,Y156C,156,1,0.8136461257934571
VHL,C162F,162,1,-0.6310816287994385
VHL,V166A,166,1,0.09988317489624024
BRAF,G466R,466,1,12.434099769592285
BRAF,G469V,469,1,14.765371513366699
BRAF,T470R,470,1,14.002386093139648
BRAF,A481E,481,1,15.765346336364747
BRAF,V487G,487,1,11.236618041992188
BRAF,E501Q,501,1,14.04470329284668
BRAF,H574Y,574,1,13.387835121154785
BRAF,N581K,581,1,14.891475296020507
BRAF,D594N,594,1,15.432129287719727
BRAF,V600M,600,1,9.642670345306396
BRAF,V600L,600,1,9.517483329772949
BRAF,K601T,601,1,13.351976585388183
BRAF,T241K,241,1,12.507639694213868
BRAF,F247V,247,1,13.738153266906739
BRAF,Q262P,262,1,14.171786499023437
BRAF,G265R,265,1,9.412055492401123
BRAF,A31G,31,0,3.4193204641342163
BRAF,S323L,323,0,9.49231653213501
ERBB2,G815R,815,0,2.5449852466583254
EGFR,G719R,719,1,11.580230903625488
EGFR,G719A,719,1,8.106271648406985
EGFR,S768I,768,1,7.879449844360352
EGFR,V834L,834,1,5.513440895080566
TSC1,R336W,336,0,2.65322060585022
TSC1,S403L,403,0,0.6199647426605225
TSC1,P448S,448,0,-0.5002591133117675
TSC1,R509Q,509,0,0.21672453880310058
TSC1,A523P,523,0,-0.06469817161560058
TSC1,L61P,61,1,3.27561674118042
TSC1,A659V,659,0,-0.03208708763122557
TSC1,G681S,681,1,-0.6654412031173706
TSC1,L72P,72,1,3.9335864543914796
TSC1,E809Q,809,0,0.4371742486953735
TSC1,S829R,829,0,0.6116436004638672
TSC1,A84T,84,0,0.060691499710082995
TSC1,A883T,883,0,0.2454074382781982
TSC1,R885W,885,0,3.5021620273590086
TSC1,R1097H,1097,0,1.174678421020508
TSC1,R190P,190,1,4.556021976470947
TSC1,L191H,191,1,5.682911443710327
TSC1,L191R,191,1,6.703865575790405
TSC1,F216S,216,1,3.9431716442108153
TSC2,L362P,362,1,-1.147612953186035
TSC2,L493V,493,1,1.4250388503074647
TSC2,Y598H,598,1,0.16795334815979
TSC2,R611G,611,1,0.9202100753784179
TSC2,K7R,7,0,0.5123604297637939
TSC2,E814K,814,1,-0.2703956127166748
TSC2,P91L,91,0,0.5592754364013672
TSC2,R1032P,1032,1,0.3600161552429199
TSC2,T1071R,1071,1,-0.23977365493774414
TSC2,A1141T,1141,0,0.15627756118774408
TSC2,L160V,160,1,0.41997194290161133
TSC2,L1597P,1597,1,3.8479690074920656
TSC2,H1620Y,1620,1,2.669070529937744
TSC2,H1640Y,1640,1,2.117785167694092
TSC2,N1651S,1651,1,-0.506798267364502
TSC2,N1681K,1681,1,-0.5216750621795654
TSC2,S1684P,1684,1,2.301130676269531
TSC2,D1690Y,1690,1,0.7562681198120117
TSC2,P1709R,1709,1,-0.4590054988861084
TSC2,L1717P,1717,1,1.8157422065734863
TSC2,L1750F,1750,0,1.7249667167663574
TSC2,P1771L,1771,0,0.4128893852233887
TSC2,R261W,261,0,2.036500930786133
TSC2,G294R,294,1,-0.9858736991882324
TSC2,D1690H,1690,1,0.6056131839752197
TSC2,S1698R,1698,0,0.5725506782531739
TSC2,I1648T,1648,1,3.8178141117095947
TSC2,G1595R,1595,1,3.7082295417785645
TSC2,R1743W,1743,1,1.9457133293151856
TSC2,Y1549C,1549,1,1.8343567371368408
TSC2,Q1554H,1554,1,2.076729249954224
TSC2,P1497T,1497,1,0.39568777084350587
TSC2,P1497R,1497,1,0.17122268676757807
TSC2,V1673L,1673,0,1.2395933866500854
TSC2,Q1503H,1503,1,0.39889984130859374
TSC2,Y1571C,1571,1,2.0677414417266844
TSC2,G1204R,1204,1,0.13472304344177247
TSC2,L1235F,1235,0,1.3983334064483643
TSC2,D1028N,1028,1,0.4558244228363037
TSC2,A1141V,1141,0,0.3746120452880859
TSC2,A889V,889,1,0.23569064140319823
TSC2,L808S,808,1,1.5008300304412843
TSC2,F897S,897,1,-1.1655052185058594
TSC2,L737P,737,1,4.5983682632446286
TSC2,P579A,579,0,1.104553747177124
TSC2,H597R,597,1,0.5133168697357178
TSC2,R611W,611,1,1.3404407024383544
TSC2,A460T,460,0,0.4470678329467773
TSC2,P543L,543,0,0.2682543039321899
TSC2,I463V,463,0,-0.4744416236877441
TSC2,N525S,525,0,-1.0703243494033814
TSC2,A614D,614,1,2.701935958862305
TSC2,C804R,804,1,0.9143234252929687
TSC2,T5A,5,0,-0.1795740127563476
TSC2,L826P,826,1,3.9893113136291505
TSC2,R1159W,1159,0,2.5508282661437987
TSC2,Y1186C,1186,0,-0.03133726119995115
TSC2,R1200W,1200,1,2.5818419456481934
TSC2,T993M,993,0,1.4554388999938965
TSC2,E1558K,1558,1,1.428400182723999
TSC2,R1743G,1743,1,0.639622688293457
TSC2,L1027P,1027,1,0.8298206806182862
TSC2,C244R,244,1,0.32250270843505857
TSC2,N1643H,1643,1,4.1277869701385494
TSC2,L264P,264,1,1.9905846834182739
TSC2,P1709L,1709,1,-0.3549470901489258
TSC2,R1713H,1713,1,0.979501461982727
TSC2,R1713P,1713,1,0.9712591648101807
TSC2,R1793Q,1793,0,1.0981455326080323
TSC2,A196T,196,0,-0.15444593429565429
TSC2,G1579S,1579,1,1.2260887145996093
TSC2,R1743Q,1743,1,0.5717678546905518
TSC2,R1743P,1743,1,0.8746861457824707
TSC2,L1744P,1744,1,1.5938492298126221
TSC2,G1642D,1642,1,5.777089214324951
TSC2,M286V,286,0,-0.8704090118408203
TSC2,M286T,286,0,-1.3913506031036378
TSC2,P1265S,1265,0,0.3887303829193115
TSC2,L1562P,1562,1,1.853930377960205
TSC2,S1095N,1095,1,2.4376707553863524
TSC2,G1399R,1399,0,-0.16675877571105954
TSC2,G1134A,1134,1,0.29515914916992186
TSC2,L850P,850,1,3.882732963562012
TSC2,L1578P,1578,1,3.3349921703338623
TSC2,L1584R,1584,1,1.6364999532699585
TSC2,C696R,696,1,0.6172858715057373
TSC2,C696Y,696,1,0.3510227680206298
TSC2,E92V,92,0,1.9104671478271484
TSC2,L733P,733,1,3.3980527400970457
TSC2,G1204E,1204,1,-0.02457795143127441
TSC2,Y598C,598,1,-0.21229767799377441
TSC2,D1013N,1013,0,0.5662641525268555
TSC2,P419S,419,1,-1.0860571384429931
TSC2,M649T,649,0,-0.9850070476531982
TSC2,L466P,466,1,6.3887025833129885
TSC2,L466R,466,1,5.2934465408325195
BRCA2,T3374I,3374,0,-0.01751117706298828
BRCA2,Q347R,347,0,0.3812220096588135
BRCA2,P375S,375,0,-1.2303606033325196
BRCA2,E394A,394,0,0.7630583763122558
BRCA2,P41S,41,0,-1.1171711444854737
BRCA2,L452I,452,0,0.5231497764587403
BRCA2,Q499R,499,0,0.11901388168334959
BRCA2,C554W,554,0,2.4581997871398924
BRCA2,N560D,560,0,0.1306568622589111
BRCA2,D596H,596,0,1.0602657794952393
BRCA2,Y600H,600,0,-0.10371603965759277
BRCA2,G602R,602,0,-0.11107926368713376
BRCA2,A618P,618,0,-0.04819750785827634
BRCA2,D707Y,707,0,1.3328362464904786
BRCA2,Q713L,713,0,-0.44844975471496584
BRCA2,A737S,737,0,-1.1410671710968017
BRCA2,V741L,741,0,-0.33446502685546875
BRCA2,A75P,75,0,-0.5445102691650391
BRCA2,L759F,759,0,0.6985085964202881
BRCA2,D806H,806,0,0.8409521579742432
BRCA2,Y828C,828,0,-0.2629745483398437
BRCA2,P835S,835,0,-1.4852123975753784
BRCA2,V894I,894,0,-0.14796648025512688
BRCA2,N900D,900,0,0.4503438472747803
BRCA2,L929S,929,0,-0.4404719829559326
BRCA2,D935N,935,0,-0.5636009216308594
BRCA2,S958G,958,0,1.453162717819214
BRCA2,N987I,987,0,-0.26959981918334963
BRCA2,Y989D,989,0,-0.8664005756378174
BRCA2,L996R,996,0,1.4605058193206788
BRCA2,M1T,1,1,4.722649574279785
BRCA2,M1R,1,1,4.8224616050720215
BRCA2,S1041N,1041,0,0.2704476356506348
BRCA2,C1044W,1044,0,2.9815574645996095
BRCA2,N108H,108,0,1.1271856307983399
BRCA2,Y1135H,1135,0,-0.498150110244751
BRCA2,M1149V,1149,0,-0.8871140956878663
BRCA2,R1190W,1190,0,3.7424598693847657
BRCA2,F1192C,1192,0,0.7207146167755127
BRCA2,D1280V,1280,0,0.16953086853027344
BRCA2,V1283G,1283,0,1.2190418243408203
BRCA2,T1302N,1302,0,-0.22146425247192378
BRCA2,R1315K,1315,0,-1.3294110298156738
BRCA2,I1349T,1349,0,0.5287753582000733
BRCA2,T1354M,1354,0,1.7205236434936524
BRCA2,I1364L,1364,0,0.05957851409912105
BRCA2,T1388N,1388,0,-0.46811776161193847
BRCA2,T1414M,1414,0,1.4237894535064697
BRCA2,S1424C,1424,0,1.5585819244384767
BRCA2,Q147R,147,0,0.19229626655578613
BRCA2,S1479T,1479,0,0.7715725421905517
BRCA2,L1522F,1522,0,0.7490302085876465
BRCA2,F1524V,1524,0,3.525833797454834
BRCA2,C1573Y,1573,0,0.44387292861938477
BRCA2,V159M,159,1,1.5404767513275146
BRCA2,A1668G,1668,0,0.48845586776733396
BRCA2,P168T,168,0,1.5916117191314698
BRCA2,R18H,18,0,0.9791886329650878
BRCA2,P1819S,1819,0,-1.3084745407104492
BRCA2,K1823Q,1823,0,0.4449007987976074
BRCA2,N1880K,1880,0,0.296749210357666
BRCA2,E1895Q,1895,0,0.6961112499237061
BRCA2,H1918Y,1918,0,0.6201074600219727
BRCA2,H1918R,1918,0,-0.6691496849060059
BRCA2,S2006R,2006,0,0.7840151309967041
BRCA2,V211I,211,1,0.32440862655639646
BRCA2,K2128N,2128,0,0.12358574867248535
BRCA2,S2152Y,2152,0,2.2863378524780273
BRCA2,H2178Y,2178,0,0.8152496337890625
BRCA2,D23Y,23,1,1.4189122676849366
BRCA2,D2312V,2312,0,-0.5191784858703613
BRCA2,R2318Q,2318,0,0.09580731391906731
BRCA2,R2336P,2336,1,-0.0890754222869873
BRCA2,R2336L,2336,1,-0.5891151428222656
BRCA2,K2339N,2339,0,0.48407206535339353
BRCA2,G2353R,2353,0,-0.3676021575927734
BRCA2,K2411T,2411,0,0.16090412139892574
BRCA2,N2436I,2436,0,0.19109888076782228
BRCA2,K2472T,2472,0,0.24589891433715821
BRCA2,R2502H,2502,0,0.6773160934448242
BRCA2,L2512F,2512,0,0.8883079528808594
BRCA2,T2542R,2542,0,-0.14893803596496577
BRCA2,G2585R,2585,1,-0.8532362937927246
BRCA2,R2602T,2602,1,0.7938730239868164
BRCA2,G2609D,2609,1,0.14440069198608393
BRCA2,I2627F,2627,1,0.11160974502563477
BRCA2,L2647P,2647,1,0.7132784605026246
BRCA2,L2653P,2653,1,0.4348334550857544
BRCA2,Q2655R,2655,1,-0.1368115901947021
BRCA2,R2659T,2659,1,0.17841067314147946
BRCA2,Y2660D,2660,1,-0.5080255031585693
BRCA2,E2663K,2663,1,0.2617446899414062
BRCA2,E2663V,2663,1,0.30654420852661135
BRCA2,S2670L,2670,1,-0.3345128059387207
BRCA2,I2675V,2675,1,0.44558539390563967
BRCA2,L2686P,2686,1,1.0753556728363036
BRCA2,L2721H,2721,1,5.618759536743164
BRCA2,D2723H,2723,1,4.728321266174317
BRCA2,D2723A,2723,1,4.951497554779053
BRCA2,G2724V,2724,1,4.323275089263916
BRCA2,Y2726C,2726,1,0.27077693939208985
BRCA2,G2748D,2748,1,3.325669527053833
BRCA2,A2770T,2770,0,-0.43343539237976075
BRCA2,W2788R,2788,1,-1.5217805862426759
BRCA2,L2792P,2792,1,-0.05348505973815917
BRCA2,G2793R,2793,1,-0.3038508415222168
BRCA2,S2835P,2835,0,0.4952706813812256
BRCA2,R2842H,2842,0,0.8933184146881104
BRCA2,S286P,286,0,1.3446980953216552
BRCA2,V2969M,2969,0,1.2361122608184814
BRCA2,R3052W,3052,1,1.4524434089660645
BRCA2,K3059E,3059,0,-0.36702680587768555
BRCA2,P3063S,3063,0,-0.5341650485992432
BRCA2,W31R,31,1,-2.564424419403076
BRCA2,G3076E,3076,1,6.479176712036133
BRCA2,D3095E,3095,1,3.6793990612030028
BRCA2,L3125H,3125,1,4.3632059574127195
BRCA2,D3170G,3170,0,0.5655923843383789
BRCA2,L3180F,3180,0,1.1981929302215577
BRCA2,S326R,326,0,0.08385381698608396
BRCA2,P3292L,3292,0,1.8749407052993774
BRCA1,P334L,334,0,-0.7781039237976074
BRCA1,K355R,355,0,0.8049729824066162
BRCA1,T37K,37,1,7.377086353302002
BRCA1,T37R,37,1,7.833801746368408
BRCA1,N376S,376,0,-0.0550119161605835
BRCA1,S377N,377,0,1.006187868118286
BRCA1,I379M,379,0,1.5795303344726563
BRCA1,C39S,39,1,8.809736824035644
BRCA1,C39R,39,1,9.284110355377198
BRCA1,C39G,39,1,10.087611198425293
BRCA1,S403F,403,0,1.4858366966247558
BRCA1,H41R,41,1,9.103574752807617
BRCA1,E421K,421,0,0.14401521682739254
BRCA1,C44S,44,1,8.215805530548096
BRCA1,C44R,44,1,10.34557285308838
BRCA1,C44Y,44,1,9.57215919494629
BRCA1,C44F,44,1,10.217370796203614
BRCA1,F461L,461,0,-1.057997226715088
BRCA1,Y465D,465,0,-0.3807877540588379
BRCA1,C47G,47,1,9.34391746520996
BRCA1,C47Y,47,1,8.774261474609375
BRCA1,C47F,47,1,9.478813457489014
BRCA1,N473S,473,0,-0.6285363435745239
BRCA1,N473I,473,0,0.9779864311218261
BRCA1,H476R,476,0,-0.38632793426513673
BRCA1,F486L,486,0,-1.0872169971466064
BRCA1,R504H,504,0,2.8015603542327883
BRCA1,D522N,522,0,-0.43712878227233887
BRCA1,T539M,539,0,1.352278995513916
BRCA1,G552V,552,0,-0.639452314376831
BRCA1,P568L,568,0,-1.2093491077423095
BRCA1,T582A,582,0,0.392841100692749
BRCA1,I600M,600,0,1.2951240062713623
BRCA1,C61S,61,1,9.97752685546875
BRCA1,C61R,61,1,10.552166938781738
BRCA1,C61Y,61,1,8.90539779663086
BRCA1,R612G,612,0,1.5857604265213012
BRCA1,A622V,622,0,0.7544815540313721
BRCA1,P633T,633,0,-0.24129676818847656
BRCA1,P634R,634,0,0.09246931076049802
BRCA1,C64R,64,1,9.304317283630372
BRCA1,C64Y,64,1,8.242295265197754
BRCA1,D642H,642,0,1.1445441722869873
BRCA1,S643G,643,0,1.2223755836486816
BRCA1,C644W,644,0,2.6361787796020506
BRCA1,K654E,654,0,0.13905420303344723
BRCA1,Y655D,655,0,-1.2100526809692382
BRCA1,D67Y,67,0,0.22385473251342775
BRCA1,M1V,1,1,6.532879638671875
BRCA1,D695Y,695,0,1.0408791542053222
BRCA1,R71K,71,1,-0.05413742065429685
BRCA1,P727L,727,0,-0.6854978561401367
BRCA1,R762S,762,0,-1.3541025161743163
BRCA1,I783V,783,0,-0.397617769241333
BRCA1,Q804H,804,0,0.5696157455444336
BRCA1,C805R,805,0,-0.5920335292816162
BRCA1,N810Y,810,0,1.8788948059082031
BRCA1,D825V,825,0,-0.37712912559509276
BRCA1,R841Q,841,0,-0.4787381649017334
BRCA1,Y856H,856,0,-0.5971852779388428
BRCA1,R866H,866,0,1.0437986850738525
BRCA1,E879K,879,0,-0.1933446407318115
BRCA1,L892S,892,0,-0.09762463569641107
BRCA1,D96N,96,1,-0.05128231048583983
BRCA1,G960D,960,0,-0.02881827354431151
BRCA1,E962K,962,0,-0.6772243499755859
BRCA1,T967S,967,0,-0.8465868711471558
BRCA1,H971N,971,0,-1.0466663360595703
BRCA1,R979C,979,0,1.0944496631622314
BRCA1,M1T,1,1,7.115739822387695
BRCA1,M1R,1,1,7.029760646820068
BRCA1,M1008V,1008,0,-1.7297395706176757
BRCA1,S1024R,1024,0,1.3934382677078248
BRCA1,V1047A,1047,0,2.513509654998779
BRCA1,G1048V,1048,0,3.907777738571167
BRCA1,Y105C,105,0,-0.3651281356811523
BRCA1,R1076S,1076,0,-1.1510668754577638
BRCA1,S1101N,1101,0,0.5521234035491943
BRCA1,S1139I,1139,0,0.9470434427261353
BRCA1,Q1144H,1144,0,0.8179943084716796
BRCA1,P1150S,1150,0,-1.28826744556427
BRCA1,D1155H,1155,0,0.7249302864074707
BRCA1,V1176D,1176,0,-0.086855936050415
BRCA1,V1181I,1181,0,0.3373381614685058
BRCA1,V1181A,1181,0,0.3014430046081543
BRCA1,Q1200H,1200,0,0.6561797618865967
BRCA1,G1201S,1201,0,-0.720302152633667
BRCA1,R1203Q,1203,0,-0.36162624359130857
BRCA1,G1205R,1205,0,-0.34966206550598145
BRCA1,E1214K,1214,0,1.2834844827651977
BRCA1,S1218C,1218,0,2.556871747970581
BRCA1,K1233R,1233,0,0.9633777618408204
BRCA1,N1236K,1236,0,-0.12655606269836422
BRCA1,I124V,124,0,-0.16090793609619142
BRCA1,S1241C,1241,0,1.9045087814331054
BRCA1,T1242A,1242,0,0.18456640243530273
BRCA1,V1247I,1247,0,0.6776600360870362
BRCA1,E1250K,1250,0,0.6813630104064942
BRCA1,S1253Y,1253,0,2.429016447067261
BRCA1,S1266T,1266,0,0.8635832786560058
BRCA1,A1277P,1277,0,-0.6360005855560302
BRCA1,H1283R,1283,0,-0.15697617530822747
BRCA1,H1284R,1284,0,0.0171574592590332
BRCA1,N132K,132,0,-0.7179430484771728
BRCA1,R133C,133,0,2.455260181427002
BRCA1,M1I,1,1,7.052411651611328
BRCA1,D1337E,1337,0,-0.5568864822387696
BRCA1,T1349M,1349,0,1.1446337223052978
BRCA1,M1361L,1361,0,-1.544584369659424
BRCA1,V1378I,1378,0,0.447353458404541
BRCA1,H1402Y,1402,0,0.9680300235748291
BRCA1,M1411T,1411,1,1.1865280151367188
BRCA1,E1419Q,1419,0,-0.25132079124450685
BRCA1,I1432L,1432,0,-0.804803991317749
BRCA1,N1468H,1468,0,0.814053726196289
BRCA1,V1534M,1534,0,0.8533948421478271
BRCA1,D1546N,1546,0,0.023830318450927722
BRCA1,D1546Y,1546,0,1.1293699741363525
BRCA1,Q155E,155,0,-0.5119150161743165
BRCA1,T1561I,1561,0,0.18799200057983395
BRCA1,L1564P,1564,0,0.22274293899536132
BRCA1,S1577P,1577,0,0.6954604148864746
BRCA1,A1584S,1584,0,-1.1550275087356567
BRCA1,R1589H,1589,0,0.17463741302490232
BRCA1,I1593L,1593,0,-0.6871378898620606
BRCA1,P1614S,1614,0,-0.7214130878448486
BRCA1,P1637L,1637,0,0.14850139617919916
BRCA1,A1641T,1641,0,-0.0239387035369873
BRCA1,S1655F,1655,1,5.48435344696045
BRCA1,F1662S,1662,0,-2.216796064376831
BRCA1,E1682K,1682,0,0.8813534736633301
BRCA1,E1682V,1682,1,2.725938844680786
BRCA1,T1685A,1685,1,6.530289268493652
BRCA1,T1685I,1685,1,7.44660758972168
BRCA1,H1686Q,1686,1,6.726243495941162
BRCA1,T1691R,1691,1,1.1127194881439209
BRCA1,D1692Y,1692,1,4.747340202331543
BRCA1,D1692V,1692,1,3.5806974172592163
BRCA1,C1697R,1697,1,5.434706449508667
BRCA1,R170W,170,0,3.1695886611938477
BRCA1,R1699W,1699,1,6.977628898620606
BRCA1,R1699L,1699,1,6.054608726501465
BRCA1,T1700A,1700,1,5.149148941040039
BRCA1,G1706A,1706,0,1.7167328000068665
BRCA1,A1708E,1708,1,8.805218505859376
BRCA1,V1713A,1713,1,4.288423347473144
BRCA1,V1714G,1714,1,8.5835750579834
BRCA1,S1715R,1715,1,4.200664210319519
BRCA1,S1715C,1715,1,5.616055202484131
BRCA1,S1715N,1715,1,1.6139900922775268
BRCA1,W1718C,1718,1,8.570646858215332
BRCA1,T1720A,1720,0,0.6706583023071289
BRCA1,D1733G,1733,0,1.7578326225280763
BRCA1,F1734S,1734,1,7.837149238586425
BRCA1,V1736G,1736,1,5.71362886428833
BRCA1,G1738R,1738,1,1.705546236038208
BRCA1,G1738E,1738,1,0.570153284072876
BRCA1,D1739Y,1739,1,2.611761474609375
BRCA1,D1739G,1739,1,1.9157928943634033
BRCA1,D1739V,1739,1,1.9543251514434814
BRCA1,D1739E,1739,1,0.45445272922515867
BRCA1,G1748D,1748,1,1.7643251419067383
BRCA1,P1749R,1749,1,-0.891327953338623
BRCA1,R1751Q,1751,0,2.3548490047454833
BRCA1,R1751P,1751,1,2.6411927700042725
BRCA1,A1752P,1752,1,1.709736442565918
BRCA1,F1761S,1761,1,7.930900192260742
BRCA1,L1764P,1764,1,6.179571914672851
BRCA1,D1778N,1778,1,1.0425293922424317
BRCA1,L1780P,1780,1,8.06030559539795
BRCA1,G1788C,1788,1,6.208927154541016
BRCA1,A1789T,1789,1,6.422538948059082
BRCA1,M18K,18,1,3.6278498649597166
BRCA1,V1804D,1804,0,-0.14297776222229003
BRCA1,V1809F,1809,1,1.6706883430480957
BRCA1,Q1811R,1811,1,0.2293384552001953
BRCA1,N1819S,1819,0,-1.5338993072509766
BRCA1,A1823T,1823,1,0.31836113929748533
BRCA1,V1833M,1833,1,3.5349189758300783
BRCA1,W1837G,1837,1,7.928148460388184
BRCA1,V1838E,1838,1,10.69918441772461
BRCA1,A1843P,1843,1,7.012679195404052
BRCA1,L1844R,1844,0,0.22920980453491216
BRCA1,Y1853C,1853,1,3.345002841949463
BRCA1,L1854P,1854,1,1.6950406312942505
BRCA1,P1856S,1856,0,0.0726454496383667
BRCA1,P1859R,1859,0,0.49330816268920896
BRCA1,S186Y,186,0,3.3013992309570312
BRCA1,H1862L,1862,0,-1.1239448070526123
BRCA1,L22S,22,1,3.84668173789978
BRCA1,C24R,24,1,9.513768577575684
BRCA1,H239R,239,0,-0.15608959197998046
BRCA1,C24Y,24,1,7.467504024505615
BRCA1,T248N,248,0,0.07820162773132322
BRCA1,G263C,263,0,0.6146777629852295
BRCA1,G263A,263,0,-0.02175359725952148
BRCA1,S264C,264,0,1.7085546493530273
BRCA1,V271M,271,0,1.0381535530090331
BRCA1,G275S,275,0,-1.0656681060791016
BRCA1,G275D,275,0,-0.1772870540618896
BRCA1,A280G,280,0,-0.0753363609313965
BRCA1,M297I,297,0,-1.0109119892120362
BRAF,F247L,247,1,12.34013500213623
TSC1,G132D,132,1,5.364154434204101
TSC1,L61R,61,1,2.89655544757843
TSC1,V126I,126,0,0.9175345420837402
TSC1,H181P,181,1,4.123597574234009
TSC1,A567V,567,0,0.3330833435058594
TSC2,V384I,384,0,0.37065026760101316
TSC2,S1094L,1094,0,0.6370432376861572
TSC2,R622W,622,1,1.1662538528442383
TSC2,L1061P,1061,1,0.02637791633605958
TSC2,L528P,528,1,0.9025639295578003
TSC2,R1122C,1122,0,2.517800235748291
TSC2,L844P,844,1,3.1163380622863768
TSC2,S235N,235,0,0.6458464622497558
TSC2,R537C,537,0,0.40712151527404783
TSC2,V1008M,1008,0,1.4030216217041016
TSC2,V1711M,1711,0,0.9886600494384765
TSC2,R988P,988,0,-0.08945908546447752
TSC2,G1596V,1596,1,2.5520299434661866
TSC2,R1268H,1268,0,2.701668643951416
TSC2,A889P,889,1,2.269134283065796
TSC2,A1323V,1323,0,0.37165379524230957
TSC2,L1548P,1548,1,4.337964153289795
TSC2,N1522S,1522,0,-1.1480092525482177
TSC2,G1439D,1439,0,0.7522631645202636
TSC2,N958S,958,0,-1.652536725997925
TSC2,E456K,456,0,0.9665474414825439
TSC2,S1433L,1433,0,0.7359577178955078
TSC2,S1653P,1653,1,0.5630368232727051
TSC2,P1145L,1145,0,-0.14415979385375974
TSC2,L733V,733,1,0.49955072402954104
TSC2,E254K,254,0,0.6681222200393677
TSC2,N1643S,1643,1,3.5990452766418457
TSC2,H1620R,1620,1,3.429366111755371
TSC2,M1I,1,1,7.141494274139404
TSC2,R1743L,1743,1,-0.15034067630767822
TSC2,T1623I,1623,1,3.476980113983154
TSC2,S1498T,1498,1,0.6885264873504638
TSC2,K658T,658,0,-0.27165288925170894
TSC2,R1044K,1044,1,0.06000189781188962
TSC2,G1567V,1567,1,1.03936767578125
TSC2,A1479V,1479,0,0.07476177215576174
TSC2,H597Y,597,1,-0.21852269172668456
TSC2,D1028G,1028,1,0.4188124179840088
TSC2,A1722P,1722,1,0.7183386325836182
TSC2,L1708P,1708,1,1.0875909328460693
TSC2,T1068I,1068,1,1.8281994342803956
ALK,F1174V,1174,1,10.830898094177247
NF1,D338G,338,1,0.7040780544281006
NF1,L549P,549,1,4.893797969818115
NF1,L578R,578,1,3.3068759441375732
NF1,K583R,583,1,0.18835759162902826
NF1,G629R,629,1,0.49289860725402834
NF1,L695P,695,1,2.5536989688873293
NF1,L763P,763,1,3.5529810428619384
NF1,W777S,777,1,-2.1560920238494874
NF1,T780K,780,1,0.36423435211181643
NF1,H781P,781,1,-0.13225841522216797
NF1,W784R,784,1,-0.4127607822418213
NF1,W784C,784,1,0.0750607967376709
NF1,S82F,82,1,0.35306377410888673
NF1,L844F,844,1,1.509431791305542
NF1,L844P,844,1,2.0181735277175905
NF1,L847P,847,1,1.7137464046478272
NF1,G848E,848,1,-0.07004947662353518
NF1,L898P,898,1,4.769575309753418
NF1,C93Y,93,1,-0.05377693176269529
NF1,M968R,968,1,3.858015441894531
NF1,F1193C,1193,1,0.7285449981689454
NF1,L1196R,1196,1,0.9601596832275391
NF1,R1204G,1204,1,-0.23817191123962397
NF1,R1204W,1204,1,1.3127474784851074
NF1,R1276G,1276,1,0.2562319755554199
NF1,R1276Q,1276,1,0.05178136825561529
NF1,K1440Q,1440,1,-0.24674196243286134
NF1,K1444R,1444,1,0.203374171257019
NF1,K1444N,1444,1,0.6346419811248779
NF1,L1446P,1446,1,4.231486368179321
NF1,L145P,145,1,3.108043670654297
NF1,S1489G,1489,1,0.7871677875518799
NF1,R160T,160,1,-0.6651634693145752
NF1,L194R,194,1,1.2086046934127808
NF1,W1952R,1952,1,0.4279888153076172
NF1,G2001R,2001,1,0.5368846893310547
NF1,C324R,324,1,2.5785484313964844
WT1,S304F,304,1,8.282788181304932
NF1,P1851S,1851,1,-0.27248363494873046
TP53,H365Y,365,0,1.5902435302734375
BRCA1,E842G,842,0,0.8190488338470459
BRCA1,N916Y,916,0,1.2582025051116943
BRCA1,S1266R,1266,0,1.7399396419525146
BRCA1,G1515E,1515,0,-0.6013457775115967
BRCA1,L1786P,1786,1,5.462807559967041
BRCA1,L1839S,1839,1,5.1939655303955075
BRCA2,E2878K,2878,1,-0.5245907545089722
BRCA2,R2888C,2888,0,1.2394689083099366
BRCA2,D381N,381,0,-0.05362472534179689
BRCA2,S1134T,1134,0,0.8310665130615235
PTEN,P96S,96,1,10.853535270690918
PTEN,W111R,111,1,12.290769386291505
PTEN,G132D,132,1,13.551342582702636
PTEN,R15I,15,1,12.395016860961913
PTEN,Y155N,155,1,13.317856788635254
VHL,N78S,78,1,-0.7166092872619629
VHL,P86A,86,1,0.16273536682128908
VHL,P25L,25,0,1.7247430801391601
MET,M362T,362,0,2.4062729835510255
BRCA2,S3389F,3389,0,1.6540064334869384
BRCA2,P389Q,389,0,0.18948678970336913
BRCA2,E919K,919,0,-0.25600013732910154
BRCA2,I1724V,1724,0,-0.0034058570861816573
BRCA2,I2490T,2490,0,0.5940691471099854
BRCA2,R2520Q,2520,0,0.16076421737670893
BRCA2,L2604P,2604,1,2.569840908050537
BRCA1,P334H,334,0,0.36671471595764155
BRCA1,Q1273R,1273,0,0.7205510139465332
BRCA1,L1780R,1780,1,6.644256114959717
RB1,V654M,654,1,3.8001976013183594
TP53,M246V,246,1,5.452683448791504
TP53,H296R,296,1,-0.43957643508911126
BRCA1,D693Y,693,0,0.6764883041381836
BRCA1,D749H,749,0,0.8823883533477783
BRCA1,S1320P,1320,0,1.2578018426895141
BRCA1,S1722P,1722,1,10.758413887023925
BRCA2,Q321H,321,0,0.7355132579803467
BRCA2,K513R,513,0,1.12366681098938
BRCA2,S646R,646,0,1.2125045776367187
BRCA2,K1132N,1132,0,0.34379148483276367
BRCA2,A2730P,2730,1,4.531514739990234
BRCA2,A3028P,3028,1,1.4372296333312988
BRCA2,G3076V,3076,1,2.4096686482429504
RB1,K643E,643,1,6.568870592117309
RB1,D701N,701,1,7.636225318908691
RB1,H733Y,733,1,2.7534149646759034
RB1,G449V,449,1,7.731169414520264
APC,V609I,609,0,0.448928689956665
APC,A1446T,1446,0,-0.0353006362915039
APC,R2505Q,2505,0,1.2669692039489746
APC,A2690T,2690,0,-0.45216951370239256
ATM,N358S,358,0,-0.9267818450927734
ATM,P604S,604,0,-0.5949026107788086
ATM,S788R,788,0,0.559300708770752
ATM,S978P,978,0,1.168168878555298
ATM,I124V,124,0,0.46130597591400146
ATM,A1309T,1309,0,0.05384593009948731
ATM,N1650S,1650,0,-0.6705033302307128
ATM,T1743I,1743,1,0.2793446063995361
ATM,V1941L,1941,0,-0.6068598747253418
ATM,S2394L,2394,1,-0.9318859577178955
ATM,R2832C,2832,1,3.7549391269683836
PTEN,S294R,294,0,2.2615638732910157
PTEN,Q298E,298,0,0.01685042381286621
TP53,V10I,10,0,1.2150919914245606
TP53,R110H,110,0,1.5706180095672608
TP53,Y163C,163,1,6.931116580963135
TP53,H179Y,179,1,6.362439250946045
TP53,P191R,191,0,7.931765842437744
TP53,L194F,194,1,6.757667922973633
TP53,Y220C,220,1,6.489802265167237
TP53,Y234C,234,1,7.839309883117676
TP53,N235S,235,0,4.3432745933532715
TP53,R283C,283,0,6.324947834014893
TP53,R290H,290,0,3.4404736757278442
TP53,G293W,293,0,4.074713182449341
VHL,A149S,149,1,-0.05976238250732424
ATM,S707P,707,0,1.278934645652771
ATM,D126E,126,0,-0.5084462404251099
ATM,L1420F,1420,0,1.3167740821838378
ATM,D1853N,1853,0,0.1120517253875732
ATM,V182L,182,0,-0.24821982383728022
ATM,P1054R,1054,0,0.8249469757080078
ATM,F858L,858,0,-1.1444031238555907
TP53,H296Y,296,0,1.53995943069458
ALK,P36S,36,0,-0.04386010169982908
ALK,V163L,163,0,-0.5620480537414551
ALK,V198M,198,0,1.0841292858123779
ALK,T648I,648,0,0.5042091369628906
ALK,T680I,680,0,1.5306836128234864
ALK,N709K,709,0,0.9646130561828615
ALK,T1012M,1012,0,0.5009496212005615
ALK,A1047T,1047,0,0.7336660385131836
ALK,R259H,259,0,0.2929085731506348
ALK,I1461V,1461,0,-1.1413360595703126
ALK,K1491R,1491,0,-0.16893334388732908
ALK,K1525E,1525,0,-0.057807207107543924
ALK,D1529E,1529,0,-0.4189141273498535
ALK,E1419K,1419,0,0.07817625999450681
ALK,A371T,371,0,-0.7587806701660156
ALK,E405D,405,0,1.884363865852356
ALK,V476A,476,0,-1.1343239307403565
APC,N1217T,1217,0,-0.3024888038635254
APC,I2515V,2515,0,-0.3408647060394287
APC,N862K,862,0,0.23186688423156737
APC,R1171C,1171,0,1.1734267234802247
APC,A1474T,1474,0,0.22103013992309567
APC,R1640Q,1640,0,-1.6269855499267578
APC,M1211R,1211,0,-2.077505111694336
ATM,G514D,514,0,0.5149759769439697
ATM,L546V,546,0,0.7943690061569214
ATM,D814E,814,0,-0.19660778045654292
ATM,P872S,872,0,-1.3814685821533204
ATM,Q1128R,1128,0,0.0012121200561523604
ATM,H1380Y,1380,0,0.12757115364074706
ATM,R1898Q,1898,0,0.07266469001770019
ATM,I2030V,2030,0,0.2042805194854736
ATM,V2079I,2079,0,0.24052882194519043
ATM,L2332P,2332,0,1.494980525970459
BRCA2,L824S,824,0,-0.11345534324645996
BRCA2,V2466A,2466,0,-0.23506684303283687
EGFR,R521K,521,0,-0.6473706245422364
EGFR,H988P,988,0,-0.08545866012573225
EGFR,S1162N,1162,0,0.46770143508911133
ERBB2,L15F,15,0,3.8200404167175295
ERBB2,A386D,386,0,0.759571123123169
ERBB2,W452C,452,0,1.4794986724853516
ERBB2,R47H,47,0,2.42501699924469
ERBB2,M31I,31,0,-0.4199256896972656
ERBB2,E930D,930,0,2.2749002456665037
ERBB2,P1170A,1170,0,0.6852727174758911
ERBB2,A1216D,1216,0,0.20727276802062988
ERBB2,R1161Q,1161,0,0.3332826614379883
ERBB2,E79A,79,0,5.880282878875732
ERBB2,L145F,145,0,5.601669454574585
ERBB2,R143Q,143,0,0.7277279853820801
MET,H888Y,888,0,0.5468379974365234
MET,A1363T,1363,0,-0.1839454174041748
MET,L575I,575,0,-0.15347349643707275
NF1,M645V,645,0,-0.6180584907531739
NF1,V2511L,2511,0,-0.5124886989593506
RB1,A525G,525,0,5.0110258102417
RB1,T633I,633,0,1.0364064216613769
RB1,T58I,58,0,0.5050225734710694
RB1,T307I,307,0,0.8993766784667969
RET,G446R,446,0,0.701965618133545
RET,D489N,489,0,1.1909928798675538
TP53,R213Q,213,1,4.459400796890259
TP53,S366A,366,0,1.13245849609375
TSC1,G1057S,1057,0,-1.422579050064087
TSC2,T783I,783,0,0.8618083953857422
TSC2,L921V,921,0,0.49703407287597656
TSC2,R1138Q,1138,0,0.47679505348205564
VHL,P40L,40,0,2.307715892791748
APC,R99W,99,0,3.3625467300415037
APC,P2681L,2681,0,0.23402099609374996
TP53,D49H,49,0,1.3074915409088135
PTEN,G127R,127,1,11.891960716247558
PTEN,S360G,360,0,1.9539853096008302
TP53,D7E,7,0,-0.4658079147338867
TP53,Y107H,107,0,-0.9830100536346436
ATM,S1983N,1983,0,0.777822732925415
TP53,C141Y,141,1,7.837774753570557
TP53,R282G,282,1,9.938960456848145
ATM,D2016G,2016,1,0.018501806259155297
TP53,A84T,84,0,2.163944625854492
BRCA2,D2723V,2723,1,5.447581958770752
BRCA2,F3057V,3057,0,0.003865385055542012
TP53,D48E,48,0,-0.775309944152832
TP53,V122M,122,0,4.119001722335815
TP53,T312S,312,0,-1.1241080284118652
BRCA2,K3015E,3015,0,0.6527481079101562
ATM,I323V,323,1,0.2760610580444336
TP53,D281G,281,1,9.678012657165528
TP53,R335C,335,0,6.200748443603516
TP53,I232T,232,1,5.6710821151733395
TP53,G262S,262,0,4.869961547851562
BRCA2,L2587F,2587,0,0.7650910377502441
TP53,S185N,185,0,0.3681488990783691
TP53,E388A,388,0,0.8506774425506591
NF1,W837R,837,1,-1.5115530490875244
TSC2,P1092L,1092,0,0.033297395706176694
TP53,E298K,298,0,0.43951706886291503
BRCA2,T3030I,3030,0,0.08807072639465333
ATM,R1095K,1095,1,-0.5059019088745117
TP53,A74V,74,0,1.9886327028274535
APC,R1676T,1676,0,-0.6400344371795654
BRCA2,R2336G,2336,0,0.024935436248779287
TP53,E171K,171,0,8.69730110168457
TP53,P36Q,36,0,0.6001125335693359
ATM,R3008H,3008,1,1.7790024280548096
NF1,A742S,742,0,-0.3778256416320801
TSC1,M646V,646,0,-0.8406927108764648
BRCA2,L2396F,2396,0,0.6503316402435303
ATM,D2708E,2708,1,3.2355137348175047
TP53,R267W,267,1,9.873437881469727
PTEN,S229T,229,0,0.1639955997467041
TP53,E339Q,339,0,3.325418567657471
TP53,R158H,158,1,6.655938053131104
TP53,G360A,360,0,0.15694189071655268
APC,L826V,826,0,0.1458801746368408
PTEN,R130P,130,1,13.825741195678711
ATM,R3008C,3008,1,2.9814245223999025
PTEN,Y174N,174,1,15.346990013122559
PTEN,C105Y,105,1,10.093842506408691
PTEN,P246L,246,1,6.353408718109131
TP53,R333H,333,0,5.040537261962891
PTEN,I135V,135,1,4.108001112937927
TP53,R181H,181,1,4.22702054977417
TP53,S303G,303,0,0.694353461265564
TP53,V73M,73,0,1.9949522018432617
BRCA2,F266L,266,0,-0.5663524150848389
TP53,G108S,108,0,1.005159282684326
PTEN,F200V,200,1,8.480963134765625
TP53,R337C,337,1,3.2969093799591063
TP53,L35F,35,0,1.2120384454727173
TP53,R181C,181,1,5.547148513793945
BRCA2,N3187K,3187,0,-0.41727705001831056
TP53,V143M,143,1,4.202921676635742
BRCA2,D1911G,1911,0,0.2764878273010254
ATM,V2716A,2716,1,2.552322340011597
TP53,M237I,237,1,6.706187152862549
TP53,P152L,152,1,4.0381190299987795
BRCA2,F2562C,2562,1,0.913789701461792
ATM,D2708N,2708,1,2.0844138622283936
TP53,R337L,337,1,3.6942599296569822
TP53,P72A,72,0,-0.4432995319366455
CDKN2A,D84A,84,1,-0.4262234687805176
ATM,I190K,190,0,2.602644348144531
BRCA1,H1805Y,1805,0,1.0316373348236083
BRCA2,A2825S,2825,0,-0.10138874053955078
ATM,R189K,189,0,-0.35385782718658443
PTEN,P354Q,354,0,3.958585786819458
BRCA1,K556Q,556,0,0.4122337341308594
BRCA2,Q713P,713,0,0.18215727806091303
EGFR,G428D,428,1,7.270736312866211
HRAS,Q61R,61,1,11.725001907348632
VHL,E52K,52,0,3.485379123687744
TSC2,N56S,56,0,-0.38649935722351075
TSC2,E75K,75,0,0.6148596286773682
TP53,G266E,266,1,9.824948501586913
TP53,C238W,238,1,12.951732444763184
TP53,A161T,161,1,3.5916343212127684
VHL,P86S,86,1,0.07716660499572756
BRAF,F595L,595,1,11.485272979736328
BRAF,A712D,712,1,11.696661949157715
BRAF,N581S,581,1,12.431281661987304
EGFR,L861Q,861,1,7.362489509582519
HRAS,A59L,59,1,17.580368995666504
HRAS,G12E,12,1,12.537620735168456
TP53,S241C,241,1,7.7707679748535154
TP53,R337P,337,1,5.401468086242676
VHL,W117C,117,1,0.23287529945373536
BRAF,Q262R,262,1,13.18089714050293
BRAF,H574Q,574,1,16.43622932434082
HRAS,G13V,13,1,13.727351951599122
VHL,S65L,65,1,-1.135646891593933
VHL,P86L,86,1,0.5335396766662598
VHL,L89P,89,1,1.7135043621063233
VHL,L158P,158,1,0.3446345806121826
VHL,R161Q,161,1,0.6106951236724854
CDKN2A,D108Y,108,1,8.318674755096435
ATM,M1V,1,1,5.791641521453857
ATM,E26Q,26,0,0.41482391357421877
ATM,E699G,699,0,1.5098178386688232
ATM,L1283P,1283,1,0.18284111022949218
ATM,L1465P,1465,1,1.3747207403182984
ATM,A1942V,1942,1,0.06210441589355466
ATM,R2032K,2032,1,-0.20863318443298334
ATM,R2227C,2227,1,0.603722620010376
ATM,T2666N,2666,1,-0.011388921737670882
ATM,V2716F,2716,1,-1.4588294267654418
BRCA2,G173R,173,1,-1.2074968338012695
TP53,M384V,384,0,-1.5365834474563598
TP53,D281V,281,1,11.25537986755371
TP53,I251L,251,1,5.113467502593994
TP53,C238Y,238,1,11.083772277832031
TP53,V216M,216,1,5.614963817596435
TP53,R175L,175,1,8.950904846191406
TP53,S127F,127,1,8.764459228515625
TP53,C124S,124,0,3.9812012195587156
TP53,H115R,115,0,2.312525177001953
TP53,P82L,82,0,2.939678955078125
TP53,A63V,63,0,0.6898440837860107
STK11,G163R,163,1,13.298835754394531
STK11,D176N,176,1,11.397072792053223
STK11,N181K,181,1,12.769991683959962
STK11,S240W,240,1,14.463774681091309
STK11,R297G,297,1,11.514775466918945
STK11,R297S,297,1,12.500322723388672
APC,D1636Y,1636,0,2.4464730262756347
BRCA1,H1686R,1686,1,8.066137886047363
MET,F841V,841,1,-0.7661983251571656
VHL,S80G,80,1,-0.27606687545776365
APC,R332Q,332,0,0.6324029207229614
APC,I983T,983,0,-0.4924794673919678
APC,A1247T,1247,0,0.0239659786224365
MET,V1092I,1092,1,4.919224262237549
CDKN2A,A60E,60,1,5.784300899505615
CDKN2A,Q50P,50,1,1.657941722869873
PTEN,D24N,24,1,7.661712551116944
PTEN,D24H,24,1,11.336067962646485
PTEN,L57W,57,1,11.746606636047364
PTEN,C124G,124,1,11.957122421264648
PTEN,C136R,136,1,11.961554718017577
PTEN,R159G,159,1,12.935472869873047
PTEN,R173P,173,1,13.574454879760742
PTEN,T277I,277,1,8.347867679595947
ATM,M1L,1,1,5.010627746582031
ATM,M1T,1,1,6.231326675415039
ATM,L615P,615,1,0.03548111915588377
ATM,L950R,950,1,2.763254737854004
ATM,L1046P,1046,1,5.989172077178955
ATM,A2524P,2524,1,2.247216510772705
ATM,G2765S,2765,1,5.993743896484375
ATM,E2904G,2904,1,8.364301681518555
BRCA2,Y2601C,2601,1,0.7782540321350098
BRCA2,P2785T,2785,0,-0.06378240585327148
BRCA2,P2785L,2785,0,-0.9865939617156982
TSC2,A210T,210,0,-0.0012700080871582142
TSC2,A678T,678,0,1.0189923286437987
TSC2,A1759T,1759,0,0.5174942016601562
NF1,R1870Q,1870,1,0.6330320358276367
BRCA1,I1858L,1858,0,-0.7899815082550049
BRCA1,A744T,744,0,-0.5274040222167968
BRCA1,T333A,333,0,0.4529128551483154
BRCA1,R71M,71,1,3.999804878234863
BRCA1,K45Q,45,0,3.277981662750244
BRCA1,P34L,34,1,6.441317939758301
TP53,R379S,379,0,-0.8521437168121337
TP53,R333C,333,0,6.05475082397461
TP53,S315T,315,0,0.767450475692749
TP53,E286K,286,1,8.005721282958984
TP53,A276G,276,1,6.634124088287353
TP53,V272M,272,1,5.847660923004151
TP53,N247I,247,1,10.509282302856445
TP53,H193R,193,1,7.331284999847412
TP53,C176Y,176,1,9.694530296325684
TP53,T170M,170,0,5.155826663970947
TP53,V157I,157,0,0.4730743408203125
TP53,A138V,138,1,5.383805656433106
TP53,P72H,72,0,3.5683321952819824
TP53,D49N,49,0,0.9469866275787353
STK11,D194E,194,1,11.70331916809082
STK11,R304W,304,1,8.224340724945069
MET,R1022Q,1022,0,-0.23691163063049317
CDKN2A,P48T,48,1,5.113779163360595
RET,I88V,88,0,-0.9378219366073608
RET,A373V,373,0,-0.26448349952697753
NF1,I1165K,1165,1,0.34295153617858887
NF1,Q1447R,1447,1,1.7347706317901612
TP53,V197M,197,1,6.788999366760254
STK11,D194N,194,1,11.145893669128418
ATM,M1I,1,1,6.012471389770508
PTEN,D24Y,24,1,11.772174644470216
PTEN,T26I,26,1,9.859358787536621
PTEN,Y27N,27,1,12.558701515197754
PTEN,G36R,36,1,11.07869358062744
PTEN,R47G,47,1,11.920224952697755
PTEN,H61R,61,1,10.664790916442872
PTEN,Y68H,68,1,10.731725883483886
PTEN,H93D,93,1,14.65188388824463
PTEN,P95L,95,1,10.67666244506836
PTEN,D107G,107,1,9.029195404052734
PTEN,H123Y,123,1,12.765828514099121
PTEN,G129R,129,1,11.048584747314454
PTEN,C136Y,136,1,11.448711776733399
PTEN,G165V,165,1,11.226991271972656
PTEN,Q171R,171,1,14.347241401672363
PTEN,R173C,173,1,9.86387939453125
PTEN,F200S,200,1,11.809472465515137
PTEN,P204A,204,1,8.16068344116211
VHL,R82P,82,1,0.46767253875732423
RB1,Q471H,471,1,1.7663070917129517
TSC2,H1640P,1640,1,5.253928375244141
RET,T946I,946,1,8.827559757232667
TSC1,T1065M,1065,0,1.3585322856903077
TSC1,A1011E,1011,0,-0.2916221618652344
TSC1,P603L,603,0,0.44522757530212403
TSC2,F239C,239,0,0.7357076644897461
TSC2,A289V,289,0,-0.12397122383117669
TSC2,A431V,431,0,-0.3941507816314697
TSC2,A673V,673,0,0.919730257987976
TSC2,T783S,783,0,-0.3127068042755127
TSC2,S1292C,1292,0,4.491736984252929
TSC2,A1349T,1349,0,0.5222268581390381
TSC2,P1786R,1786,0,0.685264277458191
TP63,H247R,247,1,12.003367805480957
TP63,A346G,346,1,9.561003875732421
PTEN,D24G,24,1,9.873119354248047
NF1,R1830S,1830,1,-0.6149313449859619
NF1,R1830G,1830,1,0.2719637870788574
NF1,R1830C,1830,1,0.797666597366333
NF1,R1830P,1830,1,0.6308175563812256
NF1,R1830L,1830,1,-0.9957111120223999
BRCA2,C1265S,1265,0,-1.6287389755249024
BRCA2,E1537K,1537,0,2.545987367630005
APC,R141S,141,1,3.4180952072143556
APC,G265E,265,1,0.06285948753356932
CDKN2A,D153Y,153,1,2.154957389831543
PTEN,H141P,141,1,13.494611930847167
ATM,V2662D,2662,1,1.390446090698242
BRCA2,M1V,1,1,4.445075130462646
BRCA2,L3101P,3101,1,2.406273603439331
NF1,L763R,763,1,1.958876132965088
NF1,I766S,766,1,0.4425203323364258
NF1,Q950H,950,1,0.8092552185058594
NF1,R1325T,1325,1,-0.5133018016815185
TP53,R379L,379,0,0.28264541625976564
TP53,R342P,342,1,7.789045810699463
TP53,R290C,290,0,4.632915687561035
TP53,T284I,284,0,3.2007553577423096
TP53,C275Y,275,1,10.905767822265625
TP53,Y236H,236,1,7.148217868804932
TP53,I195T,195,1,5.546418476104736
TP53,T125K,125,1,7.557719802856445
TP53,I50T,50,0,0.871212100982666
ALK,Y1278S,1278,1,12.065036964416503
ALK,F1245L,1245,1,8.717817878723144
ALK,F1245C,1245,1,9.566846179962159
ALK,F1245I,1245,1,11.360989761352538
ALK,L1240V,1240,1,8.532279968261719
ALK,F1174L,1174,1,8.098867034912109
ALK,F1174I,1174,1,10.408199310302734
VHL,Y98S,98,1,-0.4492000102996826
VHL,E160V,160,1,1.2389767646789551
VHL,V170A,170,1,-0.10404343605041497
APC,A239P,239,0,0.6301475524902344
CDKN2A,L16R,16,1,7.490991306304932
RET,R749T,749,0,-0.2655989646911621
PTEN,Y174C,174,1,11.859536361694335
BRCA1,D96G,96,1,0.8248703002929687
TP53,Y234D,234,1,13.079562759399414
TP53,S127C,127,1,6.205332088470459
STK11,W308L,308,1,13.026054954528808
BRAF,L525P,525,1,12.262163543701172
WT1,G422V,422,1,16.410468673706056
BRAF,S467A,467,1,14.366180610656738
PTEN,L247S,247,1,10.486919975280761
VHL,S65A,65,1,-0.3220939636230469
VHL,S72P,72,1,-0.0771527290344238
VHL,N78Y,78,1,0.08383479118347169
VHL,N78T,78,1,-0.4065532684326172
VHL,N78I,78,1,0.10942926406860351
VHL,P86R,86,1,-0.05618777275085448
VHL,W88C,88,1,0.4919996738433838
VHL,N90I,90,1,-0.024370574951171876
VHL,G93R,93,1,1.2374772071838378
VHL,G93C,93,1,2.8834978580474853
VHL,Y98C,98,1,0.637675142288208
VHL,R107H,107,1,0.5182172298431397
VHL,S111N,111,1,0.5550715446472168
VHL,S111R,111,1,-0.35259041786193845
VHL,Y112C,112,1,1.2184081554412842
VHL,G114R,114,1,0.6482087850570679
VHL,R120G,120,1,0.36946945190429686
VHL,D121G,121,1,0.09891242980957032
VHL,H125P,125,1,-1.4734384536743164
VHL,L128F,128,1,0.5825222969055176
VHL,A149T,149,1,0.053377676010131825
VHL,A149P,149,1,0.03515605926513675
VHL,I151S,151,1,-0.6878691673278808
VHL,V155M,155,1,1.389805269241333
VHL,T157I,157,1,0.8545752048492432
VHL,C162Y,162,1,-0.6360023975372314
VHL,C162W,162,1,0.42033896446228025
VHL,L198P,198,1,2.881074619293213
BRCA1,S1387P,1387,0,1.3100984811782836
BRCA1,C64W,64,1,9.985599136352539
PTEN,C136W,136,1,12.291574287414551
PTEN,D162E,162,1,7.683876895904541
BRCA1,F1734L,1734,1,5.183955955505371
PTEN,L23V,23,1,9.476162338256836
PTEN,T26P,26,1,12.617369079589844
PTEN,F81C,81,1,10.94088535308838
TP53,V173M,173,1,6.497617530822754
VHL,I151L,151,1,-0.7654409408569336
APC,S1028R,1028,1,4.4455235481262205
CDKN2A,R112G,112,1,4.039754915237427
CDKN2A,D84N,84,1,1.9662784576416015
CDKN2A,A68L,68,1,8.226355457305909
CDKN2A,Q50R,50,1,1.032193946838379
PTEN,D22H,22,1,9.320338249206543
PTEN,M35V,35,1,8.741779232025147
PTEN,P38T,38,1,11.266583442687988
PTEN,N48K,48,1,11.968232917785645
PTEN,Y68C,68,1,11.139809799194335
PTEN,C124Y,124,1,12.179266166687011
PTEN,S170I,170,1,15.611789512634278
ATM,P292L,292,1,-0.8085976600646972
ATM,P862T,862,0,-0.530485200881958
ATM,W1026C,1026,1,-1.7655653953552246
ATM,Y2470D,2470,1,0.6465441703796386
ATM,I2702R,2702,1,5.603614044189453
ATM,S2855R,2855,1,9.634417152404785
ATM,D2913Y,2913,1,6.374416446685791
ATM,L3035F,3035,1,3.607995319366455
BRCA2,L2396S,2396,0,-0.3608249664306641
BRCA2,G2609V,2609,1,0.29448742866516114
BRCA2,I2627N,2627,1,-0.818141508102417
BRCA2,T2722K,2722,1,2.6840365409851072
BRCA2,A2738T,2738,0,0.08466596603393553
BRCA2,L2776I,2776,0,0.5204948425292969
BRCA2,P2804H,2804,0,1.1218347787857055
BRCA2,K2833N,2833,0,0.4564310073852539
BRCA2,P2886T,2886,0,0.31147942543029783
BRCA2,Q2957H,2957,0,1.519494390487671
BRCA2,Y3035F,3035,0,-1.1369771480560302
NF1,I634T,634,0,-0.6173869132995605
NF1,W777R,777,1,-0.8901427268981934
NF1,Q1447H,1447,1,1.3075951099395753
BRCA1,P1749T,1749,0,0.24218425750732422
BRCA1,F1734I,1734,1,6.52643051147461
BRCA1,Y1703C,1703,1,3.6718379497528075
BRCA1,Q1395H,1395,1,1.0503494262695312
BRCA1,G933A,933,0,-0.11421709060668939
BRCA1,S387T,387,0,1.3192287683486938
BRCA1,N247D,247,0,0.4282412052154541
BRCA1,H41L,41,1,10.136470413208007
BRCA1,P25L,25,1,5.654902839660645
TP53,G374R,374,0,-0.05096111297607421
TP53,G356R,356,0,0.4554588794708252
TP53,Q354K,354,0,0.29026312828063966
TP53,R342Q,342,0,0.8130045890808105
TP53,Q317K,317,0,0.23706512451171874
TP53,P316T,316,0,0.576016116142273
TP53,P278L,278,1,7.032268524169922
TP53,R273P,273,1,11.840425300598145
TP53,S260Y,260,0,4.52643346786499
TP53,R248L,248,1,11.824068641662597
TP53,R213P,213,1,7.777490758895874
TP53,R196P,196,1,10.136775684356689
TP53,H193Y,193,1,7.5029703140258786
TP53,D186E,186,0,-0.04468214511871334
TP53,M160I,160,0,3.4777182579040526
TP53,F134C,134,1,5.961697578430176
TP53,R110P,110,1,3.5811074018478393
TP53,A63G,63,0,0.6225077152252197
TP53,A63T,63,0,1.0600871086120605
TP53,V10L,10,0,-1.2983305215835572
TP53,P8L,8,0,0.30728113651275635
ALK,P671S,671,0,-0.52110595703125
ALK,R412C,412,0,2.0165358543395997
KIT,T84M,84,0,-0.24404258728027348
KIT,V374I,374,0,0.2477476954460144
APC,N2752T,2752,0,-0.5627107620239258
TSC1,K261R,261,0,-0.11756463050842281
TSC1,N198S,198,0,-0.41553940773010256
CDKN2A,R87P,87,1,6.3156839370727536
CDKN2A,L32P,32,1,10.317078018188477
RET,E208D,208,0,0.6219328165054321
RET,I852V,852,0,-0.5157954931259155
RET,L1048F,1048,0,1.5981858730316163
ATM,E2596D,2596,1,0.714961576461792
WT1,Q72H,72,0,1.270180606842041
HRAS,H166Q,166,0,3.715059232711792
RB1,A18S,18,0,2.2013793706893923
RB1,T377S,377,0,-0.09719498157501216
RB1,Q436K,436,0,-0.1459680557250976
RB1,R621G,621,0,-0.7970693111419678
TSC2,A272T,272,0,0.35429410934448236
TSC2,A614P,614,1,2.7684142112731935
TSC2,G661S,661,0,-0.7273362159729004
TSC2,V766M,766,0,1.6771618366241454
TSC2,E1490G,1490,0,-0.11406283378601074
NF1,L532R,532,1,1.4608933210372925
NF1,C1016R,1016,1,0.04061870574951171
NF1,G1168R,1168,1,-0.11809625625610357
NF1,G1219V,1219,1,0.019997930526733376
NF1,K1440E,1440,1,-0.11001181602478027
NF1,K1457E,1457,1,0.26175379753112793
NF1,L1854R,1854,1,3.366962957382202
BRCA1,G1748R,1748,1,0.3348215579986572
BRCA1,T1675I,1675,0,1.3679704189300537
TP53,R337G,337,1,3.563975381851196
TP53,R248P,248,1,12.727319526672364
TP53,P4L,4,0,0.43768725395202634
APC,K516N,516,1,4.014833116531372
APC,I1557V,1557,0,-0.6472089290618896
APC,R2549C,2549,0,3.591428518295288
BRCA1,R1495T,1495,1,-0.8808155536651612
BRCA1,V11G,11,1,1.8016307830810547
TP53,R379H,379,0,0.6996144771575927
TP53,L265P,265,1,10.211230754852295
TP53,E180K,180,1,5.756828784942627
TP53,K164E,164,1,8.61220407485962
TP53,R158P,158,1,10.705958557128906
BRCA2,T1410N,1410,1,-0.1637370109558105
BRCA1,Y1703D,1703,1,8.694198703765869
BRCA1,I26N,26,1,8.181865692138672
EGFR,C326F,326,1,10.747710990905762
STK11,N181D,181,1,14.735766983032226
BRCA1,V1838G,1838,1,8.924844551086426
STK11,N181S,181,1,13.014336395263673
NF1,N935D,935,0,-0.6951659202575684
TP63,R319H,319,1,12.382587242126466
TP53,Y126D,126,1,10.773479843139649
BRCA1,V1665S,1665,1,4.273264932632446
BRCA2,N1766K,1766,0,0.09142394065856932
BRCA1,G1706R,1706,1,8.420900821685791
BRCA1,I1766N,1766,1,10.155232238769532
BRCA1,R71T,71,1,2.443074607849121
BRCA1,C47S,47,1,8.647884082794189
BRCA1,C39W,39,1,11.865082168579102
TP63,R343W,343,1,13.383948707580567
BRAF,F498Y,498,1,12.38907699584961
BRAF,G464R,464,1,12.7012149810791
BRAF,T599R,599,1,12.835844421386719
PTEN,C211W,211,1,9.623761749267578
PTEN,Y27S,27,1,13.115851593017577
TSC2,F1499V,1499,1,-0.47666206359863283
NF1,M1T,1,1,5.820435333251953
TP63,P511T,511,0,1.035272741317749
ALK,S737L,737,0,1.4780941247940063
ALK,P1029A,1029,0,1.0990611076354981
APC,S2594C,2594,0,3.2780338287353517
EGFR,V1047M,1047,0,0.7873099327087403
RB1,E884D,884,0,0.05079150199890137
TSC2,D1644N,1644,0,4.476220607757568
NF1,L550P,550,1,2.126050329208374
TSC2,S581R,581,0,0.9975013256072998
MYCN,R398W,398,1,11.056916809082031
TP63,Y202C,202,1,11.080965042114258
TP63,R350G,350,1,13.548773765563965
TP63,C561Y,561,1,3.604433608055115
TP63,I576T,576,1,7.004568576812744
BRAF,T589P,589,1,14.269651412963867
BRAF,L525R,525,1,12.612156105041503
PTEN,R47K,47,1,9.693528842926025
PTEN,D107V,107,1,9.95569076538086
TP53,G244D,244,1,9.976304721832275
BRCA1,S1655P,1655,1,5.724113273620605
ALK,F1174C,1174,1,10.980635261535644
KIT,W557R,557,1,10.347306251525879
KIT,V560D,560,1,10.635322761535644
KIT,L576P,576,1,11.031340599060059
KIT,N655K,655,1,10.276915168762207
KIT,D820Y,820,1,11.309532356262206
KIT,N822I,822,1,9.667511749267579
KIT,N822K,822,1,9.141686630249023
KIT,A829P,829,1,9.800535583496094
BRAF,D594E,594,1,16.18984432220459
BRAF,D594V,594,1,17.212800407409667
PTEN,R130G,130,1,13.616014099121093
PTEN,R159S,159,1,13.076212692260743
HRAS,G12R,12,1,9.818670463562011
TP53,R249T,249,1,12.158770751953124
TP53,V173A,173,1,5.877825450897217
PTEN,R173H,173,1,10.695678329467773
MET,M1250T,1250,1,4.712103748321534
ALK,L1196M,1196,1,3.028402900695801
ERBB2,G309E,309,1,2.202462601661682
ERBB2,S310Y,310,1,4.401983070373535
HRAS,Q61H,61,1,11.604714584350585
HRAS,G13S,13,1,10.077909088134765
PTEN,R130L,130,1,12.363317680358886
TP53,C135F,135,1,8.070536231994629
TP53,C135R,135,1,9.874926662445068
TP53,C135G,135,1,9.322744750976563
TP53,C141W,141,1,9.748552894592285
TP53,C176F,176,1,10.51193790435791
TP53,C238F,238,1,11.435369682312011
TP53,C238S,238,1,10.309143447875977
TP53,C238R,238,1,12.047711372375488
TP53,C238G,238,1,12.170841789245605
TP53,C242W,242,1,12.118754005432129
TP53,C275F,275,1,12.172467231750488
TP53,D281Y,281,1,11.531046485900879
TP53,D281N,281,1,7.1590923309326175
TP53,D281E,281,1,5.879861545562744
TP53,D281H,281,1,10.080967140197753
TP53,D281A,281,1,10.548798370361329
TP53,E286A,286,1,5.344658851623535
TP53,F270S,270,1,8.061529541015625
TP53,F270V,270,1,5.325100326538086
TP53,G244S,244,1,6.266264915466309
TP53,G244V,244,1,8.822573375701904
TP53,G245V,245,1,9.96015739440918
TP53,G266R,266,1,9.874702835083008
TP53,H179R,179,1,6.8431000232696535
TP53,H179Q,179,1,4.9348491668701175
TP53,H179D,179,1,8.32097110748291
TP53,H193P,193,1,8.976978302001953
TP53,H193N,193,1,6.482672500610351
TP53,H214R,214,1,6.3985536098480225
TP53,H214L,214,1,7.823688125610351
TP53,K132N,132,1,7.381081771850586
TP53,K132R,132,1,2.832534122467041
TP53,L111P,111,1,7.689134883880615
TP53,L111R,111,1,10.195264434814453
TP53,L111Q,111,1,8.192546081542968
TP53,L194R,194,1,9.328718852996825
TP53,M237K,237,1,10.013753128051757
TP53,N239S,239,1,5.610302305221557
TP53,P151R,151,1,8.105701160430907
TP53,P151A,151,1,4.4843419075012205
TP53,P278S,278,1,7.143119049072266
TP53,P278T,278,1,8.458892154693604
TP53,R175G,175,1,10.315699768066406
TP53,R248G,248,1,12.126508522033692
TP53,R273L,273,1,10.074041938781738
TP53,R273S,273,1,10.072524642944336
TP53,R282P,282,1,10.097666358947754
TP53,S241Y,241,1,10.847767066955566
TP53,S241A,241,1,6.193657970428466
TP53,T125R,125,1,7.487126255035401
TP53,V173L,173,1,5.6512306213378904
TP53,Y163H,163,1,4.934128618240356
TP53,Y205C,205,1,6.219100761413574
TP53,Y205H,205,1,5.055983781814575
TP53,Y205D,205,1,8.610931777954102
TP53,Y220H,220,1,5.483663558959961
TP53,Y234H,234,1,6.799506568908692
TP53,Y234N,234,1,10.407027626037598
TP53,Y236C,236,1,6.71315565109253
STK11,I177N,177,1,15.610019111633301
MYCN,S399F,399,0,9.095853233337403
TP63,M1V,1,1,5.012041282653809
TP63,G173R,173,1,10.294494247436523
TP63,C312Y,312,1,13.40418643951416
TP63,L602P,602,1,8.185543203353882
TSC1,P333S,333,0,0.010922431945800809
TSC1,G599R,599,0,0.13624315261840816
BRCA2,I3412S,3412,0,-0.7015855789184571
TSC2,Q373H,373,1,0.6297558307647705
HRAS,G60V,60,1,14.143942260742188
TSC2,V1298M,1298,0,1.5613897323608399
TSC2,V241I,241,0,0.6032007217407227
BRCA2,G2181R,2181,0,0.3113659858703613
BRCA2,G2724W,2724,1,5.108149814605713
NF1,Y1948D,1948,1,0.4848302364349365
TSC2,C414G,414,1,0.8561240673065186
TSC2,A623V,623,0,0.3729705810546875
NF1,R1204L,1204,1,-1.0013542413711547
KIT,L667R,667,1,13.3618803024292
ALK,G1494R,1494,0,0.3562166690826416
ALK,S426T,426,0,0.5794271945953369
VHL,L163R,163,1,-0.020229148864746072
APC,R653M,653,1,3.0682602882385255
APC,P1467S,1467,0,-0.8014954566955567
APC,T2813K,2813,0,0.05519027709960935
BRAF,I326V,326,0,2.1173553466796875
TSC1,M209V,209,0,-0.9095130920410156
TSC1,D510N,510,0,0.5633480548858643
TSC1,P591L,591,0,0.5735610961914063
TSC1,G544E,544,0,-0.13351125717163087
TSC1,K121M,121,1,1.7272033214569091
TSC1,P1140L,1140,0,0.08376464843749995
CDKN2A,R87W,87,1,1.2470257520675658
PTEN,L98R,98,1,11.445383453369141
PTEN,R15K,15,1,7.828177452087402
PTEN,Y27C,27,1,10.284631538391114
PTEN,Y155C,155,1,11.089839744567872
ATM,G1746R,1746,1,0.028374242782592762
ATM,D2708H,2708,1,5.254805850982666
BRCA2,A2233V,2233,0,-0.18044662475585935
BRCA2,L2656Q,2656,1,0.5062551498413086
RB1,R656Q,656,0,4.669106388092041
RB1,G38D,38,0,-0.8605088710784912
RB1,V654L,654,1,0.132470989227295
BRCA2,Y828H,828,0,-0.017292594909667957
BRCA2,W2626R,2626,1,-2.0793248653411864
TSC2,N248I,248,0,1.5883391857147218
TSC2,S802G,802,0,0.8327218532562256
TSC2,H798Y,798,0,0.421706485748291
TSC2,S1364V,1364,0,0.48664982318878175
TSC2,I39T,39,0,-0.8304442405700684
TSC2,P330L,330,0,1.4525051593780518
TSC2,S491L,491,0,0.6604647159576416
TSC2,T1068P,1068,1,-0.47245173454284667
TSC2,R1174W,1174,0,1.9760860443115233
NF1,M1V,1,1,5.337862777709961
TSC2,L1504F,1504,0,0.7570287227630615
TSC2,I1648V,1648,0,0.4410045981407166
NF1,C845R,845,1,-0.8152209281921386
NF1,C845Y,845,1,0.34360780715942385
NF1,T1923R,1923,1,-0.3928700923919678
NF1,C379R,379,1,1.6910335063934325
NF1,I1845S,1845,1,0.10173783302307131
NF1,W2229R,2229,1,1.8984491348266601
NF1,K2273M,2273,1,1.4034432888031005
NF1,G848R,848,1,0.40260090827941897
NF1,N1154I,1154,1,0.42641329765319824
NF1,F1884L,1884,1,-0.8102011203765869
TP53,I254V,254,0,2.999421977996826
TP53,D186N,186,0,2.4012788772583007
TP53,T155N,155,1,5.237478637695313
TP53,R110L,110,1,4.3706563949584964
BRCA1,H41N,41,1,7.818821907043457
TP53,G105R,105,1,6.957859134674072
BRCA1,R1753S,1753,1,0.9260357856750489
TP53,M384T,384,0,-1.44048171043396
TP53,K292R,292,0,0.09998660087585448
BRCA2,E377Q,377,0,0.46264801025390623
BRCA1,G1770V,1770,1,4.277335262298584
VHL,G30E,30,0,0.16501874923706053
VHL,I75S,75,1,0.36868820190429685
VHL,N131K,131,1,0.41261653900146483
VHL,L184P,184,1,2.126249980926514
TP63,C347F,347,1,15.043764877319337
TP63,A641V,641,1,7.179248523712158
APC,R1171H,1171,0,-0.4242978572845459
TSC1,L191P,191,1,7.0004314422607425
CDKN2A,N71S,71,1,2.6695990562438965
CDKN2A,G23D,23,1,1.7937449932098388
PTEN,R15S,15,1,10.616410064697266
PTEN,Y16D,16,1,12.89672565460205
PTEN,P38R,38,1,12.396090698242187
PTEN,L108P,108,1,10.969875526428222
PTEN,L316P,316,1,8.515208339691162
ATM,Y2080D,2080,1,0.9927738666534424
WT1,R467Q,467,1,14.598992729187012
BRCA2,G2596E,2596,1,-0.5840961456298828
BRCA2,R2625I,2625,1,0.7963746070861817
TSC2,H1620L,1620,1,3.0441258430480955
TSC2,V1646M,1646,1,4.020926761627197
NF1,H553R,553,1,-0.03697681427001954
NF1,M1149I,1149,1,-0.685422396659851
BRCA1,P34S,34,1,4.120074653625489
TP53,E285K,285,1,8.0440185546875
TP53,P250L,250,1,8.297481250762939
TP53,P190L,190,1,5.534773254394532
TP53,T118I,118,0,4.388397359848023
STK11,D176G,176,1,11.352947998046876
NF1,M1R,1,1,5.919631767272949
NF1,R997S,997,1,-0.5902250289916993
PTEN,N12T,12,1,7.191078090667725
PTEN,G44D,44,1,9.983746147155761
PTEN,H123Q,123,1,13.074812698364259
PTEN,M134T,134,1,10.36575698852539
PTEN,T202I,202,1,6.6127767086029055
PTEN,W274L,274,1,12.341221046447753
APC,K581N,581,1,-1.3698416233062745
APC,R653G,653,1,3.6423988342285156
APC,R653K,653,1,1.0376092433929442
APC,S970T,970,0,0.5322085857391358
APC,S1028N,1028,1,3.2159059047698975
PTEN,R15T,15,1,12.353277587890625
PTEN,G20V,20,1,9.334087944030761
PTEN,M35T,35,1,11.223029899597169
PTEN,D92A,92,1,13.335725784301758
PTEN,V119L,119,1,7.297540283203125
PTEN,V119F,119,1,10.07414722442627
PTEN,H123D,123,1,15.66578025817871
PTEN,A126V,126,1,11.406319046020508
PTEN,K128N,128,1,12.489931106567383
PTEN,M134I,134,1,8.667578792572021
PTEN,I135K,135,1,15.555186080932618
PTEN,Y155H,155,1,11.179803848266602
PTEN,G165R,165,1,9.814930248260499
PTEN,R173L,173,1,12.178874588012695
PTEN,G251V,251,1,10.947220420837402
PTEN,K254T,254,1,9.842516326904297
PTEN,H272P,272,1,11.896221351623534
PTEN,T277R,277,1,12.746465682983398
VHL,V84M,84,1,1.3835407733917235
VHL,L118P,118,1,1.28892822265625
VHL,L118R,118,1,0.17700815200805659
VHL,T133P,133,1,-0.4789126396179199
VHL,I151T,151,1,-0.6048088550567627
VHL,R167P,167,1,1.2274818897247315
VHL,L178P,178,1,0.5493486404418946
RB1,S127N,127,1,0.9751455783843994
RB1,S127T,127,1,0.7478057861328125
RB1,D286G,286,1,2.558148002624512
RB1,D394N,394,0,-0.6076221466064453
RB1,G449R,449,1,10.491316413879394
RB1,Q702R,702,1,9.252490615844726
TP53,G334W,334,1,11.3175874710083
TP53,N310K,310,0,0.329701566696167
TP53,P295S,295,0,-0.6643119096755982
TP53,R267P,267,1,10.51697597503662
TP53,N131I,131,1,7.6919129371643065
TP53,L130P,130,1,8.592180919647216
TP53,G105S,105,1,4.921391201019287
STK11,D237H,237,1,13.309481239318847
STK11,R304P,304,1,11.913052368164063
NF1,K615N,615,1,0.3184772968292236
NF1,L691P,691,1,2.811078643798828
NF1,C709R,709,1,1.9162758827209472
NF1,L1015P,1015,1,4.5439784049987795
NF1,Q1447P,1447,1,2.214686155319214
NF1,D1644Y,1644,1,4.340631532669067
NF1,K1771E,1771,1,0.2260600090026855
NF1,P2101R,2101,1,1.1141533851623535
CDKN2A,G23C,23,1,5.215646171569825
CDKN2A,G23S,23,1,4.09590368270874
TP63,G173V,173,1,10.643745040893554
CDKN2A,I49S,49,1,3.9167911529541017
ATM,R2832L,2832,1,2.6911447525024412
NF1,V1001E,1001,1,-0.25454349517822267
ERBB2,L869R,869,1,7.2251464366912845
BRCA2,Q1562R,1562,0,0.9271510124206543
BRCA1,I171V,171,0,0.009931993484497054
BRCA2,M1K,1,1,4.342479705810547
BRCA2,G1696V,1696,1,-0.21119537353515622
BRCA1,A521P,521,0,-0.0120366096496582
NF1,K354R,354,1,0.1748013019561767
NF1,V630E,630,0,-0.31698269844055177
NF1,K798Q,798,1,0.13001441955566403
NF1,G922S,922,1,-0.7155560493469239
NF1,N957I,957,1,0.2404200553894043
NF1,F1193S,1193,1,-0.936155891418457
NF1,D1217E,1217,1,-0.35070009231567384
NF1,N1278K,1278,1,-0.09152822494506836
NF1,K1444Q,1444,1,0.48817667961120614
NF1,E1458K,1458,1,1.1194066286087037
NF1,V1468G,1468,1,2.7650288581848144
NF1,S1500G,1500,1,0.5344037532806396
NF1,L1511R,1511,1,2.452102875709534
NF1,Q1515R,1515,1,-0.24832816123962403
NF1,K2273N,2273,1,0.13069295883178708
NF1,L2394R,2394,1,5.968707275390625
NF1,G2397R,2397,1,1.005455446243286
PTEN,M134R,134,1,16.04313373565674
PTEN,T160I,160,1,9.381421089172363
NF1,S574N,574,1,1.440330696105957
NF1,S574I,574,1,-0.045009803771972605
NF1,L1080P,1080,1,3.219892692565918
NF1,H2658Y,2658,1,-0.05472750663757322
APC,C207Y,207,0,-0.6049795150756836
APC,G2503E,2503,0,0.8862957000732422
BRCA2,A487S,487,0,-1.1301229476928711
BRCA2,V1497F,1497,0,0.4605013370513916
BRCA2,T1586I,1586,0,0.5533002853393555
BRCA2,N1805D,1805,0,0.7421762466430664
BRCA2,G2168A,2168,0,0.5726585865020752
BRCA2,L3125F,3125,1,1.3422665119171142
BRCA2,A3399S,3399,0,-1.2195738315582276
BRCA1,Y1853N,1853,1,3.692083716392517
BRCA1,R1751G,1751,1,3.0293927669525145
BRCA1,V1687G,1687,1,9.412304973602295
BRCA1,S1125Y,1125,0,2.4584071159362795
BRCA1,E1013K,1013,0,-0.062015724182128876
BRCA2,S976T,976,0,0.7705540180206298
BRCA2,S976F,976,0,1.4077826499938966
WT1,G171V,171,1,5.0605569124221805
BRCA2,W2619C,2619,1,-0.8518276214599609
PTEN,G129V,129,1,12.998703384399414
BRCA2,A3122P,3122,1,3.725733757019043
BRCA1,F1761C,1761,1,5.081633853912353
PTEN,F241L,241,1,5.139631271362305
NF1,Q1189R,1189,1,-0.3863210678100586
ATM,N1223K,1223,1,-0.5411335229873657
BRCA2,K172N,172,1,0.48900928497314455
BRCA2,D427E,427,0,-0.22741904258728027
BRCA2,L2732V,2732,0,0.7162954330444335
BRCA2,A2951S,2951,0,0.6380173206329346
BRCA1,D1757Y,1757,0,0.784501028060913
BRCA1,I90V,90,0,-0.2657354831695557
MET,Y1234C,1234,1,5.960595512390137
TSC2,L916P,916,1,1.8169518947601317
TSC2,V1673G,1673,1,3.039344835281372
BRAF,R384G,384,0,9.848386573791505
PTEN,P96L,96,1,9.974864196777343
ATM,A2622V,2622,1,0.8804603099822998
WT1,T451P,451,1,14.954496955871582
NF1,C93R,93,1,0.9109764099121094
NF1,R1066K,1066,1,-0.32266554832458494
NF1,W1236R,1236,1,-2.3810030460357665
TP53,G199V,199,1,11.621262550354004
VHL,W88R,88,1,-1.2884884357452393
VHL,Q164H,164,1,0.7623879432678222
TP63,H247Y,247,1,10.260750007629394
KIT,T718A,718,0,1.8460200071334838
APC,S1028I,1028,1,5.5127942085266115
MET,S1015A,1015,0,1.005152440071106
TSC1,S1102T,1102,0,0.8669126987457275
TSC1,G1089A,1089,0,-0.20066285133361816
TSC1,H71Q,71,0,-0.5066429615020752
PTEN,H93P,93,1,15.570778846740723
PTEN,A126T,126,1,11.824512100219726
PTEN,D92Y,92,1,12.325454902648925
ATM,R248L,248,1,1.1625003814697266
PTEN,M198K,198,1,12.823707962036133
WT1,H470Y,470,1,15.723329162597656
BRCA2,R3052L,3052,1,-1.0718508243560791
RB1,E287D,287,1,-0.004956459999084428
RB1,L819V,819,0,1.073641586303711
BRCA2,H962Y,962,0,0.6407000541687011
RB1,L229F,229,0,0.8300467252731323
RB1,G540V,540,0,0.41991424560546875
RB1,D36N,36,0,1.6532167434692382
RB1,M386V,386,0,-0.44667806625366213
TSC2,H600Y,600,0,0.3891286849975586
TSC2,G1654S,1654,0,-0.32907819747924805
TSC2,S1799P,1799,0,0.9459352016448974
TSC2,Q613H,613,1,0.7631358623504638
TSC2,Q1503R,1503,1,-0.47321267127990724
NF1,G1190D,1190,1,0.10921010971069336
NF1,K1290N,1290,1,0.6830910921096802
NF1,L691R,691,1,1.9623484849929809
NF1,T780R,780,1,0.0939798355102539
NF1,I965R,965,1,2.6234399318695067
NF1,W1048G,1048,1,-0.34720745086669924
NF1,L43P,43,1,1.2196225643157959
NF1,L380P,380,1,6.131215667724609
NF1,H1143Y,1143,1,0.5401349067687988
NF1,M1461K,1461,1,0.36320343017578127
TP53,G244A,244,1,6.829381275177002
NF1,S1420P,1420,1,1.6225830554962157
TP53,A159V,159,1,5.394297742843628
NF1,N1451I,1451,1,2.8749194622039793
NF1,A846D,846,1,0.15915732383728026
NF1,R997M,997,1,1.1200773239135742
BRCA1,L1780Q,1780,1,5.878302574157715
NF1,E2143K,2143,1,0.9106596946716309
NF1,V1093M,1093,1,0.8728195667266846
BRCA1,L1223F,1223,0,1.0262210845947266
NF1,V1182F,1182,1,0.4569673538208008
NF1,R1412G,1412,1,0.9610352993011475
NF1,K2823N,2823,0,0.8060703277587891
BRCA1,C64S,64,1,9.686530113220215
TP53,P177R,177,1,8.481206703186036
VHL,L101P,101,1,0.8635200738906861
VHL,L163F,163,1,1.2345704555511474
VHL,P154S,154,1,0.6140039205551148
APC,N248S,248,0,-0.9772173166275024
APC,T496I,496,0,0.6169520854949951
APC,E74K,74,1,0.007948350906372081
APC,G637R,637,1,2.7275117874145507
APC,G861S,861,0,-0.6766815900802612
APC,G1203V,1203,0,-0.8540682077407837
PTEN,D107Y,107,1,10.067198562622071
PTEN,V166E,166,1,13.940340995788574
RET,V253E,253,0,-0.8994117021560669
PTEN,M1V,1,1,6.675661849975586
PTEN,R142P,142,1,10.878906440734863
PTEN,L345P,345,1,11.432883644104004
PTEN,G36E,36,1,12.653562927246094
PTEN,V119G,119,1,11.95943088531494
PTEN,I253N,253,1,13.56072120666504
ATM,F582L,582,0,-0.8649529933929443
ATM,M2239I,2239,0,-0.6070613861083984
ATM,K2717R,2717,1,6.041217994689942
ATM,L2452P,2452,1,1.7885956287384033
ATM,Q2637R,2637,0,-0.170461368560791
ATM,V3005I,3005,0,1.2885418653488159
ATM,N2370S,2370,0,-0.6283148765563965
BRCA2,S599F,599,0,1.005707025527954
BRCA2,N801K,801,0,-0.4452317237854004
BRCA2,D156E,156,0,-0.5825435638427734
BRCA2,Y1751S,1751,0,-1.4280070543289185
BRCA2,Y2567H,2567,0,0.39253873825073243
BRCA2,E2599G,2599,1,0.7152224063873291
BRCA2,Q2749E,2749,0,0.4354006052017212
BRCA2,E2772V,2772,0,0.23035755157470703
BRCA2,A2780D,2780,1,-0.4577159404754639
BRCA2,L1384V,1384,0,0.12601294517517087
BRCA2,L2862Q,2862,0,0.19368014335632322
BRCA2,N3024D,3024,0,-0.21860117912292482
BRCA2,V358M,358,0,1.1143805980682373
BRCA2,S2546P,2546,0,0.01471118927001953
BRCA2,Y2789F,2789,0,-0.5032840728759765
BRCA2,L2792R,2792,1,0.09710254669189454
BRCA2,N3337D,3337,0,-0.2510647773742675
TSC2,A145T,145,0,0.5843979835510253
BRCA2,Y1480H,1480,0,-0.3577430248260498
TSC2,E929K,929,0,0.20557551383972167
BRCA2,K2674N,2674,0,0.45291867256164553
BRCA2,T2722A,2722,1,1.6903441905975343
BRCA2,T2880I,2880,0,-0.14434943199157715
RB1,R320Q,320,0,-1.1622222423553468
NF1,R160K,160,1,-0.3300858974456787
NF1,L578P,578,1,3.8724735736846925
NF1,K1457R,1457,1,0.6276013374328613
NF1,Q1447K,1447,1,1.8203078269958497
NF1,L1915P,1915,1,2.797346830368042
BRCA1,D1739H,1739,1,2.330902099609375
BRCA1,V1719G,1719,1,8.332709121704102
BRCA1,T1684A,1684,0,2.9073295116424562
BRCA1,T1312S,1312,0,-0.7445878028869629
BRCA1,L413V,413,0,0.3751415729522705
BRCA1,E736G,736,0,1.0294426441192628
NF1,D1067V,1067,0,-0.5983301162719726
BRCA1,C27F,27,1,8.929985332489014
TP53,F385L,385,0,-1.4320932626724243
TP53,A307G,307,0,0.8875945568084717
TP53,R283P,283,1,7.982484436035156
TP53,M246K,246,1,9.46089963912964
BRCA1,T1640A,1640,0,0.13804783821105954
TP53,M246I,246,1,4.924683570861816
TP53,V143G,143,1,9.884200286865234
TP53,H178D,178,1,7.062665939331055
ATM,L2068S,2068,1,1.8597938060760497
BRCA2,S2670W,2670,1,2.178332805633545
BRCA2,V2652G,2652,1,0.7309105873107911
CDKN2A,R99P,99,1,7.438257312774658
ATM,K1192N,1192,1,0.5823850631713867
BRCA2,Y2884F,2884,0,-0.5565225124359131
ATM,R2849P,2849,1,11.128785324096679
PTEN,I50T,50,1,7.127119731903076
PTEN,P96R,96,1,15.19338779449463
TP53,S106R,106,1,4.641229772567749
VHL,G93D,93,1,0.9882136583328247
VHL,T105P,105,1,0.4957244396209717
VHL,Q132P,132,1,-0.6687520027160645
VHL,F119L,119,1,-0.9196547031402588
VHL,S80R,80,1,-0.4586337566375732
VHL,V130F,130,1,0.6704250812530518
VHL,N131S,131,1,-0.6855439662933349
VHL,C162R,162,1,-1.1136203289031983
VHL,H115Q,115,1,-0.4488581657409668
VHL,F136S,136,1,-0.1699473857879638
RB1,S474I,474,1,4.784353446960449
MYCN,P365A,365,0,0.6105555534362793
TSC1,S526F,526,0,1.7185624599456788
BRCA1,L1276V,1276,0,0.5760581016540527
TSC2,P1370S,1370,0,-0.875385069847107
BRCA2,D559N,559,0,-0.2182097434997558
TP63,S167F,167,1,11.348941230773926
BRAF,L525Q,525,1,14.772221565246582
NF1,R1325M,1325,1,0.5936783790588379
WT1,H420P,420,1,14.452385520935058
PTEN,H93N,93,1,10.229068088531495
NF1,R1412T,1412,1,1.1525245189666748
ALK,E296K,296,0,0.6002086162567138
ALK,V126A,126,0,-0.34534530639648436
VHL,R167L,167,1,0.5094023227691651
VHL,R82L,82,1,0.26825771331787107
VHL,P154A,154,1,0.8190665960311889
TP63,D355N,355,1,11.58942470550537
TP63,G600D,600,1,9.64932804107666
MET,I247V,247,0,0.061516964435577394
MET,G344R,344,0,7.796055507659912
TSC1,M425V,425,0,-1.083601427078247
TSC1,I580V,580,0,-0.6748304843902588
PTEN,Y68D,68,1,16.066021156311034
PTEN,K267N,267,1,7.089525508880615
PTEN,L152P,152,1,11.101929855346679
ATM,P1785H,1785,0,1.0571422576904297
RB1,S114L,114,0,0.6085368156433105
BRCA2,K1944E,1944,0,0.0682157516479492
RB1,Q444H,444,1,2.247464728355408
BRCA2,I1258R,1258,0,1.1362983226776122
RB1,E737D,737,1,1.3418577432632446
RB1,S888N,888,1,0.6063536405563354
TSC2,P1675Q,1675,1,0.5788066387176514
TSC2,T147K,147,1,1.13856840133667
TSC2,E787D,787,1,0.49804139137268066
TSC2,Y1571H,1571,1,1.0322882175445556
NF1,M895R,895,1,1.147673988342285
NF1,L929R,929,1,1.7691502571105957
NF1,S2018R,2018,1,1.237128496170044
NF1,I826V,826,0,-0.6620466709136963
NF1,P1084S,1084,1,-0.5310083866119385
NF1,M1149V,1149,1,-0.8450963735580445
NF1,N1156K,1156,1,-0.13760204315185537
NF1,L933P,933,1,2.789776420593262
NF1,V1419D,1419,1,1.4602624893188476
BRCA1,H1686Y,1686,1,5.335922622680664
NF1,D1644H,1644,1,4.417349624633789
BRCA1,M18R,18,1,4.212032604217529
BRCA1,H1746D,1746,1,0.39250669479370115
NF1,M1215R,1215,1,-0.2309786319732666
BRCA1,G1788A,1788,1,5.764606189727783
NF1,K1457N,1457,1,0.40958304405212403
BRCA1,I1723T,1723,0,2.5914908409118653
NF1,T2135I,2135,1,0.7810148239135742
NF1,A2274S,2274,1,-0.16283073425292968
TP53,R158L,158,1,8.157399749755859
STK11,L140P,140,1,12.107135009765624
ALK,I1171T,1171,1,6.364976596832276
BRCA2,T2722I,2722,1,2.6798846244812013
BRCA2,K1286N,1286,0,-0.1552958011627197
KIT,A533D,533,1,9.706260299682617
WT1,D469Y,469,1,14.952254676818848
VHL,S65P,65,1,-0.7672595024108887
PTEN,Y155S,155,1,13.767056274414063
TSC2,H1640R,1640,1,3.5121920585632322
NF1,W223R,223,1,-0.2377593994140625
NF1,A320D,320,1,3.361412000656128
NF1,A330V,330,1,0.09107866287231443
NF1,L929P,929,1,1.953940200805664
NF1,L1196V,1196,1,0.2366335391998291
NF1,L1411V,1411,1,0.9600643157958985
NF1,K1529R,1529,1,0.19704442024230948
NF1,K2307N,2307,1,0.40616612434387206
ATM,D2597Y,2597,1,0.3755404949188232
BRCA2,D1547N,1547,0,-0.05426082611083986
BRCA2,V1775L,1775,0,-0.28866095542907716
BRCA2,K1025R,1025,0,1.264997673034668
RET,R287Q,287,1,-0.041512060165405276
PTEN,V290K,290,1,0.21921830177307128
VHL,H115P,115,1,-0.18774328231811524
NF1,V1627D,1627,1,3.0221925735473634
NF1,E2214D,2214,1,0.5223885536193847
WT1,S483N,483,1,9.204757690429688
VHL,G93V,93,1,1.4393110752105713
VHL,G114S,114,1,0.8667787313461304
VHL,L158V,158,1,0.48412337303161623
TP63,K232E,232,1,13.107287979125976
KIT,A621T,621,1,13.577090644836426
VHL,S111C,111,1,1.1034563541412354
MET,R191W,191,0,3.5129748821258544
BRAF,M23K,23,0,12.900765419006348
TP63,P166H,166,1,9.424322891235352
TSC1,A1026S,1026,0,-2.011070418357849
TSC1,L1045V,1045,0,0.1754367351531982
RB1,T52I,52,0,0.2368316173553467
PTEN,D92G,92,1,11.939096832275391
PTEN,Y177C,177,1,10.716610145568847
PTEN,D252V,252,1,12.005314064025878
PTEN,T277A,277,1,6.475203514099121
PTEN,D310G,310,1,1.9971730709075928
TSC2,Q443H,443,0,0.7910243511199951
TSC2,S1147F,1147,0,1.9084097385406493
TSC2,A1164T,1164,0,0.9308979749679566
TSC2,I1537T,1537,0,0.1398906707763672
BRCA2,H2623Y,2623,1,0.1672208309173584
RB1,T12S,12,0,0.45888595581054686
RB1,L218V,218,1,3.5620198488235473
NF1,D186V,186,1,-1.6123060226440429
NF1,E244K,244,1,0.0443954944610596
NF1,R997T,997,1,-0.1005231380462646
NF1,M1214R,1214,1,-1.1005695819854737
NF1,N1415K,1415,1,1.1869519233703614
NF1,N1451D,1451,1,1.4926432132720948
NF1,R2349G,2349,0,-0.37440176010131837
BRCA1,H41Y,41,1,7.448173999786377
TP53,H178Q,178,1,4.576507520675659
STK11,N181E,181,1,18.20318031311035
NF1,V1146F,1146,1,0.8683105945587158
NF1,K1457Q,1457,1,0.8712910175323486
NF1,L847R,847,1,1.8103397130966186
NF1,R873G,873,1,0.6662751913070679
NF1,V2603I,2603,0,0.16412348747253416
NF1,W1314R,1314,0,-1.0767131805419923
STK11,G242R,242,1,10.939787864685059
TSC2,Q373R,373,1,0.38196516036987305
TSC2,V709F,709,1,1.3303102016448975
TSC2,N1667S,1667,0,-0.5903660297393799
NF1,A1716P,1716,0,2.317482614517212
EGFR,V592I,592,0,1.9775318145751952
NF1,G751R,751,1,-0.2694725513458252
TP53,S240G,240,1,6.5311871528625485
TSC2,M1030R,1030,1,0.2047515869140625
NF1,K354N,354,1,0.5945932865142822
NF1,E41V,41,1,1.101327657699585
BRCA1,P798A,798,0,-0.2681990146636963
RET,F147S,147,1,-0.6712023735046386
RET,V202L,202,1,-0.06954003572463986
VHL,R161G,161,1,0.4677478313446045
PTEN,V255E,255,1,14.640786933898926
WT1,H474P,474,1,16.3469030380249
VHL,N78H,78,1,0.14155793190002441
VHL,N78D,78,1,-0.4702713966369629
VHL,S80I,80,1,0.3622707366943359
VHL,F91V,91,0,-1.2234037876129151
VHL,V166D,166,1,1.3269028186798095
VHL,V170D,170,1,0.3432926177978516
VHL,L178Q,178,1,0.7327884674072266
VHL,L178R,178,1,0.05370287895202638
VHL,L188Q,188,1,2.1342210292816164
VHL,L188P,188,1,0.4551855087280273
ATM,E166Q,166,1,0.6733771800994873
APC,S79G,79,0,0.6487778186798095
BRCA2,T3413I,3413,0,0.0074621677398681585
BRCA1,W1718G,1718,1,10.372168159484863
BRCA1,V1714F,1714,1,6.254237651824951
BRCA1,H971R,971,0,-0.861176586151123
VHL,S111G,111,1,0.10767316818237302
TP53,R280S,280,1,9.622994899749756
TP53,R273G,273,1,10.666416358947753
TP53,I232S,232,1,8.63493537902832
TP53,C176R,176,1,11.099657821655274
TP53,R156P,156,1,3.0355135440826415
TP53,F113C,113,1,6.640979766845703
TP53,F109C,109,1,7.602457523345947
PTEN,C71L,71,1,13.03098087310791
NF1,W777G,777,1,-1.498906135559082
BRAF,A481K,481,1,15.944534301757812
VHL,H115R,115,1,-1.162173867225647
VHL,P154L,154,1,1.1537912607192993
TP63,N246K,246,1,11.71670913696289
TP63,C312F,312,1,15.163650131225586
TP63,R318C,318,1,12.4617130279541
TP63,F565V,565,1,8.744154930114746
KIT,K509I,509,1,1.259884786605835
APC,Q542H,542,1,0.7277559757232666
BRAF,A366P,366,1,11.575106620788574
TSC1,W347R,347,0,-2.530594062805176
CDKN2A,L16P,16,1,5.5563641548156735
PTEN,K6E,6,1,10.952757835388184
PTEN,H93Y,93,1,11.235921478271484
PTEN,I101N,101,1,14.50720672607422
PTEN,R159K,159,1,10.314927101135254
ATM,T2682S,2682,1,-0.1913492441177368
ATM,Q2730P,2730,1,8.577233600616456
WT1,R500Q,500,1,14.690533638000488
WT1,S285N,285,0,0.6514050483703613
HRAS,G60S,60,1,12.128837776184081
RB1,R320G,320,0,0.873288345336914
RB1,I470L,470,0,1.2126380443572997
RB1,R668C,668,0,1.955428123474121
TSC2,L511F,511,0,1.451094961166382
TSC2,H855Q,855,0,-0.013601160049438477
TSC2,V1649I,1649,0,0.5875931024551392
NF1,M1I,1,1,5.989538955688476
NF1,L58P,58,1,2.863524293899536
NF1,S82P,82,1,0.844237232208252
NF1,Q83P,83,1,0.38399200439453124
NF1,A138P,138,1,3.0760852336883544
NF1,L194P,194,1,1.0375529527664185
NF1,K263E,263,1,-0.0813666820526123
NF1,L447P,447,1,3.1106056213378905
NF1,E775D,775,1,0.4537826061248779
NF1,L792H,792,1,1.940484094619751
NF1,R997K,997,1,-0.15411815643310542
NF1,M1035K,1035,1,-0.539605188369751
NF1,M1149T,1149,1,0.236099910736084
NF1,G1166S,1166,1,-0.8107411384582519
NF1,G1190S,1190,1,-0.606844425201416
NF1,W1258R,1258,1,-1.401043462753296
NF1,Q1447E,1447,1,1.1001431465148925
NF1,D1644N,1644,1,3.196040964126587
NF1,N1683K,1683,1,1.1442670822143555
NF1,L2461F,2461,0,1.2514451503753663
BRCA1,C1787Y,1787,1,4.2476959228515625
BRCA1,I492V,492,0,-0.13305778503417967
BRCA1,C47R,47,1,9.625775337219238
BRCA1,C44W,44,1,11.422530937194825
BRCA1,C24W,24,1,10.047357368469239
BRCA1,C24G,24,1,9.801112365722656
BRCA1,C24S,24,1,8.10419158935547
TP53,S127Y,127,1,9.010865211486816
BRAF,K483T,483,1,15.607967758178711
BRAF,T470P,470,1,14.366630935668946
BRAF,A34V,34,0,4.7545592308044435
BRCA2,L2929W,2929,0,2.1682420492172243
TP63,L562P,562,1,8.162731075286866
RET,R287L,287,1,-0.5227282047271729
BRCA1,Q1408H,1408,1,2.2647751569747925
NF1,M1L,1,1,4.782862138748169
NF1,T841P,841,1,0.9743144989013672
NF1,F1193L,1193,1,-1.0859872817993164
NF1,L844H,844,1,2.5902593612670897
NF1,A846P,846,1,1.7354169845581056
NF1,R1276L,1276,1,-0.12423276901245114
RET,C585R,585,1,0.8402352571487427
WT1,P190L,190,0,1.9556005001068115
RB1,Y91C,91,0,0.6460060119628906
NF1,D2736N,2736,0,-0.08361992835998534
ALK,L1033H,1033,0,2.9984845161437987
RB1,A626T,626,0,-0.2110336303710937
RB1,S758L,758,0,-0.14330341815948486
TSC2,A736V,736,0,-0.0731182098388672
TSC2,A1164S,1164,0,0.17557766437530514
WT1,A87T,87,0,1.2508148670196533
ERBB2,A1039T,1039,0,1.1247283935546875
TP63,I225V,225,0,3.53418025970459
TP63,T434M,434,0,3.3148000240325928
TP63,R669H,669,0,4.05507526397705
HRAS,P179A,179,0,-0.46161694526672364
TSC1,H59L,59,0,-0.017969799041748048
EGFR,V904I,904,0,0.5035266995429992
TSC1,A307V,307,0,0.2350088596343994
TSC2,S1282R,1282,0,0.6436336517333985
ATM,E1669K,1669,1,0.6491096258163452
NF1,H1826N,1826,1,-0.9374083995819091
BRCA1,R1753G,1753,1,1.9788506507873536
BRCA1,M1K,1,1,6.550783634185791
BRAF,S215F,215,1,11.469159126281738
EGFR,I491T,491,0,0.6734478712081909
ATM,T1769K,1769,0,-0.30048136711120604
ATM,D2625E,2625,1,-0.4693887233734131
ATM,A2626P,2626,1,1.1618871688842773
ATM,Q3038K,3038,0,1.7528876304626464
BRCA2,N856K,856,0,0.23763165473937983
BRCA2,G2195S,2195,0,-1.2761579990386962
TSC2,G676A,676,0,-0.34361782073974606
NF1,L90Q,90,1,4.435971260070801
NF1,D1067Y,1067,0,0.2323709487915039
NF1,L1068F,1068,0,1.0023957729339599
TP53,V143A,143,1,5.53282413482666
BRCA1,L474S,474,0,-0.3106490135192871
TP63,I597T,597,1,8.488074207305909
WT1,G175C,175,1,3.302881097793579
NF1,D2632G,2632,1,0.6548791885375976
BRCA2,A2912T,2912,0,0.01521782875061034
WT1,Q427H,427,1,4.951137924194336
VHL,E46K,46,0,4.528148174285889
VHL,F76I,76,1,-0.09215054512023924
VHL,V155L,155,1,-0.2623338222503662
VHL,K159E,159,1,-1.1094656944274903
APC,I357T,357,0,1.137247347831726
MET,A29V,29,0,-0.6308233261108398
TSC1,K121N,121,1,1.0127222061157226
CDKN2A,G23R,23,1,4.058554840087891
RET,C634L,634,1,-1.1526626110076905
RET,I880V,880,0,-1.5170618295669556
PTEN,A34P,34,1,11.343866729736328
PTEN,P38L,38,1,9.642939281463622
PTEN,I101T,101,1,8.880400466918946
PTEN,C124S,124,1,11.970839691162109
PTEN,L181P,181,1,11.90421142578125
ATM,F168Y,168,0,1.1367114543914796
ATM,L643P,643,0,1.228316068649292
ATM,V849M,849,0,0.4593492984771729
ATM,D860E,860,0,-0.040483188629150416
ATM,I1022S,1022,1,0.9396278858184814
ATM,A2368V,2368,0,-0.0017976760864257812
ATM,G2765V,2765,1,7.580808353424072
BRCA2,A1193S,1193,0,-1.3429638624191285
BRCA2,Y1716C,1716,0,-0.1075562000274658
BRCA2,P2532A,2532,0,-0.024386930465698196
BRCA2,S2616C,2616,0,1.5858603954315185
BRCA2,P2639R,2639,0,0.3138369083404541
BRCA2,R2668S,2668,0,-0.27860369682312014
BRCA2,A2698G,2698,0,-0.32786488533020014
BRCA2,Q2731H,2731,0,0.049674463272094696
BRCA2,G2743C,2743,0,0.8943470001220704
BRCA2,L2805I,2805,0,0.9149352073669433
BRCA2,S2810C,2810,0,1.6407674312591554
BRCA2,L2865F,2865,0,0.917919111251831
BRCA2,E2875D,2875,0,0.9214154720306397
BRCA2,K2950T,2950,0,1.5410752058029176
BRCA2,N3124H,3124,0,1.482077717781067
BRCA2,P3129T,3129,0,0.19884595870971677
BRCA2,T3137S,3137,0,-0.10960032939910888
RB1,F162Y,162,0,-0.9384178638458252
RB1,A188V,188,0,0.2256596565246582
TSC2,Q200H,200,0,0.686563777923584
TSC2,R208Q,208,0,0.11817717552185059
NF1,P654L,654,0,-1.336977767944336
NF1,S807N,807,0,0.5527493476867675
NF1,L995P,995,1,2.6476398944854735
NF1,A1024S,1024,0,-0.5350981712341308
NF1,L2390W,2390,1,3.302841901779175
NF1,V2839L,2839,0,-0.6350058555603028
BRCA1,T1816R,1816,0,0.2854911327362061
BRCA1,V1809D,1809,1,5.444541263580322
BRCA1,V1665G,1665,0,4.805271625518799
BRCA1,E1644Q,1644,0,0.2721544742584229
BRCA1,G1332E,1332,0,-0.9653782844543457
BRCA1,Q94H,94,0,1.1507287740707397
BRCA1,C27Y,27,1,8.112169933319091
BRCA1,R7L,7,0,0.15945873260498042
TP53,N263S,263,0,1.759705948829651
TP53,T253A,253,1,5.883489179611206
TP53,R181P,181,1,6.797733902931213
TP53,P152R,152,1,6.678665828704834
TP53,P151F,151,1,9.100487899780273
TP53,L130H,130,1,8.142358016967773
TP53,S127T,127,1,5.283954811096192
TP53,R110G,110,1,2.803271675109863
TP53,G59D,59,0,0.4206249713897705
TP53,N29D,29,0,-1.8100561380386353
STK11,D237E,237,1,9.613521385192872
STK11,H379P,379,0,-1.465113925933838
VHL,V170L,170,1,-0.6940065622329712
CDKN2A,P81L,81,1,4.746443510055542
CDKN2A,G55D,55,1,1.6406703472137452
ATM,Q1478H,1478,0,0.5608155727386475
BRCA2,V875L,875,0,-0.41146459579467776
VHL,E70Q,70,1,0.11283192634582515
VHL,W117G,117,1,-0.4689424991607666
VHL,R200L,200,1,0.8183642625808716
TP63,A354E,354,1,11.078419208526611
EGFR,G1189A,1189,0,0.3264717578887939
TSC1,D1146H,1146,0,0.1478027820587158
TSC1,D605V,605,0,0.7454315185546875
TSC1,H433Q,433,0,-0.3001217842102051
TSC1,T415I,415,0,1.0666528224945069
TSC1,V42E,42,1,3.291986894607544
PTEN,K13Q,13,1,8.923679542541503
PTEN,K128R,128,1,7.97094612121582
PTEN,G132S,132,1,12.288067817687988
PTEN,Q171E,171,1,12.99452610015869
PTEN,D326G,326,1,9.675862503051757
ATM,A20G,20,1,0.21773276329040522
ATM,L2780P,2780,1,7.560343170166016
WT1,P254T,254,0,1.024990200996399
BRCA2,K2446E,2446,0,-0.12769460678100583
TSC2,L104P,104,1,3.8988645553588865
TSC2,S322L,322,0,-1.5315071105957032
TSC2,P632L,632,0,-0.9208039760589599
TSC2,N633S,633,0,-1.3038801670074462
TSC2,Y875D,875,1,-0.6547610759735107
TSC2,S1130C,1130,0,4.026994848251343
TSC2,V1312L,1312,0,-0.15700182914733882
NF1,L90P,90,1,5.014080047607422
NF1,A323D,323,1,2.9218634605407714
NF1,K476E,476,1,0.198145580291748
NF1,K505E,505,1,-0.13824877738952634
NF1,F894S,894,1,-0.022183704376220702
NF1,L898R,898,1,4.492004537582398
NF1,R1000P,1000,1,-0.5390938758850098
NF1,N1156T,1156,1,-0.2812354564666748
NF1,L1221R,1221,1,0.5531929492950439
NF1,S1282R,1282,1,0.39940242767333983
NF1,R1325K,1325,1,-0.7075366735458374
NF1,E1768D,1768,0,-0.1859368324279785
NF1,I1845T,1845,1,0.3450156211853027
NF1,S2018N,2018,1,0.9906213283538818
NF1,V2391D,2391,1,3.7397672176361083
BRCA1,G1738V,1738,1,1.9787758827209472
TP53,I254N,254,1,10.251313400268554
TP53,I232N,232,1,9.718789291381835
TP53,R158G,158,1,9.340401935577393
STK11,C132R,132,1,12.636404609680175
BRCA1,Y1853S,1853,1,2.9391271352767943
BRCA1,Y1853H,1853,1,2.209545636177063
BRCA1,E1849K,1849,0,1.7238331317901612
BRCA1,Q1848R,1848,0,1.236751127243042
BRCA1,C1847S,1847,0,1.344992446899414
BRCA1,Q1846H,1846,0,1.433196449279785
BRCA1,Q1846R,1846,0,-0.34943833351135256
BRCA1,V1842L,1842,0,1.4376155376434325
BRCA1,S1841I,1841,1,7.351152801513672
BRCA1,P1831L,1831,0,2.481408452987671
BRCA1,P1831S,1831,0,2.0712005376815794
BRCA1,A1830S,1830,1,1.742616558074951
BRCA1,M1827L,1827,0,-1.4308880805969237
BRCA1,Q1826H,1826,0,1.5039217472076416
BRCA1,Q1826E,1826,0,-0.13898885250091553
BRCA1,G1825R,1825,0,-0.9771539211273194
BRCA1,I1824N,1824,0,3.8694189548492433
BRCA1,A1823S,1823,1,0.018863391876220704
BRCA1,A1823P,1823,1,1.7890494823455811
BRCA1,D1818N,1818,0,0.4128107070922852
BRCA1,T1816A,1816,0,0.09057517051696778
BRCA1,A1814T,1814,0,-0.22214603424072266
BRCA1,D1813E,1813,0,-0.10187790393829343
BRCA1,Q1811P,1811,1,0.6063919067382812
BRCA1,L1800I,1800,0,0.9942545890808105
BRCA1,F1798I,1798,0,-0.1374797821044922
BRCA1,L1795R,1795,0,1.0951382875442506
BRCA1,A1789V,1789,1,5.518054103851318
BRCA1,A1789D,1789,1,7.785790348052979
BRCA1,G1788S,1788,1,4.47632327079773
BRCA1,V1784E,1784,1,8.899528312683106
BRCA1,M1783L,1783,0,-1.9168641090393066
BRCA1,Q1779H,1779,0,0.8591461658477784
BRCA1,M1775V,1775,1,-1.3084115505218505
BRCA1,I1766T,1766,1,5.8255934715271
BRCA1,D1757E,1757,0,-0.7016372680664062
BRCA1,R1753I,1753,1,2.0514553070068358
BRCA1,A1752E,1752,1,1.8783803939819337
BRCA1,G1743E,1743,1,1.5801082372665405
BRCA1,R1737G,1737,0,0.9758100748062134
BRCA1,V1736F,1736,1,2.4206138134002684
BRCA1,H1732D,1732,0,-1.9962291240692138
BRCA1,N1730K,1730,0,2.0285298824310303
BRCA1,Q1721H,1721,0,1.8409847974777223
BRCA1,V1713G,1713,1,8.346306610107423
BRCA1,V1713L,1713,1,2.666486954689026
BRCA1,W1712G,1712,1,7.868317794799805
BRCA1,K1711N,1711,0,3.7312692642211913
BRCA1,K1711E,1711,1,5.933111190795898
BRCA1,G1706V,1706,1,7.583985710144043
BRCA1,K1702Q,1702,1,4.20798077583313
BRCA1,C1697F,1697,1,5.533264398574829
BRCA1,F1695V,1695,1,-1.2603488206863402
BRCA1,M1689K,1689,1,6.517553424835205
BRCA1,V1688F,1688,1,4.484580135345459
BRCA1,V1687I,1687,0,1.228565013408661
BRCA1,H1686D,1686,1,8.191662883758545
BRCA1,T1681A,1681,0,3.258126640319824
BRCA1,T1677S,1677,0,-0.2863861322402954
BRCA1,T1677N,1677,0,0.8918016910552978
BRCA1,I1674V,1674,0,0.1281883955001831
BRCA1,H1673Y,1673,0,2.519953489303589
BRCA1,H1673D,1673,0,0.16357073783874512
BRCA1,F1668V,1668,0,0.31277878284454347
BRCA1,K1667T,1667,0,1.6216554403305055
BRCA1,Y1666N,1666,0,-1.477468490600586
BRCA1,M1663R,1663,1,-1.554948091506958
BRCA1,V1653A,1653,0,2.299612045288086
BRCA1,V1653E,1653,1,6.143344211578369
BRCA1,K1648R,1648,0,0.17479405403137205
BRCA1,K1648T,1648,0,0.6773533821105957
BRCA1,N1647K,1647,0,-1.059404230117798
BRCA1,N1647D,1647,0,0.12451424598693846
BRCA1,V1646D,1646,0,0.11914601325988769
BRCA1,V1646F,1646,0,0.9109606742858887
BRCA1,V1646I,1646,0,0.2870396614074707
BRCA1,T1643S,1643,0,-0.6266913652420044
BRCA1,S1642L,1642,0,0.8665706157684326
BRCA1,A1641S,1641,0,-0.7623014211654663
BRCA1,L1639F,1639,0,1.2005110263824463
BRCA1,E1638V,1638,0,-0.057317256927490234
BRCA1,K1636N,1636,0,0.2924961090087891
BRCA1,S1633G,1633,0,1.1458099365234375
BRCA1,S1631R,1631,0,1.096921944618225
BRCA1,T97S,97,0,-0.7503173351287842
BRCA1,D96V,96,1,1.2352103233337401
BRCA1,D96A,96,1,0.5016810894012451
BRCA1,L95P,95,1,0.45867085456848145
BRCA1,L95I,95,0,0.5823196411132813
BRCA1,T77A,77,0,0.72792649269104
BRCA1,E75K,75,0,-1.6092581033706665
BRCA1,R71W,71,1,3.5286773920059202
BRCA1,N66S,66,0,-0.752906322479248
BRCA1,Q60H,60,0,0.723479175567627
BRCA1,S59A,59,0,0.45616099834442136
BRCA1,M48I,48,0,-3.3988113403320312
BRCA1,H41D,41,1,8.474611186981202
BRCA1,D40G,40,0,-1.493282687664032
BRCA1,T37A,37,1,3.4152578353881835
BRCA1,V35A,35,1,3.690122604370117
BRCA1,P34R,34,1,8.146933555603027
BRCA1,E33D,33,0,1.4122287154197692
BRCA1,E33K,33,0,2.4941461801528932
BRCA1,C27W,27,1,10.227696895599365
BRCA1,C27G,27,1,9.709020042419434
BRCA1,C27R,27,1,8.874758338928222
BRCA1,I26M,26,0,5.156599998474121
BRCA1,I21L,21,0,-1.137450885772705
BRCA1,M18L,18,0,-2.245764446258545
BRCA1,N16D,16,0,0.06034531593322749
BRCA1,V14I,14,0,0.04222874641418457
BRCA1,N13K,13,0,-0.47306416034698484
BRCA1,Q12L,12,0,0.49551663398742674
BRCA1,V11I,11,0,-0.07671546936035156
BRCA1,L3F,3,0,0.669600248336792
BRCA1,D2N,2,0,1.3340293169021606
RET,A877P,877,1,8.600929832458496
ATM,Y2627H,2627,1,0.5193682670593261
NF1,L1339R,1339,1,2.9949182987213137
WT1,V167D,167,1,2.7163070678710937
BRCA2,M2634I,2634,0,-0.5956107139587402
TP53,V157G,157,1,9.192941856384277
PTEN,V53A,53,1,8.860952949523925
BRCA2,T3411A,3411,0,0.5724182605743409
BRCA1,S945T,945,0,0.7927452087402344
WT1,S341G,341,1,0.8447260141372681
NF1,C93W,93,1,1.0465980529785157
VHL,D121V,121,1,-0.1641852378845215
TSC1,C1104Y,1104,0,0.05727291107177731
PTEN,N12I,12,1,9.75396728515625
PTEN,T26N,26,1,9.556461715698243
PTEN,S170N,170,1,12.261280822753907
TSC2,N133T,133,0,-0.8649492740631104
TSC2,Q354H,354,0,0.8213763236999512
TSC2,D781N,781,0,0.4482691764831543
TSC2,A870P,870,1,0.17091994285583492
TSC2,T1059I,1059,0,1.1741233825683595
NF1,P2282L,2282,1,-0.6736443996429443
PTEN,N31D,31,1,9.152805423736572
PTEN,C71Y,71,1,13.598362922668457
TSC2,P1412R,1412,0,0.2680819034576416
NF1,M991R,991,1,0.7587135314941407
NF1,C1016Y,1016,1,0.4155603885650635
TP53,S127P,127,1,8.655717182159425
RET,C630G,630,1,0.3072409152984619
PTEN,K128E,128,1,12.44852066040039
RB1,S127I,127,1,2.301019859313965
TSC2,V1047M,1047,0,1.4491426944732666
TSC2,S1274P,1274,0,1.8825440883636475
TSC2,Y1333D,1333,0,-1.2153510570526123
NF1,S82Y,82,1,0.5677067756652832
NF1,L380H,380,1,5.745466899871826
NF1,T1175A,1175,1,0.16511511802673337
NF1,L1411P,1411,1,3.0779001712799072
NF1,L1978P,1978,1,5.368731880187989
TP53,L265Q,265,1,7.513940048217774
TP53,S241T,241,1,6.944925785064697
TP53,R209K,209,0,0.7849154949188233
VHL,L188R,188,1,1.4141536235809327
BRCA2,V2407E,2407,1,0.29344449043273924
TSC2,L423I,423,0,0.9674103260040283
NF1,Q20H,20,1,0.3200825691223145
NF1,C1930R,1930,1,1.9979154109954833
TSC1,L93Q,93,1,8.094849872589112
PTEN,Y177H,177,1,10.214863967895507
MYCN,A165D,165,0,2.650627613067627
MYCN,R391S,391,1,14.80019760131836
PTEN,F90S,90,1,13.232710456848144
NF1,S1150P,1150,1,1.7792766571044922
PTEN,M35L,35,1,10.241815185546875
BRAF,R426T,426,1,14.668062019348145
WT1,G93A,93,1,0.5748471021652222
MYCN,R393C,393,1,12.847825050354004
PTEN,K13E,13,1,11.454702758789063
TP53,Q192H,192,0,3.770607900619507
TSC2,C696F,696,1,0.33472623825073244
BRCA2,G2596R,2596,1,-0.1168750762939453
BRCA2,A2603P,2603,1,1.5366262912750244
BRCA2,K2630Q,2630,1,0.38413267135620116
BRCA2,G3076R,3076,1,6.317741870880127
NF1,A246E,246,1,1.4264582633972167
NF1,M895I,895,0,-0.45653591156005857
NF1,A1071P,1071,1,0.9223791122436523
NF1,S1599Y,1599,1,4.1135204315185545
NF1,G1890R,1890,1,-0.9031694889068603
NF1,L2125R,2125,1,0.9980571269989014
TSC1,L161P,161,1,3.902794075012207
TSC2,T876S,876,0,-0.44564080238342285
NF1,M1180R,1180,1,0.757481575012207
NF1,D1644G,1644,1,4.878411769866943
BRCA2,S231D,231,1,0.4836206197738647
BRCA2,H1856C,1856,1,1.6316076278686524
VHL,R64S,64,1,0.5375165939331055
VHL,A149V,149,1,-0.024351739883422874
APC,K311N,311,1,-0.38597664833068845
ATM,H1083R,1083,1,0.012158203124999972
ATM,L2767P,2767,1,8.09289093017578
TSC2,I810V,810,0,-0.7658782005310059
TSC2,N1731S,1731,0,-0.9716228485107422
TP53,R337S,337,1,1.6084704875946045
TP53,A159D,159,1,11.189892768859863
ATM,C977R,977,1,0.5672956943511963
PTEN,L320S,320,1,11.48402042388916
RB1,K530R,530,1,4.038107872009277
RB1,P868T,868,0,-1.077743124961853
TSC2,L426V,426,0,0.5319525003433228
TSC2,W1060S,1060,1,-3.0118446350097656
TSC2,D1644Y,1644,1,6.389015102386475
NF1,M242R,242,1,-0.3752474784851074
NF1,E775A,775,1,-0.05421013832092284
NF1,V1146L,1146,1,-0.5795296430587769
NF1,G1166C,1166,1,-0.08838310241699218
NF1,L1196F,1196,1,0.9573267936706543
NF1,D1644A,1644,1,4.751349925994873
NF1,A2737D,2737,1,-0.009968328475952115
NF1,W1048R,1048,1,-0.47947893142700193
NF1,L1079P,1079,1,2.8601460456848145
NF1,Q1101L,1101,1,0.15819149017333983
NF1,R1612S,1612,1,-0.47552952766418455
NF1,T1800P,1800,1,0.3724047660827636
NF1,D2008H,2008,1,1.3373919486999513
BRCA2,S303F,303,0,1.588471031188965
BRCA2,D988N,988,0,-0.13437504768371583
BRCA2,P1039L,1039,0,0.2186037540435791
BRCA2,S1075N,1075,0,0.34544613361358645
BRCA2,D1199G,1199,0,0.7959567070007324
BRCA2,D1267N,1267,0,-0.017013645172119167
BRCA2,N1778K,1778,0,0.27552242279052735
BRCA2,T2097K,2097,0,-0.15354647636413568
BRCA1,R1188M,1188,0,1.2660544395446778
BRCA1,T617N,617,0,0.2627702236175537
BRCA1,D414Y,414,0,2.3953185081481934
BRCA1,K301Q,301,0,0.9410301208496094
TP63,R350S,350,1,12.670804405212403
TSC1,T1159S,1159,0,-0.46793856620788576
TSC1,P323T,323,0,0.6650060176849365
ATM,D2721N,2721,1,5.825968647003174
TSC2,L620V,620,0,0.8511023044586181
TSC2,S1341N,1341,0,2.6419963359832765
NF1,Y1639N,1639,1,2.5743319511413576
RB1,Q444P,444,1,3.808585596084595
VHL,L198Q,198,1,3.212967872619629
PTEN,L25F,25,1,8.049236583709718
PTEN,A126P,126,1,13.458622550964355
PTEN,V175M,175,1,9.992688941955567
PTEN,V249G,249,1,11.378896903991699
PTEN,K342N,342,1,8.702521705627442
RB1,L400P,400,1,6.370292663574219
TSC2,V184D,184,1,3.243399477005005
NF1,L58R,58,1,2.8996671199798585
NF1,I603K,603,1,0.8974760055541993
NF1,T1191R,1191,1,0.02664160728454588
NF1,F1193Y,1193,1,0.4849550247192383
NF1,L1208W,1208,1,2.846159553527832
NF1,N1415Y,1415,1,-0.5075150489807129
NF1,L2315R,2315,1,2.9383848190307615
NF1,G2334D,2334,1,0.9521688461303711
BRCA1,W1837S,1837,1,6.531621837615967
TP53,R158S,158,1,8.041250228881836
VHL,S80N,80,1,0.019594240188598618
TP63,G336D,336,1,12.324410820007325
TP63,G557V,557,1,10.121081066131591
RET,R77C,77,1,1.2052707195281982
NF1,S47P,47,1,1.0086994171142578
NF1,V1182L,1182,1,-0.6124109745025634
NF1,R1870L,1870,1,1.4114403963088988
NF1,L2338P,2338,1,3.4650476455688475
NF1,L2416P,2416,1,4.435814142227173
TP63,G629S,629,0,0.8424689054489136
STK11,M392I,392,0,-0.35914011001586915
EGFR,I926N,926,0,5.316613006591797
RB1,T630A,630,0,0.05025062561035152
ERBB2,A270S,270,0,-0.28111236095428466
ERBB2,R929Q,929,0,5.876526165008545
BRAF,F468L,468,1,13.512550735473633
MYCN,A184S,184,0,0.8969244003295899
BRCA2,K2950N,2950,0,1.2604231119155884
ERBB2,P1135S,1135,0,0.7647523641586303
BRCA1,M658I,658,0,-1.3432496070861817
TP53,L289P,289,0,5.417830228805542
BRCA2,N1098Y,1098,0,0.9895667552947998
PTEN,F154C,154,1,7.86569299697876
BRCA2,T1738I,1738,0,-0.2869771957397461
BRCA1,D1156A,1156,0,0.02355928421020506
PTEN,R173G,173,1,12.803707504272461
TP63,M1I,1,1,4.8840690612792965
ERBB2,A710V,710,1,5.087876796722412
NF1,R1575T,1575,1,0.07224082946777345
BRAF,K483I,483,1,15.262451553344727
PTEN,Q171K,171,1,14.536614036560058
HRAS,F156L,156,1,9.660367202758788
NF1,P1084R,1084,1,0.44309444427490235
ATM,K2266N,2266,1,0.8249184131622315
VHL,L128P,128,1,0.69168062210083
PTEN,L100F,100,1,7.882227039337158
NF1,L1511P,1511,1,2.925901198387146
BRCA1,I548S,548,0,-0.5498677253723144
BRAF,Q709E,709,1,12.910961532592774
CDKN2A,L94P,94,1,10.317599105834962
NF1,T780P,780,1,1.1734473705291748
APC,K1915N,1915,0,0.9699197053909302
BRCA2,P3067S,3067,0,-0.33779268264770507
TSC2,V1671E,1671,1,4.146900033950805
BRCA1,S1486N,1486,0,1.1005959510803223
BRCA1,L1306F,1306,0,1.0458831310272216
BRCA2,N1377I,1377,0,0.5358075618743896
TP63,R376H,376,0,10.046805381774902
VHL,R82G,82,1,-0.37782616615295406
BRCA2,P740L,740,0,-0.3057806015014648
TP63,Q294R,294,1,10.50538902282715
BRAF,N580D,580,1,13.240013313293456
BRAF,N236K,236,1,13.14930477142334
BRAF,F468C,468,1,12.70498218536377
BRAF,E275K,275,1,10.039013767242432
BRCA1,P1445A,1445,0,0.16395359039306637
BRAF,L485W,485,1,14.851255989074707
VHL,L201P,201,1,3.6116925716400146
NF1,K1036E,1036,1,-0.7251992702484131
BRCA2,K2577N,2577,0,0.5936237335205078
NF1,L2394P,2394,1,5.813415241241455
PTEN,K125E,125,1,12.770477104187012
TP63,I597F,597,1,7.621367454528809
TP63,R338C,338,1,10.867219161987304
TSC2,V1683G,1683,1,2.2922159671783446
TP53,I251F,251,1,8.695009326934814
NF1,C1016W,1016,1,0.9241146087646485
NF1,C582F,582,1,-0.1277339935302734
TSC2,R261L,261,0,-0.3366870880126953
TP63,S310N,310,1,8.505791282653808
NF1,L1854P,1854,1,2.2791916131973267
TSC2,S6T,6,0,0.6440944671630859
TSC2,G1303R,1303,0,0.5426848888397217
NF1,L898Q,898,1,3.714312791824341
TSC2,P1265L,1265,0,0.6813226699829101
VHL,S65T,65,1,-0.08911223411560057
NF1,H553P,553,1,-0.06671242713928222
TP63,G173S,173,1,7.441617870330811
TSC2,Y1678H,1678,0,-0.7630856513977051
VHL,N131Y,131,1,-0.0864591598510742
ATM,S2855I,2855,1,8.846694374084473
TSC1,W164R,164,0,0.21904311180114747
NF1,A1540P,1540,1,1.0590229034423828
BRCA2,T3085I,3085,1,1.4508541107177735
NF1,D2008Y,2008,1,1.7452058792114258
TSC2,H1746P,1746,1,0.423602294921875
TSC2,P1497L,1497,1,0.15386247634887693
PTEN,P96Q,96,1,13.39346809387207
TSC1,S671G,671,0,0.356597900390625
TSC1,A84D,84,0,0.5168632030487061
NF1,N1861K,1861,1,0.4737215518951416
APC,N1026S,1026,1,1.6772123098373413
TP63,F565L,565,1,4.720899295806885
NF1,T1923S,1923,1,-0.42560539245605467
ATM,P2829S,2829,1,1.0852688312530518
TSC2,M1K,1,1,6.134414482116699
PTEN,L112V,112,1,8.953911590576173
NF1,L1183R,1183,1,4.764118480682373
NF1,W837G,837,1,-1.194277858734131
NF1,L1015R,1015,1,3.8469379901885987
NF1,V1093E,1093,1,-0.9839881896972656
NF1,A1148E,1148,1,1.6847433567047119
NF1,L1187R,1187,1,2.325655937194824
TSC2,R381G,381,0,1.4612481594085693
TSC2,A2S,2,0,-0.05758044719696044
STK11,H306Y,306,1,8.448169994354249
TSC2,Y1549H,1549,1,1.8508602619171142
NF1,G1890A,1890,1,-0.5982040405273438
BRCA2,Y2726N,2726,1,-0.16276564598083493
TSC2,Y1736S,1736,0,-1.7045388698577881
NF1,G1219R,1219,1,0.27205424308776854
NF1,L43Q,43,1,0.917635154724121
TSC2,Q510H,510,0,1.4363023519515992
ATM,W412S,412,1,-2.0449190616607664
ATM,M2806I,2806,1,0.020396089553833034
NF1,T1191S,1191,1,-0.4686253547668457
NF1,L2133R,2133,1,4.216837549209595
PTEN,D24V,24,1,12.997426223754882
NF1,N1278I,1278,1,-0.3816102027893066
TSC2,C900Y,900,1,0.027605867385864236
NF1,G1168D,1168,1,-0.0529116153717041
PTEN,M1I,1,1,6.545933246612549
TSC2,R1044T,1044,1,-0.21952776908874508
TP53,F113I,113,1,5.796957874298096
BRCA2,Q2829P,2829,1,-0.2345430374145508
NF1,L1243R,1243,1,2.579992914199829
NF1,C904S,904,1,-1.9226453065872193
NF1,L2103P,2103,1,4.166528940200806
RB1,I415L,415,0,1.4488864898681642
NF1,R1038T,1038,1,0.058510446548461936
PTEN,N48S,48,1,9.472697448730468
TSC2,P651S,651,0,-0.3395270824432373
NF1,I177R,177,1,0.030431270599365217
TP63,R266L,266,1,12.832401084899903
NF1,L2153P,2153,1,1.7031387329101562
NF1,L1855R,1855,1,1.5242886066436767
NF1,A1966I,1966,0,0.3139513969421387
ATM,T2666I,2666,1,7.581710815431631e-05
TSC2,M1236L,1236,0,-1.6002349853515625
TSC2,A1261V,1261,0,0.564171838760376
TSC2,V1646L,1646,1,2.6514272451400758
TSC2,Y884C,884,0,0.6878138065338135
TP63,P590L,590,1,7.426802444458008
TSC2,L1456H,1456,0,0.8657768726348877
BRCA2,Q1507H,1507,0,0.44574289321899413
TP63,A150T,150,0,3.711556887626648
ALK,A1598V,1598,0,0.33666014671325684
HRAS,Q95R,95,0,4.847566270828247
BRCA2,E2947K,2947,0,0.2725534439086914
TP63,R7L,7,0,-0.7807963371276856
ATM,M1321I,1321,0,-1.3614670515060425
TP63,R97P,97,1,-0.7344927310943603
TP63,R647C,647,1,9.656216812133788
RB1,L220V,220,1,2.4127745151519777
WT1,H474Y,474,1,15.445732688903808
MYCN,R383H,383,1,11.161942672729491
ATM,H1568L,1568,0,-1.027695608139038
ATM,W488R,488,0,-0.5352249145507812
MYCN,P26L,26,1,7.3420570373535154
BRCA1,L218V,218,0,0.22972497940063472
BRCA2,T1915K,1915,0,-0.5760079860687256
BRAF,W531R,531,1,15.992501068115235
PTEN,M1T,1,1,7.372261428833008
WT1,E52D,52,0,1.0038272857666015
NF1,L695R,695,1,1.544878649711609
BRCA2,V1078G,1078,0,0.5294914722442627
BRCA1,Y179F,179,0,-0.5567500114440918
BRCA2,D438V,438,0,-0.17751913070678707
VHL,D197N,197,1,0.8312386989593505
PTEN,K66N,66,1,10.652366447448731
NF1,D1849N,1849,1,0.5702569007873535
TSC2,P1675R,1675,1,-0.21734776496887206
APC,G97R,97,1,0.29197525978088373
RB1,F760S,760,1,11.40645980834961
NF1,M1214K,1214,1,-1.255955457687378
TSC2,E281D,281,1,1.085286283493042
TSC2,A1722D,1722,1,1.0309337615966796
PTEN,Y46H,46,1,9.615029621124268
NF1,M992R,992,1,0.36334929466247556
NF1,V951F,951,1,0.8492815017700195
NF1,R1038G,1038,1,0.5870401859283447
NF1,Y1639D,1639,1,3.206165599822998
NF1,Q1370P,1370,1,1.3925021171569825
NF1,D2008A,2008,1,0.7031877994537353
NF1,W2229G,2229,1,0.5853487014770508
NF1,L2338R,2338,1,2.93386173248291
ALK,V1180L,1180,1,7.318717956542969
NF1,L410P,410,1,2.93906626701355
PTEN,H141L,141,1,9.398313522338867
WT1,D441V,441,1,14.218635940551758
NF1,K1099E,1099,1,0.03514966964721679
BRCA1,R1243T,1243,0,-0.827151870727539
BRCA2,S3250L,3250,0,0.5210733413696289
NF1,A1155D,1155,1,0.45522232055664064
BRCA1,P1020S,1020,0,-1.0013714551925659
TSC1,F188V,188,1,2.4885764598846434
BRCA2,E1353D,1353,0,0.4600539684295654
TSC2,S1045F,1045,1,1.1247654914855958
TP63,C312G,312,1,14.095582580566406
STK11,H174P,174,1,16.27828769683838
KIT,P832S,832,1,12.344968223571778
BRCA1,A108S,108,0,-1.0991811752319336
BRCA1,G1184R,1184,0,-0.10510907173156733
PTEN,C124W,124,1,13.9982177734375
ATM,S1306G,1306,0,0.5860451698303223
VHL,F136V,136,1,-0.5921363830566406
PTEN,C136F,136,1,11.113487148284912
BRCA2,N1363H,1363,0,1.928254747390747
TP53,E388D,388,0,0.569762921333313
MET,S1390L,1390,0,0.06436800956726077
VHL,Y112S,112,1,-0.5156805038452148
NF1,G1166R,1166,1,-0.17709751129150383
TP53,A129D,129,0,3.9345964908599855
TP53,E388Q,388,0,1.1726441860198975
TP53,L111V,111,0,2.880919933319092
STK11,S334G,334,0,5.300852298736572
KIT,V13L,13,0,-1.1140867471694946
TSC2,S1449C,1449,0,2.8392186164855957
TSC2,V391E,391,1,2.918620252609253
NF1,F1536S,1536,1,-0.8265699863433837
PTEN,C105G,105,1,10.959770584106446
TSC2,E114D,114,0,0.2541839361190796
BRCA1,Y1202H,1202,0,-0.4878347396850586
TSC2,S1259G,1259,0,0.5726206779479981
APC,K1310N,1310,0,-0.01770772933959958
BRCA1,L138R,138,0,-0.07749171257019043
NF1,K1444T,1444,1,0.1340571641921997
TSC2,E1426D,1426,0,-0.20952610969543456
MET,N149K,149,0,1.2281196355819701
VHL,E173Q,173,0,1.1241054296493531
NF1,K1749R,1749,0,0.570927906036377
ATM,I1823V,1823,0,-0.03082573413848876
BRCA2,K1828E,1828,0,-0.26443729400634763
NF1,P2115T,2115,1,0.10314888954162596
ATM,L1623R,1623,0,0.6291968822479248
TSC2,D162E,162,0,-0.021744680404663087
PTEN,S170T,170,1,11.12857551574707
TP53,E171G,171,1,7.80043363571167
APC,V1789I,1789,0,0.24166860580444335
ATM,Q1982H,1982,0,0.619818925857544
APC,E1985V,1985,0,0.7882824897766113
BRCA2,L2069S,2069,0,-3.7086763858795164
ALK,I407V,407,0,-0.654996395111084
BRCA2,E218A,218,0,0.8673089981079102
TP53,V218E,218,1,11.443145561218262
ALK,N1532K,1532,0,-0.1378431320190429
BRCA2,N1603K,1603,0,0.13006570339202878
NF1,H1626P,1626,1,3.1144160270690917
VHL,R161P,161,1,1.1445615768432618
TP53,H168L,168,1,6.772939872741699
TSC2,L1682P,1682,1,1.3995204448699952
ATM,S1770L,1770,1,-0.6893294334411622
TP53,S185R,185,0,1.801126766204834
ATM,T1854A,1854,0,0.3356889247894287
RB1,N186S,186,0,-0.5738777399063111
ATM,L1874F,1874,0,1.1802482843399047
PTEN,F195S,195,1,11.756153106689453
STK11,G196R,196,1,10.812376785278321
ATM,A216T,216,0,0.1367916584014892
TP53,D393Y,393,0,2.425278329849243
BRCA2,P40A,40,0,-0.056345462799072266
APC,V1750A,1750,0,-0.28928194046020506
ATM,A193S,193,0,-0.30022044181823726
BRCA2,E1928Q,1928,0,0.912308645248413
BRCA2,M1936I,1936,0,-1.922835111618042
ATM,S2123N,2123,0,0.7391558170318604
ATM,H2195D,2195,0,-0.5968724250793457
BRCA2,G2529R,2529,0,-0.1655741691589355
TP53,I254T,254,1,6.006233501434326
MET,R266S,266,0,0.4379465103149414
TP53,R267G,267,1,9.859197998046875
BRCA2,R2787L,2787,0,-0.4407646656036377
BRCA2,F2795V,2795,0,-0.39043712615966797
BRCA2,D2797H,2797,0,0.45536117553710936
BRCA2,Q2945E,2945,0,-0.6373517513275146
BRCA2,A2951P,2951,0,2.361462116241455
BRCA2,V3082L,3082,0,0.2696774959564209
BRCA2,E3096Q,3096,0,0.9522590637207031
TP53,N310S,310,0,-1.9309934616088866
BRCA2,P2276A,2276,0,0.7274241924285889
BRCA2,N2288S,2288,0,-0.7140194416046143
BRCA2,E3403Q,3403,0,0.6620926856994629
BRCA2,P2505S,2505,0,-0.7384021759033204
TP53,M340I,340,0,0.3695574522018433
BRCA2,A2632G,2632,0,-0.009937715530395502
BRCA2,A2633V,2633,0,0.41905932426452636
BRCA2,L2740I,2740,0,0.6411082744598389
BRCA2,I2752V,2752,0,0.028067016601562456
BRCA2,T2881P,2881,0,-0.09694399833679195
BRCA2,P2886Q,2886,0,0.5432313442230224
BRCA2,L2890P,2890,0,1.398678755760193
BRCA2,N2910D,2910,0,0.061085414886474565
BRCA2,E3043D,3043,0,-0.08609142303466791
ALK,D305V,305,0,-0.48983211517333985
BRCA2,L3055I,3055,0,0.2288372755050659
BRCA2,H3056P,3056,0,-1.2351174354553223
ALK,S225N,225,0,1.5876171112060546
ATM,K2363N,2363,1,1.5457606315612793
RET,K24E,24,0,-1.6563525199890137
ATM,S2376N,2376,0,0.7699530601501465
BRCA2,D2479E,2479,0,0.10813517570495605
BRCA2,A2487T,2487,0,0.014362049102783192
BRCA2,R2488T,2488,0,-0.09918065071105955
BRCA2,L2581V,2581,0,0.903819489479065
BRCA2,I2588L,2588,0,-0.6650421619415283
BRCA2,T2708S,2708,0,-0.6198962450027465
NF1,L2743M,2743,0,1.714624834060669
BRCA2,E2871D,2871,0,0.965952730178833
TP53,P300L,300,0,0.7797882318496704
BRCA2,L3027I,3027,0,0.32434146404266356
RET,S316T,316,0,-0.4084573745727539
TP53,L32V,32,0,1.4422724008560182
BRCA2,K2448N,2448,0,0.050819492340087855
BRCA2,D2451G,2451,0,-0.02732849121093748
BRCA2,F2457L,2457,0,-1.1111433506011963
ATM,K2670N,2670,1,0.6772000312805175
MET,D270N,270,0,0.14798932075500484
BRCA2,S2697I,2697,0,1.7134320735931396
APC,N270S,270,0,-1.0989399433135987
BRCA2,S2701F,2701,0,1.6261480093002318
ATM,E2807D,2807,0,0.8889117002487182
BRCA2,R2824K,2824,0,-0.2618361949920654
BRCA2,E2832K,2832,0,-0.1313100814819336
BRCA2,M2952T,2952,0,-0.1669664859771728
BRCA2,Y2977C,2977,0,-0.12390675544738769
BRCA2,L2987V,2987,0,0.07496769428253175
TP53,T312N,312,0,0.5910197257995605
BRCA2,S3123R,3123,0,-1.611921453475952
BRCA2,E3130V,3130,0,0.3599350929260254
BRCA2,W3106R,3106,0,-0.20666828155517578
TP53,I332N,332,1,10.328320503234863
BRCA2,F3325L,3325,0,-1.363591718673706
ATM,Q476E,476,0,-0.05911984443664551
BRCA2,S5C,5,0,1.9745656967163085
MET,T555K,555,0,-0.07608609199523923
RET,F555C,555,1,-1.1485373973846436
ALK,V581G,581,0,3.1185529708862303
TSC1,E446D,446,0,0.541315221786499
TP53,E349G,349,0,3.2875821352005006
MET,P351T,351,0,-0.33839921951293944
NF1,H553D,553,1,0.33338260650634766
TP53,P58A,58,0,0.47606587409973145
RET,Y606F,606,0,-0.23876280784606935
MET,I442V,442,0,-0.883914589881897
BRCA1,P490S,490,0,-0.48690338134765626
RET,Q490H,490,0,0.9087130546569824
ALK,L520W,520,0,2.7090526103973387
MET,H542D,542,0,0.007682228088378916
CDKN2A,A57T,57,0,1.2119387865066529
TP53,D57V,57,0,-0.45152482986450193
RET,V572A,572,0,0.4331676006317139
KIT,K342T,342,0,3.4445281982421876
RB1,R46K,46,1,-0.9950874328613282
RB1,D507N,507,0,0.20983817577362057
NF1,R512I,512,0,0.06854739189147949
TSC1,P513L,513,0,-0.16041150093078613
PTEN,F56S,56,1,12.034838485717774
RB1,T620A,620,0,0.08719100952148437
TP53,A355T,355,0,0.7290213108062744
TP53,M66V,66,0,-2.23525710105896
NF1,S657F,657,0,1.408995509147644
ATM,C693Y,693,0,-0.0065315246582031234
TP53,P8R,8,0,1.28644597530365
RET,N367S,367,0,-0.1280679225921631
VHL,V84E,84,1,-0.27600560188293455
TSC1,T635A,635,0,-0.15541305541992187
ALK,K651T,651,0,-0.5723145484924317
CDKN2A,N71K,71,1,6.81930456161499
BRCA2,Y748C,748,0,-0.22823410034179686
ALK,N369S,369,0,-0.9434340953826904
BRCA2,S646N,646,0,0.174821949005127
BRCA2,C711F,711,0,-0.41373515129089355
BRCA2,L90V,90,0,0.20449881553649898
BRCA2,L901P,901,0,1.2952590465545655
BRCA1,F901L,901,0,-1.0238161087036133
BRCA1,L358P,358,0,0.8174385547637939
MET,T733A,733,0,0.9562664031982422
ALK,H812Q,812,0,-0.7697409629821778
BRCA2,R841S,841,0,-1.6806955814361573
TP53,S94L,94,0,1.8653750896453858
PTEN,D92V,92,1,14.215493202209473
MET,A891S,891,0,-1.4882138252258301
TSC2,T913P,913,1,0.5951212882995606
BRCA1,P968A,968,0,0.154291820526123
APC,R945M,945,0,1.4305484771728516
APC,R945S,945,0,-0.9874453067779541
BRCA1,L954Q,954,0,0.5330566883087158
VHL,L101Q,101,1,2.321769380569458
VHL,L101R,101,1,1.7735312938690186
TP53,Q375K,375,0,-1.1364785194396974
RET,R969W,969,1,9.533766651153565
TSC2,Q1686K,1686,1,0.09755349159240723
PTEN,F81L,81,1,7.275470638275147
PTEN,K125R,125,1,9.851370143890382
HRAS,A59G,59,1,11.629788780212403
NF1,T59P,59,1,0.42564005851745607
NF1,A545E,545,1,2.751803684234619
CDKN2A,D84V,84,1,-0.05627992153167725
WT1,C458R,458,1,15.338748359680176
BRAF,M117V,117,0,6.2095905303955075
TSC1,P323A,323,0,0.7132610321044922
NF1,P1222L,1222,0,-0.14706807136535643
NF1,I177K,177,1,-0.6292522430419922
TSC2,D1656Y,1656,1,1.3212693214416504
NF1,D338N,338,1,-0.03169631958007812
NF1,D1849Y,1849,1,0.8500903606414795
NF1,K2273T,2273,1,-0.10293736457824706
TSC2,P677S,677,0,0.5088457107543946
VHL,D121N,121,1,0.4876851558685303
VHL,V155G,155,1,-0.2945676803588867
NF1,L529P,529,1,3.681765413284302
NF1,W784G,784,1,0.5148317813873291
ATM,R2642S,2642,1,-0.10154027938842769
TP63,T625A,625,0,2.004882884025574
TSC1,E637K,637,0,0.4101376533508301
TSC1,A481E,481,0,-0.5208513975143433
PTEN,D19V,19,1,10.8513578414917
ATM,K24N,24,1,1.139956545829773
ATM,E1592V,1592,1,1.0508517742156982
BRCA2,I2315L,2315,0,-0.45871987342834475
BRCA2,T317R,317,0,-0.4654172420501709
TP63,E48D,48,0,-0.1687303066253662
TP63,C244F,244,1,13.74005126953125
NF1,R1412I,1412,1,1.6328508853912354
HRAS,P173R,173,0,0.6989818811416626
NF1,Y1678D,1678,1,4.576519250869751
NF1,I1284R,1284,1,2.5937334537506103
NF1,L249P,249,1,4.566391372680664
NF1,L552H,552,1,2.2753575801849366
TSC2,N1651H,1651,1,0.3016222953796387
TP63,R319P,319,1,14.838992691040039
NF1,L1196P,1196,1,0.8560895442962646
VHL,M54R,54,1,-1.7873028755187987
TSC2,S1170P,1170,0,-0.3894474506378174
NF1,R1611L,1611,1,1.5640191078186034
TSC2,D1028V,1028,1,0.720801305770874
TSC2,A1432T,1432,0,0.4166978359222412
NF1,I1351V,1351,0,-0.42912564277648924
BRCA2,G2724R,2724,1,2.989304542541504
TSC2,R1200G,1200,1,0.09115548133850095
TSC2,S1563C,1563,0,1.5108623027801513
TSC2,P672R,672,0,1.3370081901550293
TSC2,T849P,849,1,2.2537287712097167
TP63,P590S,590,1,4.313674354553223
ATM,G2765A,2765,1,4.287342739105225
NF1,W2317R,2317,1,-3.4322582244873048
NF1,L1411R,1411,1,2.1024017333984375
TSC2,Q90H,90,0,0.4064004421234131
NF1,L1877M,1877,1,2.5978074073791504
BRCA2,W31S,31,1,-3.6076573848724367
NF1,D1217G,1217,1,0.029995346069335942
VHL,W117R,117,1,-1.0812747955322266
TSC2,E1390Q,1390,0,0.2825932502746582
NF1,F2386I,2386,1,-0.2527999877929687
NF1,L1877P,1877,1,5.7929261207580565
NF1,D1217V,1217,1,0.18508996963500976
TSC2,C900G,900,1,-0.5955139636993408
TSC2,R1570S,1570,1,-0.4225991010665894
NF1,Y1169N,1169,1,-0.6856206893920899
TSC2,D282N,282,0,0.08718910217285158
TP53,F113L,113,1,3.7242764949798586
NF1,A2440V,2440,1,0.284586477279663
ATM,G2023R,2023,0,-0.05947508811950678
TSC2,Y130H,130,0,0.5270895957946777
RET,C541Y,541,1,2.261734652519226
BRCA1,V1833G,1833,1,7.423554515838623
BRCA2,H2623P,2623,1,-0.8024439334869384
TP63,N309D,309,1,11.201194381713867
PTEN,I67R,67,1,13.126106643676758
WT1,C403G,403,1,15.362948989868164
RET,R873W,873,1,13.705266761779786
BRCA2,G2063K,2063,0,3.512773323059082
MYCN,P60L,60,1,7.324770069122314
TSC2,E66Q,66,0,1.0035811424255372
ALK,P236R,236,0,1.0494359493255616
WT1,G94D,94,0,2.272707629203796
APC,C1249S,1249,0,-3.1004718780517577
NF1,E2339K,2339,0,0.4426769733428955
EGFR,T625P,625,0,2.5936203956604005
ATM,N338S,338,0,-0.46448602676391604
BRCA1,H839Y,839,0,0.35605812072753906
EGFR,S1120R,1120,0,0.8430373668670654
ALK,S1483P,1483,0,-0.40837678909301756
TSC2,L1394P,1394,1,0.6785311698913574
APC,G2677R,2677,1,-0.506183385848999
ATM,K2421Q,2421,1,0.36720728874206543
WT1,P184H,184,1,1.1461431980133057
EGFR,I646F,646,1,2.9499931812286375
APC,N1142I,1142,1,3.2726019859313964
NF1,M349L,349,0,-1.6924858331680297
RET,P273H,273,1,0.7846036911010742
WT1,A154V,154,0,1.097952127456665
BRCA1,H318L,318,1,-1.1882217884063722
ALK,K134N,134,1,0.6265615463256836
TP53,E171D,171,1,3.148611307144165
MET,L887S,887,0,0.5233069896697998
CDKN2A,P114R,114,1,10.978229904174805
TP53,P4Q,4,0,0.5522518157958984
TP53,F341S,341,1,5.914282608032226
TP53,S313N,313,0,1.6970672369003297
TP53,E336Q,336,0,4.448793840408325
TP53,D324E,324,0,0.7759138703346252
TP53,D228Y,228,0,8.008501148223877
NF1,Q270P,270,1,0.8443358421325684
NF1,I1011K,1011,0,0.9615500450134278
ATM,E1031D,1031,1,-0.40436837673187254
ATM,A2324T,2324,0,-0.0379457473754883
TSC2,S809A,809,0,-0.24344892501831056
VHL,H115Y,115,1,0.2723851680755615
STK11,G408R,408,0,0.06154356002807619
TSC1,V220D,220,1,4.416296100616455
BRCA2,K944T,944,0,0.5963478565216065
BRCA2,E2903K,2903,0,-0.031552457809448244
BRCA2,V2211I,2211,0,-0.25795135498046873
BRCA2,K2524N,2524,0,0.2384564876556396
BRCA2,D2692G,2692,0,-0.10466227531433106
MET,V72L,72,0,0.038175010681152366
MET,G334R,334,0,3.564094305038452
MET,D1377V,1377,0,0.588925576210022
BRCA2,F2873S,2873,0,-0.8820501327514648
ATM,G2678E,2678,0,-0.08213672637939454
PTEN,D326N,326,1,7.49634017944336
PTEN,K66E,66,1,12.712690162658692
TP63,T300M,300,1,8.770002841949463
PTEN,N276S,276,1,7.916597175598144
PTEN,A121T,121,1,7.040408611297607
TP53,S240N,240,1,6.1185546875
TSC2,V709G,709,1,1.7907355546951294
WT1,R500W,500,1,15.458685493469238
TP53,Q165L,165,1,3.060821008682251
NF1,A2389S,2389,0,-0.49230260848999025
STK11,P179R,179,1,15.009526252746582
TSC2,G1408D,1408,1,0.5117172241210938
MYCN,L404R,404,1,14.768260955810547
NF1,L1104R,1104,1,0.3694047927856445
MYCN,G104D,104,0,1.3118470907211304
MYCN,T142A,142,0,-2.471257543563843
BRCA2,W2619G,2619,1,-1.413442897796631
VHL,L63R,63,1,-0.3208629131317139
ALK,I1022M,1022,0,1.0364370346069336
APC,G126V,126,0,0.7816022396087646
PTEN,L108F,108,1,9.287858772277833
PTEN,R15G,15,1,11.518476867675782
BRCA2,L2917F,2917,0,0.8907340288162231
BRCA2,I3075V,3075,0,0.07467589378356933
BRCA2,I3048M,3048,0,1.0162489414215088
BRCA2,R2799G,2799,0,0.32326359748840333
BRCA2,V2728F,2728,0,1.2423531055450439
BRCA2,F3090S,3090,0,-0.017091846466064476
BRCA2,T2703N,2703,0,-0.06712341308593747
BRCA2,E3367D,3367,0,0.3257430553436279
MET,D208H,208,0,0.6763956546783447
CDKN2A,I145R,145,0,-2.339065361022949
APC,G2293A,2293,0,-0.09250006675720213
TSC2,M280T,280,1,0.9843682765960693
VHL,R79P,79,1,-0.07282862663269044
ALK,M470I,470,0,-1.047200584411621
ATM,M838R,838,0,0.20571718215942383
KIT,K149T,149,0,0.06654605865478516
RET,T407A,407,0,-0.1745251178741455
RET,K477E,477,0,-1.1992763042449952
TSC2,L353F,353,1,1.0869827747344971
PTEN,H64P,64,1,12.792468070983887
TP53,S269I,269,1,7.376294898986816
TP53,P318S,318,0,0.1924682378768921
TP53,S269C,269,0,1.8779356002807617
NF1,E1458V,1458,1,1.2916566133499146
BRCA2,Y2624D,2624,1,-0.7703555583953857
TP53,E326V,326,1,5.435492897033692
TP53,D324N,324,0,4.171134519577026
TP63,Y202H,202,1,9.71821632385254
TP63,C347R,347,1,15.134337043762207
KIT,I808F,808,1,13.221720123291016
ERBB2,V697M,697,1,3.393369722366333
ERBB2,V839M,839,1,-2.3854750871658323
EGFR,G598R,598,1,3.966414737701416
EGFR,T854I,854,1,10.149032497406006
EGFR,P596S,596,1,4.546774673461914
EGFR,A763T,763,1,7.111061382293701
ERBB2,G309R,309,1,1.883115029335022
ERBB2,S653F,653,1,1.0698856353759765
WT1,G452D,452,1,11.805768966674805
EGFR,A237F,237,1,5.014053440093994
EGFR,L833F,833,1,4.011301708221436
EGFR,K852T,852,1,11.861405181884766
WT1,E423G,423,1,14.029875946044921
RB1,N133D,133,0,0.445143461227417
BRCA1,Y1113H,1113,0,-0.6600329399108886
TP53,F341L,341,0,-0.4265861392021179
TP53,T387P,387,0,0.329625940322876
STK11,P179Q,179,1,14.0946439743042
ALK,I1378S,1378,0,-2.3712591171264648
BRCA2,R2659S,2659,1,-0.33479323387146
BRCA2,K2979Q,2979,0,0.6389796257019043
BRCA2,Y2920H,2920,0,0.400938081741333
BRCA2,F625L,625,0,-0.8830764770507813
BRCA2,D3064H,3064,0,0.48028974533081054
BRCA2,K2715R,2715,0,0.036455535888671876
ATM,C669Y,669,0,-0.24211721420288082
CDKN2A,P48L,48,1,3.0042937278747557
PTEN,H118P,118,1,12.443657302856446
TP53,F109I,109,1,6.415684795379638
VHL,Y98N,98,1,0.14837069511413575
PTEN,C105R,105,1,11.39006061553955
TP63,H247D,247,1,13.804564285278321
TSC1,G305R,305,1,0.3781746864318848
NF1,K395N,395,1,0.48738512992858884
TP63,G315E,315,1,14.039153861999512
NF1,P1851H,1851,1,0.7499161720275879
MYCN,I363V,363,0,0.08856225013732914
PTEN,Y27F,27,1,9.092902946472169
TP53,D259A,259,1,6.405346298217774
NF1,E775G,775,1,0.6436610698699952
PTEN,M1R,1,1,7.183121585845948
PTEN,A126D,126,1,12.448611640930176
PTEN,A121E,121,1,11.808245658874512
PTEN,L112R,112,1,11.276728630065918
KIT,K193R,193,0,0.7513345003128051
WT1,F465S,465,1,18.960972213745116
WT1,F456C,456,1,13.274321174621582
WT1,D502H,502,1,15.618690490722656
TP53,A347G,347,0,4.0169508218765255
BRCA2,Q3409P,3409,0,0.32416720390319825
BRCA1,N343C,343,0,0.9855247020721436
BRCA1,D458E,458,0,-0.7160993337631225
BRCA1,D746V,746,0,-0.4228825092315674
BRCA1,P981A,981,0,0.7738551616668701
BRCA2,I1173M,1173,0,1.2912027359008789
BRCA2,T1609S,1609,0,-0.3872649669647217
BRCA2,S1848T,1848,0,2.9509881019592283
BRCA2,D1902A,1902,0,0.5393576622009277
BRCA2,D1911H,1911,0,0.6327271461486816
APC,N1012K,1012,1,-0.2741543292999268
TP63,E197Q,197,1,4.534123516082763
TP63,P428L,428,1,10.327986907958984
PTEN,A121P,121,1,10.142260932922364
BRCA1,D1441N,1441,1,0.040344285964965775
WT1,W151G,151,1,0.44634132385253905
BRCA1,T367S,367,0,-0.6382468938827515
BRCA2,S1205Y,1205,0,1.9934638023376465
BRCA2,K2017N,2017,0,0.05738401412963865
BRCA2,F2055Y,2055,0,0.7657033443450928
BRCA2,A2061V,2061,0,1.600005602836609
TSC1,E493D,493,0,0.4533541202545166
NF1,N1156H,1156,1,0.293946647644043
NF1,M577R,577,1,1.1188555240631104
TSC2,A86E,86,0,-0.1851558208465576
TSC2,L424P,424,0,2.401662826538086
TSC2,S1764R,1764,0,0.7863601684570313
TSC2,I346N,346,1,3.1760890007019045
TP63,S311N,311,1,10.583107948303223
TSC2,V909D,909,1,1.1527699470520019
NF1,S574T,574,1,0.17566604614257808
RB1,G449E,449,1,9.890849113464355
RB1,C706Y,706,1,9.534038162231445
NF1,E1458D,1458,1,0.624779748916626
TSC2,S601R,601,1,0.7354122161865234
NF1,N1154T,1154,1,-0.2373001098632812
NF1,S2018I,2018,1,-0.3208513736724853
NF1,L2337P,2337,1,4.061795425415039
STK11,W308C,308,1,10.633147048950196
TSC2,M1029R,1029,1,-0.730845832824707
TP53,L344R,344,1,9.656459617614747
KIT,I883T,883,1,10.291627502441406
TSC1,V854I,854,0,0.8170067310333252
NF1,L43R,43,1,1.262330675125122
TSC2,A1778E,1778,0,0.7274044036865235
TSC2,V767F,767,0,0.6414613723754883
TP53,C277G,277,1,13.143721389770509
TSC2,E481D,481,1,-0.2571876049041748
TSC2,T1206P,1206,1,-0.2736691474914551
TSC2,S1364Y,1364,0,2.4817044258117678
NF1,D1644V,1644,1,3.420870065689087
PTEN,L108R,108,1,13.03511447906494
TSC1,K238E,238,0,-0.5610126495361328
NF1,N1451K,1451,1,1.7410440921783448
NF1,T1199P,1199,1,0.3684703350067139
TSC1,S54C,54,0,2.1697701930999758
TP53,D48G,48,0,0.5397062301635742
NF1,L1953V,1953,1,1.0080605745315552
NF1,S47F,47,1,0.6860469818115235
HRAS,D154Y,154,0,8.330541706085205
NF1,L549R,549,1,4.62260332107544
TSC2,A508D,508,1,6.007085704803467
NF1,T2409R,2409,1,2.6316006183624268
TSC1,L810V,810,0,3.0290101528167725
TSC1,D738G,738,0,0.9051255226135254
TSC2,P28S,28,0,-0.20368056297302245
NF1,G2397W,2397,1,2.0544886589050293
TSC2,L243P,243,1,4.867893266677856
RB1,M695K,695,1,9.806138229370116
NF1,D1217N,1217,1,0.39272704124450686
NF1,F1536V,1536,1,-0.5369959831237793
NF1,L1446R,1446,1,4.481651401519775
TSC2,G22R,22,0,0.1140507698059082
TSC2,I912T,912,1,1.177409553527832
BRCA2,K1343R,1343,0,1.2116310596466064
BRCA2,S2012P,2012,0,1.5472830295562745
VHL,S68P,68,1,-0.9076262950897217
VHL,W117S,117,1,-0.6561782836914063
WT1,C458Y,458,1,12.659510231018066
VHL,G114V,114,1,1.4979741334915162
VHL,R107S,107,1,0.390757417678833
VHL,M54I,54,1,-0.4244945526123047
VHL,V74F,74,1,0.7472488164901734
VHL,P154T,154,1,0.8584456205368042
TSC2,V586L,586,0,-0.7298428058624268
TSC2,S1774R,1774,0,0.6819229602813721
NF1,A1610E,1610,1,1.5490382194519043
NF1,T1646P,1646,1,3.3309016704559324
TSC2,V1175A,1175,0,-0.4768660068511963
RB1,R775S,775,1,6.682457542419433
NF1,R1412K,1412,1,0.8687544822692871
PTEN,K221E,221,1,8.838232421875
WT1,C403F,403,1,14.484006118774413
KIT,A608D,608,1,12.563818168640136
RET,G93S,93,1,4.008448600769043
TP53,E271V,271,1,9.209461307525634
PTEN,M1L,1,1,5.884826707839966
ATM,K1994N,1994,0,0.7117444515228272
ALK,L283R,283,0,0.9457522392272949
BRCA2,I614M,614,0,0.9317705631256104
BRCA2,N1718D,1718,0,0.6628560066223145
BRCA2,E254D,254,0,0.748334264755249
BRCA2,E2558A,2558,0,0.16549415588378902
BRCA2,T2607P,2607,1,0.8050137042999268
ATM,N1801H,1801,0,0.37668404579162595
BRCA2,E1320G,1320,0,0.9597074031829834
BRCA2,N2452Y,2452,0,1.3621737480163574
BRCA2,I3113S,3113,0,0.2463921546936035
STK11,T402N,402,0,0.733967924118042
TP53,Q354L,354,0,0.13619420528411866
TP53,N210S,210,0,0.637455689907074
TSC2,C734S,734,0,-0.08149361610412598
MET,H148R,148,0,-0.6758253574371338
MET,Q155H,155,0,0.4836371421813965
ATM,I1337V,1337,0,-0.01030340194702148
ATM,C1366Y,1366,0,-0.7897088050842285
APC,R653T,653,1,2.5677356719970703
BRCA1,N1043S,1043,0,-2.8248087882995607
BRCA1,D1162N,1162,0,-0.3141462802886963
BRCA2,K1082E,1082,0,-0.05029108524322505
BRCA2,I1275V,1275,0,0.19198684692382811
BRCA2,T3085R,3085,0,0.21191873550415039
BRCA2,L3093F,3093,0,1.756154680252075
MET,D358N,358,0,0.34768247604370117
ATM,P1069S,1069,0,-0.6583006381988525
MET,E75K,75,0,-1.4380664348602294
MET,E75D,75,0,1.4548705101013184
MET,N854K,854,0,-0.6175233125686646
ATM,S2218N,2218,0,0.8959690570831299
RET,Q341P,341,0,-0.5017941951751709
RET,L1108F,1108,0,0.9758166790008544
RET,E164D,164,0,0.16154198646545412
RET,P218L,218,0,1.2579943180084228
RET,E252D,252,0,0.5673527479171753
BRCA2,E2757V,2757,0,-0.3560372829437256
BRCA2,S2782N,2782,0,0.7402676582336426
BRCA2,D2811N,2811,0,0.14180731773376465
BRCA2,E2903Q,2903,0,0.6996409893035889
PTEN,H61P,61,1,13.583992767333985
PTEN,D22V,22,1,11.5421875
ATM,G587A,587,0,0.052237415313720705
ATM,I678V,678,0,-0.11540408134460448
TP63,E678Q,678,1,6.468545532226562
RET,L963P,963,1,10.824272155761719
RB1,Q444L,444,1,2.998972463607788
RB1,H483R,483,1,7.548305511474609
RB1,L657P,657,1,10.52514419555664
RB1,L662P,662,1,11.90319366455078
RB1,Q702K,702,1,9.242046356201172
NF1,G751V,751,1,-0.7690296173095703
NF1,A797T,797,0,0.22456688880920406
NF1,T862N,862,0,0.34174261093139646
NF1,P2477H,2477,0,0.7036974906921387
NF1,N45H,45,0,0.8655448436737061
NF1,T676S,676,0,-0.7138274908065796
BRCA2,L3344H,3344,0,1.3780950546264648
BRAF,S136A,136,0,5.633542823791504
TP63,P348S,348,1,10.086467170715332
PTEN,I5T,5,1,8.207814121246338
BRCA2,N369S,369,0,-0.8065781116485595
BRCA2,V2179A,2179,0,0.5063770771026611
BRCA1,H601Q,601,0,-1.2720093250274658
PTEN,V119A,119,1,7.141852951049804
WT1,R500L,500,1,17.273006439208984
STK11,L245F,245,1,7.240860462188721
CDKN2A,L37P,37,0,-1.4108816146850587
CDKN2A,E10D,10,0,-0.22856345176696777
BRCA2,N433K,433,0,-0.11853547096252441
BRCA2,N1201S,1201,0,-0.47864179611206054
BRCA2,L2936V,2936,0,1.0333830118179321
BRCA2,I921N,921,0,-0.08650979995727534
BRCA2,I542M,542,0,1.193403673171997
BRCA2,C2605R,2605,0,-0.6772161483764648
BRCA2,H179R,179,0,-1.1138681411743163
BRCA2,L2987R,2987,1,3.948103904724121
BRCA2,N2937T,2937,0,0.1532103061676025
BRCA2,R2799S,2799,0,-0.861392879486084
BRCA2,T87I,87,0,0.7722459316253663
BRCA2,V2855M,2855,0,0.6096832752227783
BRCA2,I2495V,2495,0,0.1953541278839111
BRCA2,E3157G,3157,0,0.787540340423584
BRCA2,N361D,361,0,0.3578495025634766
BRCA2,A3023D,3023,0,0.26650562286376955
BRCA2,T1609I,1609,0,1.3411123752593994
BRCA2,L1260S,1260,0,-0.3749000072479248
BRCA2,F354L,354,0,-0.5432694435119629
BRCA2,S1744N,1744,0,0.31383869647979734
BRCA2,Q2943E,2943,0,-0.7934890985488892
BRCA2,Y3225N,3225,0,-1.5549440383911133
BRCA2,Q2960E,2960,0,-0.6962746143341064
MET,L728S,728,0,-1.4886465072631836
MET,H644Y,644,0,-0.374744176864624
MYCN,K424R,424,0,5.934803104400634
APC,A1184T,1184,0,-0.5584504127502441
RET,W227R,227,0,-2.948963928222656
APC,A2472D,2472,0,1.2212605476379395
ATM,G2502S,2502,0,-0.6566200733184815
ATM,L229I,229,0,0.42394723892211916
ATM,F662I,662,0,-0.20411305427551266
ATM,K1904N,1904,0,-0.35921673774719237
ATM,I1158V,1158,0,-0.12127051353454583
ATM,F209V,209,0,-0.3764592170715332
TP53,S183P,183,0,2.1000982880592347
TP53,H168P,168,1,7.834728527069092
TP53,R335L,335,0,5.870450687408447
TP53,G302A,302,0,-0.26880598068237305
TP53,K319T,319,0,4.0646974563598635
TP53,Q354P,354,0,0.19773759841918948
TSC1,D368E,368,0,0.12417607307434075
BRCA2,K1314N,1314,0,0.09911561012268065
EGFR,I365N,365,1,12.237661361694336
ATM,K556N,556,0,0.4556797981262207
BRCA1,D390G,390,0,0.4074594020843506
BRAF,P367A,367,1,11.618077278137207
PTEN,F21S,21,1,11.596836853027344
PTEN,A137E,137,1,13.02851619720459
TSC2,I1545T,1545,1,1.5757070064544678
NF1,G2001A,2001,1,-0.1390387058258057
BRAF,L711P,711,1,12.603508949279785
TSC2,I1747N,1747,1,0.18750905990600586
BRAF,T241A,241,1,11.223031044006348
BRCA2,L3074P,3074,1,4.304600524902344
TP63,I549N,549,1,10.051046752929688
TSC2,D1636N,1636,0,0.30502028465270997
PTEN,V255G,255,1,12.07694034576416
NF1,M2213R,2213,1,1.1551530838012696
STK11,L282R,282,1,13.509342575073243
NF1,F1247I,1247,1,0.06913762092590328
MET,F1168C,1168,1,5.04465684890747
BRAF,G265A,265,1,11.74021635055542
MET,S102R,102,0,0.6823741436004639
MET,N257I,257,0,4.544796705245972
MET,H92Y,92,0,0.6703310489654541
MET,N379D,379,0,-0.02330379486083983
MET,N199H,199,0,1.2414955139160155
NF1,N2432K,2432,0,-0.4078203678131104
NF1,S2484T,2484,0,0.5627840995788574
NF1,N697S,697,0,-0.9928189516067505
NF1,K480N,480,0,0.09831452369689943
NF1,G859S,859,0,-1.0595035076141357
APC,P1626A,1626,0,0.4914998531341553
APC,S130N,130,0,0.7574893474578858
RB1,V439I,439,0,0.4657826662063599
RB1,D697H,697,0,6.94778881072998
RET,P273L,273,0,-0.7585607051849366
RET,T470P,470,0,0.9744115352630616
RET,G1071E,1071,0,-0.15923819541931156
RET,T130I,130,0,0.7535495281219482
ATM,Y54F,54,0,-0.17032427787780757
ATM,V866G,866,0,-0.041688871383667024
TP53,E204D,204,0,1.7438640475273133
TP53,S94A,94,0,0.9501782417297363
TP53,V73E,73,0,0.25324139595031736
TP53,V274I,274,0,-0.016006559133529663
TP53,E343D,343,0,1.2081310987472533
TP53,A76G,76,0,3.3049554347991945
TP53,R213W,213,1,7.634356498718262
TP53,G356E,356,0,0.06772704124450683
TP53,F212S,212,0,2.1549405097961425
ATM,D2976E,2976,0,-0.40317487716674805
ATM,E2145V,2145,1,1.3345157623291015
ATM,K1057E,1057,0,0.725335693359375
ATM,N2326K,2326,0,-0.031520414352416974
ATM,H42Y,42,0,-0.6599478244781494
ATM,E1995D,1995,0,0.7126337051391601
ATM,T593A,593,0,0.27364535331726075
ATM,S707T,707,0,0.6873250722885131
TSC1,T1144N,1144,0,1.0952749729156495
WT1,G75D,75,0,0.7773441076278687
BRCA2,T1684S,1684,0,-0.7555941104888916
BRCA2,Y1894H,1894,0,-0.4645632266998291
BRCA1,G1515R,1515,0,0.3706676483154297
BRCA1,V1602L,1602,0,-0.3372216701507568
BRCA1,Q804L,804,0,-0.36191515922546386
BRCA1,N363S,363,0,-0.2611051559448242
BRCA2,T17A,17,0,0.1226257801055908
BRCA2,K2674M,2674,0,1.8850660800933838
BRCA2,F3060I,3060,0,-0.9391931295394897
BRCA2,K1691Q,1691,0,1.1503520250320434
BRCA2,V1283L,1283,0,-0.3893980264663696
BRCA2,E3130K,3130,0,0.0965907096862793
BRCA2,P2734R,2734,0,0.4945786476135254
BRCA2,K437T,437,0,0.017578077316284184
BRCA2,C3304W,3304,0,1.3546774864196778
BRCA2,L583M,583,0,1.7833426475524903
BRCA2,M1149I,1149,0,-0.9717988967895508
BRCA2,S1770A,1770,0,1.1865306615829467
BRCA2,K3415E,3415,0,0.2022773265838623
BRCA2,M3322L,3322,0,-1.299144411087036
BRCA2,A2902S,2902,0,-0.2995035171508789
BRCA2,K2555T,2555,0,0.4431028366088867
BRCA2,E1481G,1481,0,1.1114346027374267
BRCA2,Q1396E,1396,0,-0.6429240703582764
BRCA2,L557S,557,0,-0.3190000057220459
BRCA2,N213S,213,0,-0.23611464500427246
BRCA2,N1296H,1296,0,2.2211198806762695
BRCA2,N818K,818,0,0.03263559341430664
BRAF,A145S,145,0,-3.32299747467041
BRAF,M117T,117,0,0.8480175971984864
CDKN2A,I145L,145,0,-1.1621529102325439
CDKN2A,S7N,7,0,1.9513359546661377
CDKN2A,A30E,30,0,1.526191282272339
EGFR,Q1203P,1203,0,-0.1604771137237549
EGFR,E160D,160,0,-0.5246060609817504
EGFR,N1116H,1116,0,-0.13731212615966795
EGFR,V660L,660,0,-0.2602203369140625
ALK,I1461S,1461,0,-1.4447705745697021
ALK,G920V,920,0,3.8331143856048584
ALK,T917R,917,0,-0.1908831596374512
ALK,F685V,685,0,0.39328057765960694
ALK,P157A,157,0,-0.22724676132202143
ALK,R918G,918,0,-0.9066663980484009
ALK,W913G,913,0,-2.2546517848968506
KIT,R420K,420,0,-0.07008080482482912
KIT,V422A,422,0,0.5581800937652588
TSC2,R611P,611,1,0.9567871570587159
NF1,V917D,917,1,1.5364376068115235
MYCN,A173T,173,0,2.1997076511383056
WT1,H478R,478,1,14.43398666381836
WT1,S466F,466,1,14.43132152557373
RET,S891L,891,1,9.840757751464844
NF1,W1952C,1952,1,-1.1350343704223633
WT1,H474Q,474,1,14.534544754028321
PTEN,H123N,123,1,12.598001861572266
NF1,L2125Q,2125,1,1.1451941967010497
STK11,R147P,147,1,6.694094944000244
BRCA1,K1037I,1037,0,0.9796100616455078
TP63,F552V,552,1,8.889151000976563
NF1,Q1017E,1017,1,-0.42972919940948484
TP53,V147G,147,1,6.677258777618408
TP63,R266G,266,1,14.236616897583009
TSC2,R454K,454,1,0.006691312789916979
NF1,N1451H,1451,1,1.8186920166015625
TSC2,S433P,433,0,1.3618836402893066
NF1,V54D,54,1,-0.08136396408081052
NF1,L145R,145,1,2.748262095451355
NF1,K1457T,1457,1,0.3392025470733643
NF1,S1912R,1912,1,1.326481819152832
TSC2,R1438P,1438,0,-0.8886502265930176
TSC2,I346L,346,0,-0.8155614852905273
TSC2,D416G,416,0,-0.04645547866821291
TSC2,V1492L,1492,0,-0.44277565479278563
TSC2,N1564K,1564,1,0.9556624412536621
TSC2,D1652E,1652,0,-0.8676523208618164
TSC2,L1694P,1694,0,0.4884478569030762
TSC2,D1696H,1696,0,0.8165737152099609
TSC2,T1733S,1733,0,-0.5327372550964355
TP63,R343L,343,1,13.493958663940429
TSC1,H1053R,1053,0,-1.0596909046173095
TSC1,E647Q,647,0,0.8826105833053589
TSC2,S1704A,1704,0,0.06048042774200437
PTEN,W111C,111,1,9.819663429260254
PTEN,M35I,35,1,9.518875885009766
PTEN,R159W,159,1,12.152976036071777
TSC1,A551T,551,0,-0.14182133674621583
RB1,S888T,888,1,0.807269835472107
NF1,R1000S,1000,1,-0.8552633762359619
NF1,V289L,289,0,-0.4930699825286865
TSC2,R1474S,1474,0,-0.5572726964950562
TSC2,D1656N,1656,0,0.16235957145690919
APC,M949I,949,0,-0.5855931282043457
TP63,I280N,280,0,5.687492084503174
NF1,I581S,581,1,1.2516124248504639
NF1,H1460P,1460,1,0.7907543182373047
NF1,L1915R,1915,1,3.1096495628356933
NF1,L2298R,2298,1,4.76116189956665
TSC2,P744L,744,0,-0.6049734354019165
ATM,I2702K,2702,1,5.8824714660644535
BRCA1,L983V,983,0,-0.03115248680114749
VHL,Y175N,175,1,0.054367780685424805
WT1,Q442K,442,1,15.361466598510741
VHL,C162S,162,1,-0.8917744636535645
VHL,R200P,200,1,2.6883662700653077
BRCA1,F1124L,1124,0,-0.7999681949615478
BRCA2,S648P,648,0,1.4958902835845946
BRCA2,G1376R,1376,0,0.17509975433349606
BRCA2,G1508V,1508,0,-0.6577497959136963
PTEN,L98P,98,1,8.883067607879639
TSC2,V1683A,1683,1,1.3818799018859864
NF1,G1890F,1890,1,0.7979935646057129
MET,A48T,48,0,-0.18374338150024414
BRCA2,N2374I,2374,0,0.8397607803344727
MYCN,R391C,391,1,12.53200454711914
NF1,D1217Y,1217,1,1.0275342464447021
HRAS,L23R,23,1,12.884033012390137
TSC2,M1131I,1131,1,-0.5762672424316406
BRCA1,S229Y,229,0,2.6021474838256835
BRCA2,F1219L,1219,0,1.5713813304901123
BRCA2,T1526R,1526,0,4.1763123035430905
BRCA2,K178T,178,0,0.5649446010589599
APC,G400V,400,0,-2.0503193855285646
RB1,M1V,1,1,7.057663536071777
RB1,S179N,179,0,0.8800668478012085
RET,G211S,211,0,0.20843074321746827
ATM,T1697I,1697,0,-0.04306139945983884
ATM,N1326K,1326,0,-0.1813892841339111
ATM,G2765R,2765,1,8.546064758300782
ATM,S2114C,2114,0,1.9634909152984619
ATM,E394D,394,0,0.40544776916503905
STK11,M136R,136,1,15.578090286254882
TP53,S166T,166,0,2.8451709270477297
TP53,C124W,124,0,1.0977097034454346
TP53,E62G,62,0,-0.0962341785430908
TP53,D207E,207,0,1.6028115510940553
TSC1,R622G,622,0,0.41774983406066896
TSC2,Q1752H,1752,0,1.3264796257019043
VHL,V66A,66,0,0.18647451400756837
VHL,E6K,6,0,0.7621201992034912
VHL,L118V,118,0,-0.0006422042846679389
VHL,M211R,211,0,-2.294978380203247
VHL,T152S,152,0,-0.16636004447937008
VHL,I109T,109,0,0.45703864097595215
VHL,H125N,125,0,-0.14353446960449218
WT1,S11A,11,0,-0.6001654863357544
BRCA2,L2753F,2753,0,1.5262293338775634
BRCA1,M751V,751,0,-1.4429784774780274
BRCA1,L1605F,1605,0,1.421314573287964
BRCA2,V3365I,3365,0,0.01010069847106936
BRCA2,N1288D,1288,0,0.01184368133544922
BRCA2,N560K,560,0,-0.2882631778717041
BRCA2,I1945V,1945,0,0.3111703395843506
BRCA2,V2138I,2138,0,-0.16726703643798824
BRCA2,G2529V,2529,0,-0.3538675785064697
BRCA2,C3173F,3173,0,-0.4595160484313965
BRCA2,A3235D,3235,0,0.6321512222290039
BRCA2,S496A,496,0,1.281011962890625
EGFR,P1128S,1128,0,0.43892018795013427
EGFR,V607I,607,0,0.2156076908111572
EGFR,K454R,454,0,0.7427320599555969
ALK,S31T,31,0,0.7978107929229736
ALK,H1576Q,1576,0,-0.316983699798584
ALK,N1583T,1583,0,-0.02639675140380856
ALK,A532V,532,0,0.9913132190704346
ALK,G432S,432,0,-0.47872128486633303
KIT,D45E,45,0,-0.8928630113601684
KIT,F68I,68,0,0.15701603889465332
KIT,D72G,72,0,-0.5542204856872559
KIT,H708N,708,0,0.24462790489196778
ALK,N1520K,1520,0,-0.6326552391052246
MET,N593S,593,0,-0.26169114112854003
MET,N257T,257,0,1.7586223125457763
MET,H150R,150,0,-0.654241418838501
MET,V136L,136,0,0.0778395652770996
MET,D1377N,1377,0,0.9369857549667359
MET,E49K,49,0,0.29052934646606443
MET,M849I,849,0,-1.6772946834564209
MET,E168K,168,0,0.05445566177368163
MET,P485A,485,0,0.4281439304351807
NF1,N67D,67,0,-0.003208541870117219
NF1,A2441T,2441,1,0.07912459373474116
NF1,L81V,81,0,0.6186022281646728
NF1,N734S,734,0,-0.7987279415130615
APC,P1923L,1923,0,0.6187972068786621
STK11,W308G,308,1,13.745401000976562
TP53,C135S,135,1,7.457684803009033
ATM,N246D,246,0,0.0059730291366576925
TSC2,L1504P,1504,1,-0.016165685653686496
KIT,Q549H,549,1,5.05455436706543
TSC2,M1625K,1625,1,1.5599849700927735
PTEN,K6I,6,1,12.602946472167968
BRCA1,A439V,439,0,-0.06543908119201657
BRCA1,S694R,694,0,1.3289449691772461
WT1,C428R,428,1,15.317294883728028
MYCN,N198K,198,0,-0.30475759506225586
NF1,V917G,917,1,1.2857574462890624
RB1,D85N,85,0,0.33809897899627683
RB1,E204Q,204,0,-0.7990866422653198
RET,C659R,659,0,-1.941586971282959
RET,H246R,246,0,-2.149840831756592
RET,M255I,255,0,-0.15880775451660156
RET,T451A,451,0,-0.4980038642883301
ATM,T460A,460,0,-0.5744987010955811
ATM,L2984P,2984,0,0.3330909252166748
STK11,D176H,176,1,12.869941902160644
ATM,E850Q,850,0,1.0168093681335448
ATM,D1969V,1969,0,0.1196574211120605
ATM,I1659L,1659,0,-0.7196223735809326
ATM,H636Q,636,0,-0.5763700008392334
TSC2,T1485A,1485,0,-0.7906826496124267
VHL,E53K,53,0,2.875103807449341
VHL,V66E,66,0,0.4920210361480713
VHL,E204D,204,0,0.9806759119033813
VHL,N141Y,141,0,0.5731526851654053
TP53,A83P,83,0,0.6514605045318603
TP53,S378T,378,0,1.0887914657592774
TP53,D21A,21,0,0.6419212579727173
TP53,E326D,326,0,1.2332626819610595
TP53,S240C,240,1,8.445030784606933
BRCA1,G1543E,1543,0,-0.556873369216919
BRCA1,F952L,952,0,-0.8871313095092773
BRCA1,L1276S,1276,0,-0.9170795917510987
BRCA2,Q2870P,2870,0,0.353328800201416
BRCA2,I2664F,2664,0,0.3446600914001464
BRCA2,D2983G,2983,0,0.2717144966125488
BRCA2,E984K,984,0,0.5451057195663452
BRCA2,D2492N,2492,0,-0.4381300449371338
BRCA2,A1253T,1253,0,-0.5806902885437012
BRCA2,T2542A,2542,0,0.00257344245910644
BRCA2,K3196N,3196,0,0.4636064529418945
BRCA2,T1185R,1185,0,1.4361062049865723
BRCA2,F3060V,3060,0,-0.1970773696899414
BRCA2,Q2539E,2539,0,-0.4069711208343506
BRCA2,D2489H,2489,0,0.5785274028778076
BRCA2,L3215H,3215,0,1.2598268032073974
BRCA2,K2551R,2551,0,0.34125213623046874
BRCA2,R2888S,2888,0,-0.4571362018585205
BRCA2,P2883L,2883,0,-0.2898087501525879
BRCA2,I1607N,1607,0,-0.7762411594390869
BRCA2,Q3037L,3037,0,-2.5833048820495605
BRCA2,N3348D,3348,0,-0.1358421325683594
BRCA2,Q548K,548,0,-0.6020338535308838
BRCA2,N1747S,1747,0,-0.9555911779403686
BRCA2,K3032R,3032,0,0.41176934242248536
BRCA2,C1081S,1081,0,-1.7772284984588622
BRCA2,L1357I,1357,0,0.1930285930633545
BRCA2,K410N,410,0,-0.0368540525436401
BRCA2,P1171A,1171,0,-0.022945213317871124
BRCA2,K1191N,1191,0,-0.832954740524292
BRCA2,H2548N,2548,0,-1.0646390914916992
BRCA2,L2890R,2890,0,1.214233946800232
BRCA2,V358A,358,0,0.30660219192504884
BRCA2,I3208V,3208,0,0.16967163085937495
BRCA2,N1473S,1473,0,0.17981100082397458
WT1,A325G,325,0,-0.13010220527648922
WT1,A66G,66,0,-0.5761526823043823
WT1,P9Q,9,0,1.1085190057754517
NF1,C721S,721,0,-1.3220622062683105
NF1,T862S,862,0,-0.9959364175796509
EGFR,G1075S,1075,0,-1.4247655153274537
EGFR,H590R,590,0,0.6187451362609864
EGFR,A24S,24,0,1.5960645914077758
EGFR,V1089A,1089,0,-0.18619427680969236
EGFR,Q504E,504,0,-0.05297999382019045
ALK,A1470V,1470,0,0.3424072265625
ALK,D525Y,525,0,0.8103114604949951
ALK,S1216R,1216,0,3.606737422943115
ALK,G578S,578,0,-0.16566061973571777
KIT,N400I,400,0,4.775986957550049
KIT,A401S,401,0,1.7192101240158082
MET,E855K,855,0,-0.13985538482666013
RET,M1V,1,1,6.83031120300293
TP53,C124R,124,1,6.256671524047851
BRCA1,I429V,429,0,-0.16463360786437983
ATM,R1095T,1095,1,-0.27412781715393064
TP63,C244Y,244,1,12.053734397888183
STK11,K41E,41,1,11.316642665863037
TSC2,A862T,862,0,0.4794478893280029
TSC2,F904L,904,0,-0.8502834558486938
BRCA2,E2918D,2918,1,0.24163074493408204
TSC2,Q695H,695,0,0.27336392402648924
BRAF,D361V,361,1,13.304508781433105
TP63,M1R,1,1,5.013389682769775
PTEN,Y46N,46,1,12.073407745361328
MYCN,R391L,391,1,13.83808536529541
BRCA2,S2022A,2022,0,1.1893069744110107
BRCA2,S2219L,2219,0,0.4434950351715088
BRCA2,S3303R,3303,0,0.5638046264648438
TSC2,K533N,533,1,0.3532877922058105
KIT,V331I,331,0,1.0428129196166993
KIT,R55S,55,0,2.052543044090271
MET,S255N,255,0,2.223468470573425
MET,D832N,832,0,0.03175907135009766
MET,I491M,491,0,1.8723453760147095
MET,S336N,336,0,0.586037564277649
NF1,L1915Q,1915,1,3.017690563201904
NF1,P2477L,2477,0,-0.40330138206481925
APC,A927T,927,0,-0.4445308208465576
RET,N361D,361,0,0.2528383255004883
PTEN,P354S,354,0,1.5687036275863648
RET,F1087C,1087,0,0.9539596557617187
RET,A432S,432,0,-0.3574697971343994
ATM,K66R,66,0,0.44730916023254397
ATM,K2639Q,2639,1,0.5220312595367431
ATM,F858S,858,0,-1.7593227863311767
ATM,S2329N,2329,0,0.6654205799102784
ATM,K388Q,388,0,0.16026844978332516
ATM,S1981N,1981,0,0.7186033248901367
STK11,S421G,421,0,0.17163357734680176
STK11,W308R,308,1,12.714841079711913
TSC1,P367S,367,0,-0.08048582077026367
TSC1,I1131T,1131,0,-1.163663625717163
TP53,L350R,350,0,1.2704142093658448
TP53,N239K,239,1,7.003616237640381
TP53,S95T,95,0,1.135361337661743
TP53,I332L,332,0,2.6917043685913087
TP53,A79V,79,0,2.127315950393677
VHL,T157A,157,0,-0.021443986892700224
VHL,E53D,53,0,0.9131955862045288
VHL,R69H,69,0,1.0979283809661866
CDKN2A,S140R,140,0,-0.4881533861160278
BRCA2,D1420G,1420,0,0.867604112625122
BRCA2,Q3394H,3394,0,0.9741436958312988
BRCA2,I1556T,1556,0,-0.0050685405731201
BRCA2,T680A,680,0,0.4244956970214844
BRCA2,E3258K,3258,0,-0.182739782333374
BRCA2,K1281N,1281,0,0.12260088920593255
BRCA2,E2635D,2635,0,0.10723056793212882
BRCA2,G3141R,3141,0,-0.6734744548797608
BRCA2,I505L,505,0,-0.47009592056274413
BRCA2,M1272R,1272,0,-0.3164996147155762
BRCA2,E1407Q,1407,0,0.7538974285125732
BRCA2,E2475K,2475,0,0.13549547195434564
BRCA2,K3019N,3019,0,0.33632359504699705
BRCA2,N2931T,2931,0,-0.14577841758728022
BRCA2,S2782R,2782,0,0.7700618267059326
BRCA1,E362D,362,0,0.8704235076904296
BRCA2,L574S,574,0,-0.399782657623291
BRCA2,S942L,942,0,0.7170324325561523
BRCA2,K457T,457,0,0.2443068027496338
BRCA2,V494L,494,0,-0.35519895553588865
BRCA2,E2981V,2981,0,1.1074079513549804
BRCA2,N1935I,1935,0,0.5933974742889404
BRCA2,N289K,289,0,-0.4107367515563965
BRCA2,Q1089E,1089,0,-0.9480134963989257
EGFR,L443V,443,0,2.558584976196289
EGFR,A155V,155,0,1.730824851989746
EGFR,E27D,27,0,0.11560182571411137
EGFR,Y813H,813,0,-0.16964287757873536
EGFR,A7T,7,0,2.0470134973526
EGFR,A1000V,1000,0,2.5124821186065676
EGFR,R494K,494,0,-0.2877511978149414
EGFR,R414G,414,0,0.6316791534423828
ALK,P85A,85,0,-0.4541356086730957
ALK,E1016D,1016,0,0.915410041809082
ALK,E310A,310,0,-0.10939397811889646
ALK,A1452V,1452,0,0.5459184169769287
VHL,R120K,120,1,1.0442978858947753
TP53,N131H,131,1,4.177254390716553
TSC2,Y598N,598,1,0.23481950759887696
ATM,R1095I,1095,1,-0.2894447326660156
ALK,T1547A,1547,0,-0.840608787536621
TSC2,P1675S,1675,1,-0.18015708923339843
ATM,K93N,93,0,0.635555362701416
PTEN,D92N,92,1,10.260905265808105
RB1,W195L,195,1,3.800150966644287
KIT,I808M,808,1,9.135200119018554
PTEN,Y174D,174,1,16.48565673828125
BRCA2,D362H,362,0,0.46318612098693845
BRCA1,A1611T,1611,0,-0.22645344734191886
BRCA1,N1519S,1519,0,-0.5903803825378418
BRCA2,T2713A,2713,0,0.3001578330993652
BRCA2,S3218A,3218,0,0.5374851703643799
TSC1,I76M,76,0,1.0381458759307862
RET,V240L,240,0,0.06815052032470707
STK11,S404C,404,0,1.3739201545715332
RET,I422V,422,0,-1.0235793113708496
VHL,T105R,105,0,0.2788747787475586
VHL,L158R,158,1,0.5855114936828614
VHL,L116I,116,0,0.7863417625427246
TSC2,M1300L,1300,0,-1.6305375576019288
ATM,T1100R,1100,0,0.1632119178771972
ATM,A1110P,1110,0,0.8890503406524658
ATM,N429T,429,0,-0.0877078056335449
ATM,L906F,906,0,0.6633873462677002
ATM,K196E,196,0,-0.4076242923736572
ATM,K1625N,1625,0,1.4333179950714112
ATM,E1894D,1894,0,0.47584991455078124
ATM,A1426G,1426,0,1.216430425643921
ATM,E518D,518,0,0.18062067031860346
NF1,N2470I,2470,0,0.6624175548553467
ATM,T878S,878,0,-0.9173887968063354
ATM,T417N,417,0,0.6055809497833252
ATM,H46Y,46,0,-0.8970062732696533
ATM,E1553K,1553,0,0.009563446044921877
ATM,F172L,172,0,-0.7597505569458007
BRCA2,V2531A,2531,0,0.27917361259460444
BRCA2,E1780G,1780,0,1.3729357481002809
BRCA2,I383V,383,0,0.18896098136901854
BRCA2,A3140S,3140,0,-0.8559277296066284
BRCA2,A3186E,3186,0,-0.7093615055084228
BRCA2,T3413A,3413,0,0.5825170516967774
BRCA2,W2586C,2586,0,-0.5031854152679444
BRCA2,L2480I,2480,0,0.4726566791534424
BRCA2,F2794L,2794,0,-0.8476906299591065
BRCA2,P2804A,2804,0,0.8013943910598755
BRCA2,V2820A,2820,0,-0.0950043678283691
BRCA2,A573T,573,0,-0.33281993865966797
BRCA2,E2856G,2856,0,2.5210736274719237
BRCA2,P814S,814,0,-1.1631245136260986
WT1,G49A,49,0,0.02102363109588622
WT1,A204G,204,0,0.29575095176696775
WT1,C29F,29,0,-0.09456357955932618
WT1,M515V,515,0,1.6575752258300782
BRCA1,H318Q,318,0,-0.9934596538543701
BRCA1,E880K,880,0,-0.2827791452407837
BRCA2,E2850A,2850,0,0.12103216648101803
BRCA2,L2996S,2996,0,1.150591206550598
BRCA2,L2614H,2614,0,0.9072459220886231
BRCA2,H1467L,1467,0,-1.2330217361450195
BRCA2,N2910S,2910,0,-0.19999337196350098
BRCA2,F2921I,2921,0,-0.31071012020111083
EGFR,V159M,159,0,1.6270376920700074
EGFR,G185S,185,0,-0.6122088193893432
EGFR,S530N,530,0,2.6275017976760866
KIT,S943I,943,0,2.0536277055740357
MET,W112R,112,0,-1.9332059860229491
EGFR,N139S,139,0,0.20323227643966674
MET,P325S,325,0,1.4509392499923706
KIT,L939F,939,0,2.7132163047790527
MET,H394R,394,0,-0.6876303195953369
MET,D372Y,372,0,2.5907173633575438
EGFR,K479N,479,0,0.12281899452209473
EGFR,V1097F,1097,0,0.14198060035705568
KIT,E228V,228,0,1.7366694927215576
ALK,Q788R,788,0,-0.14269661903381342
ALK,S1462P,1462,0,-0.8633662700653076
ALK,E1568D,1568,0,0.1349368572235107
ALK,G26A,26,0,0.23246707916259762
ALK,S358P,358,0,0.5808424234390259
PTEN,A121S,121,1,7.759260940551758
ALK,A509V,509,0,0.477004337310791
TSC2,G300V,300,1,-0.02272872924804688
TSC2,L618P,618,1,3.1353424072265623
BRCA2,N235H,235,0,0.8987593650817871
BRCA1,P529A,529,0,-0.4442130565643311
BRCA2,Q2829H,2829,1,0.34420228004455566
TSC2,W896C,896,0,-1.7942903518676758
NF1,L273P,273,1,1.2106114625930786
NF1,L2133V,2133,1,1.2372145891189574
TSC2,S1498I,1498,1,1.3228415489196776
MET,D372E,372,0,0.003082442283630399
ATM,R2909T,2909,1,9.455976295471192
KIT,G601R,601,1,11.48291187286377
PTEN,I32S,32,1,13.074007797241212
NF1,R1533I,1533,1,-0.00552010536193846
TP53,E287G,287,0,5.892876815795899
BRCA1,N909D,909,0,0.7205935955047608
TP53,P75S,75,0,2.1181220769882203
TSC2,C1755Y,1755,0,-0.8968364715576171
TSC2,E1167K,1167,0,-0.05826687812805176
TSC2,S625P,625,0,0.8598194599151612
VHL,F76V,76,1,-0.5932195663452149
VHL,R176W,176,1,2.1254059791564943
VHL,Y156S,156,1,-1.501245927810669
WT1,G171C,171,1,4.9613982200622555
APC,S1403N,1403,1,2.161111330986023
TSC1,V1078M,1078,0,0.9690775871276855
TP63,P245S,245,1,7.098105335235596
ATM,K102Q,102,0,0.1610280036926269
NF1,I117N,117,1,4.7829948425292965
NF1,T1191P,1191,1,-0.025143861770629883
TSC2,M1R,1,1,6.582066249847412
TSC2,H385Y,385,0,-0.7537423133850097
TSC2,D731H,731,0,0.8551653861999512
TSC2,D926N,926,0,0.45960512161254885
PTEN,H61Y,61,1,7.5001250267028805
WT1,D502Y,502,1,14.23281364440918
PTEN,F90L,90,1,10.746610641479492
TSC2,H1620P,1620,1,5.092181062698364
BRCA2,L2688H,2688,1,2.785389757156372
TSC2,G1494S,1494,1,-0.5893820285797119
BRAF,I463L,463,1,12.205488586425782
TSC1,C572R,572,0,-1.8980883598327636
MET,Q648L,648,0,-0.3929734706878662
MET,I154L,154,0,-0.28637509346008294
WT1,P41Q,41,0,1.2719085693359375
ATM,G1065R,1065,0,0.31023516654968264
ATM,E2596V,2596,1,0.53445463180542
ATM,M1040I,1040,0,-0.5488002300262451
ATM,E834D,834,0,0.1908296108245849
ATM,S1635F,1635,0,-0.7350957870483399
RET,A274G,274,0,0.4751931667327881
RET,V242A,242,0,0.7381754159927368
TSC2,T509P,509,1,3.142161321640015
RB1,L688R,688,1,10.418689632415772
RB1,A22T,22,0,1.3084576606750489
TP53,L299V,299,0,0.6462978839874267
MET,Q99E,99,0,-0.4650120735168457
MET,G110V,110,0,-0.028025484085082996
MET,P1137A,1137,0,2.831797552108765
WT1,V110M,110,0,1.4198771953582763
WT1,E70K,70,0,1.3802144527435303
ATM,I1256V,1256,0,0.24330539703369142
ATM,E739G,739,0,0.8398125886917114
ATM,N1356K,1356,0,-0.03757696151733398
ATM,R1205G,1205,0,-0.4097710132598877
ATM,A1427V,1427,0,-0.28485560417175293
ATM,T548N,548,0,0.0697526454925537
RET,N1045S,1045,0,-0.8992133140563965
VHL,H125Q,125,0,-0.5051596641540528
STK11,N119K,119,0,11.874449920654296
BRCA2,D1728G,1728,0,0.2605511665344238
BRCA2,K2498R,2498,0,0.17689371109008784
BRCA2,A3121V,3121,0,0.055771851539611804
ALK,A1453V,1453,0,0.33479795455932615
PTEN,Y178N,178,1,11.59433536529541
PTEN,D326H,326,1,10.26176929473877
RB1,A188S,188,0,-1.103956413269043
TP53,L369M,369,0,1.6528982639312744
EGFR,R521G,521,0,-0.12791638374328612
EGFR,D984N,984,0,3.2569540977478026
EGFR,A1040T,1040,0,-0.9594736576080323
BRCA2,M784L,784,0,-1.511481475830078
BRCA2,Q1934K,1934,0,-0.7705940723419189
BRCA2,G2584V,2584,1,0.5274442195892334
BRCA2,I3120V,3120,0,-0.3549864888191223
BRCA2,Q2530P,2530,0,-0.39592752456665037
BRCA2,S3016Y,3016,0,0.73345046043396
TP53,P92S,92,0,0.31345105171203613
TP53,Y220F,220,0,3.90624418258667
BRCA2,L1260F,1260,0,0.6862456798553467
EGFR,G614D,614,0,-1.3327999830245971
EGFR,D179E,179,0,0.12249603271484374
BRCA2,I1047T,1047,0,-1.2014118671417235
BRCA2,V2503L,2503,0,-0.5669752597808838
BRCA2,D3261E,3261,0,-0.5453451156616211
BRCA2,S1558T,1558,0,0.7643641471862793
BRCA2,S2697R,2697,0,0.7831977844238281
BRCA2,Q1408E,1408,0,-0.694553279876709
BRCA2,K1406R,1406,0,1.4422122955322265
BRCA2,M524L,524,0,-1.8678789138793945
BRCA2,S3397C,3397,0,1.7039309978485107
BRCA2,L2885V,2885,0,0.33218889236450194
STK11,P387R,387,0,-0.5114171981811524
BRCA1,G834R,834,0,0.4425522327423096
ALK,P1551S,1551,0,0.40379810333251953
ALK,G667W,667,0,1.3369165897369384
ALK,R84T,84,0,0.4218008518218994
CDKN2A,W15G,15,0,-2.7782225131988527
PTEN,C124F,124,1,14.239884948730468
MET,P210L,210,0,0.12343349456787109
MET,M636L,636,0,-1.6242685794830323
ATM,M2806L,2806,0,-0.9930822372436523
ATM,D1007N,1007,0,0.12055711746215814
EGFR,R23G,23,0,-0.00490558147430423
BRCA2,P2886L,2886,0,-0.20210833549499502
BRCA2,S3241P,3241,0,0.9510663270950317
BRCA2,L639S,639,0,-0.21982445716857907
BRCA2,V545I,545,0,0.269605827331543
BRCA2,E954D,954,0,0.5506280183792114
STK11,G276A,276,0,-0.012035083770751909
CDKN2A,R144S,144,0,0.08930673599243165
TSC2,I17N,17,0,-1.8860411643981934
BRCA1,P832L,832,0,-0.24308147430419919
WT1,V323I,323,0,1.3875415325164795
ATM,Y1300S,1300,0,-1.50484356880188
ATM,E2979A,2979,0,0.25957140922546384
ATM,Q584K,584,0,-0.05558533668518064
RET,G825S,825,0,-0.163380765914917
NF1,S1279R,1279,1,0.6185775756835937
TSC2,K1251M,1251,1,2.09721097946167
NF1,M1461I,1461,1,-0.4698599100112915
NF1,A1610I,1610,1,1.2692232370376586
